Order_ID,Customer_ID,Customer_Name,Order_Date,Product,Category,Quantity,Unit_Price,Sales,City,Payment_Method
ORD00001,CUST0915,Bilal Ahmed,2025-09-08,Football,Sports,5,1662.57,8312.85,Karachi,Bank Transfer
ORD00002,CUST0123,Usman Malik,2025-02-02,Yoga Mat,Sports,7,1434.69,10042.83,Rawalpindi,Credit Card
ORD00003,CUST1719,Ayesha Khan,2026-07-13,Skin Cream,Beauty,4,814.1,3256.4,Quetta,EasyPaisa
ORD00004,CUST1394,Fatima Ahmed,2026-03-09,Blender,Home & Kitchen,3,14864.5,44593.5,Islamabad,Credit Card
ORD00005,CUST1409,Danish Ahmed,2026-01-03,Blender,Home & Kitchen,2,6205.7,12411.4,Faisalabad,Cash
ORD00006,CUST2262,Sana Malik,2025-03-22,Running Shoes,Sports,7,15260.79,106825.53,Sialkot,Debit Card
ORD00007,CUST1186,Usman Malik,2025-08-22,Face Wash,Beauty,1,2261.43,2261.43,Rawalpindi,Cash
ORD00008,CUST1517,Maham Raza,2025-06-16,Tea,Grocery,6,708.07,4248.42,Rawalpindi,Bank Transfer
ORD00009,CUST0701,Huzaifa Ali,2026-09-16,Vacuum Cleaner,Home & Kitchen,2,57149.46,114298.92,Rawalpindi,Credit Card
ORD00010,CUST0230,Ayesha Khan,2025-11-29,Sugar,Grocery,4,217.49,869.96,Lahore,Debit Card
ORD00011,CUST2045,Hira Shah,2025-08-06,Tea,Grocery,6,359.57,2157.42,Quetta,Credit Card
ORD00012,CUST1755,Abdullah Raza,2026-08-22,Microwave,Home & Kitchen,5,25892.08,129460.4,Peshawar,Debit Card
ORD00013,CUST0450,Bilal Ahmed,2025-02-18,Jeans,Clothing,2,5811.92,11623.84,Islamabad,Bank Transfer
ORD00014,CUST1918,Saad Khan,2026-09-03,Biscuits,Grocery,7,65.88,461.16,Faisalabad,EasyPaisa
ORD00015,CUST0457,Sana Malik,2025-12-15,Keyboard,Electronics,5,9067.58,45337.9,Peshawar,Credit Card
ORD00016,CUST0732,Saad Khan,2026-05-28,Rice,Grocery,5,774.6,3873.0,Karachi,Bank Transfer
ORD00017,CUST1532,Hassan Ali,2025-06-06,Vacuum Cleaner,Home & Kitchen,4,37844.83,151379.32,Gujranwala,EasyPaisa
ORD00018,CUST1487,Sana Malik,2025-04-25,Smart Watch,Electronics,1,17966.24,17966.24,Rawalpindi,Cash
ORD00019,CUST0284,Huzaifa Ali,2026-05-13,Hoodie,Clothing,2,9602.12,19204.24,Islamabad,Credit Card
ORD00020,CUST2162,Danish Ahmed,2025-09-29,Running Shoes,Sports,3,23883.82,71651.46,Peshawar,Credit Card
ORD00021,CUST1795,Saad Khan,2026-01-18,Face Wash,Beauty,7,2282.37,15976.59,Quetta,Cash
ORD00022,CUST2269,Ayesha Khan,2026-08-26,Jeans,Clothing,1,2916.17,2916.17,Sialkot,Credit Card
ORD00023,CUST0277,Ahmed Raza,2025-08-23,Laptop,Electronics,1,197411.37,197411.37,Multan,Cash
ORD00024,CUST2209,Bilal Ahmed,2025-08-08,Face Wash,Beauty,8,1196.19,9569.52,Sialkot,EasyPaisa
ORD00025,CUST0387,Hamza Shah,2025-07-14,Cooking Oil,Grocery,7,1284.62,8992.34,Peshawar,Debit Card
ORD00026,CUST0249,Hira Shah,2025-04-11,Sugar,Grocery,1,266.76,266.76,Multan,Cash
ORD00027,CUST1729,Hassan Ali,2025-05-24,Jeans,Clothing,8,3736.36,29890.88,Faisalabad,JazzCash
ORD00028,CUST2215,Ali Khan,2025-02-21,T-Shirt,Clothing,2,2883.9,5767.8,Karachi,Credit Card
ORD00029,CUST0241,Hassan Ali,2026-02-15,Shoes,Clothing,4,13684.1,54736.4,Peshawar,Cash
ORD00030,CUST1733,Huzaifa Ali,2025-10-20,Tea,Grocery,8,1133.87,9070.96,Quetta,Credit Card
ORD00031,CUST2221,Ahmed Raza,2026-08-17,Jacket,Clothing,1,7047.81,7047.81,Multan,Cash
ORD00032,CUST2081,Usman Malik,2025-02-28,Smart Watch,Electronics,3,24071.54,72214.62,Islamabad,Cash
ORD00033,CUST0492,Abdullah Raza,2026-02-18,Perfume,Beauty,4,14316.22,57264.88,Rawalpindi,EasyPaisa
ORD00034,CUST2316,Saad Khan,2026-08-21,Perfume,Beauty,7,13339.18,93374.26,Multan,Debit Card
ORD00035,CUST1229,Maryam Ahmed,2025-05-15,Jacket,Clothing,7,7341.6,51391.2,Multan,Cash
ORD00036,CUST2203,Omar Farooq,2025-03-17,Headphones,Electronics,2,19581.88,39163.76,Gujranwala,Debit Card
ORD00037,CUST1168,Hassan Ali,2026-01-14,Jacket,Clothing,4,16332.1,65328.4,Quetta,EasyPaisa
ORD00038,CUST1227,Hamza Shah,2026-07-22,Cricket Ball,Sports,1,1723.36,1723.36,Islamabad,Debit Card
ORD00039,CUST1155,Danish Ahmed,2025-10-06,Laptop,Electronics,3,203635.0,610905.0,Rawalpindi,Bank Transfer
ORD00040,CUST2002,Fatima Ahmed,2026-06-02,Microwave,Home & Kitchen,5,39999.91,199999.55,Lahore,Cash
ORD00041,CUST1367,Bilal Ahmed,2025-01-04,Running Shoes,Sports,1,21416.31,21416.31,Faisalabad,Credit Card
ORD00042,CUST0040,Hamza Shah,2026-07-29,Running Shoes,Sports,7,15585.29,109097.03,Karachi,Bank Transfer
ORD00043,CUST2264,Bilal Ahmed,2026-08-20,Hoodie,Clothing,6,2770.21,16621.26,Peshawar,Credit Card
ORD00044,CUST0861,Ayesha Khan,2026-01-02,Tablet,Electronics,1,56465.15,56465.15,Karachi,Debit Card
ORD00045,CUST0666,Hassan Ali,2025-08-31,Lipstick,Beauty,3,3908.43,11725.29,Peshawar,Cash
ORD00046,CUST1093,Hassan Ali,2025-09-12,Jacket,Clothing,7,14953.41,104673.87,Karachi,JazzCash
ORD00047,CUST1433,Sana Malik,2026-04-17,Mouse,Electronics,4,4188.97,16755.88,Rawalpindi,Credit Card
ORD00048,CUST0285,Fatima Ahmed,2025-10-13,Keyboard,Electronics,6,3527.86,21167.16,Multan,Bank Transfer
ORD00049,CUST0473,Fatima Ahmed,2025-01-29,Lipstick,Beauty,6,2878.31,17269.86,Islamabad,EasyPaisa
ORD00050,CUST1285,Sara Khan,2025-12-20,Blender,Home & Kitchen,7,6409.23,44864.61,Sialkot,EasyPaisa
ORD00051,CUST0182,Sara Khan,2025-09-18,Headphones,Electronics,4,27236.38,108945.52,Lahore,EasyPaisa
ORD00052,CUST1286,Hamza Shah,2025-12-05,Face Wash,Beauty,2,1410.55,2821.1,Faisalabad,EasyPaisa
ORD00053,CUST2271,Bilal Ahmed,2025-10-30,Vacuum Cleaner,Home & Kitchen,7,33377.68,233643.76,Rawalpindi,JazzCash
ORD00054,CUST2332,Sana Malik,2026-09-23,Running Shoes,Sports,3,18223.68,54671.04,Peshawar,EasyPaisa
ORD00055,CUST2485,Zainab Ali,2026-08-17,Tablet,Electronics,7,48691.37,340839.59,Quetta,JazzCash
ORD00056,CUST0348,Sana Malik,2025-06-23,Cereal,Grocery,8,635.07,5080.56,Gujranwala,Bank Transfer
ORD00057,CUST0921,Omar Farooq,2025-11-14,Yoga Mat,Sports,4,2675.94,10703.76,Islamabad,Cash
ORD00058,CUST1698,Abdullah Raza,2026-04-12,Smartphone,Electronics,2,177510.08,355020.16,Rawalpindi,Bank Transfer
ORD00059,CUST0023,Hamza Shah,2025-06-01,Running Shoes,Sports,4,14381.92,57527.68,Peshawar,Credit Card
ORD00060,CUST1870,Bilal Ahmed,2025-05-05,Hoodie,Clothing,4,5984.12,23936.48,Quetta,Bank Transfer
ORD00061,CUST2068,Sara Khan,2026-09-20,Skin Cream,Beauty,8,3260.44,26083.52,Gujranwala,JazzCash
ORD00062,CUST2136,Talha Malik,2025-10-11,Shoes,Clothing,4,12901.53,51606.12,Rawalpindi,Debit Card
ORD00063,CUST1376,Zainab Ali,2025-10-06,Rice,Grocery,4,642.45,2569.8,Gujranwala,Cash
ORD00064,CUST0264,Sara Khan,2025-08-08,Jeans,Clothing,3,4003.2,12009.6,Peshawar,Debit Card
ORD00065,CUST1596,Abdullah Raza,2026-03-07,Lipstick,Beauty,4,1955.21,7820.84,Lahore,EasyPaisa
ORD00066,CUST1598,Sara Khan,2025-11-02,Sugar,Grocery,6,151.47,908.82,Gujranwala,Bank Transfer
ORD00067,CUST0899,Fatima Ahmed,2026-05-15,Yoga Mat,Sports,4,4999.34,19997.36,Peshawar,JazzCash
ORD00068,CUST1915,Bilal Ahmed,2025-06-19,Headphones,Electronics,7,11743.56,82204.92,Sialkot,EasyPaisa
ORD00069,CUST1756,Bilal Ahmed,2025-03-27,Headphones,Electronics,1,18777.05,18777.05,Quetta,Credit Card
ORD00070,CUST1339,Zainab Ali,2026-04-11,Tablet,Electronics,4,57910.39,231641.56,Peshawar,Debit Card
ORD00071,CUST2210,Ahmed Raza,2025-01-20,Tea,Grocery,8,1051.42,8411.36,Multan,Credit Card
ORD00072,CUST1013,Omar Farooq,2025-02-01,Football,Sports,1,6578.01,6578.01,Lahore,EasyPaisa
ORD00073,CUST0893,Maryam Ahmed,2026-08-01,Jeans,Clothing,2,3320.44,6640.88,Faisalabad,Debit Card
ORD00074,CUST1275,Hamza Shah,2025-06-17,Hoodie,Clothing,2,7054.36,14108.72,Sialkot,Cash
ORD00075,CUST0813,Usman Malik,2026-02-11,Dinner Set,Home & Kitchen,7,14837.56,103862.92,Sialkot,Bank Transfer
ORD00076,CUST0496,Abdullah Raza,2026-09-07,Cricket Bat,Sports,5,5241.83,26209.15,Lahore,Debit Card
ORD00077,CUST1398,Ali Khan,2026-06-03,Lipstick,Beauty,2,2815.32,5630.64,Peshawar,JazzCash
ORD00078,CUST1784,Hassan Ali,2025-06-06,Headphones,Electronics,8,28921.66,231373.28,Gujranwala,Bank Transfer
ORD00079,CUST1785,Abdullah Raza,2026-04-22,Dinner Set,Home & Kitchen,8,16931.19,135449.52,Faisalabad,Debit Card
ORD00080,CUST1904,Abdullah Raza,2025-09-07,T-Shirt,Clothing,8,2259.93,18079.44,Sialkot,Bank Transfer
ORD00081,CUST1998,Omar Farooq,2025-07-06,Tea,Grocery,6,325.83,1954.98,Multan,Debit Card
ORD00082,CUST0042,Saad Khan,2026-07-24,Air Fryer,Home & Kitchen,5,32247.36,161236.8,Rawalpindi,Cash
ORD00083,CUST2011,Maryam Ahmed,2026-05-03,Shoes,Clothing,4,13748.71,54994.84,Lahore,Cash
ORD00084,CUST2383,Maham Raza,2025-11-10,Microwave,Home & Kitchen,4,30940.84,123763.36,Quetta,EasyPaisa
ORD00085,CUST1859,Fatima Ahmed,2025-12-27,Shampoo,Beauty,6,1833.96,11003.76,Faisalabad,Debit Card
ORD00086,CUST2195,Hassan Ali,2025-05-03,T-Shirt,Clothing,6,3940.88,23645.28,Rawalpindi,Credit Card
ORD00087,CUST0796,Sana Malik,2025-04-13,Running Shoes,Sports,5,9806.49,49032.45,Rawalpindi,Debit Card
ORD00088,CUST0187,Ahmed Raza,2025-10-08,Jacket,Clothing,3,4198.08,12594.24,Gujranwala,Debit Card
ORD00089,CUST0051,Abdullah Raza,2025-04-16,Cricket Bat,Sports,8,17033.13,136265.04,Faisalabad,JazzCash
ORD00090,CUST1957,Hamza Shah,2025-09-16,Sugar,Grocery,1,235.18,235.18,Karachi,JazzCash
ORD00091,CUST0612,Abdullah Raza,2025-06-05,Rice,Grocery,1,567.36,567.36,Faisalabad,Cash
ORD00092,CUST2442,Danish Ahmed,2026-09-13,T-Shirt,Clothing,7,3320.68,23244.76,Rawalpindi,EasyPaisa
ORD00093,CUST1757,Sana Malik,2026-08-26,Sugar,Grocery,5,377.13,1885.65,Sialkot,EasyPaisa
ORD00094,CUST0865,Fatima Ahmed,2025-08-01,Smart Watch,Electronics,2,43404.35,86808.7,Karachi,Credit Card
ORD00095,CUST1674,Maryam Ahmed,2025-01-03,Jeans,Clothing,3,6087.95,18263.85,Sialkot,JazzCash
ORD00096,CUST0292,Ayesha Khan,2026-04-10,Blender,Home & Kitchen,5,8009.19,40045.95,Faisalabad,Bank Transfer
ORD00097,CUST1089,Bilal Ahmed,2025-06-02,Face Wash,Beauty,4,1562.85,6251.4,Karachi,Cash
ORD00098,CUST0510,Maryam Ahmed,2026-03-26,Jacket,Clothing,5,12330.62,61653.1,Faisalabad,Bank Transfer
ORD00099,CUST0330,Danish Ahmed,2026-03-25,Tea,Grocery,8,750.42,6003.36,Lahore,JazzCash
ORD00100,CUST0938,Abdullah Raza,2025-04-04,Cricket Ball,Sports,1,1707.43,1707.43,Sialkot,Cash
ORD00101,CUST2126,Maryam Ahmed,2026-04-27,Cricket Ball,Sports,3,1652.49,4957.47,Faisalabad,Credit Card
ORD00102,CUST1926,Maham Raza,2025-04-04,Lipstick,Beauty,8,2721.75,21774.0,Peshawar,Debit Card
ORD00103,CUST1687,Talha Malik,2025-12-04,Vacuum Cleaner,Home & Kitchen,3,19706.99,59120.97,Faisalabad,Bank Transfer
ORD00104,CUST1034,Zainab Ali,2025-11-19,Biscuits,Grocery,2,59.17,118.34,Karachi,JazzCash
ORD00105,CUST0223,Omar Farooq,2026-02-28,Perfume,Beauty,8,14009.06,112072.48,Gujranwala,Debit Card
ORD00106,CUST1094,Huzaifa Ali,2025-07-28,Lipstick,Beauty,1,2688.93,2688.93,Islamabad,Debit Card
ORD00107,CUST0981,Hassan Ali,2026-09-16,Cereal,Grocery,1,933.18,933.18,Faisalabad,EasyPaisa
ORD00108,CUST1891,Hamza Shah,2025-04-27,Smart Watch,Electronics,4,21319.63,85278.52,Islamabad,JazzCash
ORD00109,CUST1977,Talha Malik,2026-03-02,Cricket Ball,Sports,5,1517.74,7588.7,Rawalpindi,JazzCash
ORD00110,CUST1132,Sara Khan,2025-03-13,Face Wash,Beauty,3,1458.97,4376.91,Multan,EasyPaisa
ORD00111,CUST2376,Talha Malik,2026-08-25,Blender,Home & Kitchen,5,8676.91,43384.55,Islamabad,JazzCash
ORD00112,CUST1319,Omar Farooq,2026-04-12,Lipstick,Beauty,7,1707.93,11955.51,Rawalpindi,EasyPaisa
ORD00113,CUST1304,Talha Malik,2025-02-14,Cooking Oil,Grocery,7,1356.01,9492.07,Peshawar,JazzCash
ORD00114,CUST2058,Abdullah Raza,2025-05-10,Cricket Bat,Sports,1,13897.23,13897.23,Multan,Cash
ORD00115,CUST0591,Sara Khan,2025-01-16,Rice,Grocery,8,539.27,4314.16,Islamabad,Cash
ORD00116,CUST1346,Huzaifa Ali,2025-03-24,Tea,Grocery,7,604.71,4232.97,Peshawar,Debit Card
ORD00117,CUST0281,Ayesha Khan,2026-09-25,Running Shoes,Sports,1,22320.04,22320.04,Faisalabad,Credit Card
ORD00118,CUST1818,Hassan Ali,2025-04-13,Football,Sports,2,4320.81,8641.62,Faisalabad,Cash
ORD00119,CUST1536,Sara Khan,2026-01-03,Tablet,Electronics,5,99614.35,498071.75,Islamabad,Credit Card
ORD00120,CUST0718,Usman Malik,2025-06-24,Lipstick,Beauty,3,2480.75,7442.25,Sialkot,JazzCash
ORD00121,CUST1889,Fatima Ahmed,2025-08-26,Face Wash,Beauty,3,1744.17,5232.51,Quetta,Debit Card
ORD00122,CUST2239,Hassan Ali,2025-10-22,Football,Sports,8,7342.91,58743.28,Karachi,JazzCash
ORD00123,CUST1872,Sana Malik,2025-09-14,Dinner Set,Home & Kitchen,7,8786.47,61505.29,Rawalpindi,JazzCash
ORD00124,CUST1212,Sana Malik,2026-08-12,Rice,Grocery,6,380.46,2282.76,Lahore,Bank Transfer
ORD00125,CUST2035,Sana Malik,2026-09-13,Tea,Grocery,1,307.29,307.29,Rawalpindi,EasyPaisa
ORD00126,CUST0398,Ahmed Raza,2025-05-21,Microwave,Home & Kitchen,5,38371.77,191858.85,Faisalabad,JazzCash
ORD00127,CUST1209,Zainab Ali,2025-04-03,Smart Watch,Electronics,3,19594.45,58783.35,Peshawar,Credit Card
ORD00128,CUST2056,Fatima Ahmed,2026-06-28,Jeans,Clothing,6,7612.33,45673.98,Islamabad,Debit Card
ORD00129,CUST1919,Usman Malik,2025-04-28,Tea,Grocery,6,971.9,5831.4,Islamabad,Credit Card
ORD00130,CUST1617,Ali Khan,2025-04-03,Running Shoes,Sports,6,24312.66,145875.96,Faisalabad,EasyPaisa
ORD00131,CUST1561,Maham Raza,2026-08-22,Headphones,Electronics,5,12636.11,63180.55,Karachi,Bank Transfer
ORD00132,CUST0907,Usman Malik,2026-09-17,Shoes,Clothing,6,3550.54,21303.24,Quetta,Bank Transfer
ORD00133,CUST0153,Sana Malik,2025-02-16,Vacuum Cleaner,Home & Kitchen,3,33373.31,100119.93,Quetta,Cash
ORD00134,CUST1859,Maham Raza,2026-02-02,Smartphone,Electronics,3,162525.19,487575.57,Gujranwala,JazzCash
ORD00135,CUST1672,Fatima Ahmed,2026-05-17,Face Wash,Beauty,2,2713.53,5427.06,Lahore,Bank Transfer
ORD00136,CUST0407,Maham Raza,2026-01-07,Microwave,Home & Kitchen,4,32188.26,128753.04,Gujranwala,Bank Transfer
ORD00137,CUST1863,Usman Malik,2025-05-06,Blender,Home & Kitchen,4,10175.82,40703.28,Rawalpindi,Bank Transfer
ORD00138,CUST0998,Bilal Ahmed,2025-12-08,Yoga Mat,Sports,1,5855.47,5855.47,Sialkot,Credit Card
ORD00139,CUST0885,Ayesha Khan,2026-08-24,Mouse,Electronics,4,6309.13,25236.52,Multan,Credit Card
ORD00140,CUST2213,Fatima Ahmed,2025-05-14,Perfume,Beauty,3,7352.31,22056.93,Islamabad,Cash
ORD00141,CUST2412,Zainab Ali,2025-09-01,Football,Sports,6,2356.72,14140.32,Lahore,Credit Card
ORD00142,CUST0466,Usman Malik,2026-06-23,Blender,Home & Kitchen,7,6647.86,46535.02,Quetta,JazzCash
ORD00143,CUST0908,Danish Ahmed,2026-05-31,Dinner Set,Home & Kitchen,8,13498.66,107989.28,Lahore,Bank Transfer
ORD00144,CUST1962,Hira Shah,2025-03-04,Yoga Mat,Sports,1,2508.15,2508.15,Peshawar,Bank Transfer
ORD00145,CUST0331,Zainab Ali,2025-03-17,Headphones,Electronics,8,22091.04,176728.32,Sialkot,Credit Card
ORD00146,CUST2447,Saad Khan,2026-01-26,Smartphone,Electronics,6,67627.48,405764.88,Faisalabad,JazzCash
ORD00147,CUST0881,Sara Khan,2026-07-19,Skin Cream,Beauty,2,2549.86,5099.72,Quetta,Credit Card
ORD00148,CUST0390,Zainab Ali,2026-03-02,Tea,Grocery,7,1044.68,7312.76,Peshawar,Debit Card
ORD00149,CUST0275,Usman Malik,2026-05-01,Cricket Ball,Sports,3,1248.6,3745.8,Karachi,Cash
ORD00150,CUST2279,Ahmed Raza,2025-05-14,Rice,Grocery,6,659.52,3957.12,Sialkot,EasyPaisa
ORD00151,CUST1733,Ahmed Raza,2025-12-29,Shampoo,Beauty,7,2543.04,17801.28,Faisalabad,EasyPaisa
ORD00152,CUST1976,Ayesha Khan,2025-06-08,Air Fryer,Home & Kitchen,4,14382.81,57531.24,Karachi,Debit Card
ORD00153,CUST0927,Sara Khan,2026-08-11,Shampoo,Beauty,5,933.17,4665.85,Gujranwala,EasyPaisa
ORD00154,CUST0739,Fatima Ahmed,2025-01-30,Skin Cream,Beauty,5,812.89,4064.45,Faisalabad,Debit Card
ORD00155,CUST1642,Usman Malik,2026-08-03,Blender,Home & Kitchen,3,7358.27,22074.81,Islamabad,Bank Transfer
ORD00156,CUST1720,Maryam Ahmed,2026-01-21,Football,Sports,4,2096.42,8385.68,Multan,Credit Card
ORD00157,CUST0638,Hassan Ali,2025-02-23,Air Fryer,Home & Kitchen,2,28596.71,57193.42,Sialkot,Cash
ORD00158,CUST2487,Maryam Ahmed,2026-05-13,Football,Sports,7,3268.67,22880.69,Peshawar,Debit Card
ORD00159,CUST1161,Abdullah Raza,2025-04-24,Hoodie,Clothing,7,3353.63,23475.41,Quetta,EasyPaisa
ORD00160,CUST0225,Ali Khan,2026-09-06,Cricket Ball,Sports,7,590.83,4135.81,Rawalpindi,Debit Card
ORD00161,CUST0492,Ali Khan,2025-12-02,Jeans,Clothing,5,7467.05,37335.25,Quetta,Bank Transfer
ORD00162,CUST2289,Maham Raza,2026-05-28,Cooking Oil,Grocery,4,629.19,2516.76,Karachi,JazzCash
ORD00163,CUST1283,Abdullah Raza,2025-03-21,Football,Sports,8,4335.43,34683.44,Peshawar,EasyPaisa
ORD00164,CUST1660,Ali Khan,2025-04-28,Cereal,Grocery,5,1104.16,5520.8,Multan,Credit Card
ORD00165,CUST1789,Hamza Shah,2025-04-01,Lipstick,Beauty,6,3412.09,20472.54,Rawalpindi,JazzCash
ORD00166,CUST1391,Ayesha Khan,2025-11-14,Lipstick,Beauty,7,2333.87,16337.09,Multan,Credit Card
ORD00167,CUST1439,Bilal Ahmed,2025-12-24,Smart Watch,Electronics,4,30328.99,121315.96,Rawalpindi,Cash
ORD00168,CUST0726,Talha Malik,2025-03-19,Jacket,Clothing,3,6761.81,20285.43,Quetta,EasyPaisa
ORD00169,CUST0619,Maryam Ahmed,2025-11-20,Lipstick,Beauty,6,2883.97,17303.82,Karachi,JazzCash
ORD00170,CUST0231,Maham Raza,2026-08-29,Cereal,Grocery,5,733.1,3665.5,Gujranwala,Cash
ORD00171,CUST1176,Usman Malik,2026-01-13,Coffee Maker,Home & Kitchen,1,17394.02,17394.02,Karachi,EasyPaisa
ORD00172,CUST2342,Omar Farooq,2026-04-06,Skin Cream,Beauty,1,2353.27,2353.27,Multan,EasyPaisa
ORD00173,CUST0424,Zainab Ali,2026-04-07,Biscuits,Grocery,1,87.72,87.72,Karachi,EasyPaisa
ORD00174,CUST2147,Saad Khan,2026-03-26,Cricket Bat,Sports,8,3861.13,30889.04,Sialkot,Credit Card
ORD00175,CUST1386,Danish Ahmed,2026-02-23,Air Fryer,Home & Kitchen,7,33112.55,231787.85,Lahore,Bank Transfer
ORD00176,CUST1584,Sana Malik,2026-07-26,Cricket Ball,Sports,2,631.82,1263.64,Faisalabad,Bank Transfer
ORD00177,CUST2387,Bilal Ahmed,2025-03-25,Yoga Mat,Sports,6,5366.4,32198.4,Multan,Debit Card
ORD00178,CUST2290,Hira Shah,2025-11-14,Running Shoes,Sports,2,6707.98,13415.96,Multan,Credit Card
ORD00179,CUST1483,Ali Khan,2026-06-05,Yoga Mat,Sports,7,1467.26,10270.82,Multan,Debit Card
ORD00180,CUST0928,Bilal Ahmed,2025-07-16,Jeans,Clothing,8,4721.26,37770.08,Islamabad,Cash
ORD00181,CUST0537,Danish Ahmed,2025-12-11,Blender,Home & Kitchen,1,11599.97,11599.97,Peshawar,Credit Card
ORD00182,CUST0179,Sara Khan,2026-03-25,Jeans,Clothing,3,7903.74,23711.22,Multan,Bank Transfer
ORD00183,CUST0959,Huzaifa Ali,2026-04-05,Cricket Bat,Sports,5,24330.95,121654.75,Rawalpindi,Debit Card
ORD00184,CUST1155,Hira Shah,2026-04-18,Cooking Oil,Grocery,8,867.84,6942.72,Gujranwala,EasyPaisa
ORD00185,CUST0214,Talha Malik,2025-09-14,Cooking Oil,Grocery,3,1316.89,3950.67,Multan,EasyPaisa
ORD00186,CUST0344,Hassan Ali,2025-10-19,Keyboard,Electronics,2,10381.87,20763.74,Faisalabad,JazzCash
ORD00187,CUST1848,Maham Raza,2025-08-16,Face Wash,Beauty,2,2577.62,5155.24,Lahore,JazzCash
ORD00188,CUST0335,Maham Raza,2026-01-31,Headphones,Electronics,4,16305.2,65220.8,Rawalpindi,Cash
ORD00189,CUST0564,Ahmed Raza,2025-05-30,Blender,Home & Kitchen,6,15909.29,95455.74,Faisalabad,JazzCash
ORD00190,CUST0022,Usman Malik,2026-04-05,Cricket Bat,Sports,8,19694.51,157556.08,Lahore,Debit Card
ORD00191,CUST1181,Ayesha Khan,2025-04-24,Jeans,Clothing,7,6067.23,42470.61,Faisalabad,Cash
ORD00192,CUST0455,Talha Malik,2025-03-06,Smartphone,Electronics,8,90072.96,720583.68,Sialkot,EasyPaisa
ORD00193,CUST1194,Sara Khan,2025-05-28,Keyboard,Electronics,4,6911.45,27645.8,Lahore,EasyPaisa
ORD00194,CUST2145,Maham Raza,2025-03-29,Microwave,Home & Kitchen,3,36261.24,108783.72,Karachi,EasyPaisa
ORD00195,CUST1926,Ahmed Raza,2026-02-04,Skin Cream,Beauty,1,4081.57,4081.57,Peshawar,Debit Card
ORD00196,CUST0988,Hamza Shah,2025-12-20,Vacuum Cleaner,Home & Kitchen,2,15730.9,31461.8,Sialkot,Bank Transfer
ORD00197,CUST1904,Talha Malik,2025-06-29,Microwave,Home & Kitchen,6,19418.74,116512.44,Islamabad,Credit Card
ORD00198,CUST1202,Omar Farooq,2025-02-07,Keyboard,Electronics,8,9650.0,77200.0,Lahore,Credit Card
ORD00199,CUST1940,Fatima Ahmed,2026-07-11,Tablet,Electronics,7,113337.1,793359.7,Lahore,Bank Transfer
ORD00200,CUST1120,Hamza Shah,2025-12-06,Jacket,Clothing,1,8997.64,8997.64,Multan,JazzCash
ORD00201,CUST0766,Talha Malik,2025-12-14,Cereal,Grocery,7,883.71,6185.97,Quetta,Debit Card
ORD00202,CUST1764,Danish Ahmed,2025-03-22,Shampoo,Beauty,7,2923.33,20463.31,Islamabad,EasyPaisa
ORD00203,CUST1256,Maryam Ahmed,2025-10-30,Air Fryer,Home & Kitchen,6,14359.75,86158.5,Sialkot,Bank Transfer
ORD00204,CUST0174,Maham Raza,2026-04-03,Cooking Oil,Grocery,6,1189.76,7138.56,Sialkot,JazzCash
ORD00205,CUST1664,Maham Raza,2025-03-18,Vacuum Cleaner,Home & Kitchen,1,59101.23,59101.23,Gujranwala,Bank Transfer
ORD00206,CUST1795,Ahmed Raza,2026-09-15,Cricket Bat,Sports,3,23961.37,71884.11,Islamabad,Cash
ORD00207,CUST0629,Maryam Ahmed,2026-09-12,Jacket,Clothing,1,9070.11,9070.11,Multan,Debit Card
ORD00208,CUST1288,Fatima Ahmed,2026-02-12,Rice,Grocery,6,565.66,3393.96,Rawalpindi,Cash
ORD00209,CUST0483,Fatima Ahmed,2026-07-30,Keyboard,Electronics,7,3453.5,24174.5,Faisalabad,Bank Transfer
ORD00210,CUST0820,Hamza Shah,2026-05-18,Cooking Oil,Grocery,5,1496.37,7481.85,Islamabad,Cash
ORD00211,CUST1310,Maham Raza,2025-03-31,Cooking Oil,Grocery,8,1398.68,11189.44,Karachi,EasyPaisa
ORD00212,CUST1481,Saad Khan,2025-06-28,Shampoo,Beauty,3,3184.86,9554.58,Rawalpindi,Cash
ORD00213,CUST1479,Huzaifa Ali,2025-01-27,Jeans,Clothing,8,4038.79,32310.32,Sialkot,Debit Card
ORD00214,CUST1267,Hira Shah,2025-03-09,Biscuits,Grocery,2,82.44,164.88,Quetta,EasyPaisa
ORD00215,CUST1299,Usman Malik,2025-05-09,Sugar,Grocery,2,355.83,711.66,Quetta,JazzCash
ORD00216,CUST1773,Saad Khan,2025-05-13,Yoga Mat,Sports,3,2722.57,8167.71,Lahore,Cash
ORD00217,CUST0924,Maham Raza,2025-11-27,Face Wash,Beauty,3,1260.31,3780.93,Gujranwala,Debit Card
ORD00218,CUST1241,Danish Ahmed,2025-05-09,Tablet,Electronics,5,39630.19,198150.95,Gujranwala,Cash
ORD00219,CUST2479,Zainab Ali,2025-06-25,Face Wash,Beauty,3,1979.52,5938.56,Sialkot,Cash
ORD00220,CUST2344,Sara Khan,2025-08-04,Laptop,Electronics,5,78183.12,390915.6,Sialkot,Bank Transfer
ORD00221,CUST1979,Ayesha Khan,2025-11-06,Headphones,Electronics,5,26947.41,134737.05,Peshawar,Debit Card
ORD00222,CUST1703,Talha Malik,2026-03-27,Rice,Grocery,3,628.74,1886.22,Quetta,Credit Card
ORD00223,CUST1634,Bilal Ahmed,2025-12-20,Dinner Set,Home & Kitchen,6,6298.7,37792.2,Multan,EasyPaisa
ORD00224,CUST1096,Maryam Ahmed,2025-05-06,Perfume,Beauty,8,8084.53,64676.24,Rawalpindi,Credit Card
ORD00225,CUST1713,Ayesha Khan,2026-09-23,Laptop,Electronics,7,122238.16,855667.12,Islamabad,Debit Card
ORD00226,CUST2109,Maryam Ahmed,2026-05-26,Shampoo,Beauty,3,1150.52,3451.56,Quetta,Debit Card
ORD00227,CUST1873,Ayesha Khan,2026-06-02,Rice,Grocery,7,299.53,2096.71,Rawalpindi,EasyPaisa
ORD00228,CUST1928,Sana Malik,2026-09-04,Blender,Home & Kitchen,8,5657.03,45256.24,Gujranwala,Cash
ORD00229,CUST1652,Maham Raza,2026-01-10,Headphones,Electronics,5,6183.21,30916.05,Lahore,JazzCash
ORD00230,CUST1183,Usman Malik,2026-07-21,Smart Watch,Electronics,6,27472.67,164836.02,Peshawar,EasyPaisa
ORD00231,CUST0397,Hira Shah,2025-05-12,Biscuits,Grocery,2,119.93,239.86,Multan,Debit Card
ORD00232,CUST2086,Hira Shah,2026-09-09,Shampoo,Beauty,4,2789.4,11157.6,Gujranwala,Cash
ORD00233,CUST2128,Maryam Ahmed,2026-05-01,Laptop,Electronics,6,94666.55,567999.3,Islamabad,EasyPaisa
ORD00234,CUST1610,Danish Ahmed,2025-06-16,Face Wash,Beauty,6,1319.91,7919.46,Faisalabad,EasyPaisa
ORD00235,CUST1228,Talha Malik,2026-07-31,Dinner Set,Home & Kitchen,8,17252.63,138021.04,Lahore,Debit Card
ORD00236,CUST1261,Ali Khan,2026-08-21,Vacuum Cleaner,Home & Kitchen,7,19932.21,139525.47,Sialkot,JazzCash
ORD00237,CUST2391,Talha Malik,2025-02-22,Vacuum Cleaner,Home & Kitchen,4,50230.68,200922.72,Islamabad,EasyPaisa
ORD00238,CUST0993,Ahmed Raza,2025-06-01,Yoga Mat,Sports,7,4873.03,34111.21,Sialkot,Bank Transfer
ORD00239,CUST0621,Sara Khan,2026-03-05,Smartphone,Electronics,6,27935.29,167611.74,Rawalpindi,JazzCash
ORD00240,CUST2125,Omar Farooq,2025-05-22,Skin Cream,Beauty,1,4658.24,4658.24,Gujranwala,Debit Card
ORD00241,CUST1883,Huzaifa Ali,2025-06-27,Running Shoes,Sports,6,15035.02,90210.12,Multan,EasyPaisa
ORD00242,CUST1984,Omar Farooq,2026-09-17,Vacuum Cleaner,Home & Kitchen,5,49739.54,248697.7,Rawalpindi,Debit Card
ORD00243,CUST0850,Talha Malik,2025-10-23,Shampoo,Beauty,5,1252.11,6260.55,Multan,JazzCash
ORD00244,CUST0500,Abdullah Raza,2025-10-22,Dinner Set,Home & Kitchen,5,18939.21,94696.05,Gujranwala,JazzCash
ORD00245,CUST0173,Sana Malik,2025-10-25,Tea,Grocery,3,1159.15,3477.45,Karachi,Debit Card
ORD00246,CUST0828,Huzaifa Ali,2025-08-08,Cereal,Grocery,8,682.09,5456.72,Faisalabad,EasyPaisa
ORD00247,CUST0208,Saad Khan,2025-09-06,Cricket Ball,Sports,4,774.55,3098.2,Rawalpindi,Bank Transfer
ORD00248,CUST0412,Bilal Ahmed,2026-04-29,T-Shirt,Clothing,6,1580.75,9484.5,Lahore,EasyPaisa
ORD00249,CUST0817,Sana Malik,2026-05-04,Shoes,Clothing,8,17363.64,138909.12,Multan,Debit Card
ORD00250,CUST0952,Huzaifa Ali,2026-08-11,Football,Sports,2,7401.59,14803.18,Lahore,Credit Card
ORD00251,CUST2030,Hassan Ali,2026-02-11,Cooking Oil,Grocery,1,1433.92,1433.92,Faisalabad,Cash
ORD00252,CUST1166,Maryam Ahmed,2025-12-10,Tablet,Electronics,2,76796.19,153592.38,Gujranwala,EasyPaisa
ORD00253,CUST0790,Hamza Shah,2025-10-07,Cooking Oil,Grocery,8,1351.06,10808.48,Multan,Credit Card
ORD00254,CUST1381,Sana Malik,2025-01-15,Running Shoes,Sports,3,17613.99,52841.97,Sialkot,Bank Transfer
ORD00255,CUST2111,Zainab Ali,2026-03-14,Jeans,Clothing,7,6471.2,45298.4,Karachi,JazzCash
ORD00256,CUST1326,Ayesha Khan,2026-05-04,Football,Sports,3,2701.08,8103.24,Lahore,Debit Card
ORD00257,CUST1237,Abdullah Raza,2025-12-04,Cooking Oil,Grocery,5,946.74,4733.7,Sialkot,Cash
ORD00258,CUST0485,Maryam Ahmed,2025-03-05,Vacuum Cleaner,Home & Kitchen,4,31179.84,124719.36,Faisalabad,Credit Card
ORD00259,CUST1209,Maham Raza,2025-05-01,Cereal,Grocery,5,952.77,4763.85,Sialkot,Credit Card
ORD00260,CUST1531,Sara Khan,2026-09-13,Jeans,Clothing,8,5608.18,44865.44,Gujranwala,JazzCash
ORD00261,CUST1830,Saad Khan,2026-06-23,Face Wash,Beauty,2,2404.65,4809.3,Multan,Cash
ORD00262,CUST2199,Bilal Ahmed,2026-08-10,Perfume,Beauty,4,3580.77,14323.08,Islamabad,Debit Card
ORD00263,CUST2003,Usman Malik,2026-08-21,Lipstick,Beauty,4,906.84,3627.36,Gujranwala,JazzCash
ORD00264,CUST2310,Ahmed Raza,2026-04-13,Headphones,Electronics,7,6128.47,42899.29,Gujranwala,JazzCash
ORD00265,CUST0013,Omar Farooq,2025-09-18,Cricket Ball,Sports,7,1946.56,13625.92,Sialkot,Cash
ORD00266,CUST0247,Usman Malik,2026-07-09,Headphones,Electronics,2,11974.54,23949.08,Quetta,Cash
ORD00267,CUST1534,Hira Shah,2026-03-07,Coffee Maker,Home & Kitchen,3,11139.57,33418.71,Quetta,JazzCash
ORD00268,CUST0486,Hassan Ali,2025-12-23,Rice,Grocery,3,625.5,1876.5,Gujranwala,JazzCash
ORD00269,CUST0094,Sana Malik,2025-01-04,Face Wash,Beauty,4,2319.65,9278.6,Quetta,Bank Transfer
ORD00270,CUST1014,Maryam Ahmed,2025-08-24,Yoga Mat,Sports,7,3120.64,21844.48,Multan,Credit Card
ORD00271,CUST1718,Danish Ahmed,2025-02-02,Microwave,Home & Kitchen,2,47997.13,95994.26,Lahore,Credit Card
ORD00272,CUST2449,Ahmed Raza,2026-04-03,T-Shirt,Clothing,1,1583.41,1583.41,Rawalpindi,Bank Transfer
ORD00273,CUST0574,Saad Khan,2025-02-27,Headphones,Electronics,4,14571.48,58285.92,Faisalabad,Credit Card
ORD00274,CUST1237,Bilal Ahmed,2025-08-31,Yoga Mat,Sports,6,2594.52,15567.12,Gujranwala,Credit Card
ORD00275,CUST2277,Talha Malik,2026-03-14,Tea,Grocery,3,547.64,1642.92,Lahore,Debit Card
ORD00276,CUST1673,Bilal Ahmed,2026-03-03,Running Shoes,Sports,6,20501.9,123011.4,Faisalabad,JazzCash
ORD00277,CUST0592,Maryam Ahmed,2025-11-04,Hoodie,Clothing,4,6051.39,24205.56,Lahore,EasyPaisa
ORD00278,CUST0995,Fatima Ahmed,2026-02-02,Sugar,Grocery,3,289.32,867.96,Rawalpindi,Debit Card
ORD00279,CUST2194,Omar Farooq,2025-04-05,Football,Sports,6,7494.47,44966.82,Lahore,Debit Card
ORD00280,CUST0771,Abdullah Raza,2025-03-16,Cereal,Grocery,1,1065.47,1065.47,Gujranwala,Credit Card
ORD00281,CUST0063,Omar Farooq,2025-11-07,Cooking Oil,Grocery,6,1369.47,8216.82,Rawalpindi,Bank Transfer
ORD00282,CUST2476,Omar Farooq,2025-09-06,Keyboard,Electronics,8,11995.51,95964.08,Peshawar,Credit Card
ORD00283,CUST2186,Maham Raza,2026-04-23,Shampoo,Beauty,7,2848.99,19942.93,Faisalabad,Debit Card
ORD00284,CUST1924,Zainab Ali,2025-04-11,Dinner Set,Home & Kitchen,8,18124.99,144999.92,Rawalpindi,Debit Card
ORD00285,CUST0067,Fatima Ahmed,2025-05-30,Coffee Maker,Home & Kitchen,4,8051.46,32205.84,Gujranwala,EasyPaisa
ORD00286,CUST0943,Hira Shah,2025-12-04,Lipstick,Beauty,4,1533.17,6132.68,Sialkot,Credit Card
ORD00287,CUST2002,Talha Malik,2025-09-21,Biscuits,Grocery,6,213.65,1281.9,Quetta,Credit Card
ORD00288,CUST2221,Ahmed Raza,2025-07-08,Cricket Ball,Sports,8,838.53,6708.24,Gujranwala,Cash
ORD00289,CUST0564,Ayesha Khan,2026-02-27,Mouse,Electronics,1,5611.15,5611.15,Karachi,Bank Transfer
ORD00290,CUST0248,Danish Ahmed,2026-01-18,T-Shirt,Clothing,8,2031.13,16249.04,Sialkot,JazzCash
ORD00291,CUST0069,Saad Khan,2025-01-13,Running Shoes,Sports,7,4330.37,30312.59,Faisalabad,EasyPaisa
ORD00292,CUST0439,Hamza Shah,2025-07-03,Blender,Home & Kitchen,7,11528.81,80701.67,Gujranwala,Credit Card
ORD00293,CUST1095,Hira Shah,2025-12-29,Jeans,Clothing,5,6528.58,32642.9,Karachi,Debit Card
ORD00294,CUST0331,Ahmed Raza,2025-11-04,Sugar,Grocery,4,291.25,1165.0,Karachi,JazzCash
ORD00295,CUST0702,Usman Malik,2025-01-10,Sugar,Grocery,1,288.18,288.18,Quetta,JazzCash
ORD00296,CUST0175,Ayesha Khan,2026-06-25,Cricket Ball,Sports,2,1631.71,3263.42,Rawalpindi,Bank Transfer
ORD00297,CUST2225,Abdullah Raza,2025-10-15,Lipstick,Beauty,2,1448.83,2897.66,Lahore,Credit Card
ORD00298,CUST0316,Sana Malik,2026-02-12,Blender,Home & Kitchen,3,17499.1,52497.3,Islamabad,EasyPaisa
ORD00299,CUST1359,Hira Shah,2026-07-08,Hoodie,Clothing,7,8759.88,61319.16,Islamabad,Bank Transfer
ORD00300,CUST0401,Sara Khan,2025-02-24,Football,Sports,6,4755.15,28530.9,Rawalpindi,Cash
ORD00301,CUST0122,Fatima Ahmed,2025-12-01,Dinner Set,Home & Kitchen,7,16304.09,114128.63,Quetta,JazzCash
ORD00302,CUST0761,Abdullah Raza,2026-03-19,Jacket,Clothing,7,11742.53,82197.71,Peshawar,Cash
ORD00303,CUST1098,Bilal Ahmed,2025-03-26,Shampoo,Beauty,2,2914.36,5828.72,Peshawar,Bank Transfer
ORD00304,CUST0437,Usman Malik,2026-01-05,Cricket Bat,Sports,6,19272.42,115634.52,Lahore,Debit Card
ORD00305,CUST0358,Hassan Ali,2025-05-16,Tea,Grocery,2,985.21,1970.42,Peshawar,JazzCash
ORD00306,CUST0368,Maham Raza,2025-01-27,Skin Cream,Beauty,2,2903.5,5807.0,Gujranwala,Cash
ORD00307,CUST1196,Sara Khan,2025-01-13,Skin Cream,Beauty,7,4073.09,28511.63,Peshawar,Cash
ORD00308,CUST2135,Hassan Ali,2026-08-09,Yoga Mat,Sports,4,5526.04,22104.16,Peshawar,Credit Card
ORD00309,CUST0260,Hassan Ali,2025-05-30,Jacket,Clothing,8,8215.84,65726.72,Peshawar,Debit Card
ORD00310,CUST1031,Ayesha Khan,2026-01-05,Tea,Grocery,2,735.81,1471.62,Quetta,EasyPaisa
ORD00311,CUST0028,Hira Shah,2025-11-08,Face Wash,Beauty,3,1644.65,4933.95,Multan,EasyPaisa
ORD00312,CUST0558,Sana Malik,2026-09-01,Tea,Grocery,7,696.2,4873.4,Multan,EasyPaisa
ORD00313,CUST1308,Sana Malik,2026-02-12,Cricket Bat,Sports,3,13538.21,40614.63,Quetta,EasyPaisa
ORD00314,CUST0467,Abdullah Raza,2026-01-09,Jacket,Clothing,7,9264.77,64853.39,Rawalpindi,EasyPaisa
ORD00315,CUST0859,Maryam Ahmed,2026-04-18,Face Wash,Beauty,1,2204.28,2204.28,Faisalabad,Bank Transfer
ORD00316,CUST0571,Sana Malik,2026-05-27,Mouse,Electronics,7,6904.07,48328.49,Rawalpindi,Debit Card
ORD00317,CUST1840,Danish Ahmed,2025-03-17,Cricket Bat,Sports,7,18735.2,131146.4,Quetta,EasyPaisa
ORD00318,CUST0151,Maham Raza,2026-07-11,Biscuits,Grocery,7,176.65,1236.55,Gujranwala,EasyPaisa
ORD00319,CUST0682,Danish Ahmed,2025-12-30,Football,Sports,4,2210.9,8843.6,Lahore,EasyPaisa
ORD00320,CUST0434,Ali Khan,2026-03-17,Running Shoes,Sports,6,24303.03,145818.18,Karachi,Debit Card
ORD00321,CUST1533,Hira Shah,2026-04-02,Hoodie,Clothing,4,8101.4,32405.6,Quetta,Bank Transfer
ORD00322,CUST0429,Sana Malik,2026-05-10,Skin Cream,Beauty,1,1348.2,1348.2,Peshawar,Cash
ORD00323,CUST1278,Zainab Ali,2025-12-23,Mouse,Electronics,3,7572.87,22718.61,Quetta,Credit Card
ORD00324,CUST1854,Zainab Ali,2026-03-25,Lipstick,Beauty,2,1719.05,3438.1,Karachi,Debit Card
ORD00325,CUST0448,Hassan Ali,2025-12-18,Mouse,Electronics,1,5917.61,5917.61,Rawalpindi,EasyPaisa
ORD00326,CUST0950,Hira Shah,2026-04-19,Hoodie,Clothing,7,3701.02,25907.14,Islamabad,Credit Card
ORD00327,CUST2426,Sara Khan,2026-04-06,Running Shoes,Sports,4,12307.23,49228.92,Peshawar,Cash
ORD00328,CUST0417,Huzaifa Ali,2026-08-15,Cricket Bat,Sports,2,7527.26,15054.52,Islamabad,Debit Card
ORD00329,CUST2162,Zainab Ali,2026-05-17,Microwave,Home & Kitchen,5,32641.61,163208.05,Sialkot,JazzCash
ORD00330,CUST1876,Danish Ahmed,2025-12-27,Lipstick,Beauty,6,2554.52,15327.12,Islamabad,Bank Transfer
ORD00331,CUST1283,Hamza Shah,2025-05-18,Cricket Ball,Sports,2,2337.37,4674.74,Rawalpindi,Debit Card
ORD00332,CUST1592,Sara Khan,2026-06-08,Smartphone,Electronics,3,82862.44,248587.32,Sialkot,Credit Card
ORD00333,CUST0710,Huzaifa Ali,2026-07-05,Lipstick,Beauty,8,1980.64,15845.12,Islamabad,JazzCash
ORD00334,CUST0220,Maham Raza,2026-09-27,Microwave,Home & Kitchen,8,23987.15,191897.2,Lahore,JazzCash
ORD00335,CUST2015,Sara Khan,2026-02-23,Jeans,Clothing,8,7798.9,62391.2,Quetta,JazzCash
ORD00336,CUST0134,Fatima Ahmed,2025-10-27,T-Shirt,Clothing,4,3348.51,13394.04,Rawalpindi,EasyPaisa
ORD00337,CUST2093,Hamza Shah,2026-07-17,Microwave,Home & Kitchen,8,42983.69,343869.52,Sialkot,Cash
ORD00338,CUST0171,Maryam Ahmed,2026-07-10,Dinner Set,Home & Kitchen,6,17172.52,103035.12,Gujranwala,Credit Card
ORD00339,CUST0133,Maryam Ahmed,2025-11-01,Rice,Grocery,4,654.79,2619.16,Faisalabad,Debit Card
ORD00340,CUST0860,Abdullah Raza,2025-08-31,Headphones,Electronics,2,26295.49,52590.98,Multan,Bank Transfer
ORD00341,CUST0848,Ahmed Raza,2025-07-31,Lipstick,Beauty,3,1080.94,3242.82,Sialkot,Debit Card
ORD00342,CUST1199,Sana Malik,2025-11-28,Shampoo,Beauty,3,2330.89,6992.67,Sialkot,Debit Card
ORD00343,CUST1136,Bilal Ahmed,2025-03-02,Perfume,Beauty,7,4872.81,34109.67,Islamabad,Credit Card
ORD00344,CUST0583,Abdullah Raza,2026-05-17,Jacket,Clothing,7,15598.75,109191.25,Faisalabad,Bank Transfer
ORD00345,CUST2112,Fatima Ahmed,2026-02-17,Sugar,Grocery,2,263.0,526.0,Multan,JazzCash
ORD00346,CUST1468,Usman Malik,2026-04-15,Tea,Grocery,2,823.76,1647.52,Gujranwala,JazzCash
ORD00347,CUST1323,Sana Malik,2025-10-02,Shoes,Clothing,8,21146.65,169173.2,Multan,EasyPaisa
ORD00348,CUST0199,Ahmed Raza,2025-12-18,Face Wash,Beauty,8,1915.36,15322.88,Karachi,Bank Transfer
ORD00349,CUST1870,Ali Khan,2026-03-28,Rice,Grocery,3,318.33,954.99,Peshawar,Credit Card
ORD00350,CUST1123,Usman Malik,2025-06-12,Cricket Bat,Sports,5,22407.25,112036.25,Multan,Debit Card
ORD00351,CUST1624,Sana Malik,2025-02-23,Tablet,Electronics,3,86450.88,259352.64,Rawalpindi,JazzCash
ORD00352,CUST1954,Usman Malik,2025-08-07,Football,Sports,1,6074.04,6074.04,Islamabad,EasyPaisa
ORD00353,CUST1408,Hamza Shah,2025-01-09,Hoodie,Clothing,1,7599.87,7599.87,Peshawar,Bank Transfer
ORD00354,CUST0420,Hamza Shah,2025-04-02,Shoes,Clothing,7,4558.22,31907.54,Multan,Debit Card
ORD00355,CUST0281,Saad Khan,2025-05-27,Microwave,Home & Kitchen,3,30247.07,90741.21,Sialkot,Cash
ORD00356,CUST1687,Danish Ahmed,2025-06-05,Face Wash,Beauty,4,1600.25,6401.0,Quetta,Credit Card
ORD00357,CUST1573,Maham Raza,2026-08-27,Laptop,Electronics,2,95202.37,190404.74,Peshawar,Debit Card
ORD00358,CUST2267,Danish Ahmed,2025-09-12,Jeans,Clothing,2,4300.29,8600.58,Sialkot,Bank Transfer
ORD00359,CUST0842,Saad Khan,2025-11-05,Shampoo,Beauty,1,2859.01,2859.01,Sialkot,EasyPaisa
ORD00360,CUST2028,Hira Shah,2025-09-03,Shoes,Clothing,1,9501.93,9501.93,Karachi,Credit Card
ORD00361,CUST1297,Bilal Ahmed,2026-01-05,Cereal,Grocery,1,1053.32,1053.32,Peshawar,EasyPaisa
ORD00362,CUST0299,Ali Khan,2026-04-28,Tea,Grocery,3,791.72,2375.16,Sialkot,Cash
ORD00363,CUST2076,Sana Malik,2026-02-12,Tablet,Electronics,1,41574.29,41574.29,Gujranwala,JazzCash
ORD00364,CUST0343,Sana Malik,2025-10-12,Cereal,Grocery,3,842.51,2527.53,Karachi,EasyPaisa
ORD00365,CUST0271,Sana Malik,2026-08-24,Jeans,Clothing,7,5986.54,41905.78,Peshawar,Bank Transfer
ORD00366,CUST1858,Danish Ahmed,2025-04-29,T-Shirt,Clothing,7,2129.02,14903.14,Sialkot,Cash
ORD00367,CUST0052,Bilal Ahmed,2025-05-03,Vacuum Cleaner,Home & Kitchen,3,48376.21,145128.63,Lahore,Credit Card
ORD00368,CUST1524,Bilal Ahmed,2025-06-20,Tea,Grocery,5,770.7,3853.5,Faisalabad,Bank Transfer
ORD00369,CUST1115,Saad Khan,2026-03-16,Mouse,Electronics,6,7279.26,43675.56,Karachi,Debit Card
ORD00370,CUST2093,Maham Raza,2026-04-12,Yoga Mat,Sports,8,4137.66,33101.28,Lahore,JazzCash
ORD00371,CUST2351,Hamza Shah,2025-04-16,Face Wash,Beauty,5,1419.22,7096.1,Rawalpindi,Bank Transfer
ORD00372,CUST0189,Talha Malik,2025-09-08,Perfume,Beauty,1,3270.66,3270.66,Multan,JazzCash
ORD00373,CUST1718,Ayesha Khan,2026-07-21,Jeans,Clothing,1,8552.54,8552.54,Multan,Credit Card
ORD00374,CUST1528,Hamza Shah,2026-08-09,Cereal,Grocery,2,751.93,1503.86,Gujranwala,Bank Transfer
ORD00375,CUST0283,Maryam Ahmed,2026-02-15,Smartphone,Electronics,1,59593.68,59593.68,Faisalabad,Debit Card
ORD00376,CUST0822,Sana Malik,2026-01-13,Blender,Home & Kitchen,1,12190.19,12190.19,Sialkot,Debit Card
ORD00377,CUST2021,Omar Farooq,2026-08-29,Yoga Mat,Sports,6,2212.92,13277.52,Gujranwala,Credit Card
ORD00378,CUST2219,Maham Raza,2025-08-27,T-Shirt,Clothing,1,4743.11,4743.11,Lahore,Debit Card
ORD00379,CUST0841,Saad Khan,2025-04-17,Mouse,Electronics,5,5532.59,27662.95,Rawalpindi,JazzCash
ORD00380,CUST0382,Ahmed Raza,2025-10-14,Rice,Grocery,3,784.91,2354.73,Rawalpindi,EasyPaisa
ORD00381,CUST2379,Hamza Shah,2025-03-28,Cereal,Grocery,8,1385.14,11081.12,Gujranwala,Credit Card
ORD00382,CUST0536,Ayesha Khan,2026-03-22,Running Shoes,Sports,1,5571.44,5571.44,Faisalabad,Debit Card
ORD00383,CUST1855,Fatima Ahmed,2025-11-22,Coffee Maker,Home & Kitchen,6,23116.69,138700.14,Rawalpindi,Cash
ORD00384,CUST0433,Hassan Ali,2025-06-09,Jeans,Clothing,2,7569.59,15139.18,Quetta,JazzCash
ORD00385,CUST1852,Sana Malik,2025-08-01,Coffee Maker,Home & Kitchen,6,9776.94,58661.64,Quetta,Debit Card
ORD00386,CUST0166,Omar Farooq,2026-09-10,Laptop,Electronics,5,98370.77,491853.85,Multan,Credit Card
ORD00387,CUST2104,Ahmed Raza,2026-02-10,Keyboard,Electronics,6,4106.3,24637.8,Faisalabad,Debit Card
ORD00388,CUST2254,Ayesha Khan,2026-07-24,T-Shirt,Clothing,8,4817.97,38543.76,Karachi,JazzCash
ORD00389,CUST0253,Ayesha Khan,2025-01-13,Mouse,Electronics,2,6515.43,13030.86,Islamabad,Credit Card
ORD00390,CUST2401,Fatima Ahmed,2026-08-20,Tea,Grocery,2,917.66,1835.32,Karachi,Cash
ORD00391,CUST0377,Zainab Ali,2025-05-12,Smartphone,Electronics,8,164886.89,1319095.12,Karachi,Cash
ORD00392,CUST2033,Ali Khan,2026-02-09,Rice,Grocery,7,342.39,2396.73,Peshawar,Bank Transfer
ORD00393,CUST1147,Maryam Ahmed,2025-10-09,Cooking Oil,Grocery,3,853.94,2561.82,Islamabad,Cash
ORD00394,CUST1688,Huzaifa Ali,2026-05-26,Skin Cream,Beauty,5,3353.0,16765.0,Quetta,Cash
ORD00395,CUST2154,Ayesha Khan,2025-07-24,Tablet,Electronics,7,58301.53,408110.71,Gujranwala,Cash
ORD00396,CUST2317,Saad Khan,2025-12-19,Cereal,Grocery,8,795.02,6360.16,Multan,JazzCash
ORD00397,CUST1151,Ahmed Raza,2025-01-31,Microwave,Home & Kitchen,4,18834.01,75336.04,Quetta,EasyPaisa
ORD00398,CUST1016,Ayesha Khan,2025-04-13,Dinner Set,Home & Kitchen,3,19993.69,59981.07,Faisalabad,EasyPaisa
ORD00399,CUST1591,Maham Raza,2026-08-13,Football,Sports,4,6466.32,25865.28,Islamabad,Credit Card
ORD00400,CUST0116,Maham Raza,2026-08-29,Hoodie,Clothing,6,4885.03,29310.18,Sialkot,EasyPaisa
ORD00401,CUST1266,Hassan Ali,2026-07-10,Hoodie,Clothing,8,9612.76,76902.08,Quetta,Cash
ORD00402,CUST2157,Talha Malik,2025-01-21,Laptop,Electronics,4,111872.2,447488.8,Lahore,Debit Card
ORD00403,CUST1326,Ahmed Raza,2025-07-01,Face Wash,Beauty,6,2516.11,15096.66,Lahore,Credit Card
ORD00404,CUST1531,Hira Shah,2025-03-16,Face Wash,Beauty,6,2435.92,14615.52,Sialkot,Cash
ORD00405,CUST1996,Zainab Ali,2026-03-24,Air Fryer,Home & Kitchen,3,19419.87,58259.61,Islamabad,Bank Transfer
ORD00406,CUST0719,Hira Shah,2026-08-27,Skin Cream,Beauty,4,4084.06,16336.24,Faisalabad,Bank Transfer
ORD00407,CUST1604,Abdullah Raza,2026-08-10,Cricket Ball,Sports,1,754.7,754.7,Lahore,Credit Card
ORD00408,CUST0427,Talha Malik,2026-08-03,Shampoo,Beauty,4,3271.01,13084.04,Islamabad,Debit Card
ORD00409,CUST0364,Zainab Ali,2025-06-21,Football,Sports,6,3046.97,18281.82,Quetta,Cash
ORD00410,CUST1052,Hamza Shah,2025-12-25,Microwave,Home & Kitchen,2,25985.31,51970.62,Lahore,Cash
ORD00411,CUST2020,Hira Shah,2026-02-28,Sugar,Grocery,3,333.15,999.45,Multan,EasyPaisa
ORD00412,CUST1849,Usman Malik,2025-06-16,Rice,Grocery,4,705.84,2823.36,Lahore,Debit Card
ORD00413,CUST1401,Hassan Ali,2025-03-17,Tablet,Electronics,2,46112.77,92225.54,Peshawar,Credit Card
ORD00414,CUST2434,Danish Ahmed,2025-12-13,Football,Sports,2,5055.8,10111.6,Quetta,Bank Transfer
ORD00415,CUST1779,Hassan Ali,2026-09-14,Headphones,Electronics,3,28417.16,85251.48,Lahore,Cash
ORD00416,CUST2213,Fatima Ahmed,2026-07-22,Microwave,Home & Kitchen,7,49180.75,344265.25,Faisalabad,Debit Card
ORD00417,CUST0224,Maham Raza,2025-06-07,T-Shirt,Clothing,8,1388.61,11108.88,Lahore,JazzCash
ORD00418,CUST0398,Ali Khan,2025-07-24,Tablet,Electronics,8,102389.73,819117.84,Rawalpindi,Credit Card
ORD00419,CUST1264,Hira Shah,2025-04-29,Cricket Ball,Sports,8,2454.12,19632.96,Quetta,JazzCash
ORD00420,CUST1520,Hira Shah,2025-07-09,Cricket Ball,Sports,7,682.27,4775.89,Multan,Credit Card
ORD00421,CUST0927,Fatima Ahmed,2025-09-27,Rice,Grocery,8,394.81,3158.48,Sialkot,Cash
ORD00422,CUST1696,Abdullah Raza,2026-07-09,T-Shirt,Clothing,6,1525.69,9154.14,Rawalpindi,EasyPaisa
ORD00423,CUST1945,Abdullah Raza,2026-07-03,Mouse,Electronics,7,3587.16,25110.12,Rawalpindi,JazzCash
ORD00424,CUST2340,Saad Khan,2026-05-30,Blender,Home & Kitchen,1,10132.46,10132.46,Sialkot,Bank Transfer
ORD00425,CUST0685,Omar Farooq,2025-06-27,Face Wash,Beauty,8,800.7,6405.6,Rawalpindi,Credit Card
ORD00426,CUST0606,Danish Ahmed,2025-07-26,Headphones,Electronics,7,4655.13,32585.91,Faisalabad,Debit Card
ORD00427,CUST1336,Fatima Ahmed,2026-07-20,Football,Sports,7,2065.68,14459.76,Gujranwala,JazzCash
ORD00428,CUST1698,Bilal Ahmed,2025-04-26,Mouse,Electronics,7,5842.97,40900.79,Islamabad,EasyPaisa
ORD00429,CUST2305,Hamza Shah,2025-04-19,Skin Cream,Beauty,2,3961.02,7922.04,Faisalabad,EasyPaisa
ORD00430,CUST2495,Talha Malik,2026-08-09,Coffee Maker,Home & Kitchen,8,13075.14,104601.12,Lahore,Credit Card
ORD00431,CUST1622,Zainab Ali,2025-02-09,Coffee Maker,Home & Kitchen,7,10308.61,72160.27,Rawalpindi,Cash
ORD00432,CUST1384,Sana Malik,2025-01-21,Running Shoes,Sports,6,23337.53,140025.18,Faisalabad,Debit Card
ORD00433,CUST1231,Maryam Ahmed,2025-05-18,Cereal,Grocery,4,1153.34,4613.36,Multan,Debit Card
ORD00434,CUST1810,Omar Farooq,2025-07-12,Running Shoes,Sports,2,16704.56,33409.12,Peshawar,Bank Transfer
ORD00435,CUST0652,Usman Malik,2026-06-12,Biscuits,Grocery,1,266.8,266.8,Faisalabad,Bank Transfer
ORD00436,CUST0790,Omar Farooq,2025-06-27,Lipstick,Beauty,1,974.77,974.77,Lahore,Credit Card
ORD00437,CUST1123,Maham Raza,2025-07-23,Headphones,Electronics,6,3890.38,23342.28,Quetta,EasyPaisa
ORD00438,CUST1526,Talha Malik,2025-09-05,Cereal,Grocery,1,1415.38,1415.38,Sialkot,JazzCash
ORD00439,CUST0670,Fatima Ahmed,2025-12-19,Shoes,Clothing,6,15911.37,95468.22,Karachi,Debit Card
ORD00440,CUST0923,Omar Farooq,2025-08-15,Headphones,Electronics,4,3865.4,15461.6,Faisalabad,Bank Transfer
ORD00441,CUST0542,Hassan Ali,2026-05-01,Biscuits,Grocery,1,55.01,55.01,Sialkot,Cash
ORD00442,CUST1736,Hira Shah,2025-10-09,Jacket,Clothing,5,12516.81,62584.05,Multan,JazzCash
ORD00443,CUST0420,Ali Khan,2026-08-22,Microwave,Home & Kitchen,7,32934.34,230540.38,Gujranwala,Bank Transfer
ORD00444,CUST0443,Talha Malik,2025-11-02,Dinner Set,Home & Kitchen,5,14357.47,71787.35,Karachi,Debit Card
ORD00445,CUST1224,Omar Farooq,2025-09-25,Vacuum Cleaner,Home & Kitchen,5,29631.17,148155.85,Islamabad,EasyPaisa
ORD00446,CUST0574,Ali Khan,2025-11-24,T-Shirt,Clothing,7,4260.63,29824.41,Quetta,Debit Card
ORD00447,CUST2344,Omar Farooq,2026-08-21,Coffee Maker,Home & Kitchen,1,16305.77,16305.77,Multan,Bank Transfer
ORD00448,CUST2078,Sana Malik,2026-01-03,Cricket Bat,Sports,8,18099.0,144792.0,Islamabad,Bank Transfer
ORD00449,CUST1060,Huzaifa Ali,2025-05-12,Face Wash,Beauty,8,1234.46,9875.68,Islamabad,Bank Transfer
ORD00450,CUST1258,Sara Khan,2025-08-17,Vacuum Cleaner,Home & Kitchen,6,19018.49,114110.94,Multan,Debit Card
ORD00451,CUST0220,Abdullah Raza,2026-04-27,Dinner Set,Home & Kitchen,2,8704.82,17409.64,Sialkot,EasyPaisa
ORD00452,CUST2171,Sana Malik,2026-01-26,Headphones,Electronics,2,26959.22,53918.44,Peshawar,Cash
ORD00453,CUST2333,Maryam Ahmed,2026-02-24,Jeans,Clothing,6,8950.26,53701.56,Islamabad,Debit Card
ORD00454,CUST0725,Zainab Ali,2025-12-07,Cricket Bat,Sports,8,20136.71,161093.68,Lahore,Cash
ORD00455,CUST0649,Talha Malik,2026-08-14,Tea,Grocery,3,488.44,1465.32,Karachi,Credit Card
ORD00456,CUST1956,Hira Shah,2026-03-16,Lipstick,Beauty,7,2717.21,19020.47,Lahore,Cash
ORD00457,CUST2176,Omar Farooq,2025-11-26,Face Wash,Beauty,1,2326.65,2326.65,Lahore,Bank Transfer
ORD00458,CUST1279,Bilal Ahmed,2025-12-19,Keyboard,Electronics,4,9202.83,36811.32,Karachi,JazzCash
ORD00459,CUST1222,Sana Malik,2025-02-16,Skin Cream,Beauty,2,2016.29,4032.58,Quetta,Bank Transfer
ORD00460,CUST1404,Talha Malik,2025-05-18,Skin Cream,Beauty,7,2953.71,20675.97,Multan,Credit Card
ORD00461,CUST0866,Ali Khan,2025-05-15,Shoes,Clothing,4,3420.74,13682.96,Sialkot,EasyPaisa
ORD00462,CUST1048,Huzaifa Ali,2026-01-20,T-Shirt,Clothing,1,2593.05,2593.05,Sialkot,Cash
ORD00463,CUST0475,Sara Khan,2025-02-19,Perfume,Beauty,1,14084.47,14084.47,Quetta,JazzCash
ORD00464,CUST0039,Sana Malik,2025-07-30,Smart Watch,Electronics,3,15109.53,45328.59,Peshawar,Bank Transfer
ORD00465,CUST0430,Saad Khan,2026-03-05,Keyboard,Electronics,3,6963.25,20889.75,Sialkot,Cash
ORD00466,CUST2495,Omar Farooq,2025-07-23,Blender,Home & Kitchen,8,15201.88,121615.04,Faisalabad,EasyPaisa
ORD00467,CUST0162,Huzaifa Ali,2025-06-14,Jacket,Clothing,5,13848.11,69240.55,Quetta,Credit Card
ORD00468,CUST0365,Hamza Shah,2025-01-14,Running Shoes,Sports,1,10942.68,10942.68,Sialkot,Bank Transfer
ORD00469,CUST1049,Ayesha Khan,2025-04-14,Cooking Oil,Grocery,2,1449.45,2898.9,Quetta,Debit Card
ORD00470,CUST1191,Maham Raza,2025-02-10,Coffee Maker,Home & Kitchen,3,8151.84,24455.52,Multan,JazzCash
ORD00471,CUST0567,Hassan Ali,2025-01-10,Football,Sports,1,2117.49,2117.49,Multan,Debit Card
ORD00472,CUST1404,Hassan Ali,2026-01-17,Biscuits,Grocery,2,117.08,234.16,Karachi,JazzCash
ORD00473,CUST1728,Hassan Ali,2026-05-05,Sugar,Grocery,7,217.96,1525.72,Karachi,Credit Card
ORD00474,CUST1705,Abdullah Raza,2025-04-17,Football,Sports,3,7880.2,23640.6,Quetta,EasyPaisa
ORD00475,CUST0119,Bilal Ahmed,2026-01-03,Running Shoes,Sports,7,7806.47,54645.29,Quetta,JazzCash
ORD00476,CUST1288,Ali Khan,2025-09-25,Headphones,Electronics,2,14618.92,29237.84,Gujranwala,Bank Transfer
ORD00477,CUST2143,Danish Ahmed,2026-06-16,Skin Cream,Beauty,6,1663.14,9978.84,Karachi,JazzCash
ORD00478,CUST2287,Danish Ahmed,2025-06-02,Cricket Bat,Sports,7,13602.45,95217.15,Lahore,Cash
ORD00479,CUST0678,Usman Malik,2026-05-23,Cricket Bat,Sports,8,14122.49,112979.92,Quetta,Debit Card
ORD00480,CUST0913,Huzaifa Ali,2026-06-04,Jacket,Clothing,1,17582.03,17582.03,Peshawar,JazzCash
ORD00481,CUST2042,Maryam Ahmed,2025-04-01,T-Shirt,Clothing,8,2944.56,23556.48,Multan,Cash
ORD00482,CUST1689,Ahmed Raza,2026-02-18,Cereal,Grocery,2,1118.71,2237.42,Gujranwala,EasyPaisa
ORD00483,CUST2304,Omar Farooq,2026-06-05,Mouse,Electronics,5,1454.45,7272.25,Quetta,Debit Card
ORD00484,CUST2295,Danish Ahmed,2025-12-06,Blender,Home & Kitchen,8,15615.65,124925.2,Sialkot,JazzCash
ORD00485,CUST0909,Ali Khan,2025-04-10,Cricket Ball,Sports,2,1931.83,3863.66,Multan,Debit Card
ORD00486,CUST0188,Hassan Ali,2025-04-19,Cricket Ball,Sports,6,1595.38,9572.28,Quetta,Credit Card
ORD00487,CUST0495,Hira Shah,2025-07-12,Running Shoes,Sports,4,6246.19,24984.76,Rawalpindi,JazzCash
ORD00488,CUST2412,Hamza Shah,2025-02-17,Jacket,Clothing,7,5508.72,38561.04,Quetta,JazzCash
ORD00489,CUST0018,Saad Khan,2026-05-26,Yoga Mat,Sports,3,5780.95,17342.85,Lahore,EasyPaisa
ORD00490,CUST0712,Bilal Ahmed,2026-08-16,Biscuits,Grocery,3,170.73,512.19,Karachi,JazzCash
ORD00491,CUST1576,Sara Khan,2026-06-01,Yoga Mat,Sports,6,4030.8,24184.8,Sialkot,Bank Transfer
ORD00492,CUST1855,Bilal Ahmed,2025-10-29,Jacket,Clothing,6,9570.18,57421.08,Islamabad,JazzCash
ORD00493,CUST0891,Omar Farooq,2026-07-21,Skin Cream,Beauty,6,1985.33,11911.98,Rawalpindi,EasyPaisa
ORD00494,CUST2064,Huzaifa Ali,2025-07-02,Cricket Ball,Sports,3,1873.22,5619.66,Multan,Bank Transfer
ORD00495,CUST2338,Sara Khan,2026-08-20,Mouse,Electronics,8,3336.11,26688.88,Gujranwala,Debit Card
ORD00496,CUST0596,Ahmed Raza,2026-01-26,Rice,Grocery,1,537.5,537.5,Lahore,Credit Card
ORD00497,CUST0255,Sana Malik,2025-05-30,Microwave,Home & Kitchen,5,49473.04,247365.2,Rawalpindi,EasyPaisa
ORD00498,CUST2302,Ayesha Khan,2026-09-23,Tablet,Electronics,2,101402.62,202805.24,Gujranwala,JazzCash
ORD00499,CUST1563,Hira Shah,2025-02-18,Hoodie,Clothing,5,8382.3,41911.5,Peshawar,Bank Transfer
ORD00500,CUST1815,Ayesha Khan,2025-07-27,Dinner Set,Home & Kitchen,5,4860.84,24304.2,Multan,EasyPaisa
ORD00501,CUST1839,Hassan Ali,2025-10-29,Skin Cream,Beauty,4,1544.82,6179.28,Karachi,Credit Card
ORD00502,CUST1144,Huzaifa Ali,2026-03-15,Hoodie,Clothing,1,3395.15,3395.15,Faisalabad,Credit Card
ORD00503,CUST1911,Bilal Ahmed,2025-12-05,Hoodie,Clothing,1,8845.11,8845.11,Lahore,Credit Card
ORD00504,CUST2346,Huzaifa Ali,2026-05-18,Dinner Set,Home & Kitchen,5,4813.69,24068.45,Multan,Cash
ORD00505,CUST0280,Saad Khan,2026-06-18,Cricket Ball,Sports,3,1550.79,4652.37,Islamabad,JazzCash
ORD00506,CUST0874,Zainab Ali,2025-08-15,Skin Cream,Beauty,6,2434.69,14608.14,Multan,Debit Card
ORD00507,CUST0037,Hamza Shah,2026-07-29,Microwave,Home & Kitchen,8,48409.86,387278.88,Multan,JazzCash
ORD00508,CUST1315,Hira Shah,2025-02-10,Hoodie,Clothing,4,9389.55,37558.2,Karachi,JazzCash
ORD00509,CUST1536,Saad Khan,2026-06-14,Dinner Set,Home & Kitchen,1,15583.61,15583.61,Gujranwala,JazzCash
ORD00510,CUST2105,Usman Malik,2025-11-25,Rice,Grocery,4,413.04,1652.16,Karachi,Credit Card
ORD00511,CUST0874,Sara Khan,2025-08-04,Skin Cream,Beauty,2,731.52,1463.04,Karachi,Credit Card
ORD00512,CUST0098,Maryam Ahmed,2025-06-07,Lipstick,Beauty,2,2762.96,5525.92,Multan,Cash
ORD00513,CUST0289,Abdullah Raza,2026-07-26,Laptop,Electronics,5,79768.25,398841.25,Rawalpindi,Debit Card
ORD00514,CUST1296,Ali Khan,2026-03-20,Sugar,Grocery,7,262.78,1839.46,Peshawar,Bank Transfer
ORD00515,CUST0187,Usman Malik,2026-08-23,Smart Watch,Electronics,2,5235.96,10471.92,Multan,EasyPaisa
ORD00516,CUST0355,Sana Malik,2026-09-14,Tablet,Electronics,5,98689.19,493445.95,Quetta,JazzCash
ORD00517,CUST0901,Bilal Ahmed,2026-07-01,Cereal,Grocery,3,433.9,1301.7,Peshawar,EasyPaisa
ORD00518,CUST2268,Huzaifa Ali,2025-01-12,Vacuum Cleaner,Home & Kitchen,6,21483.4,128900.4,Islamabad,Cash
ORD00519,CUST2243,Usman Malik,2026-07-05,Laptop,Electronics,7,173089.35,1211625.45,Faisalabad,Credit Card
ORD00520,CUST0754,Ayesha Khan,2025-06-14,Cricket Ball,Sports,3,923.47,2770.41,Sialkot,Debit Card
ORD00521,CUST1890,Huzaifa Ali,2026-07-17,T-Shirt,Clothing,1,1889.16,1889.16,Karachi,Debit Card
ORD00522,CUST1996,Zainab Ali,2026-08-18,Football,Sports,4,3129.47,12517.88,Multan,Credit Card
ORD00523,CUST1302,Talha Malik,2025-07-18,Cricket Bat,Sports,2,5200.99,10401.98,Quetta,Debit Card
ORD00524,CUST2322,Maham Raza,2026-08-03,Shampoo,Beauty,3,2611.03,7833.09,Multan,JazzCash
ORD00525,CUST1134,Maham Raza,2026-03-23,T-Shirt,Clothing,4,2390.22,9560.88,Islamabad,Bank Transfer
ORD00526,CUST1470,Sana Malik,2026-04-02,Cricket Ball,Sports,8,2255.77,18046.16,Quetta,EasyPaisa
ORD00527,CUST0574,Huzaifa Ali,2025-10-15,Smartphone,Electronics,2,125060.5,250121.0,Rawalpindi,Debit Card
ORD00528,CUST0128,Abdullah Raza,2026-06-04,Football,Sports,1,6228.26,6228.26,Sialkot,JazzCash
ORD00529,CUST2211,Talha Malik,2026-07-11,Face Wash,Beauty,5,2765.76,13828.8,Islamabad,Debit Card
ORD00530,CUST1904,Saad Khan,2025-05-18,Cooking Oil,Grocery,5,1391.44,6957.2,Gujranwala,Cash
ORD00531,CUST0680,Saad Khan,2026-09-21,Tea,Grocery,4,751.95,3007.8,Islamabad,JazzCash
ORD00532,CUST1470,Ahmed Raza,2026-05-11,Jeans,Clothing,3,6181.32,18543.96,Rawalpindi,JazzCash
ORD00533,CUST0847,Saad Khan,2025-02-13,T-Shirt,Clothing,4,2204.56,8818.24,Multan,JazzCash
ORD00534,CUST0423,Saad Khan,2025-11-28,Sugar,Grocery,1,370.39,370.39,Faisalabad,Bank Transfer
ORD00535,CUST1551,Maham Raza,2026-01-21,Dinner Set,Home & Kitchen,3,12709.6,38128.8,Sialkot,Bank Transfer
ORD00536,CUST1663,Maham Raza,2026-06-13,Smart Watch,Electronics,4,15063.46,60253.84,Multan,JazzCash
ORD00537,CUST0679,Ayesha Khan,2026-03-27,Biscuits,Grocery,3,51.65,154.95,Karachi,EasyPaisa
ORD00538,CUST1484,Danish Ahmed,2025-06-11,Cricket Ball,Sports,3,923.03,2769.09,Karachi,Bank Transfer
ORD00539,CUST1962,Talha Malik,2026-05-09,Shoes,Clothing,2,20845.8,41691.6,Rawalpindi,EasyPaisa
ORD00540,CUST2350,Abdullah Raza,2025-05-11,Shoes,Clothing,1,3493.81,3493.81,Islamabad,Credit Card
ORD00541,CUST0682,Fatima Ahmed,2025-02-27,Yoga Mat,Sports,3,1195.95,3587.85,Islamabad,EasyPaisa
ORD00542,CUST0352,Omar Farooq,2025-10-18,Biscuits,Grocery,1,292.31,292.31,Quetta,EasyPaisa
ORD00543,CUST0585,Abdullah Raza,2026-09-08,Sugar,Grocery,7,192.64,1348.48,Islamabad,EasyPaisa
ORD00544,CUST2444,Abdullah Raza,2026-04-10,Yoga Mat,Sports,6,2322.6,13935.6,Karachi,Credit Card
ORD00545,CUST2142,Saad Khan,2025-07-27,Sugar,Grocery,1,183.05,183.05,Peshawar,Credit Card
ORD00546,CUST2062,Hamza Shah,2026-06-29,Perfume,Beauty,1,5604.89,5604.89,Karachi,JazzCash
ORD00547,CUST2139,Sara Khan,2026-03-18,Cricket Bat,Sports,1,22843.66,22843.66,Multan,Cash
ORD00548,CUST1436,Abdullah Raza,2026-01-26,Yoga Mat,Sports,8,3144.78,25158.24,Sialkot,Cash
ORD00549,CUST1161,Danish Ahmed,2025-03-27,Cooking Oil,Grocery,4,754.52,3018.08,Gujranwala,JazzCash
ORD00550,CUST2141,Hamza Shah,2026-08-15,Microwave,Home & Kitchen,1,18175.02,18175.02,Gujranwala,Cash
ORD00551,CUST1484,Hamza Shah,2026-02-23,Cereal,Grocery,6,625.96,3755.76,Islamabad,JazzCash
ORD00552,CUST1498,Danish Ahmed,2026-08-02,Yoga Mat,Sports,7,2268.16,15877.12,Faisalabad,Bank Transfer
ORD00553,CUST1517,Huzaifa Ali,2025-07-03,Cooking Oil,Grocery,8,913.23,7305.84,Gujranwala,JazzCash
ORD00554,CUST0488,Ayesha Khan,2025-05-22,Air Fryer,Home & Kitchen,7,25285.98,177001.86,Quetta,Bank Transfer
ORD00555,CUST2256,Danish Ahmed,2025-12-13,T-Shirt,Clothing,7,2014.94,14104.58,Lahore,Credit Card
ORD00556,CUST1932,Danish Ahmed,2025-05-29,Cereal,Grocery,2,405.82,811.64,Peshawar,Cash
ORD00557,CUST0155,Hira Shah,2026-09-16,Tablet,Electronics,2,42177.02,84354.04,Peshawar,EasyPaisa
ORD00558,CUST2025,Maryam Ahmed,2025-06-29,Yoga Mat,Sports,1,2432.35,2432.35,Lahore,Credit Card
ORD00559,CUST2092,Saad Khan,2026-09-06,Yoga Mat,Sports,1,2430.03,2430.03,Rawalpindi,EasyPaisa
ORD00560,CUST0356,Fatima Ahmed,2025-06-11,T-Shirt,Clothing,1,2567.01,2567.01,Peshawar,Debit Card
ORD00561,CUST0063,Usman Malik,2026-06-15,Running Shoes,Sports,4,12514.47,50057.88,Karachi,EasyPaisa
ORD00562,CUST1133,Ayesha Khan,2025-12-22,Vacuum Cleaner,Home & Kitchen,6,52339.42,314036.52,Sialkot,Credit Card
ORD00563,CUST1668,Saad Khan,2025-06-29,Sugar,Grocery,5,293.73,1468.65,Karachi,EasyPaisa
ORD00564,CUST1056,Huzaifa Ali,2026-06-10,Smart Watch,Electronics,2,16770.07,33540.14,Sialkot,Debit Card
ORD00565,CUST1392,Maryam Ahmed,2025-09-07,Running Shoes,Sports,8,24287.16,194297.28,Quetta,EasyPaisa
ORD00566,CUST0903,Ayesha Khan,2026-01-27,Headphones,Electronics,2,5697.38,11394.76,Multan,JazzCash
ORD00567,CUST1177,Usman Malik,2025-09-12,Dinner Set,Home & Kitchen,5,12570.43,62852.15,Peshawar,Bank Transfer
ORD00568,CUST1286,Maham Raza,2026-05-03,Cricket Ball,Sports,3,652.06,1956.18,Rawalpindi,EasyPaisa
ORD00569,CUST0818,Ayesha Khan,2026-05-26,Microwave,Home & Kitchen,4,48307.78,193231.12,Rawalpindi,Debit Card
ORD00570,CUST1459,Bilal Ahmed,2026-09-26,Jeans,Clothing,4,3817.98,15271.92,Karachi,Cash
ORD00571,CUST0028,Huzaifa Ali,2026-09-21,Keyboard,Electronics,8,11535.69,92285.52,Lahore,JazzCash
ORD00572,CUST0750,Saad Khan,2026-05-18,Dinner Set,Home & Kitchen,5,9046.67,45233.35,Faisalabad,JazzCash
ORD00573,CUST2215,Ahmed Raza,2026-05-05,Hoodie,Clothing,7,3461.84,24232.88,Gujranwala,Debit Card
ORD00574,CUST2123,Maryam Ahmed,2025-05-04,Cereal,Grocery,8,1253.49,10027.92,Multan,Bank Transfer
ORD00575,CUST0413,Zainab Ali,2026-08-18,Laptop,Electronics,7,191338.55,1339369.85,Multan,EasyPaisa
ORD00576,CUST1931,Danish Ahmed,2025-10-03,Microwave,Home & Kitchen,4,35554.03,142216.12,Multan,Debit Card
ORD00577,CUST1496,Hira Shah,2026-01-17,Shoes,Clothing,7,12326.74,86287.18,Faisalabad,JazzCash
ORD00578,CUST1106,Ayesha Khan,2025-04-13,Hoodie,Clothing,4,3483.54,13934.16,Gujranwala,JazzCash
ORD00579,CUST0040,Hassan Ali,2026-04-30,Cooking Oil,Grocery,3,645.84,1937.52,Peshawar,JazzCash
ORD00580,CUST1229,Fatima Ahmed,2026-05-14,Hoodie,Clothing,6,6504.87,39029.22,Gujranwala,EasyPaisa
ORD00581,CUST0883,Fatima Ahmed,2025-03-03,Headphones,Electronics,3,5221.81,15665.43,Quetta,Bank Transfer
ORD00582,CUST1476,Huzaifa Ali,2026-01-05,Headphones,Electronics,5,22976.31,114881.55,Gujranwala,Debit Card
ORD00583,CUST0815,Abdullah Raza,2026-09-13,Blender,Home & Kitchen,6,10352.89,62117.34,Sialkot,Bank Transfer
ORD00584,CUST1332,Saad Khan,2025-12-30,Yoga Mat,Sports,5,1872.69,9363.45,Quetta,Bank Transfer
ORD00585,CUST0594,Hassan Ali,2026-04-20,Rice,Grocery,5,459.59,2297.95,Multan,JazzCash
ORD00586,CUST0664,Zainab Ali,2025-03-23,Yoga Mat,Sports,2,3858.19,7716.38,Rawalpindi,Debit Card
ORD00587,CUST1620,Fatima Ahmed,2026-09-12,Vacuum Cleaner,Home & Kitchen,5,28111.04,140555.2,Quetta,Debit Card
ORD00588,CUST0686,Hassan Ali,2026-02-28,Yoga Mat,Sports,8,3604.68,28837.44,Lahore,Credit Card
ORD00589,CUST0684,Hira Shah,2025-08-04,Cricket Bat,Sports,2,17564.5,35129.0,Karachi,Cash
ORD00590,CUST2147,Usman Malik,2026-02-11,Headphones,Electronics,1,17581.93,17581.93,Karachi,Debit Card
ORD00591,CUST0940,Ayesha Khan,2025-11-13,Face Wash,Beauty,7,710.78,4975.46,Faisalabad,JazzCash
ORD00592,CUST0144,Maham Raza,2025-01-30,Cricket Bat,Sports,3,5888.1,17664.3,Multan,JazzCash
ORD00593,CUST2209,Hassan Ali,2025-05-19,Biscuits,Grocery,8,283.71,2269.68,Sialkot,EasyPaisa
ORD00594,CUST2187,Sana Malik,2026-06-21,Cereal,Grocery,7,1223.8,8566.6,Multan,JazzCash
ORD00595,CUST1499,Sara Khan,2025-11-12,Face Wash,Beauty,8,2511.77,20094.16,Faisalabad,Credit Card
ORD00596,CUST1175,Talha Malik,2025-12-19,Blender,Home & Kitchen,3,5001.2,15003.6,Gujranwala,Cash
ORD00597,CUST0038,Sara Khan,2025-11-03,Running Shoes,Sports,8,23886.11,191088.88,Faisalabad,EasyPaisa
ORD00598,CUST2297,Sara Khan,2026-02-26,T-Shirt,Clothing,4,3283.21,13132.84,Peshawar,Credit Card
ORD00599,CUST0325,Sara Khan,2025-09-27,Shoes,Clothing,4,21225.39,84901.56,Rawalpindi,EasyPaisa
ORD00600,CUST0771,Usman Malik,2026-02-27,Shampoo,Beauty,5,1425.56,7127.8,Islamabad,Credit Card
ORD00601,CUST2016,Omar Farooq,2025-10-06,Blender,Home & Kitchen,8,13279.61,106236.88,Multan,Cash
ORD00602,CUST0419,Sana Malik,2025-07-10,T-Shirt,Clothing,1,4884.92,4884.92,Faisalabad,Credit Card
ORD00603,CUST0618,Ali Khan,2025-04-03,Running Shoes,Sports,4,19269.25,77077.0,Quetta,Credit Card
ORD00604,CUST1900,Ahmed Raza,2026-01-16,Coffee Maker,Home & Kitchen,8,14166.26,113330.08,Multan,Cash
ORD00605,CUST2225,Talha Malik,2025-03-15,T-Shirt,Clothing,7,2212.71,15488.97,Islamabad,Credit Card
ORD00606,CUST1577,Maryam Ahmed,2025-09-12,Coffee Maker,Home & Kitchen,2,26049.8,52099.6,Rawalpindi,Bank Transfer
ORD00607,CUST0854,Talha Malik,2026-06-18,Smartphone,Electronics,2,96429.37,192858.74,Peshawar,Bank Transfer
ORD00608,CUST2134,Hamza Shah,2026-07-17,Air Fryer,Home & Kitchen,1,15648.06,15648.06,Faisalabad,JazzCash
ORD00609,CUST0463,Ayesha Khan,2025-08-12,Cricket Ball,Sports,1,897.45,897.45,Peshawar,Debit Card
ORD00610,CUST0996,Ali Khan,2026-02-10,Smartphone,Electronics,2,148130.51,296261.02,Lahore,EasyPaisa
ORD00611,CUST0367,Ayesha Khan,2026-01-16,Running Shoes,Sports,3,18456.54,55369.62,Islamabad,JazzCash
ORD00612,CUST1457,Bilal Ahmed,2025-03-03,Keyboard,Electronics,1,7995.77,7995.77,Gujranwala,Cash
ORD00613,CUST0791,Ali Khan,2026-03-26,Shoes,Clothing,6,8118.84,48713.04,Peshawar,Debit Card
ORD00614,CUST1793,Huzaifa Ali,2026-05-12,Cricket Bat,Sports,1,8515.32,8515.32,Faisalabad,EasyPaisa
ORD00615,CUST1425,Zainab Ali,2026-07-11,Running Shoes,Sports,3,7985.29,23955.87,Quetta,Debit Card
ORD00616,CUST1212,Fatima Ahmed,2026-04-06,Skin Cream,Beauty,3,1389.48,4168.44,Gujranwala,Debit Card
ORD00617,CUST0077,Danish Ahmed,2025-07-09,Rice,Grocery,7,676.75,4737.25,Multan,EasyPaisa
ORD00618,CUST2147,Talha Malik,2025-07-14,Jacket,Clothing,7,14094.05,98658.35,Gujranwala,Credit Card
ORD00619,CUST0395,Saad Khan,2025-04-24,Shampoo,Beauty,6,1535.54,9213.24,Karachi,Cash
ORD00620,CUST1989,Omar Farooq,2025-04-20,Jeans,Clothing,4,8177.7,32710.8,Karachi,Cash
ORD00621,CUST1501,Ayesha Khan,2025-02-20,Lipstick,Beauty,5,2802.72,14013.6,Sialkot,Bank Transfer
ORD00622,CUST0328,Maryam Ahmed,2026-05-19,Laptop,Electronics,4,237437.99,949751.96,Lahore,Debit Card
ORD00623,CUST1089,Saad Khan,2026-09-24,Lipstick,Beauty,1,3377.09,3377.09,Lahore,Bank Transfer
ORD00624,CUST0398,Hamza Shah,2026-06-16,Mouse,Electronics,4,2988.11,11952.44,Rawalpindi,EasyPaisa
ORD00625,CUST0733,Huzaifa Ali,2026-08-07,Cooking Oil,Grocery,4,693.12,2772.48,Gujranwala,JazzCash
ORD00626,CUST1750,Hamza Shah,2026-04-15,Football,Sports,6,6480.84,38885.04,Islamabad,Credit Card
ORD00627,CUST2458,Maryam Ahmed,2026-07-01,Lipstick,Beauty,3,2266.42,6799.26,Multan,Debit Card
ORD00628,CUST1325,Danish Ahmed,2026-03-17,Shampoo,Beauty,7,3050.08,21350.56,Rawalpindi,EasyPaisa
ORD00629,CUST1854,Maryam Ahmed,2026-01-04,Face Wash,Beauty,5,1437.66,7188.3,Peshawar,Cash
ORD00630,CUST0554,Sana Malik,2026-06-15,Football,Sports,1,7889.22,7889.22,Lahore,Debit Card
ORD00631,CUST2268,Saad Khan,2025-10-10,Jeans,Clothing,1,8062.18,8062.18,Gujranwala,EasyPaisa
ORD00632,CUST0640,Bilal Ahmed,2025-12-31,Face Wash,Beauty,8,735.72,5885.76,Faisalabad,Debit Card
ORD00633,CUST2337,Hira Shah,2025-04-05,Face Wash,Beauty,5,1082.49,5412.45,Sialkot,Credit Card
ORD00634,CUST2000,Abdullah Raza,2025-06-27,Football,Sports,8,6203.27,49626.16,Karachi,EasyPaisa
ORD00635,CUST0230,Zainab Ali,2025-03-22,Cricket Ball,Sports,7,574.74,4023.18,Multan,JazzCash
ORD00636,CUST0047,Hira Shah,2026-09-09,Rice,Grocery,4,728.38,2913.52,Lahore,Debit Card
ORD00637,CUST2058,Ayesha Khan,2025-12-01,Perfume,Beauty,3,8088.04,24264.12,Islamabad,Cash
ORD00638,CUST1770,Sana Malik,2025-08-16,Running Shoes,Sports,2,24391.85,48783.7,Peshawar,Credit Card
ORD00639,CUST1636,Fatima Ahmed,2026-07-16,Jacket,Clothing,1,5155.63,5155.63,Karachi,JazzCash
ORD00640,CUST1970,Huzaifa Ali,2025-05-19,Lipstick,Beauty,3,3208.39,9625.17,Rawalpindi,JazzCash
ORD00641,CUST0294,Fatima Ahmed,2025-09-06,Cereal,Grocery,4,1028.46,4113.84,Peshawar,Debit Card
ORD00642,CUST1497,Maham Raza,2026-03-10,Yoga Mat,Sports,7,1447.97,10135.79,Rawalpindi,Debit Card
ORD00643,CUST1433,Danish Ahmed,2025-06-23,Dinner Set,Home & Kitchen,5,14486.56,72432.8,Quetta,EasyPaisa
ORD00644,CUST1532,Bilal Ahmed,2025-07-24,Shoes,Clothing,4,3987.31,15949.24,Karachi,Cash
ORD00645,CUST0057,Zainab Ali,2025-10-22,Football,Sports,3,3079.81,9239.43,Karachi,Debit Card
ORD00646,CUST0868,Omar Farooq,2026-07-05,Sugar,Grocery,4,155.69,622.76,Gujranwala,EasyPaisa
ORD00647,CUST1543,Abdullah Raza,2025-01-19,Dinner Set,Home & Kitchen,3,11728.42,35185.26,Gujranwala,Cash
ORD00648,CUST1112,Ahmed Raza,2026-09-25,Microwave,Home & Kitchen,4,19923.52,79694.08,Quetta,Bank Transfer
ORD00649,CUST0442,Ali Khan,2026-01-04,Laptop,Electronics,5,139956.13,699780.65,Faisalabad,Bank Transfer
ORD00650,CUST1986,Danish Ahmed,2025-11-20,Cooking Oil,Grocery,2,1479.79,2959.58,Gujranwala,Cash
ORD00651,CUST0089,Ahmed Raza,2026-07-29,Jeans,Clothing,8,5754.23,46033.84,Rawalpindi,EasyPaisa
ORD00652,CUST1421,Maham Raza,2025-01-19,Air Fryer,Home & Kitchen,3,23268.46,69805.38,Multan,Bank Transfer
ORD00653,CUST1056,Hira Shah,2025-03-05,Microwave,Home & Kitchen,5,49871.82,249359.1,Lahore,EasyPaisa
ORD00654,CUST0360,Hira Shah,2025-05-21,Microwave,Home & Kitchen,7,22854.66,159982.62,Gujranwala,Bank Transfer
ORD00655,CUST1280,Danish Ahmed,2026-03-13,Face Wash,Beauty,3,1543.33,4629.99,Multan,JazzCash
ORD00656,CUST2218,Omar Farooq,2026-08-18,Face Wash,Beauty,3,1016.89,3050.67,Islamabad,Debit Card
ORD00657,CUST2314,Hassan Ali,2025-05-29,Yoga Mat,Sports,7,5547.81,38834.67,Multan,Cash
ORD00658,CUST1301,Bilal Ahmed,2025-07-08,Skin Cream,Beauty,2,4778.99,9557.98,Lahore,Debit Card
ORD00659,CUST0770,Hamza Shah,2025-06-05,Sugar,Grocery,5,225.84,1129.2,Islamabad,Credit Card
ORD00660,CUST2323,Danish Ahmed,2026-09-13,Mouse,Electronics,5,7898.88,39494.4,Rawalpindi,EasyPaisa
ORD00661,CUST1953,Bilal Ahmed,2025-03-23,Jeans,Clothing,6,6967.96,41807.76,Gujranwala,EasyPaisa
ORD00662,CUST2013,Talha Malik,2026-02-01,Cereal,Grocery,3,1114.53,3343.59,Islamabad,Credit Card
ORD00663,CUST1692,Ayesha Khan,2025-10-04,Jeans,Clothing,1,2709.49,2709.49,Rawalpindi,Credit Card
ORD00664,CUST2007,Zainab Ali,2026-09-24,Smartphone,Electronics,8,168701.0,1349608.0,Quetta,Credit Card
ORD00665,CUST1615,Danish Ahmed,2025-11-17,Sugar,Grocery,7,344.05,2408.35,Sialkot,EasyPaisa
ORD00666,CUST0448,Maryam Ahmed,2026-06-18,Skin Cream,Beauty,1,3457.99,3457.99,Quetta,Cash
ORD00667,CUST1587,Saad Khan,2026-07-26,Hoodie,Clothing,1,6534.02,6534.02,Lahore,Credit Card
ORD00668,CUST1890,Hassan Ali,2025-10-20,Coffee Maker,Home & Kitchen,5,16154.92,80774.6,Peshawar,Debit Card
ORD00669,CUST1851,Usman Malik,2026-04-20,Perfume,Beauty,3,14574.18,43722.54,Gujranwala,Cash
ORD00670,CUST1694,Zainab Ali,2026-02-07,Hoodie,Clothing,3,9533.82,28601.46,Quetta,Cash
ORD00671,CUST0370,Fatima Ahmed,2026-04-11,Shoes,Clothing,4,15986.94,63947.76,Multan,Bank Transfer
ORD00672,CUST0468,Maryam Ahmed,2025-04-04,Cricket Bat,Sports,2,18804.24,37608.48,Multan,Cash
ORD00673,CUST2255,Hira Shah,2026-01-23,Lipstick,Beauty,3,3044.06,9132.18,Lahore,Credit Card
ORD00674,CUST0593,Hassan Ali,2025-06-16,Dinner Set,Home & Kitchen,3,17940.89,53822.67,Lahore,JazzCash
ORD00675,CUST0741,Hamza Shah,2025-10-23,Air Fryer,Home & Kitchen,8,28793.72,230349.76,Islamabad,Credit Card
ORD00676,CUST2039,Talha Malik,2026-04-15,Smart Watch,Electronics,1,35615.83,35615.83,Gujranwala,Cash
ORD00677,CUST1680,Maryam Ahmed,2026-04-10,Lipstick,Beauty,8,1332.57,10660.56,Karachi,EasyPaisa
ORD00678,CUST2284,Omar Farooq,2026-09-27,Perfume,Beauty,5,6782.48,33912.4,Lahore,Credit Card
ORD00679,CUST0133,Abdullah Raza,2025-05-29,T-Shirt,Clothing,1,3682.45,3682.45,Sialkot,Debit Card
ORD00680,CUST0661,Sana Malik,2025-07-02,Blender,Home & Kitchen,7,5637.41,39461.87,Sialkot,Bank Transfer
ORD00681,CUST2372,Maham Raza,2026-04-12,Yoga Mat,Sports,3,3861.41,11584.23,Lahore,Cash
ORD00682,CUST1751,Huzaifa Ali,2025-03-11,Air Fryer,Home & Kitchen,7,20477.1,143339.7,Karachi,Debit Card
ORD00683,CUST2159,Sara Khan,2025-12-04,Cooking Oil,Grocery,5,622.02,3110.1,Gujranwala,Credit Card
ORD00684,CUST2167,Usman Malik,2026-08-09,Cricket Bat,Sports,2,16465.18,32930.36,Quetta,Bank Transfer
ORD00685,CUST2494,Zainab Ali,2026-03-14,Yoga Mat,Sports,5,5669.46,28347.3,Faisalabad,EasyPaisa
ORD00686,CUST2305,Talha Malik,2026-09-22,Skin Cream,Beauty,3,2221.57,6664.71,Gujranwala,Bank Transfer
ORD00687,CUST0954,Sana Malik,2026-09-17,Running Shoes,Sports,3,14342.59,43027.77,Rawalpindi,Cash
ORD00688,CUST1699,Sara Khan,2025-08-01,Laptop,Electronics,2,153679.41,307358.82,Lahore,Debit Card
ORD00689,CUST0825,Sana Malik,2025-01-12,Dinner Set,Home & Kitchen,4,16896.7,67586.8,Faisalabad,Cash
ORD00690,CUST0467,Zainab Ali,2025-01-07,Air Fryer,Home & Kitchen,6,23653.86,141923.16,Multan,JazzCash
ORD00691,CUST0795,Zainab Ali,2025-06-29,Yoga Mat,Sports,1,4079.97,4079.97,Multan,Bank Transfer
ORD00692,CUST0637,Maryam Ahmed,2026-05-09,Sugar,Grocery,3,349.31,1047.93,Gujranwala,Debit Card
ORD00693,CUST1227,Abdullah Raza,2026-06-18,Sugar,Grocery,1,381.95,381.95,Multan,EasyPaisa
ORD00694,CUST0272,Bilal Ahmed,2025-12-29,Perfume,Beauty,6,6144.59,36867.54,Faisalabad,Cash
ORD00695,CUST2481,Hira Shah,2026-08-08,Coffee Maker,Home & Kitchen,3,21409.75,64229.25,Islamabad,EasyPaisa
ORD00696,CUST0130,Fatima Ahmed,2025-11-19,Mouse,Electronics,5,6432.88,32164.4,Peshawar,Cash
ORD00697,CUST2151,Sana Malik,2025-08-10,Cooking Oil,Grocery,5,871.58,4357.9,Islamabad,Cash
ORD00698,CUST2073,Ali Khan,2026-03-31,Blender,Home & Kitchen,2,15111.28,30222.56,Quetta,EasyPaisa
ORD00699,CUST1272,Zainab Ali,2026-06-21,Jeans,Clothing,8,4710.75,37686.0,Islamabad,Cash
ORD00700,CUST1588,Saad Khan,2026-04-16,Face Wash,Beauty,1,1012.97,1012.97,Karachi,Cash
ORD00701,CUST1913,Ahmed Raza,2025-12-08,Blender,Home & Kitchen,2,13931.68,27863.36,Karachi,EasyPaisa
ORD00702,CUST1315,Omar Farooq,2025-08-03,Cricket Ball,Sports,5,544.96,2724.8,Rawalpindi,Debit Card
ORD00703,CUST1117,Bilal Ahmed,2025-05-01,Dinner Set,Home & Kitchen,8,9106.4,72851.2,Islamabad,Debit Card
ORD00704,CUST2223,Maham Raza,2025-07-31,Laptop,Electronics,2,242493.65,484987.3,Gujranwala,Debit Card
ORD00705,CUST1003,Hassan Ali,2026-08-11,Microwave,Home & Kitchen,5,48184.89,240924.45,Karachi,Debit Card
ORD00706,CUST0119,Talha Malik,2025-05-14,Shampoo,Beauty,1,2167.67,2167.67,Lahore,Cash
ORD00707,CUST2442,Abdullah Raza,2025-07-03,Rice,Grocery,7,297.37,2081.59,Quetta,EasyPaisa
ORD00708,CUST0322,Maryam Ahmed,2026-07-01,Air Fryer,Home & Kitchen,4,19643.64,78574.56,Sialkot,Credit Card
ORD00709,CUST1867,Sana Malik,2025-04-10,Mouse,Electronics,8,6576.92,52615.36,Quetta,JazzCash
ORD00710,CUST1606,Hassan Ali,2026-01-08,Jeans,Clothing,5,3434.19,17170.95,Multan,Debit Card
ORD00711,CUST1440,Talha Malik,2025-04-26,Sugar,Grocery,8,157.57,1260.56,Quetta,Credit Card
ORD00712,CUST0422,Hira Shah,2026-06-05,Air Fryer,Home & Kitchen,3,25902.13,77706.39,Karachi,Debit Card
ORD00713,CUST2419,Sara Khan,2026-02-15,Perfume,Beauty,8,16367.54,130940.32,Rawalpindi,EasyPaisa
ORD00714,CUST0271,Zainab Ali,2026-01-29,Hoodie,Clothing,8,3692.65,29541.2,Rawalpindi,Bank Transfer
ORD00715,CUST1402,Huzaifa Ali,2026-08-04,Lipstick,Beauty,7,3245.1,22715.7,Rawalpindi,Credit Card
ORD00716,CUST2426,Danish Ahmed,2025-04-28,Football,Sports,8,6305.89,50447.12,Quetta,Debit Card
ORD00717,CUST1663,Usman Malik,2025-11-12,Perfume,Beauty,3,16885.4,50656.2,Sialkot,Cash
ORD00718,CUST2025,Ahmed Raza,2025-12-02,Yoga Mat,Sports,7,4856.72,33997.04,Karachi,Credit Card
ORD00719,CUST0612,Maryam Ahmed,2025-05-31,Hoodie,Clothing,1,9274.42,9274.42,Gujranwala,Debit Card
ORD00720,CUST1297,Sana Malik,2025-07-30,Biscuits,Grocery,4,194.48,777.92,Sialkot,Bank Transfer
ORD00721,CUST2387,Ali Khan,2025-04-02,Coffee Maker,Home & Kitchen,6,23509.2,141055.2,Sialkot,EasyPaisa
ORD00722,CUST2249,Ahmed Raza,2026-01-14,Cooking Oil,Grocery,1,1352.51,1352.51,Lahore,Bank Transfer
ORD00723,CUST0964,Sara Khan,2025-02-01,Shampoo,Beauty,5,918.13,4590.65,Sialkot,JazzCash
ORD00724,CUST1783,Huzaifa Ali,2026-01-26,Cricket Ball,Sports,7,1923.55,13464.85,Rawalpindi,Bank Transfer
ORD00725,CUST1709,Bilal Ahmed,2026-01-04,Shoes,Clothing,7,6059.52,42416.64,Faisalabad,Bank Transfer
ORD00726,CUST1994,Sara Khan,2025-05-28,Jeans,Clothing,1,2575.42,2575.42,Islamabad,Cash
ORD00727,CUST1862,Saad Khan,2025-07-04,Shoes,Clothing,7,21923.36,153463.52,Peshawar,EasyPaisa
ORD00728,CUST2477,Ali Khan,2026-03-11,Sugar,Grocery,3,238.83,716.49,Sialkot,JazzCash
ORD00729,CUST2238,Abdullah Raza,2026-02-25,Cricket Bat,Sports,5,18666.86,93334.3,Multan,Cash
ORD00730,CUST2377,Talha Malik,2025-04-26,Smart Watch,Electronics,6,24330.73,145984.38,Karachi,Credit Card
ORD00731,CUST2118,Usman Malik,2026-04-22,Yoga Mat,Sports,5,5917.9,29589.5,Gujranwala,EasyPaisa
ORD00732,CUST2375,Sana Malik,2026-07-07,Smartphone,Electronics,2,98229.99,196459.98,Sialkot,Cash
ORD00733,CUST2100,Talha Malik,2026-04-10,Dinner Set,Home & Kitchen,8,16456.43,131651.44,Sialkot,Bank Transfer
ORD00734,CUST0687,Ahmed Raza,2025-10-24,Coffee Maker,Home & Kitchen,5,15117.03,75585.15,Sialkot,Bank Transfer
ORD00735,CUST1939,Abdullah Raza,2025-03-04,Vacuum Cleaner,Home & Kitchen,5,50325.97,251629.85,Islamabad,EasyPaisa
ORD00736,CUST1986,Usman Malik,2025-10-21,Keyboard,Electronics,1,11898.83,11898.83,Islamabad,EasyPaisa
ORD00737,CUST1151,Fatima Ahmed,2025-05-16,Mouse,Electronics,5,6443.09,32215.45,Faisalabad,Cash
ORD00738,CUST1515,Hassan Ali,2026-04-03,Football,Sports,3,5424.84,16274.52,Faisalabad,Bank Transfer
ORD00739,CUST0346,Bilal Ahmed,2025-12-18,Shoes,Clothing,1,6977.8,6977.8,Sialkot,Credit Card
ORD00740,CUST0686,Omar Farooq,2026-03-27,Sugar,Grocery,4,342.59,1370.36,Sialkot,Bank Transfer
ORD00741,CUST0687,Maryam Ahmed,2025-02-23,Blender,Home & Kitchen,2,13349.39,26698.78,Peshawar,JazzCash
ORD00742,CUST1598,Talha Malik,2026-01-24,Coffee Maker,Home & Kitchen,4,24161.46,96645.84,Faisalabad,Credit Card
ORD00743,CUST1294,Saad Khan,2026-01-27,Lipstick,Beauty,8,541.52,4332.16,Lahore,Cash
ORD00744,CUST1117,Zainab Ali,2026-09-18,Shampoo,Beauty,7,3372.93,23610.51,Faisalabad,Debit Card
ORD00745,CUST0991,Abdullah Raza,2026-04-18,Tablet,Electronics,7,85434.33,598040.31,Rawalpindi,EasyPaisa
ORD00746,CUST2244,Ali Khan,2025-11-17,Vacuum Cleaner,Home & Kitchen,3,46062.52,138187.56,Lahore,Cash
ORD00747,CUST1440,Ayesha Khan,2026-04-02,Headphones,Electronics,2,5186.72,10373.44,Faisalabad,Debit Card
ORD00748,CUST2434,Omar Farooq,2025-02-28,T-Shirt,Clothing,2,1290.06,2580.12,Sialkot,Bank Transfer
ORD00749,CUST0533,Hira Shah,2026-09-12,Keyboard,Electronics,2,11556.85,23113.7,Sialkot,Credit Card
ORD00750,CUST0311,Maryam Ahmed,2026-04-24,Keyboard,Electronics,5,3434.76,17173.8,Faisalabad,JazzCash
ORD00751,CUST0256,Hira Shah,2025-10-11,Cricket Ball,Sports,2,1014.67,2029.34,Peshawar,Debit Card
ORD00752,CUST1805,Usman Malik,2025-07-02,Tablet,Electronics,5,115560.57,577802.85,Quetta,Credit Card
ORD00753,CUST0590,Huzaifa Ali,2025-04-22,Lipstick,Beauty,8,1124.55,8996.4,Peshawar,Credit Card
ORD00754,CUST0143,Usman Malik,2025-04-16,Perfume,Beauty,5,18470.66,92353.3,Karachi,EasyPaisa
ORD00755,CUST0610,Ali Khan,2026-05-25,Cricket Ball,Sports,1,2054.47,2054.47,Lahore,Bank Transfer
ORD00756,CUST2354,Ali Khan,2026-02-05,Tea,Grocery,6,436.45,2618.7,Gujranwala,Bank Transfer
ORD00757,CUST0926,Ali Khan,2026-07-08,Sugar,Grocery,2,259.01,518.02,Peshawar,Bank Transfer
ORD00758,CUST1241,Hira Shah,2025-12-08,Rice,Grocery,6,561.98,3371.88,Lahore,Bank Transfer
ORD00759,CUST1883,Sana Malik,2025-03-24,Football,Sports,6,3874.81,23248.86,Rawalpindi,Credit Card
ORD00760,CUST1598,Hamza Shah,2025-11-03,Perfume,Beauty,4,19431.48,77725.92,Multan,JazzCash
ORD00761,CUST0147,Omar Farooq,2025-05-24,Keyboard,Electronics,4,6098.83,24395.32,Lahore,Bank Transfer
ORD00762,CUST1261,Talha Malik,2026-07-08,Face Wash,Beauty,2,1723.08,3446.16,Gujranwala,JazzCash
ORD00763,CUST1661,Hamza Shah,2025-02-13,Laptop,Electronics,6,131071.32,786427.92,Rawalpindi,Bank Transfer
ORD00764,CUST0955,Usman Malik,2026-08-17,Yoga Mat,Sports,3,3291.85,9875.55,Lahore,Bank Transfer
ORD00765,CUST0188,Ayesha Khan,2026-09-26,Shoes,Clothing,8,17384.29,139074.32,Islamabad,Cash
ORD00766,CUST0700,Abdullah Raza,2026-04-13,T-Shirt,Clothing,2,4637.72,9275.44,Karachi,Cash
ORD00767,CUST0831,Sara Khan,2025-03-06,Headphones,Electronics,4,18861.88,75447.52,Multan,Bank Transfer
ORD00768,CUST0874,Ahmed Raza,2025-11-26,Running Shoes,Sports,3,10808.93,32426.79,Sialkot,Credit Card
ORD00769,CUST0689,Maham Raza,2026-03-02,Blender,Home & Kitchen,3,6569.69,19709.07,Gujranwala,Credit Card
ORD00770,CUST0410,Danish Ahmed,2025-05-17,Cooking Oil,Grocery,1,1425.68,1425.68,Peshawar,Credit Card
ORD00771,CUST0366,Abdullah Raza,2025-07-03,Headphones,Electronics,1,4719.87,4719.87,Faisalabad,JazzCash
ORD00772,CUST1110,Saad Khan,2025-05-27,Running Shoes,Sports,4,18539.52,74158.08,Quetta,JazzCash
ORD00773,CUST0738,Talha Malik,2026-09-03,Jeans,Clothing,1,6468.5,6468.5,Sialkot,Cash
ORD00774,CUST0966,Omar Farooq,2026-07-26,Cricket Ball,Sports,1,1195.71,1195.71,Karachi,EasyPaisa
ORD00775,CUST0853,Fatima Ahmed,2026-04-21,Smart Watch,Electronics,4,19476.05,77904.2,Lahore,Credit Card
ORD00776,CUST0723,Hassan Ali,2026-05-25,Mouse,Electronics,8,1874.37,14994.96,Lahore,Cash
ORD00777,CUST1370,Danish Ahmed,2025-09-15,Cricket Ball,Sports,7,1070.13,7490.91,Quetta,Cash
ORD00778,CUST0120,Talha Malik,2025-06-11,Keyboard,Electronics,3,2050.79,6152.37,Gujranwala,Cash
ORD00779,CUST0815,Zainab Ali,2026-03-06,Smartphone,Electronics,6,136817.48,820904.88,Rawalpindi,Cash
ORD00780,CUST1539,Ayesha Khan,2025-07-24,Microwave,Home & Kitchen,7,21138.05,147966.35,Karachi,JazzCash
ORD00781,CUST0886,Danish Ahmed,2025-05-29,Lipstick,Beauty,7,690.19,4831.33,Quetta,Credit Card
ORD00782,CUST1105,Omar Farooq,2026-01-03,Tea,Grocery,4,422.76,1691.04,Multan,Credit Card
ORD00783,CUST0456,Maryam Ahmed,2025-05-20,Keyboard,Electronics,5,7470.99,37354.95,Quetta,JazzCash
ORD00784,CUST0643,Danish Ahmed,2026-09-11,Jacket,Clothing,5,7077.95,35389.75,Islamabad,EasyPaisa
ORD00785,CUST2424,Talha Malik,2025-08-10,Face Wash,Beauty,8,716.19,5729.52,Quetta,Debit Card
ORD00786,CUST1341,Sara Khan,2025-09-11,Keyboard,Electronics,4,5995.16,23980.64,Sialkot,Credit Card
ORD00787,CUST0182,Ahmed Raza,2026-03-04,Face Wash,Beauty,1,2784.39,2784.39,Quetta,Bank Transfer
ORD00788,CUST0402,Maryam Ahmed,2026-05-06,Perfume,Beauty,7,9949.71,69647.97,Quetta,Credit Card
ORD00789,CUST0544,Maham Raza,2025-08-12,Smart Watch,Electronics,7,35123.15,245862.05,Faisalabad,Credit Card
ORD00790,CUST1882,Abdullah Raza,2025-06-15,Football,Sports,5,1603.55,8017.75,Sialkot,Cash
ORD00791,CUST1518,Maryam Ahmed,2025-07-09,Sugar,Grocery,7,342.96,2400.72,Lahore,Bank Transfer
ORD00792,CUST0134,Sana Malik,2026-06-28,Headphones,Electronics,6,27069.45,162416.7,Peshawar,Debit Card
ORD00793,CUST1376,Ahmed Raza,2025-03-24,Yoga Mat,Sports,4,3712.18,14848.72,Gujranwala,Bank Transfer
ORD00794,CUST0168,Maham Raza,2026-04-22,Blender,Home & Kitchen,6,6442.57,38655.42,Multan,Credit Card
ORD00795,CUST1372,Ayesha Khan,2025-05-22,Yoga Mat,Sports,4,4524.37,18097.48,Gujranwala,Cash
ORD00796,CUST1313,Maham Raza,2025-08-19,Running Shoes,Sports,4,19484.98,77939.92,Faisalabad,EasyPaisa
ORD00797,CUST1415,Maryam Ahmed,2026-01-17,Running Shoes,Sports,2,9820.05,19640.1,Quetta,EasyPaisa
ORD00798,CUST1508,Usman Malik,2026-04-08,Perfume,Beauty,5,10727.87,53639.35,Rawalpindi,JazzCash
ORD00799,CUST0316,Hamza Shah,2025-10-23,Laptop,Electronics,3,140322.85,420968.55,Islamabad,Debit Card
ORD00800,CUST2133,Ali Khan,2025-07-29,Keyboard,Electronics,3,3053.52,9160.56,Faisalabad,JazzCash
ORD00801,CUST1721,Maryam Ahmed,2025-12-22,Yoga Mat,Sports,8,5658.61,45268.88,Lahore,Debit Card
ORD00802,CUST1376,Sara Khan,2026-06-17,T-Shirt,Clothing,4,1283.74,5134.96,Sialkot,Debit Card
ORD00803,CUST1246,Abdullah Raza,2026-04-14,Cricket Ball,Sports,8,1472.3,11778.4,Islamabad,Debit Card
ORD00804,CUST0194,Bilal Ahmed,2025-10-23,Jacket,Clothing,6,7174.95,43049.7,Multan,Debit Card
ORD00805,CUST1169,Hassan Ali,2026-07-03,Cooking Oil,Grocery,3,1118.63,3355.89,Islamabad,Bank Transfer
ORD00806,CUST1297,Abdullah Raza,2025-02-12,Cricket Bat,Sports,2,6547.6,13095.2,Islamabad,JazzCash
ORD00807,CUST1409,Bilal Ahmed,2025-11-21,Air Fryer,Home & Kitchen,1,16243.42,16243.42,Multan,JazzCash
ORD00808,CUST1658,Talha Malik,2025-01-26,Face Wash,Beauty,2,1834.11,3668.22,Islamabad,JazzCash
ORD00809,CUST1942,Sana Malik,2025-10-30,Microwave,Home & Kitchen,6,18137.42,108824.52,Sialkot,Bank Transfer
ORD00810,CUST0461,Talha Malik,2025-12-13,Hoodie,Clothing,8,7964.08,63712.64,Lahore,Credit Card
ORD00811,CUST0903,Maryam Ahmed,2026-02-16,Yoga Mat,Sports,1,1584.38,1584.38,Multan,Cash
ORD00812,CUST2157,Ayesha Khan,2026-08-21,Blender,Home & Kitchen,4,12905.97,51623.88,Faisalabad,Credit Card
ORD00813,CUST2097,Hira Shah,2025-03-31,Laptop,Electronics,8,166914.21,1335313.68,Rawalpindi,JazzCash
ORD00814,CUST1629,Bilal Ahmed,2026-01-05,Dinner Set,Home & Kitchen,1,13681.25,13681.25,Peshawar,Debit Card
ORD00815,CUST1262,Maryam Ahmed,2025-12-26,Tea,Grocery,6,310.97,1865.82,Gujranwala,Cash
ORD00816,CUST1183,Hassan Ali,2026-03-30,Shoes,Clothing,7,19313.61,135195.27,Peshawar,Bank Transfer
ORD00817,CUST0852,Sana Malik,2025-05-28,Cooking Oil,Grocery,2,1335.51,2671.02,Quetta,EasyPaisa
ORD00818,CUST0028,Sara Khan,2025-04-01,Blender,Home & Kitchen,7,17130.99,119916.93,Faisalabad,JazzCash
ORD00819,CUST0762,Hira Shah,2025-07-24,Hoodie,Clothing,3,5965.9,17897.7,Faisalabad,EasyPaisa
ORD00820,CUST1245,Talha Malik,2026-08-23,Rice,Grocery,5,702.54,3512.7,Gujranwala,Bank Transfer
ORD00821,CUST1076,Sana Malik,2025-06-07,Cooking Oil,Grocery,1,526.84,526.84,Quetta,Cash
ORD00822,CUST0117,Hamza Shah,2025-09-08,Cricket Ball,Sports,8,1334.31,10674.48,Faisalabad,JazzCash
ORD00823,CUST1787,Fatima Ahmed,2026-08-03,Smart Watch,Electronics,8,34822.62,278580.96,Quetta,Bank Transfer
ORD00824,CUST0668,Abdullah Raza,2025-09-23,Tablet,Electronics,1,71252.59,71252.59,Lahore,Credit Card
ORD00825,CUST0669,Ahmed Raza,2026-01-01,Coffee Maker,Home & Kitchen,3,27201.3,81603.9,Faisalabad,Debit Card
ORD00826,CUST1188,Sana Malik,2025-02-19,Cereal,Grocery,6,1403.32,8419.92,Gujranwala,Bank Transfer
ORD00827,CUST2453,Hassan Ali,2025-04-07,Smart Watch,Electronics,3,12752.59,38257.77,Gujranwala,Debit Card
ORD00828,CUST0393,Huzaifa Ali,2026-01-07,Vacuum Cleaner,Home & Kitchen,5,50994.47,254972.35,Sialkot,Debit Card
ORD00829,CUST1987,Sara Khan,2026-01-17,T-Shirt,Clothing,5,1720.41,8602.05,Multan,Credit Card
ORD00830,CUST2289,Danish Ahmed,2025-07-12,Smartphone,Electronics,4,48956.01,195824.04,Gujranwala,EasyPaisa
ORD00831,CUST1887,Usman Malik,2026-03-04,Yoga Mat,Sports,2,4511.32,9022.64,Karachi,Credit Card
ORD00832,CUST1811,Danish Ahmed,2025-05-23,Headphones,Electronics,6,12075.77,72454.62,Gujranwala,Debit Card
ORD00833,CUST0528,Bilal Ahmed,2025-08-16,Jacket,Clothing,2,4402.63,8805.26,Rawalpindi,Debit Card
ORD00834,CUST0458,Usman Malik,2026-03-12,Jeans,Clothing,2,3346.42,6692.84,Lahore,JazzCash
ORD00835,CUST2430,Ahmed Raza,2026-06-10,Rice,Grocery,1,357.99,357.99,Quetta,Cash
ORD00836,CUST0508,Danish Ahmed,2025-04-09,Blender,Home & Kitchen,1,5861.22,5861.22,Rawalpindi,EasyPaisa
ORD00837,CUST0597,Fatima Ahmed,2025-04-03,Jeans,Clothing,1,6858.9,6858.9,Sialkot,Debit Card
ORD00838,CUST2336,Usman Malik,2026-06-02,Microwave,Home & Kitchen,4,45364.42,181457.68,Karachi,EasyPaisa
ORD00839,CUST0704,Huzaifa Ali,2025-10-16,Smart Watch,Electronics,4,13679.92,54719.68,Lahore,Bank Transfer
ORD00840,CUST2415,Hassan Ali,2026-01-11,Smartphone,Electronics,8,167673.96,1341391.68,Quetta,Bank Transfer
ORD00841,CUST0878,Saad Khan,2026-03-11,Smartphone,Electronics,7,154385.03,1080695.21,Rawalpindi,JazzCash
ORD00842,CUST0452,Saad Khan,2026-04-23,Mouse,Electronics,2,7889.21,15778.42,Islamabad,JazzCash
ORD00843,CUST1344,Talha Malik,2025-03-26,Vacuum Cleaner,Home & Kitchen,1,27972.21,27972.21,Karachi,JazzCash
ORD00844,CUST0926,Huzaifa Ali,2026-03-31,Coffee Maker,Home & Kitchen,5,20808.96,104044.8,Peshawar,Debit Card
ORD00845,CUST0735,Ali Khan,2026-01-12,Cooking Oil,Grocery,8,1356.77,10854.16,Quetta,Bank Transfer
ORD00846,CUST0588,Hira Shah,2025-05-03,Headphones,Electronics,2,14546.6,29093.2,Peshawar,Bank Transfer
ORD00847,CUST1490,Omar Farooq,2025-03-08,Perfume,Beauty,3,15475.06,46425.18,Multan,Credit Card
ORD00848,CUST1141,Abdullah Raza,2026-05-27,Lipstick,Beauty,7,929.67,6507.69,Sialkot,Debit Card
ORD00849,CUST2095,Fatima Ahmed,2026-05-12,Running Shoes,Sports,7,11478.04,80346.28,Islamabad,JazzCash
ORD00850,CUST0552,Ali Khan,2025-08-25,Laptop,Electronics,8,115124.17,920993.36,Karachi,Bank Transfer
ORD00851,CUST1568,Danish Ahmed,2025-07-03,Mouse,Electronics,1,1291.25,1291.25,Multan,Credit Card
ORD00852,CUST2017,Maryam Ahmed,2026-06-17,Dinner Set,Home & Kitchen,2,13971.72,27943.44,Rawalpindi,Debit Card
ORD00853,CUST1408,Huzaifa Ali,2026-07-10,Running Shoes,Sports,5,14295.26,71476.3,Gujranwala,Cash
ORD00854,CUST1844,Zainab Ali,2026-01-28,Headphones,Electronics,2,26703.46,53406.92,Peshawar,JazzCash
ORD00855,CUST2014,Sara Khan,2025-06-18,Rice,Grocery,5,268.07,1340.35,Islamabad,Debit Card
ORD00856,CUST2010,Huzaifa Ali,2026-08-06,Running Shoes,Sports,2,14236.55,28473.1,Gujranwala,EasyPaisa
ORD00857,CUST0229,Hira Shah,2026-06-03,Sugar,Grocery,3,290.56,871.68,Faisalabad,JazzCash
ORD00858,CUST1313,Ahmed Raza,2025-10-19,Lipstick,Beauty,6,2659.29,15955.74,Lahore,EasyPaisa
ORD00859,CUST0111,Zainab Ali,2026-08-21,Smartphone,Electronics,6,154724.79,928348.74,Peshawar,Cash
ORD00860,CUST0232,Ayesha Khan,2025-12-26,Tea,Grocery,7,1192.75,8349.25,Rawalpindi,Credit Card
ORD00861,CUST0469,Zainab Ali,2025-11-09,Cricket Ball,Sports,2,1685.06,3370.12,Islamabad,Cash
ORD00862,CUST2109,Sara Khan,2026-08-05,Shampoo,Beauty,7,708.4,4958.8,Faisalabad,Cash
ORD00863,CUST2337,Hira Shah,2026-01-22,Running Shoes,Sports,6,16347.77,98086.62,Multan,EasyPaisa
ORD00864,CUST2035,Saad Khan,2025-12-11,Mouse,Electronics,4,4316.18,17264.72,Multan,Credit Card
ORD00865,CUST2036,Usman Malik,2025-07-26,Shampoo,Beauty,7,1653.67,11575.69,Gujranwala,Credit Card
ORD00866,CUST0377,Abdullah Raza,2025-08-20,Air Fryer,Home & Kitchen,7,13093.22,91652.54,Karachi,EasyPaisa
ORD00867,CUST0860,Maham Raza,2026-03-14,Air Fryer,Home & Kitchen,8,13547.2,108377.6,Karachi,Bank Transfer
ORD00868,CUST1284,Omar Farooq,2026-07-07,Dinner Set,Home & Kitchen,7,16866.03,118062.21,Peshawar,JazzCash
ORD00869,CUST2115,Hassan Ali,2025-01-20,Dinner Set,Home & Kitchen,3,12245.91,36737.73,Sialkot,JazzCash
ORD00870,CUST0246,Saad Khan,2026-08-03,Shoes,Clothing,7,8894.59,62262.13,Rawalpindi,Debit Card
ORD00871,CUST1681,Zainab Ali,2026-03-22,Cooking Oil,Grocery,5,740.37,3701.85,Karachi,Bank Transfer
ORD00872,CUST1051,Danish Ahmed,2025-06-14,Shoes,Clothing,5,8872.56,44362.8,Rawalpindi,JazzCash
ORD00873,CUST1272,Maryam Ahmed,2025-09-09,T-Shirt,Clothing,1,1769.86,1769.86,Quetta,EasyPaisa
ORD00874,CUST0653,Fatima Ahmed,2025-07-26,Sugar,Grocery,1,311.73,311.73,Islamabad,Cash
ORD00875,CUST1991,Ali Khan,2025-02-13,Air Fryer,Home & Kitchen,3,27149.43,81448.29,Lahore,Cash
ORD00876,CUST1489,Usman Malik,2026-02-21,Dinner Set,Home & Kitchen,2,8767.67,17535.34,Peshawar,Bank Transfer
ORD00877,CUST2378,Saad Khan,2026-06-19,Jeans,Clothing,2,3227.56,6455.12,Faisalabad,JazzCash
ORD00878,CUST2394,Hira Shah,2025-12-04,Smartphone,Electronics,6,117972.3,707833.8,Rawalpindi,JazzCash
ORD00879,CUST1801,Sara Khan,2025-10-09,Jeans,Clothing,4,3194.29,12777.16,Faisalabad,EasyPaisa
ORD00880,CUST2236,Sara Khan,2025-11-21,Headphones,Electronics,2,17170.42,34340.84,Quetta,Bank Transfer
ORD00881,CUST1947,Maham Raza,2026-01-07,Jacket,Clothing,3,16312.07,48936.21,Faisalabad,Cash
ORD00882,CUST1037,Huzaifa Ali,2025-09-03,Yoga Mat,Sports,1,1174.05,1174.05,Peshawar,Debit Card
ORD00883,CUST0969,Maryam Ahmed,2026-07-02,Cricket Ball,Sports,2,2306.31,4612.62,Peshawar,Cash
ORD00884,CUST0862,Hassan Ali,2025-11-01,Tea,Grocery,4,570.8,2283.2,Quetta,Bank Transfer
ORD00885,CUST0329,Talha Malik,2025-10-08,Vacuum Cleaner,Home & Kitchen,1,33283.0,33283.0,Quetta,Bank Transfer
ORD00886,CUST1069,Saad Khan,2025-06-14,Tea,Grocery,2,945.65,1891.3,Karachi,Debit Card
ORD00887,CUST0113,Ahmed Raza,2026-04-10,Biscuits,Grocery,6,232.31,1393.86,Islamabad,Bank Transfer
ORD00888,CUST1252,Zainab Ali,2025-07-24,Cereal,Grocery,7,549.7,3847.9,Sialkot,Cash
ORD00889,CUST1681,Zainab Ali,2026-09-01,Smartphone,Electronics,3,63688.55,191065.65,Quetta,JazzCash
ORD00890,CUST0814,Usman Malik,2025-10-16,Cricket Bat,Sports,6,8734.96,52409.76,Peshawar,Debit Card
ORD00891,CUST0095,Huzaifa Ali,2025-01-22,Shoes,Clothing,4,22280.58,89122.32,Sialkot,Bank Transfer
ORD00892,CUST0692,Ahmed Raza,2025-09-26,T-Shirt,Clothing,4,4901.68,19606.72,Peshawar,EasyPaisa
ORD00893,CUST0697,Abdullah Raza,2026-01-12,Biscuits,Grocery,2,115.04,230.08,Karachi,Cash
ORD00894,CUST0486,Ayesha Khan,2026-05-22,Yoga Mat,Sports,8,3175.79,25406.32,Rawalpindi,Credit Card
ORD00895,CUST1767,Omar Farooq,2025-05-14,Air Fryer,Home & Kitchen,7,29168.19,204177.33,Sialkot,Credit Card
ORD00896,CUST1674,Bilal Ahmed,2025-07-04,Vacuum Cleaner,Home & Kitchen,7,45473.49,318314.43,Lahore,Debit Card
ORD00897,CUST2388,Maryam Ahmed,2026-01-14,Microwave,Home & Kitchen,4,37765.77,151063.08,Karachi,Cash
ORD00898,CUST1571,Sara Khan,2025-08-06,Cooking Oil,Grocery,7,1371.44,9600.08,Sialkot,Debit Card
ORD00899,CUST0962,Talha Malik,2025-12-07,Laptop,Electronics,1,170260.0,170260.0,Multan,EasyPaisa
ORD00900,CUST1039,Saad Khan,2025-01-06,Yoga Mat,Sports,1,4547.83,4547.83,Sialkot,JazzCash
ORD00901,CUST0169,Abdullah Raza,2026-07-27,Coffee Maker,Home & Kitchen,3,22439.03,67317.09,Islamabad,Debit Card
ORD00902,CUST0541,Usman Malik,2026-04-25,Hoodie,Clothing,6,6196.3,37177.8,Multan,Bank Transfer
ORD00903,CUST0181,Bilal Ahmed,2025-11-17,Lipstick,Beauty,2,996.29,1992.58,Quetta,Debit Card
ORD00904,CUST1081,Saad Khan,2025-09-27,Cricket Ball,Sports,5,2352.47,11762.35,Multan,JazzCash
ORD00905,CUST2277,Maryam Ahmed,2025-06-04,Jacket,Clothing,8,14316.17,114529.36,Lahore,Credit Card
ORD00906,CUST1066,Hassan Ali,2026-04-27,T-Shirt,Clothing,1,2073.47,2073.47,Quetta,JazzCash
ORD00907,CUST1988,Maryam Ahmed,2026-07-29,Headphones,Electronics,6,3621.77,21730.62,Quetta,Cash
ORD00908,CUST1164,Hassan Ali,2025-07-28,Cricket Bat,Sports,2,5720.39,11440.78,Islamabad,Bank Transfer
ORD00909,CUST0017,Saad Khan,2026-08-21,Shampoo,Beauty,4,2233.42,8933.68,Sialkot,Credit Card
ORD00910,CUST1347,Ali Khan,2025-04-07,Rice,Grocery,8,385.39,3083.12,Faisalabad,Bank Transfer
ORD00911,CUST0630,Ali Khan,2025-11-28,Football,Sports,2,4062.1,8124.2,Karachi,JazzCash
ORD00912,CUST0024,Zainab Ali,2026-09-01,Running Shoes,Sports,5,13535.17,67675.85,Lahore,Bank Transfer
ORD00913,CUST0200,Sana Malik,2025-08-05,Lipstick,Beauty,3,1637.2,4911.6,Multan,Cash
ORD00914,CUST1634,Fatima Ahmed,2025-04-05,Football,Sports,7,5056.52,35395.64,Islamabad,Credit Card
ORD00915,CUST1592,Hira Shah,2025-06-16,Rice,Grocery,4,261.28,1045.12,Faisalabad,Bank Transfer
ORD00916,CUST1271,Danish Ahmed,2026-03-19,Cricket Bat,Sports,8,5653.24,45225.92,Islamabad,Debit Card
ORD00917,CUST1825,Hira Shah,2026-05-17,Football,Sports,4,6908.34,27633.36,Quetta,Debit Card
ORD00918,CUST0764,Sara Khan,2026-01-13,Skin Cream,Beauty,7,2519.2,17634.4,Peshawar,Cash
ORD00919,CUST0636,Talha Malik,2025-08-18,Smart Watch,Electronics,8,18669.79,149358.32,Gujranwala,Bank Transfer
ORD00920,CUST0325,Talha Malik,2026-03-24,Yoga Mat,Sports,8,1419.85,11358.8,Faisalabad,Credit Card
ORD00921,CUST2329,Ahmed Raza,2025-10-30,Jacket,Clothing,7,15781.53,110470.71,Gujranwala,Cash
ORD00922,CUST0388,Maryam Ahmed,2026-02-27,Smart Watch,Electronics,7,9305.29,65137.03,Sialkot,Debit Card
ORD00923,CUST1896,Hassan Ali,2025-04-27,Air Fryer,Home & Kitchen,1,25468.06,25468.06,Islamabad,JazzCash
ORD00924,CUST2406,Maryam Ahmed,2025-11-18,Laptop,Electronics,5,144925.28,724626.4,Quetta,EasyPaisa
ORD00925,CUST0759,Usman Malik,2025-08-05,Air Fryer,Home & Kitchen,3,34234.55,102703.65,Sialkot,Debit Card
ORD00926,CUST1618,Hamza Shah,2025-01-06,Football,Sports,1,4319.69,4319.69,Lahore,Credit Card
ORD00927,CUST1994,Sana Malik,2026-09-09,Running Shoes,Sports,7,13663.42,95643.94,Sialkot,EasyPaisa
ORD00928,CUST0359,Bilal Ahmed,2025-11-06,Vacuum Cleaner,Home & Kitchen,7,45321.14,317247.98,Islamabad,Cash
ORD00929,CUST0858,Talha Malik,2025-01-28,T-Shirt,Clothing,4,4300.68,17202.72,Islamabad,Bank Transfer
ORD00930,CUST1233,Maryam Ahmed,2025-03-30,Shoes,Clothing,4,21525.97,86103.88,Islamabad,JazzCash
ORD00931,CUST1987,Talha Malik,2026-04-01,Rice,Grocery,3,314.05,942.15,Lahore,JazzCash
ORD00932,CUST1368,Ali Khan,2025-02-22,Face Wash,Beauty,7,1003.35,7023.45,Karachi,Bank Transfer
ORD00933,CUST2441,Huzaifa Ali,2026-08-16,Running Shoes,Sports,8,24569.23,196553.84,Faisalabad,Cash
ORD00934,CUST0249,Saad Khan,2025-08-26,Sugar,Grocery,8,271.53,2172.24,Lahore,JazzCash
ORD00935,CUST1939,Hamza Shah,2026-03-04,Shampoo,Beauty,5,2204.44,11022.2,Quetta,EasyPaisa
ORD00936,CUST0661,Sana Malik,2025-01-22,Cricket Ball,Sports,7,1396.65,9776.55,Rawalpindi,JazzCash
ORD00937,CUST1390,Danish Ahmed,2026-08-25,Coffee Maker,Home & Kitchen,4,12338.37,49353.48,Quetta,Credit Card
ORD00938,CUST1935,Hassan Ali,2026-01-04,Vacuum Cleaner,Home & Kitchen,7,47012.33,329086.31,Sialkot,Credit Card
ORD00939,CUST0710,Omar Farooq,2025-05-13,Vacuum Cleaner,Home & Kitchen,8,48716.44,389731.52,Islamabad,EasyPaisa
ORD00940,CUST0962,Omar Farooq,2025-11-07,Rice,Grocery,8,686.42,5491.36,Gujranwala,Cash
ORD00941,CUST0716,Saad Khan,2025-06-12,Tablet,Electronics,6,108090.61,648543.66,Lahore,Cash
ORD00942,CUST2302,Ayesha Khan,2025-05-04,Coffee Maker,Home & Kitchen,4,9621.29,38485.16,Quetta,Debit Card
ORD00943,CUST2112,Danish Ahmed,2025-06-04,Air Fryer,Home & Kitchen,5,29695.6,148478.0,Karachi,Bank Transfer
ORD00944,CUST2498,Hamza Shah,2025-04-19,Headphones,Electronics,2,24472.14,48944.28,Gujranwala,Cash
ORD00945,CUST1482,Hassan Ali,2025-07-30,Perfume,Beauty,2,5423.31,10846.62,Faisalabad,Bank Transfer
ORD00946,CUST1490,Zainab Ali,2025-06-07,Biscuits,Grocery,2,174.6,349.2,Islamabad,Cash
ORD00947,CUST1941,Zainab Ali,2025-09-09,Shoes,Clothing,1,24332.01,24332.01,Faisalabad,EasyPaisa
ORD00948,CUST1006,Bilal Ahmed,2026-01-05,T-Shirt,Clothing,7,2210.86,15476.02,Gujranwala,JazzCash
ORD00949,CUST1880,Saad Khan,2026-02-24,Jeans,Clothing,7,7711.5,53980.5,Multan,Cash
ORD00950,CUST1386,Zainab Ali,2025-03-28,Cooking Oil,Grocery,2,1270.15,2540.3,Peshawar,Credit Card
ORD00951,CUST2354,Ahmed Raza,2025-06-04,Rice,Grocery,1,466.3,466.3,Gujranwala,Debit Card
ORD00952,CUST1410,Ali Khan,2025-11-18,Sugar,Grocery,5,371.45,1857.25,Faisalabad,EasyPaisa
ORD00953,CUST2230,Danish Ahmed,2025-07-30,Face Wash,Beauty,8,2250.74,18005.92,Sialkot,Bank Transfer
ORD00954,CUST1236,Usman Malik,2025-07-22,Cereal,Grocery,7,779.78,5458.46,Lahore,EasyPaisa
ORD00955,CUST2216,Sana Malik,2026-06-17,Coffee Maker,Home & Kitchen,3,23677.27,71031.81,Rawalpindi,Cash
ORD00956,CUST0096,Ali Khan,2025-06-13,Skin Cream,Beauty,6,2042.69,12256.14,Gujranwala,EasyPaisa
ORD00957,CUST2070,Hamza Shah,2026-03-09,Microwave,Home & Kitchen,5,44631.33,223156.65,Lahore,Debit Card
ORD00958,CUST0511,Maryam Ahmed,2025-02-18,Vacuum Cleaner,Home & Kitchen,2,37837.47,75674.94,Faisalabad,EasyPaisa
ORD00959,CUST2317,Huzaifa Ali,2026-08-19,Football,Sports,4,4445.46,17781.84,Sialkot,Credit Card
ORD00960,CUST2129,Ayesha Khan,2026-01-22,Air Fryer,Home & Kitchen,3,18544.32,55632.96,Karachi,Debit Card
ORD00961,CUST0402,Bilal Ahmed,2026-04-11,Skin Cream,Beauty,6,1527.99,9167.94,Peshawar,JazzCash
ORD00962,CUST0880,Maryam Ahmed,2026-05-03,Laptop,Electronics,3,81194.86,243584.58,Karachi,Debit Card
ORD00963,CUST2394,Talha Malik,2025-09-28,Yoga Mat,Sports,7,3013.77,21096.39,Peshawar,JazzCash
ORD00964,CUST0592,Saad Khan,2025-06-16,Running Shoes,Sports,7,19366.06,135562.42,Islamabad,JazzCash
ORD00965,CUST1866,Talha Malik,2025-08-06,Running Shoes,Sports,2,6717.09,13434.18,Lahore,Bank Transfer
ORD00966,CUST1674,Hamza Shah,2026-09-09,Hoodie,Clothing,2,5269.99,10539.98,Karachi,Debit Card
ORD00967,CUST1522,Sana Malik,2025-05-01,Shampoo,Beauty,3,716.82,2150.46,Multan,Debit Card
ORD00968,CUST2416,Sara Khan,2025-05-26,Coffee Maker,Home & Kitchen,3,7643.49,22930.47,Lahore,Debit Card
ORD00969,CUST0502,Huzaifa Ali,2025-01-03,Microwave,Home & Kitchen,8,23858.47,190867.76,Multan,Cash
ORD00970,CUST1853,Zainab Ali,2026-08-03,Headphones,Electronics,5,15732.35,78661.75,Peshawar,JazzCash
ORD00971,CUST1888,Maryam Ahmed,2026-06-01,Yoga Mat,Sports,3,1664.05,4992.15,Quetta,Credit Card
ORD00972,CUST0954,Hira Shah,2026-02-01,Cricket Ball,Sports,7,678.63,4750.41,Multan,EasyPaisa
ORD00973,CUST0679,Ali Khan,2025-04-01,Keyboard,Electronics,5,10845.45,54227.25,Sialkot,Bank Transfer
ORD00974,CUST0349,Omar Farooq,2026-07-27,Cricket Ball,Sports,2,1622.09,3244.18,Sialkot,EasyPaisa
ORD00975,CUST2059,Ali Khan,2026-05-03,Perfume,Beauty,4,19252.62,77010.48,Karachi,Bank Transfer
ORD00976,CUST1005,Abdullah Raza,2025-07-30,Face Wash,Beauty,5,2905.94,14529.7,Quetta,Cash
ORD00977,CUST0096,Zainab Ali,2026-05-19,Skin Cream,Beauty,1,2077.85,2077.85,Peshawar,Credit Card
ORD00978,CUST1054,Usman Malik,2026-01-27,Rice,Grocery,6,722.81,4336.86,Karachi,Cash
ORD00979,CUST0368,Bilal Ahmed,2025-09-19,Face Wash,Beauty,3,1213.38,3640.14,Faisalabad,JazzCash
ORD00980,CUST0112,Ahmed Raza,2025-07-05,Cricket Bat,Sports,6,4296.1,25776.6,Faisalabad,JazzCash
ORD00981,CUST1539,Hamza Shah,2025-09-22,Tablet,Electronics,6,34246.06,205476.36,Lahore,Credit Card
ORD00982,CUST2067,Hira Shah,2026-06-05,Hoodie,Clothing,8,6895.22,55161.76,Karachi,Debit Card
ORD00983,CUST1984,Ali Khan,2025-03-09,Tablet,Electronics,7,66482.35,465376.45,Peshawar,Bank Transfer
ORD00984,CUST2273,Bilal Ahmed,2025-09-10,T-Shirt,Clothing,2,2222.81,4445.62,Faisalabad,EasyPaisa
ORD00985,CUST1530,Huzaifa Ali,2025-05-26,Sugar,Grocery,4,170.98,683.92,Islamabad,Credit Card
ORD00986,CUST0005,Maryam Ahmed,2025-02-12,Lipstick,Beauty,8,3864.73,30917.84,Sialkot,Debit Card
ORD00987,CUST2449,Fatima Ahmed,2025-10-07,Cricket Bat,Sports,8,3011.94,24095.52,Peshawar,Debit Card
ORD00988,CUST0662,Huzaifa Ali,2025-02-16,Cricket Bat,Sports,5,15873.5,79367.5,Sialkot,Cash
ORD00989,CUST2280,Fatima Ahmed,2025-05-24,Blender,Home & Kitchen,2,10138.96,20277.92,Peshawar,Credit Card
ORD00990,CUST1071,Maryam Ahmed,2025-12-17,Skin Cream,Beauty,6,4816.89,28901.34,Faisalabad,Credit Card
ORD00991,CUST1346,Ali Khan,2026-09-06,Cricket Ball,Sports,8,1183.26,9466.08,Islamabad,Bank Transfer
ORD00992,CUST1693,Huzaifa Ali,2025-06-27,Smart Watch,Electronics,1,24061.16,24061.16,Quetta,JazzCash
ORD00993,CUST0127,Maryam Ahmed,2026-07-06,Perfume,Beauty,2,16277.84,32555.68,Karachi,Debit Card
ORD00994,CUST0512,Maryam Ahmed,2025-01-09,Biscuits,Grocery,3,139.49,418.47,Multan,Credit Card
ORD00995,CUST1466,Omar Farooq,2025-10-15,Rice,Grocery,1,371.84,371.84,Karachi,EasyPaisa
ORD00996,CUST2023,Maham Raza,2025-08-28,Cricket Ball,Sports,4,2116.83,8467.32,Lahore,Debit Card
ORD00997,CUST0804,Hira Shah,2025-01-08,Cereal,Grocery,4,1177.66,4710.64,Karachi,Debit Card
ORD00998,CUST2470,Abdullah Raza,2026-08-03,Skin Cream,Beauty,4,2824.25,11297.0,Islamabad,Cash
ORD00999,CUST2335,Ayesha Khan,2025-09-23,Face Wash,Beauty,3,2364.93,7094.79,Gujranwala,Bank Transfer
ORD01000,CUST1036,Huzaifa Ali,2026-06-30,Microwave,Home & Kitchen,1,45125.35,45125.35,Quetta,Cash
ORD01001,CUST1772,Sara Khan,2025-11-27,Cereal,Grocery,1,1140.41,1140.41,Faisalabad,Cash
ORD01002,CUST0179,Ayesha Khan,2026-06-14,Yoga Mat,Sports,6,3332.93,19997.58,Lahore,Debit Card
ORD01003,CUST0798,Zainab Ali,2026-02-06,Biscuits,Grocery,1,162.22,162.22,Karachi,EasyPaisa
ORD01004,CUST1024,Omar Farooq,2025-03-18,Keyboard,Electronics,7,3869.09,27083.63,Islamabad,Debit Card
ORD01005,CUST1966,Sara Khan,2025-01-29,Blender,Home & Kitchen,2,13137.93,26275.86,Lahore,EasyPaisa
ORD01006,CUST1940,Ayesha Khan,2025-04-21,Cricket Ball,Sports,4,2181.02,8724.08,Multan,Cash
ORD01007,CUST1797,Hamza Shah,2026-09-07,Dinner Set,Home & Kitchen,2,16705.78,33411.56,Quetta,EasyPaisa
ORD01008,CUST1284,Usman Malik,2026-01-22,Laptop,Electronics,1,245414.6,245414.6,Islamabad,Cash
ORD01009,CUST0418,Ahmed Raza,2025-03-09,Rice,Grocery,7,415.81,2910.67,Gujranwala,Cash
ORD01010,CUST2456,Danish Ahmed,2025-08-27,Coffee Maker,Home & Kitchen,7,16238.71,113670.97,Lahore,JazzCash
ORD01011,CUST0107,Maryam Ahmed,2025-12-14,Sugar,Grocery,2,348.79,697.58,Gujranwala,Debit Card
ORD01012,CUST0277,Abdullah Raza,2026-09-02,Face Wash,Beauty,1,770.02,770.02,Rawalpindi,EasyPaisa
ORD01013,CUST1822,Hassan Ali,2026-05-08,Hoodie,Clothing,7,4422.15,30955.05,Rawalpindi,Credit Card
ORD01014,CUST1466,Sana Malik,2026-06-10,Laptop,Electronics,7,92982.54,650877.78,Sialkot,EasyPaisa
ORD01015,CUST1511,Ali Khan,2025-10-26,Jeans,Clothing,6,5551.9,33311.4,Gujranwala,EasyPaisa
ORD01016,CUST1409,Omar Farooq,2026-03-09,Cricket Bat,Sports,1,4260.99,4260.99,Rawalpindi,Bank Transfer
ORD01017,CUST2457,Zainab Ali,2026-04-24,T-Shirt,Clothing,8,2497.9,19983.2,Sialkot,EasyPaisa
ORD01018,CUST0430,Maryam Ahmed,2025-06-16,Dinner Set,Home & Kitchen,6,8794.11,52764.66,Lahore,JazzCash
ORD01019,CUST0874,Ayesha Khan,2026-04-23,T-Shirt,Clothing,4,3627.31,14509.24,Quetta,Bank Transfer
ORD01020,CUST0028,Maham Raza,2025-07-08,Vacuum Cleaner,Home & Kitchen,7,31916.03,223412.21,Lahore,Cash
ORD01021,CUST1804,Omar Farooq,2025-10-25,Blender,Home & Kitchen,3,12210.99,36632.97,Sialkot,Debit Card
ORD01022,CUST0897,Fatima Ahmed,2025-06-28,Laptop,Electronics,5,105842.12,529210.6,Islamabad,Debit Card
ORD01023,CUST1073,Hamza Shah,2025-06-30,Face Wash,Beauty,1,946.35,946.35,Lahore,Bank Transfer
ORD01024,CUST0862,Sana Malik,2025-12-13,Shoes,Clothing,2,17407.12,34814.24,Quetta,Credit Card
ORD01025,CUST0486,Bilal Ahmed,2025-03-08,Air Fryer,Home & Kitchen,7,27200.9,190406.3,Islamabad,Credit Card
ORD01026,CUST2456,Sara Khan,2025-11-22,Hoodie,Clothing,6,5336.47,32018.82,Rawalpindi,Cash
ORD01027,CUST1343,Ayesha Khan,2025-06-02,Skin Cream,Beauty,5,1513.14,7565.7,Lahore,Bank Transfer
ORD01028,CUST0334,Talha Malik,2025-08-03,Microwave,Home & Kitchen,8,45248.08,361984.64,Sialkot,Cash
ORD01029,CUST2126,Maryam Ahmed,2026-05-26,Hoodie,Clothing,6,5410.87,32465.22,Islamabad,Debit Card
ORD01030,CUST1941,Fatima Ahmed,2026-05-22,Cricket Ball,Sports,8,1550.95,12407.6,Sialkot,JazzCash
ORD01031,CUST0832,Maryam Ahmed,2025-08-13,Yoga Mat,Sports,4,4248.69,16994.76,Rawalpindi,JazzCash
ORD01032,CUST0644,Maham Raza,2026-08-09,Jacket,Clothing,7,9950.32,69652.24,Faisalabad,EasyPaisa
ORD01033,CUST2126,Maham Raza,2026-04-01,Smartphone,Electronics,5,141501.53,707507.65,Rawalpindi,EasyPaisa
ORD01034,CUST1848,Maryam Ahmed,2026-03-13,Headphones,Electronics,6,16587.21,99523.26,Peshawar,JazzCash
ORD01035,CUST0736,Maryam Ahmed,2025-01-26,Coffee Maker,Home & Kitchen,7,14291.47,100040.29,Rawalpindi,Debit Card
ORD01036,CUST2056,Saad Khan,2025-10-29,Football,Sports,2,3834.1,7668.2,Gujranwala,Bank Transfer
ORD01037,CUST0486,Usman Malik,2025-04-11,Mouse,Electronics,4,2790.26,11161.04,Multan,Cash
ORD01038,CUST1240,Fatima Ahmed,2025-09-14,Face Wash,Beauty,6,1334.39,8006.34,Rawalpindi,Bank Transfer
ORD01039,CUST1227,Sana Malik,2025-01-09,Face Wash,Beauty,5,2996.01,14980.05,Multan,JazzCash
ORD01040,CUST2100,Bilal Ahmed,2026-04-29,Biscuits,Grocery,1,239.45,239.45,Peshawar,Credit Card
ORD01041,CUST1396,Usman Malik,2026-04-18,Jeans,Clothing,8,5583.85,44670.8,Multan,Credit Card
ORD01042,CUST2288,Ali Khan,2026-04-06,Cereal,Grocery,8,859.46,6875.68,Multan,Credit Card
ORD01043,CUST1453,Zainab Ali,2026-05-27,Face Wash,Beauty,1,1263.93,1263.93,Rawalpindi,JazzCash
ORD01044,CUST2405,Ali Khan,2025-11-30,Cereal,Grocery,5,1227.89,6139.45,Sialkot,Cash
ORD01045,CUST2470,Danish Ahmed,2026-08-05,Jeans,Clothing,6,8852.08,53112.48,Sialkot,JazzCash
ORD01046,CUST1583,Omar Farooq,2026-07-02,Cooking Oil,Grocery,2,1448.69,2897.38,Quetta,Cash
ORD01047,CUST0703,Hamza Shah,2025-04-06,Dinner Set,Home & Kitchen,5,19391.01,96955.05,Gujranwala,Credit Card
ORD01048,CUST0765,Omar Farooq,2025-01-28,Mouse,Electronics,8,5760.98,46087.84,Karachi,JazzCash
ORD01049,CUST0236,Maham Raza,2026-04-11,Microwave,Home & Kitchen,2,25457.26,50914.52,Gujranwala,Cash
ORD01050,CUST0644,Hamza Shah,2026-02-05,Jacket,Clothing,7,16035.9,112251.3,Islamabad,EasyPaisa
ORD01051,CUST0533,Omar Farooq,2025-07-31,Sugar,Grocery,7,335.79,2350.53,Faisalabad,JazzCash
ORD01052,CUST0832,Saad Khan,2026-08-25,Running Shoes,Sports,5,7334.41,36672.05,Quetta,Debit Card
ORD01053,CUST1636,Danish Ahmed,2025-03-07,T-Shirt,Clothing,8,4966.12,39728.96,Rawalpindi,EasyPaisa
ORD01054,CUST2360,Ahmed Raza,2026-04-19,Dinner Set,Home & Kitchen,8,18067.83,144542.64,Karachi,Debit Card
ORD01055,CUST0718,Sara Khan,2026-02-05,Running Shoes,Sports,5,11282.42,56412.1,Rawalpindi,Credit Card
ORD01056,CUST0392,Hira Shah,2026-08-06,Lipstick,Beauty,3,2102.4,6307.2,Lahore,Credit Card
ORD01057,CUST0890,Talha Malik,2025-03-10,Jacket,Clothing,5,16355.78,81778.9,Peshawar,EasyPaisa
ORD01058,CUST1336,Sara Khan,2026-06-01,Tablet,Electronics,2,27653.36,55306.72,Quetta,Credit Card
ORD01059,CUST0300,Maryam Ahmed,2025-01-28,Microwave,Home & Kitchen,8,34194.07,273552.56,Peshawar,Debit Card
ORD01060,CUST0044,Fatima Ahmed,2025-02-08,Running Shoes,Sports,7,21971.24,153798.68,Karachi,Bank Transfer
ORD01061,CUST1890,Usman Malik,2026-05-12,Jacket,Clothing,8,13384.14,107073.12,Karachi,EasyPaisa
ORD01062,CUST1929,Fatima Ahmed,2025-05-24,Cricket Bat,Sports,8,18698.79,149590.32,Islamabad,Credit Card
ORD01063,CUST2190,Hira Shah,2025-05-08,Smart Watch,Electronics,5,9020.6,45103.0,Islamabad,Cash
ORD01064,CUST1467,Hassan Ali,2026-03-28,Football,Sports,3,5902.99,17708.97,Rawalpindi,Bank Transfer
ORD01065,CUST2142,Hamza Shah,2025-02-18,Keyboard,Electronics,8,7089.14,56713.12,Peshawar,Bank Transfer
ORD01066,CUST1546,Omar Farooq,2025-02-19,Coffee Maker,Home & Kitchen,1,8205.55,8205.55,Rawalpindi,Debit Card
ORD01067,CUST0060,Zainab Ali,2025-01-29,Jeans,Clothing,7,3094.01,21658.07,Rawalpindi,Bank Transfer
ORD01068,CUST0685,Ahmed Raza,2025-06-21,Football,Sports,2,2933.69,5867.38,Peshawar,EasyPaisa
ORD01069,CUST2219,Hira Shah,2025-08-01,Mouse,Electronics,4,3155.42,12621.68,Peshawar,Cash
ORD01070,CUST0062,Hira Shah,2025-06-27,Jeans,Clothing,6,3188.25,19129.5,Multan,Cash
ORD01071,CUST1512,Ahmed Raza,2025-10-13,Cooking Oil,Grocery,2,958.78,1917.56,Karachi,Credit Card
ORD01072,CUST2197,Abdullah Raza,2025-04-15,Tea,Grocery,8,990.79,7926.32,Islamabad,Debit Card
ORD01073,CUST1361,Hassan Ali,2025-05-17,Smart Watch,Electronics,7,17974.17,125819.19,Multan,Bank Transfer
ORD01074,CUST2094,Ayesha Khan,2026-01-27,Rice,Grocery,8,434.31,3474.48,Gujranwala,EasyPaisa
ORD01075,CUST0969,Sara Khan,2025-11-13,Football,Sports,2,3011.94,6023.88,Rawalpindi,EasyPaisa
ORD01076,CUST0828,Bilal Ahmed,2025-10-31,Laptop,Electronics,8,94759.99,758079.92,Peshawar,Credit Card
ORD01077,CUST0550,Fatima Ahmed,2025-12-03,Football,Sports,8,3047.42,24379.36,Multan,Bank Transfer
ORD01078,CUST0098,Ayesha Khan,2025-10-23,Smart Watch,Electronics,7,36671.19,256698.33,Multan,Debit Card
ORD01079,CUST2491,Hira Shah,2025-08-16,Jeans,Clothing,4,6005.53,24022.12,Gujranwala,Debit Card
ORD01080,CUST0287,Omar Farooq,2026-05-19,Shoes,Clothing,2,16855.22,33710.44,Lahore,Bank Transfer
ORD01081,CUST2249,Omar Farooq,2026-08-30,Jeans,Clothing,3,3316.15,9948.45,Rawalpindi,EasyPaisa
ORD01082,CUST0810,Ayesha Khan,2025-06-18,Headphones,Electronics,5,22437.2,112186.0,Peshawar,Credit Card
ORD01083,CUST1114,Talha Malik,2025-07-26,Face Wash,Beauty,8,1257.75,10062.0,Karachi,Debit Card
ORD01084,CUST2070,Danish Ahmed,2026-03-09,Sugar,Grocery,8,191.94,1535.52,Peshawar,Credit Card
ORD01085,CUST1230,Danish Ahmed,2025-03-27,Rice,Grocery,7,669.06,4683.42,Gujranwala,Credit Card
ORD01086,CUST1858,Sana Malik,2025-11-10,Face Wash,Beauty,8,1143.23,9145.84,Peshawar,EasyPaisa
ORD01087,CUST0802,Bilal Ahmed,2026-04-26,Lipstick,Beauty,3,751.79,2255.37,Rawalpindi,Cash
ORD01088,CUST1658,Sara Khan,2026-05-19,Mouse,Electronics,6,4405.04,26430.24,Peshawar,Bank Transfer
ORD01089,CUST0160,Hamza Shah,2026-02-23,Coffee Maker,Home & Kitchen,2,18259.68,36519.36,Peshawar,EasyPaisa
ORD01090,CUST2088,Talha Malik,2025-12-23,Jeans,Clothing,5,7459.18,37295.9,Multan,Bank Transfer
ORD01091,CUST0993,Talha Malik,2025-09-10,Keyboard,Electronics,7,5546.0,38822.0,Lahore,Debit Card
ORD01092,CUST2480,Maryam Ahmed,2025-09-25,Football,Sports,3,6033.56,18100.68,Islamabad,Debit Card
ORD01093,CUST0479,Usman Malik,2025-01-13,Hoodie,Clothing,3,6837.56,20512.68,Peshawar,JazzCash
ORD01094,CUST0774,Sara Khan,2026-06-15,Yoga Mat,Sports,2,5870.73,11741.46,Islamabad,JazzCash
ORD01095,CUST1262,Sara Khan,2026-08-24,Vacuum Cleaner,Home & Kitchen,7,28599.88,200199.16,Karachi,Cash
ORD01096,CUST1102,Omar Farooq,2025-05-27,Yoga Mat,Sports,6,4883.46,29300.76,Peshawar,Bank Transfer
ORD01097,CUST0397,Usman Malik,2025-01-02,Blender,Home & Kitchen,8,17831.33,142650.64,Peshawar,EasyPaisa
ORD01098,CUST0723,Maham Raza,2025-06-24,Cereal,Grocery,7,717.17,5020.19,Islamabad,Bank Transfer
ORD01099,CUST2323,Omar Farooq,2026-04-07,Jeans,Clothing,2,5662.06,11324.12,Islamabad,Credit Card
ORD01100,CUST1675,Maryam Ahmed,2025-09-23,Keyboard,Electronics,4,3418.66,13674.64,Sialkot,Cash
ORD01101,CUST0511,Fatima Ahmed,2026-01-22,Cricket Bat,Sports,2,4755.82,9511.64,Karachi,Debit Card
ORD01102,CUST0039,Ahmed Raza,2025-04-14,Smart Watch,Electronics,8,14391.21,115129.68,Faisalabad,Cash
ORD01103,CUST0865,Saad Khan,2025-04-10,Yoga Mat,Sports,1,4946.04,4946.04,Lahore,JazzCash
ORD01104,CUST1939,Zainab Ali,2026-05-13,Skin Cream,Beauty,5,4943.66,24718.3,Sialkot,JazzCash
ORD01105,CUST0982,Maham Raza,2025-11-19,Air Fryer,Home & Kitchen,6,27682.78,166096.68,Peshawar,JazzCash
ORD01106,CUST0013,Maryam Ahmed,2025-04-13,Perfume,Beauty,6,19567.84,117407.04,Peshawar,Bank Transfer
ORD01107,CUST1510,Maryam Ahmed,2025-09-12,T-Shirt,Clothing,5,3487.25,17436.25,Sialkot,Bank Transfer
ORD01108,CUST1320,Ali Khan,2025-01-04,Running Shoes,Sports,4,14813.19,59252.76,Multan,Cash
ORD01109,CUST1985,Hira Shah,2026-09-14,Cricket Ball,Sports,4,1855.86,7423.44,Sialkot,Cash
ORD01110,CUST1577,Sana Malik,2025-04-13,Coffee Maker,Home & Kitchen,8,28598.95,228791.6,Sialkot,Credit Card
ORD01111,CUST2040,Usman Malik,2025-05-11,Cricket Bat,Sports,1,22136.89,22136.89,Faisalabad,Bank Transfer
ORD01112,CUST1975,Huzaifa Ali,2025-04-29,Lipstick,Beauty,8,1088.18,8705.44,Rawalpindi,Credit Card
ORD01113,CUST1782,Ali Khan,2025-04-19,Jeans,Clothing,2,7396.14,14792.28,Islamabad,Debit Card
ORD01114,CUST0505,Bilal Ahmed,2026-05-03,Tea,Grocery,5,498.34,2491.7,Gujranwala,Bank Transfer
ORD01115,CUST2360,Danish Ahmed,2025-08-18,Running Shoes,Sports,6,5899.28,35395.68,Karachi,Bank Transfer
ORD01116,CUST1790,Ayesha Khan,2026-07-30,Coffee Maker,Home & Kitchen,7,27933.84,195536.88,Rawalpindi,Debit Card
ORD01117,CUST2426,Omar Farooq,2025-12-15,Tablet,Electronics,2,28768.03,57536.06,Karachi,EasyPaisa
ORD01118,CUST0007,Sana Malik,2026-08-14,Microwave,Home & Kitchen,7,45306.57,317145.99,Lahore,EasyPaisa
ORD01119,CUST1496,Bilal Ahmed,2025-11-24,Face Wash,Beauty,7,2617.8,18324.6,Gujranwala,Bank Transfer
ORD01120,CUST2205,Maryam Ahmed,2025-01-10,Skin Cream,Beauty,7,1655.21,11586.47,Multan,Credit Card
ORD01121,CUST2464,Sana Malik,2025-05-31,Microwave,Home & Kitchen,8,33994.65,271957.2,Islamabad,Bank Transfer
ORD01122,CUST0506,Fatima Ahmed,2026-05-30,Football,Sports,5,5392.72,26963.6,Sialkot,JazzCash
ORD01123,CUST1365,Bilal Ahmed,2025-03-02,Cricket Bat,Sports,7,13890.56,97233.92,Rawalpindi,Bank Transfer
ORD01124,CUST1605,Sana Malik,2026-05-15,T-Shirt,Clothing,3,4708.0,14124.0,Islamabad,Cash
ORD01125,CUST1604,Hira Shah,2025-12-23,Lipstick,Beauty,8,1680.94,13447.52,Karachi,EasyPaisa
ORD01126,CUST1613,Hamza Shah,2026-07-16,Cricket Ball,Sports,4,1064.73,4258.92,Islamabad,Debit Card
ORD01127,CUST0671,Abdullah Raza,2026-04-14,Perfume,Beauty,5,17371.67,86858.35,Islamabad,JazzCash
ORD01128,CUST0894,Omar Farooq,2025-08-03,Running Shoes,Sports,3,10112.71,30338.13,Lahore,Debit Card
ORD01129,CUST1750,Hassan Ali,2026-01-21,Yoga Mat,Sports,3,1509.74,4529.22,Lahore,Cash
ORD01130,CUST2112,Zainab Ali,2025-05-01,Coffee Maker,Home & Kitchen,1,11131.56,11131.56,Sialkot,JazzCash
ORD01131,CUST1625,Talha Malik,2025-09-04,Shoes,Clothing,2,8390.02,16780.04,Faisalabad,Bank Transfer
ORD01132,CUST1900,Hira Shah,2025-04-02,Face Wash,Beauty,7,2131.99,14923.93,Faisalabad,Bank Transfer
ORD01133,CUST0339,Hamza Shah,2025-04-30,Running Shoes,Sports,2,11713.78,23427.56,Quetta,Bank Transfer
ORD01134,CUST0388,Abdullah Raza,2025-10-08,Yoga Mat,Sports,8,2124.68,16997.44,Islamabad,JazzCash
ORD01135,CUST0513,Hamza Shah,2026-08-09,Cereal,Grocery,5,1173.01,5865.05,Multan,Cash
ORD01136,CUST2278,Huzaifa Ali,2026-02-08,Yoga Mat,Sports,1,1924.45,1924.45,Gujranwala,JazzCash
ORD01137,CUST0481,Hassan Ali,2025-08-01,Smart Watch,Electronics,2,38485.76,76971.52,Sialkot,Bank Transfer
ORD01138,CUST0161,Bilal Ahmed,2025-05-06,T-Shirt,Clothing,6,3307.94,19847.64,Sialkot,Credit Card
ORD01139,CUST0347,Hamza Shah,2025-02-05,Cricket Bat,Sports,5,4932.06,24660.3,Gujranwala,Debit Card
ORD01140,CUST1232,Ahmed Raza,2025-09-12,Dinner Set,Home & Kitchen,1,6745.65,6745.65,Gujranwala,Debit Card
ORD01141,CUST2141,Maham Raza,2025-11-17,Yoga Mat,Sports,8,3224.6,25796.8,Sialkot,EasyPaisa
ORD01142,CUST0151,Omar Farooq,2025-08-31,Face Wash,Beauty,1,2219.83,2219.83,Islamabad,Debit Card
ORD01143,CUST1471,Fatima Ahmed,2026-08-29,Jeans,Clothing,4,6413.94,25655.76,Islamabad,Bank Transfer
ORD01144,CUST1564,Hassan Ali,2025-09-24,Lipstick,Beauty,5,760.26,3801.3,Peshawar,JazzCash
ORD01145,CUST0835,Usman Malik,2026-07-03,Tablet,Electronics,3,87652.57,262957.71,Faisalabad,Bank Transfer
ORD01146,CUST0629,Zainab Ali,2026-03-06,Cricket Bat,Sports,3,18717.79,56153.37,Peshawar,JazzCash
ORD01147,CUST2177,Hamza Shah,2025-05-08,Smart Watch,Electronics,5,14899.91,74499.55,Gujranwala,JazzCash
ORD01148,CUST1120,Bilal Ahmed,2025-12-08,Tablet,Electronics,6,84017.75,504106.5,Rawalpindi,Debit Card
ORD01149,CUST0431,Hamza Shah,2026-01-23,Laptop,Electronics,4,137888.08,551552.32,Islamabad,EasyPaisa
ORD01150,CUST2167,Maham Raza,2025-04-08,Cricket Ball,Sports,8,1677.65,13421.2,Sialkot,Debit Card
ORD01151,CUST1303,Hira Shah,2025-06-24,Shampoo,Beauty,1,2361.65,2361.65,Islamabad,Debit Card
ORD01152,CUST2427,Bilal Ahmed,2026-05-04,Yoga Mat,Sports,7,3758.36,26308.52,Faisalabad,Cash
ORD01153,CUST1552,Abdullah Raza,2025-05-27,Yoga Mat,Sports,3,4566.11,13698.33,Faisalabad,Cash
ORD01154,CUST1714,Maryam Ahmed,2026-09-16,Cricket Ball,Sports,4,1915.0,7660.0,Islamabad,JazzCash
ORD01155,CUST2133,Ayesha Khan,2026-03-15,Coffee Maker,Home & Kitchen,5,18551.27,92756.35,Faisalabad,Bank Transfer
ORD01156,CUST0326,Usman Malik,2025-04-03,Tablet,Electronics,6,60651.48,363908.88,Rawalpindi,Cash
ORD01157,CUST2019,Ali Khan,2026-07-22,Hoodie,Clothing,5,2930.59,14652.95,Peshawar,Bank Transfer
ORD01158,CUST0057,Danish Ahmed,2026-02-20,Face Wash,Beauty,2,1699.14,3398.28,Rawalpindi,Bank Transfer
ORD01159,CUST2164,Danish Ahmed,2025-09-08,Keyboard,Electronics,6,5962.28,35773.68,Lahore,EasyPaisa
ORD01160,CUST0308,Maham Raza,2025-06-29,Cooking Oil,Grocery,4,1174.52,4698.08,Islamabad,EasyPaisa
ORD01161,CUST1529,Hamza Shah,2025-06-24,Blender,Home & Kitchen,7,10495.39,73467.73,Multan,Bank Transfer
ORD01162,CUST1226,Talha Malik,2025-10-25,Hoodie,Clothing,2,8880.83,17761.66,Faisalabad,Debit Card
ORD01163,CUST1249,Saad Khan,2025-08-11,T-Shirt,Clothing,7,4004.5,28031.5,Lahore,JazzCash
ORD01164,CUST1886,Zainab Ali,2026-09-23,Lipstick,Beauty,1,701.24,701.24,Faisalabad,Debit Card
ORD01165,CUST1453,Ali Khan,2026-02-16,Laptop,Electronics,3,132949.91,398849.73,Karachi,JazzCash
ORD01166,CUST0508,Talha Malik,2026-02-25,Cooking Oil,Grocery,3,584.74,1754.22,Lahore,Credit Card
ORD01167,CUST1226,Maham Raza,2026-01-19,Cricket Ball,Sports,7,952.19,6665.33,Peshawar,Credit Card
ORD01168,CUST0663,Bilal Ahmed,2026-03-26,Shampoo,Beauty,8,915.22,7321.76,Multan,Bank Transfer
ORD01169,CUST0777,Sana Malik,2025-04-24,Rice,Grocery,4,447.58,1790.32,Lahore,Credit Card
ORD01170,CUST0816,Talha Malik,2025-06-14,Sugar,Grocery,1,335.98,335.98,Faisalabad,Cash
ORD01171,CUST1638,Saad Khan,2025-11-29,Sugar,Grocery,3,287.53,862.59,Peshawar,Credit Card
ORD01172,CUST1410,Saad Khan,2025-06-09,Laptop,Electronics,3,212688.33,638064.99,Lahore,Bank Transfer
ORD01173,CUST2446,Ali Khan,2026-03-16,T-Shirt,Clothing,6,3777.58,22665.48,Peshawar,JazzCash
ORD01174,CUST0625,Saad Khan,2025-09-11,Air Fryer,Home & Kitchen,7,23176.37,162234.59,Islamabad,Credit Card
ORD01175,CUST0813,Talha Malik,2026-03-16,Blender,Home & Kitchen,4,16234.17,64936.68,Karachi,Bank Transfer
ORD01176,CUST0610,Ayesha Khan,2026-08-29,Yoga Mat,Sports,4,4055.5,16222.0,Karachi,Credit Card
ORD01177,CUST1747,Ali Khan,2025-05-30,Rice,Grocery,4,400.62,1602.48,Sialkot,Credit Card
ORD01178,CUST1256,Ayesha Khan,2026-06-22,Mouse,Electronics,7,1166.88,8168.16,Rawalpindi,Debit Card
ORD01179,CUST1247,Hamza Shah,2025-02-22,Sugar,Grocery,7,165.34,1157.38,Faisalabad,Debit Card
ORD01180,CUST0195,Hassan Ali,2025-11-24,Air Fryer,Home & Kitchen,4,28366.47,113465.88,Lahore,Cash
ORD01181,CUST1934,Fatima Ahmed,2025-10-20,Keyboard,Electronics,4,9319.92,37279.68,Sialkot,Cash
ORD01182,CUST1370,Sana Malik,2026-01-08,Cooking Oil,Grocery,8,752.26,6018.08,Karachi,Cash
ORD01183,CUST1477,Maham Raza,2025-12-06,Football,Sports,3,5939.25,17817.75,Sialkot,EasyPaisa
ORD01184,CUST2394,Hira Shah,2025-08-04,Shampoo,Beauty,5,1290.93,6454.65,Karachi,Cash
ORD01185,CUST1826,Hamza Shah,2025-07-17,Hoodie,Clothing,4,3402.66,13610.64,Karachi,EasyPaisa
ORD01186,CUST2186,Bilal Ahmed,2025-07-26,Shampoo,Beauty,8,1474.28,11794.24,Lahore,Credit Card
ORD01187,CUST1423,Maham Raza,2026-07-28,Shoes,Clothing,5,15110.91,75554.55,Quetta,Bank Transfer
ORD01188,CUST1717,Saad Khan,2026-05-10,Football,Sports,2,7420.52,14841.04,Gujranwala,Cash
ORD01189,CUST0187,Abdullah Raza,2025-10-24,Hoodie,Clothing,3,4556.11,13668.33,Lahore,Bank Transfer
ORD01190,CUST1794,Saad Khan,2025-06-19,Shoes,Clothing,2,13890.57,27781.14,Peshawar,EasyPaisa
ORD01191,CUST0015,Hassan Ali,2025-07-08,Sugar,Grocery,4,301.8,1207.2,Sialkot,Credit Card
ORD01192,CUST2151,Fatima Ahmed,2026-05-31,Perfume,Beauty,8,17885.21,143081.68,Faisalabad,Credit Card
ORD01193,CUST0918,Ahmed Raza,2025-06-25,Vacuum Cleaner,Home & Kitchen,2,27083.16,54166.32,Gujranwala,Credit Card
ORD01194,CUST1108,Ahmed Raza,2025-05-17,Blender,Home & Kitchen,5,13315.0,66575.0,Rawalpindi,Credit Card
ORD01195,CUST1512,Zainab Ali,2026-09-12,Perfume,Beauty,6,2524.5,15147.0,Karachi,Bank Transfer
ORD01196,CUST1208,Zainab Ali,2026-09-19,Shampoo,Beauty,7,2694.03,18858.21,Lahore,Bank Transfer
ORD01197,CUST1049,Ali Khan,2025-06-30,Mouse,Electronics,5,3359.48,16797.4,Gujranwala,Bank Transfer
ORD01198,CUST2476,Huzaifa Ali,2025-09-21,Perfume,Beauty,7,15145.54,106018.78,Rawalpindi,JazzCash
ORD01199,CUST1828,Ayesha Khan,2025-06-09,Jacket,Clothing,7,7763.11,54341.77,Peshawar,Debit Card
ORD01200,CUST0758,Hassan Ali,2026-04-16,Shoes,Clothing,3,5061.2,15183.6,Rawalpindi,EasyPaisa
ORD01201,CUST1271,Hassan Ali,2025-01-22,Cereal,Grocery,5,598.45,2992.25,Islamabad,JazzCash
ORD01202,CUST1747,Ayesha Khan,2025-03-15,Yoga Mat,Sports,3,1939.24,5817.72,Quetta,Bank Transfer
ORD01203,CUST2472,Hamza Shah,2025-01-13,Rice,Grocery,3,648.37,1945.11,Peshawar,JazzCash
ORD01204,CUST1018,Usman Malik,2025-05-16,Laptop,Electronics,1,218781.2,218781.2,Faisalabad,Credit Card
ORD01205,CUST2222,Zainab Ali,2025-04-19,Yoga Mat,Sports,1,1067.48,1067.48,Karachi,Credit Card
ORD01206,CUST1260,Zainab Ali,2025-06-17,Shoes,Clothing,8,19712.78,157702.24,Quetta,Credit Card
ORD01207,CUST0505,Ali Khan,2026-07-11,T-Shirt,Clothing,5,3265.4,16327.0,Lahore,Cash
ORD01208,CUST0005,Ayesha Khan,2025-05-26,Shampoo,Beauty,7,897.44,6282.08,Lahore,Credit Card
ORD01209,CUST1576,Hamza Shah,2025-08-20,Sugar,Grocery,5,186.84,934.2,Quetta,Credit Card
ORD01210,CUST0313,Danish Ahmed,2026-01-01,Smartphone,Electronics,5,40769.12,203845.6,Multan,Cash
ORD01211,CUST1756,Saad Khan,2025-07-02,Blender,Home & Kitchen,3,16642.62,49927.86,Multan,EasyPaisa
ORD01212,CUST1427,Hamza Shah,2025-10-21,Shoes,Clothing,5,6304.84,31524.2,Faisalabad,JazzCash
ORD01213,CUST0609,Bilal Ahmed,2025-01-03,Cricket Ball,Sports,2,2365.76,4731.52,Multan,Credit Card
ORD01214,CUST0464,Abdullah Raza,2025-03-10,Sugar,Grocery,8,330.34,2642.72,Peshawar,Bank Transfer
ORD01215,CUST1578,Maham Raza,2025-07-06,Microwave,Home & Kitchen,3,20894.3,62682.9,Multan,JazzCash
ORD01216,CUST1366,Bilal Ahmed,2026-09-09,Sugar,Grocery,7,323.36,2263.52,Rawalpindi,JazzCash
ORD01217,CUST2197,Ayesha Khan,2026-06-30,Biscuits,Grocery,8,174.28,1394.24,Peshawar,Cash
ORD01218,CUST0964,Maham Raza,2025-03-31,Lipstick,Beauty,4,2344.31,9377.24,Lahore,Credit Card
ORD01219,CUST0245,Maham Raza,2025-04-23,Tablet,Electronics,3,75837.45,227512.35,Multan,Credit Card
ORD01220,CUST0864,Ayesha Khan,2025-09-06,Coffee Maker,Home & Kitchen,7,10315.23,72206.61,Lahore,Bank Transfer
ORD01221,CUST0108,Sara Khan,2026-01-22,T-Shirt,Clothing,3,4855.8,14567.4,Multan,Cash
ORD01222,CUST2433,Hassan Ali,2026-05-04,Football,Sports,2,5807.86,11615.72,Lahore,Credit Card
ORD01223,CUST2332,Sara Khan,2025-01-13,Microwave,Home & Kitchen,2,20527.79,41055.58,Islamabad,Credit Card
ORD01224,CUST1686,Zainab Ali,2026-04-27,Cereal,Grocery,5,554.12,2770.6,Quetta,Bank Transfer
ORD01225,CUST0132,Danish Ahmed,2025-03-03,Football,Sports,3,3364.0,10092.0,Islamabad,EasyPaisa
ORD01226,CUST2270,Fatima Ahmed,2026-04-11,T-Shirt,Clothing,7,2706.28,18943.96,Sialkot,EasyPaisa
ORD01227,CUST0377,Saad Khan,2025-10-06,Vacuum Cleaner,Home & Kitchen,3,25229.17,75687.51,Peshawar,Credit Card
ORD01228,CUST1607,Hassan Ali,2025-08-13,Cricket Bat,Sports,1,11808.85,11808.85,Gujranwala,EasyPaisa
ORD01229,CUST1660,Hira Shah,2025-11-17,Mouse,Electronics,8,5785.47,46283.76,Islamabad,Cash
ORD01230,CUST0428,Usman Malik,2025-04-22,Vacuum Cleaner,Home & Kitchen,5,34089.99,170449.95,Multan,EasyPaisa
ORD01231,CUST0437,Usman Malik,2026-07-09,Blender,Home & Kitchen,3,8113.89,24341.67,Rawalpindi,EasyPaisa
ORD01232,CUST0827,Ahmed Raza,2026-07-19,Mouse,Electronics,4,7349.75,29399.0,Rawalpindi,Debit Card
ORD01233,CUST0197,Zainab Ali,2025-02-16,Smart Watch,Electronics,8,27591.87,220734.96,Karachi,Debit Card
ORD01234,CUST0799,Zainab Ali,2026-05-28,Tablet,Electronics,7,95167.94,666175.58,Peshawar,Bank Transfer
ORD01235,CUST1669,Saad Khan,2025-12-06,Microwave,Home & Kitchen,2,40485.02,80970.04,Karachi,EasyPaisa
ORD01236,CUST2402,Ahmed Raza,2026-05-04,T-Shirt,Clothing,7,3431.27,24018.89,Faisalabad,Credit Card
ORD01237,CUST0884,Bilal Ahmed,2025-08-26,Shoes,Clothing,2,4732.56,9465.12,Islamabad,EasyPaisa
ORD01238,CUST0538,Zainab Ali,2026-04-04,Skin Cream,Beauty,6,3501.0,21006.0,Faisalabad,Debit Card
ORD01239,CUST0856,Danish Ahmed,2025-09-02,Lipstick,Beauty,7,640.05,4480.35,Sialkot,Cash
ORD01240,CUST0062,Bilal Ahmed,2025-04-10,Hoodie,Clothing,8,7208.42,57667.36,Faisalabad,EasyPaisa
ORD01241,CUST1211,Hassan Ali,2025-06-23,Headphones,Electronics,6,5088.13,30528.78,Karachi,Debit Card
ORD01242,CUST1888,Fatima Ahmed,2025-07-03,Shampoo,Beauty,2,1624.77,3249.54,Quetta,Debit Card
ORD01243,CUST2000,Ahmed Raza,2026-08-06,Cereal,Grocery,2,1416.58,2833.16,Multan,Debit Card
ORD01244,CUST1503,Saad Khan,2026-03-28,Sugar,Grocery,3,364.25,1092.75,Sialkot,Debit Card
ORD01245,CUST0175,Danish Ahmed,2025-09-27,Blender,Home & Kitchen,8,13868.61,110948.88,Lahore,Bank Transfer
ORD01246,CUST1540,Hassan Ali,2025-10-25,Hoodie,Clothing,2,2559.57,5119.14,Sialkot,JazzCash
ORD01247,CUST1430,Maryam Ahmed,2025-04-06,Smartphone,Electronics,8,85174.56,681396.48,Quetta,Bank Transfer
ORD01248,CUST1626,Sara Khan,2025-04-21,Lipstick,Beauty,3,881.92,2645.76,Rawalpindi,JazzCash
ORD01249,CUST1951,Hamza Shah,2025-08-06,Blender,Home & Kitchen,8,9124.7,72997.6,Faisalabad,JazzCash
ORD01250,CUST0875,Zainab Ali,2025-05-30,Smart Watch,Electronics,8,11229.64,89837.12,Sialkot,Cash
ORD01251,CUST1940,Omar Farooq,2026-03-17,Lipstick,Beauty,6,718.4,4310.4,Lahore,Credit Card
ORD01252,CUST0722,Usman Malik,2025-09-16,Mouse,Electronics,5,5722.43,28612.15,Islamabad,Cash
ORD01253,CUST2150,Omar Farooq,2026-03-06,Coffee Maker,Home & Kitchen,8,8879.31,71034.48,Faisalabad,Credit Card
ORD01254,CUST1217,Hassan Ali,2025-12-17,Laptop,Electronics,7,231092.19,1617645.33,Rawalpindi,Debit Card
ORD01255,CUST1453,Abdullah Raza,2026-03-24,Sugar,Grocery,3,268.87,806.61,Peshawar,Cash
ORD01256,CUST1297,Ali Khan,2025-11-28,Skin Cream,Beauty,3,1553.81,4661.43,Islamabad,JazzCash
ORD01257,CUST1077,Saad Khan,2026-02-21,Shoes,Clothing,2,22014.63,44029.26,Lahore,JazzCash
ORD01258,CUST0896,Omar Farooq,2025-02-07,Shoes,Clothing,2,17056.16,34112.32,Peshawar,Bank Transfer
ORD01259,CUST0860,Omar Farooq,2025-12-23,Face Wash,Beauty,4,2002.36,8009.44,Sialkot,Cash
ORD01260,CUST0511,Talha Malik,2026-05-30,Air Fryer,Home & Kitchen,5,12372.4,61862.0,Quetta,JazzCash
ORD01261,CUST1376,Hamza Shah,2026-06-20,Tea,Grocery,7,616.99,4318.93,Islamabad,JazzCash
ORD01262,CUST1786,Hira Shah,2026-07-10,Tea,Grocery,3,459.21,1377.63,Faisalabad,Bank Transfer
ORD01263,CUST0426,Usman Malik,2025-03-31,Running Shoes,Sports,2,17316.25,34632.5,Lahore,EasyPaisa
ORD01264,CUST2062,Abdullah Raza,2026-03-31,Rice,Grocery,2,523.02,1046.04,Lahore,Bank Transfer
ORD01265,CUST1561,Hamza Shah,2026-07-19,Coffee Maker,Home & Kitchen,8,11873.04,94984.32,Rawalpindi,JazzCash
ORD01266,CUST1622,Ali Khan,2026-02-27,Tablet,Electronics,8,116761.61,934092.88,Multan,Credit Card
ORD01267,CUST1699,Ayesha Khan,2025-11-11,Shampoo,Beauty,5,1376.07,6880.35,Lahore,JazzCash
ORD01268,CUST2458,Zainab Ali,2026-06-16,Laptop,Electronics,6,74724.43,448346.58,Multan,Credit Card
ORD01269,CUST1612,Ahmed Raza,2025-07-17,Lipstick,Beauty,7,1346.41,9424.87,Sialkot,JazzCash
ORD01270,CUST1304,Saad Khan,2026-02-17,Shoes,Clothing,3,24501.82,73505.46,Islamabad,JazzCash
ORD01271,CUST0485,Abdullah Raza,2026-06-01,T-Shirt,Clothing,3,3898.09,11694.27,Peshawar,Bank Transfer
ORD01272,CUST0382,Usman Malik,2025-07-28,Dinner Set,Home & Kitchen,6,6544.85,39269.1,Lahore,JazzCash
ORD01273,CUST2227,Usman Malik,2025-01-29,Keyboard,Electronics,3,9585.34,28756.02,Sialkot,JazzCash
ORD01274,CUST0765,Ayesha Khan,2026-01-02,Keyboard,Electronics,8,9208.78,73670.24,Rawalpindi,Debit Card
ORD01275,CUST0212,Fatima Ahmed,2025-09-24,Hoodie,Clothing,7,8803.43,61624.01,Karachi,Credit Card
ORD01276,CUST1881,Danish Ahmed,2025-04-24,Football,Sports,2,5649.51,11299.02,Karachi,Cash
ORD01277,CUST0317,Talha Malik,2025-04-06,Jacket,Clothing,3,7667.93,23003.79,Multan,Credit Card
ORD01278,CUST0302,Talha Malik,2026-02-28,Rice,Grocery,1,520.07,520.07,Karachi,Credit Card
ORD01279,CUST0660,Hassan Ali,2026-04-07,Running Shoes,Sports,6,11880.34,71282.04,Faisalabad,Cash
ORD01280,CUST1405,Maham Raza,2025-05-01,Hoodie,Clothing,1,7234.1,7234.1,Quetta,EasyPaisa
ORD01281,CUST0790,Danish Ahmed,2025-05-05,Skin Cream,Beauty,5,721.56,3607.8,Lahore,EasyPaisa
ORD01282,CUST1495,Hamza Shah,2025-08-10,Smart Watch,Electronics,3,25469.79,76409.37,Rawalpindi,Cash
ORD01283,CUST1121,Talha Malik,2025-10-02,Microwave,Home & Kitchen,3,25032.36,75097.08,Rawalpindi,Cash
ORD01284,CUST2031,Sara Khan,2026-04-24,Vacuum Cleaner,Home & Kitchen,5,39817.37,199086.85,Gujranwala,JazzCash
ORD01285,CUST0422,Abdullah Raza,2026-02-07,Jacket,Clothing,5,6421.43,32107.15,Sialkot,Debit Card
ORD01286,CUST1828,Sara Khan,2026-03-20,Jeans,Clothing,8,8699.45,69595.6,Sialkot,Bank Transfer
ORD01287,CUST0819,Abdullah Raza,2026-03-16,Air Fryer,Home & Kitchen,7,26326.95,184288.65,Multan,Debit Card
ORD01288,CUST1037,Abdullah Raza,2026-06-08,Football,Sports,1,4421.12,4421.12,Peshawar,Debit Card
ORD01289,CUST0737,Zainab Ali,2025-04-28,Skin Cream,Beauty,1,2214.69,2214.69,Peshawar,Credit Card
ORD01290,CUST0595,Zainab Ali,2026-01-16,Microwave,Home & Kitchen,6,20324.49,121946.94,Karachi,Cash
ORD01291,CUST1907,Abdullah Raza,2025-08-07,Vacuum Cleaner,Home & Kitchen,6,15490.55,92943.3,Multan,Credit Card
ORD01292,CUST0891,Hamza Shah,2026-06-24,Perfume,Beauty,4,9247.84,36991.36,Gujranwala,Debit Card
ORD01293,CUST1728,Sara Khan,2026-08-11,Yoga Mat,Sports,2,5731.36,11462.72,Multan,Debit Card
ORD01294,CUST0192,Fatima Ahmed,2026-05-26,Jeans,Clothing,8,2822.79,22582.32,Peshawar,Cash
ORD01295,CUST1569,Ayesha Khan,2026-08-29,Headphones,Electronics,6,7206.34,43238.04,Sialkot,Cash
ORD01296,CUST1165,Bilal Ahmed,2026-04-18,Blender,Home & Kitchen,1,13367.67,13367.67,Peshawar,Cash
ORD01297,CUST1925,Hamza Shah,2025-03-13,Skin Cream,Beauty,1,868.22,868.22,Peshawar,Bank Transfer
ORD01298,CUST0327,Huzaifa Ali,2026-02-14,Air Fryer,Home & Kitchen,6,19295.36,115772.16,Multan,JazzCash
ORD01299,CUST0498,Maham Raza,2026-05-21,Perfume,Beauty,8,9383.23,75065.84,Sialkot,Cash
ORD01300,CUST0431,Zainab Ali,2025-05-23,Smartphone,Electronics,1,32414.31,32414.31,Peshawar,Credit Card
ORD01301,CUST0021,Ahmed Raza,2026-07-05,T-Shirt,Clothing,6,1926.41,11558.46,Faisalabad,Cash
ORD01302,CUST1349,Danish Ahmed,2025-09-28,Laptop,Electronics,2,240486.07,480972.14,Peshawar,Debit Card
ORD01303,CUST0518,Zainab Ali,2025-05-03,Cricket Bat,Sports,8,23346.88,186775.04,Islamabad,EasyPaisa
ORD01304,CUST2162,Ayesha Khan,2026-06-19,Cereal,Grocery,2,891.46,1782.92,Sialkot,JazzCash
ORD01305,CUST0926,Usman Malik,2026-05-10,Running Shoes,Sports,6,24503.34,147020.04,Faisalabad,Debit Card
ORD01306,CUST0320,Usman Malik,2025-07-30,Football,Sports,4,3794.56,15178.24,Quetta,Cash
ORD01307,CUST0770,Talha Malik,2026-01-30,T-Shirt,Clothing,8,3747.9,29983.2,Karachi,Debit Card
ORD01308,CUST1860,Bilal Ahmed,2025-11-16,Hoodie,Clothing,6,8212.02,49272.12,Gujranwala,Cash
ORD01309,CUST2104,Omar Farooq,2026-04-09,Jeans,Clothing,7,8458.53,59209.71,Peshawar,Credit Card
ORD01310,CUST0419,Bilal Ahmed,2026-08-15,Tablet,Electronics,5,62309.4,311547.0,Quetta,Cash
ORD01311,CUST1093,Ali Khan,2025-07-11,Football,Sports,8,3063.66,24509.28,Quetta,Bank Transfer
ORD01312,CUST0345,Maham Raza,2026-07-18,Lipstick,Beauty,2,1731.85,3463.7,Peshawar,Credit Card
ORD01313,CUST1808,Fatima Ahmed,2025-02-24,Shoes,Clothing,6,14048.19,84289.14,Multan,Cash
ORD01314,CUST1205,Omar Farooq,2025-07-18,Keyboard,Electronics,7,5516.49,38615.43,Peshawar,Credit Card
ORD01315,CUST1776,Hamza Shah,2026-06-16,Shampoo,Beauty,8,2135.73,17085.84,Lahore,Bank Transfer
ORD01316,CUST2357,Fatima Ahmed,2025-02-06,T-Shirt,Clothing,1,2034.4,2034.4,Rawalpindi,Cash
ORD01317,CUST1610,Hamza Shah,2026-02-06,Perfume,Beauty,7,7320.54,51243.78,Rawalpindi,Bank Transfer
ORD01318,CUST1424,Sana Malik,2025-07-28,Cricket Ball,Sports,3,1490.34,4471.02,Sialkot,Debit Card
ORD01319,CUST0978,Hassan Ali,2025-11-09,Football,Sports,8,2112.58,16900.64,Multan,Bank Transfer
ORD01320,CUST0053,Talha Malik,2025-05-26,Smartphone,Electronics,8,54038.38,432307.04,Peshawar,Debit Card
ORD01321,CUST0040,Danish Ahmed,2025-06-24,Smartphone,Electronics,2,176027.48,352054.96,Multan,JazzCash
ORD01322,CUST0449,Ahmed Raza,2026-04-29,Perfume,Beauty,4,11045.38,44181.52,Lahore,EasyPaisa
ORD01323,CUST0385,Hamza Shah,2025-05-31,Cricket Ball,Sports,3,2170.72,6512.16,Faisalabad,Bank Transfer
ORD01324,CUST1055,Talha Malik,2026-07-13,Coffee Maker,Home & Kitchen,6,18285.22,109711.32,Faisalabad,Debit Card
ORD01325,CUST2122,Danish Ahmed,2025-12-08,Rice,Grocery,5,705.26,3526.3,Quetta,Cash
ORD01326,CUST1681,Ayesha Khan,2025-06-01,Vacuum Cleaner,Home & Kitchen,1,38368.9,38368.9,Islamabad,Debit Card
ORD01327,CUST0846,Usman Malik,2026-01-04,Rice,Grocery,7,384.4,2690.8,Rawalpindi,JazzCash
ORD01328,CUST0717,Fatima Ahmed,2026-06-24,Football,Sports,8,7775.44,62203.52,Multan,Debit Card
ORD01329,CUST0781,Ahmed Raza,2025-11-13,Biscuits,Grocery,5,154.32,771.6,Sialkot,EasyPaisa
ORD01330,CUST1864,Abdullah Raza,2026-03-20,Cricket Ball,Sports,2,2168.34,4336.68,Multan,Debit Card
ORD01331,CUST0616,Saad Khan,2026-04-23,Laptop,Electronics,3,159806.86,479420.58,Faisalabad,EasyPaisa
ORD01332,CUST1208,Ali Khan,2025-03-08,Face Wash,Beauty,5,1259.11,6295.55,Quetta,Cash
ORD01333,CUST2001,Sana Malik,2025-02-24,Jacket,Clothing,2,15556.59,31113.18,Lahore,JazzCash
ORD01334,CUST0565,Maham Raza,2025-09-15,Vacuum Cleaner,Home & Kitchen,1,52534.95,52534.95,Faisalabad,EasyPaisa
ORD01335,CUST0585,Omar Farooq,2025-10-05,Yoga Mat,Sports,2,1775.19,3550.38,Peshawar,EasyPaisa
ORD01336,CUST1019,Hira Shah,2025-12-30,Tablet,Electronics,8,41885.78,335086.24,Peshawar,JazzCash
ORD01337,CUST2310,Sara Khan,2025-06-27,Tablet,Electronics,5,112019.41,560097.05,Multan,EasyPaisa
ORD01338,CUST0818,Sana Malik,2026-07-22,Jeans,Clothing,7,4125.13,28875.91,Faisalabad,Cash
ORD01339,CUST0752,Hira Shah,2026-07-13,Dinner Set,Home & Kitchen,8,18833.9,150671.2,Peshawar,Cash
ORD01340,CUST1465,Maryam Ahmed,2026-05-31,Hoodie,Clothing,6,5814.26,34885.56,Multan,JazzCash
ORD01341,CUST2290,Ali Khan,2025-01-29,Sugar,Grocery,8,390.36,3122.88,Peshawar,Cash
ORD01342,CUST2098,Maham Raza,2026-08-18,Hoodie,Clothing,4,9301.37,37205.48,Islamabad,EasyPaisa
ORD01343,CUST0516,Hira Shah,2026-02-07,Skin Cream,Beauty,1,4474.56,4474.56,Lahore,JazzCash
ORD01344,CUST1107,Hamza Shah,2025-02-26,Lipstick,Beauty,2,3437.19,6874.38,Multan,EasyPaisa
ORD01345,CUST0250,Hamza Shah,2025-12-06,Mouse,Electronics,8,2892.15,23137.2,Sialkot,Bank Transfer
ORD01346,CUST2029,Bilal Ahmed,2026-07-30,Perfume,Beauty,3,14777.52,44332.56,Rawalpindi,Bank Transfer
ORD01347,CUST1987,Danish Ahmed,2025-01-07,Cricket Bat,Sports,5,9619.63,48098.15,Rawalpindi,Cash
ORD01348,CUST0397,Ayesha Khan,2026-06-17,Laptop,Electronics,2,97543.98,195087.96,Rawalpindi,Cash
ORD01349,CUST0228,Hamza Shah,2026-02-05,Rice,Grocery,8,708.0,5664.0,Faisalabad,JazzCash
ORD01350,CUST1799,Danish Ahmed,2026-09-20,Cooking Oil,Grocery,5,1320.27,6601.35,Karachi,JazzCash
ORD01351,CUST2096,Huzaifa Ali,2025-06-24,T-Shirt,Clothing,4,1902.27,7609.08,Rawalpindi,JazzCash
ORD01352,CUST2020,Maham Raza,2026-08-26,Tea,Grocery,2,560.5,1121.0,Faisalabad,JazzCash
ORD01353,CUST1741,Bilal Ahmed,2026-03-03,Cereal,Grocery,8,1279.84,10238.72,Lahore,Debit Card
ORD01354,CUST1241,Ahmed Raza,2026-08-18,Rice,Grocery,1,560.31,560.31,Sialkot,JazzCash
ORD01355,CUST1135,Ali Khan,2026-04-15,Tablet,Electronics,8,116279.65,930237.2,Islamabad,Debit Card
ORD01356,CUST0258,Hassan Ali,2026-06-10,Skin Cream,Beauty,7,1606.35,11244.45,Islamabad,Debit Card
ORD01357,CUST1241,Hira Shah,2025-10-13,Yoga Mat,Sports,3,2696.46,8089.38,Karachi,Bank Transfer
ORD01358,CUST2077,Saad Khan,2026-08-13,Sugar,Grocery,3,390.64,1171.92,Faisalabad,Credit Card
ORD01359,CUST1654,Usman Malik,2026-08-22,Cricket Ball,Sports,6,1677.7,10066.2,Lahore,Cash
ORD01360,CUST1952,Zainab Ali,2026-05-27,Cricket Bat,Sports,2,8097.49,16194.98,Rawalpindi,Bank Transfer
ORD01361,CUST1721,Usman Malik,2026-01-29,T-Shirt,Clothing,3,4619.22,13857.66,Lahore,EasyPaisa
ORD01362,CUST1534,Danish Ahmed,2026-03-29,Blender,Home & Kitchen,2,5486.44,10972.88,Lahore,Credit Card
ORD01363,CUST2351,Huzaifa Ali,2025-05-17,Blender,Home & Kitchen,7,14083.43,98584.01,Rawalpindi,Credit Card
ORD01364,CUST0825,Hassan Ali,2025-08-19,Coffee Maker,Home & Kitchen,5,17062.84,85314.2,Peshawar,EasyPaisa
ORD01365,CUST0137,Bilal Ahmed,2025-07-28,T-Shirt,Clothing,2,3412.01,6824.02,Lahore,Debit Card
ORD01366,CUST0760,Saad Khan,2025-12-15,Biscuits,Grocery,2,186.65,373.3,Quetta,Credit Card
ORD01367,CUST2289,Bilal Ahmed,2026-01-01,Hoodie,Clothing,6,8706.82,52240.92,Karachi,JazzCash
ORD01368,CUST0321,Bilal Ahmed,2026-08-06,Cereal,Grocery,2,813.73,1627.46,Gujranwala,Debit Card
ORD01369,CUST2215,Zainab Ali,2026-09-08,Laptop,Electronics,1,159768.2,159768.2,Lahore,Credit Card
ORD01370,CUST0647,Sana Malik,2025-03-11,Air Fryer,Home & Kitchen,6,20979.81,125878.86,Karachi,EasyPaisa
ORD01371,CUST0233,Huzaifa Ali,2026-02-13,Face Wash,Beauty,5,2632.99,13164.95,Karachi,EasyPaisa
ORD01372,CUST1727,Fatima Ahmed,2025-12-13,Tea,Grocery,1,887.91,887.91,Rawalpindi,Debit Card
ORD01373,CUST0966,Talha Malik,2025-03-05,Smartphone,Electronics,6,56656.16,339936.96,Karachi,EasyPaisa
ORD01374,CUST2451,Danish Ahmed,2026-03-03,Perfume,Beauty,2,8552.3,17104.6,Karachi,EasyPaisa
ORD01375,CUST0146,Talha Malik,2025-04-17,Cooking Oil,Grocery,1,770.51,770.51,Gujranwala,Credit Card
ORD01376,CUST0088,Ahmed Raza,2025-08-22,Cricket Ball,Sports,5,1363.03,6815.15,Lahore,Credit Card
ORD01377,CUST1975,Ahmed Raza,2026-07-20,Skin Cream,Beauty,1,4399.27,4399.27,Peshawar,JazzCash
ORD01378,CUST0565,Hamza Shah,2026-07-17,Cricket Bat,Sports,7,12453.81,87176.67,Quetta,Cash
ORD01379,CUST0238,Ayesha Khan,2026-03-24,Shampoo,Beauty,6,1620.19,9721.14,Rawalpindi,Cash
ORD01380,CUST1024,Ahmed Raza,2025-01-16,Perfume,Beauty,1,6474.7,6474.7,Karachi,Cash
ORD01381,CUST1433,Danish Ahmed,2025-11-18,Shoes,Clothing,1,6973.06,6973.06,Rawalpindi,Debit Card
ORD01382,CUST0313,Fatima Ahmed,2025-03-20,Hoodie,Clothing,2,5483.64,10967.28,Gujranwala,Credit Card
ORD01383,CUST1817,Sana Malik,2025-08-14,Cereal,Grocery,6,1208.74,7252.44,Multan,EasyPaisa
ORD01384,CUST2218,Saad Khan,2025-11-23,Vacuum Cleaner,Home & Kitchen,5,25989.26,129946.3,Karachi,Cash
ORD01385,CUST0322,Omar Farooq,2025-10-14,Coffee Maker,Home & Kitchen,8,23226.54,185812.32,Islamabad,EasyPaisa
ORD01386,CUST1526,Bilal Ahmed,2025-05-06,Jacket,Clothing,4,14386.72,57546.88,Lahore,Credit Card
ORD01387,CUST0088,Talha Malik,2025-04-27,Running Shoes,Sports,8,17648.07,141184.56,Lahore,Debit Card
ORD01388,CUST1144,Danish Ahmed,2025-03-03,Dinner Set,Home & Kitchen,2,10146.83,20293.66,Peshawar,JazzCash
ORD01389,CUST0920,Omar Farooq,2025-02-15,Mouse,Electronics,8,3554.63,28437.04,Peshawar,Credit Card
ORD01390,CUST2219,Maham Raza,2025-02-02,Running Shoes,Sports,5,15182.33,75911.65,Lahore,EasyPaisa
ORD01391,CUST1397,Danish Ahmed,2025-01-29,Air Fryer,Home & Kitchen,4,30635.6,122542.4,Peshawar,JazzCash
ORD01392,CUST2191,Maryam Ahmed,2025-10-22,Football,Sports,7,6748.08,47236.56,Peshawar,EasyPaisa
ORD01393,CUST1562,Maryam Ahmed,2025-06-16,Yoga Mat,Sports,5,4845.06,24225.3,Rawalpindi,Credit Card
ORD01394,CUST1024,Huzaifa Ali,2025-03-29,Tablet,Electronics,5,99958.89,499794.45,Faisalabad,Debit Card
ORD01395,CUST1101,Fatima Ahmed,2026-01-06,Lipstick,Beauty,5,635.12,3175.6,Sialkot,Cash
ORD01396,CUST0733,Maryam Ahmed,2025-09-28,Tablet,Electronics,6,76844.11,461064.66,Quetta,Cash
ORD01397,CUST2280,Omar Farooq,2026-05-07,Rice,Grocery,6,506.54,3039.24,Peshawar,Cash
ORD01398,CUST1805,Hassan Ali,2025-03-07,Perfume,Beauty,6,7337.8,44026.8,Faisalabad,Debit Card
ORD01399,CUST0204,Ayesha Khan,2025-05-31,Coffee Maker,Home & Kitchen,3,9926.12,29778.36,Karachi,Bank Transfer
ORD01400,CUST1300,Ahmed Raza,2026-08-17,Smartphone,Electronics,8,131088.41,1048707.28,Gujranwala,Bank Transfer
ORD01401,CUST0067,Maham Raza,2025-09-21,T-Shirt,Clothing,5,4816.47,24082.35,Gujranwala,Bank Transfer
ORD01402,CUST2077,Maryam Ahmed,2025-03-21,Smart Watch,Electronics,2,14387.87,28775.74,Karachi,EasyPaisa
ORD01403,CUST0293,Sara Khan,2026-03-02,Smartphone,Electronics,6,56626.5,339759.0,Faisalabad,Credit Card
ORD01404,CUST1672,Maham Raza,2025-12-10,Tablet,Electronics,6,80696.67,484180.02,Quetta,Debit Card
ORD01405,CUST0615,Abdullah Raza,2025-10-25,Perfume,Beauty,1,5305.47,5305.47,Lahore,Cash
ORD01406,CUST1552,Abdullah Raza,2025-08-09,Face Wash,Beauty,6,2520.09,15120.54,Lahore,Bank Transfer
ORD01407,CUST0920,Abdullah Raza,2025-03-21,Cricket Bat,Sports,2,11383.97,22767.94,Gujranwala,EasyPaisa
ORD01408,CUST0211,Danish Ahmed,2026-06-25,Yoga Mat,Sports,2,4669.76,9339.52,Quetta,Bank Transfer
ORD01409,CUST2357,Sana Malik,2025-07-19,Skin Cream,Beauty,5,2596.37,12981.85,Rawalpindi,Debit Card
ORD01410,CUST0988,Maryam Ahmed,2025-04-29,Jacket,Clothing,6,7232.47,43394.82,Peshawar,Debit Card
ORD01411,CUST1984,Danish Ahmed,2026-01-06,Tablet,Electronics,2,76045.71,152091.42,Rawalpindi,JazzCash
ORD01412,CUST1004,Sara Khan,2026-07-05,Cooking Oil,Grocery,3,1069.34,3208.02,Sialkot,Bank Transfer
ORD01413,CUST1286,Hamza Shah,2025-12-16,Hoodie,Clothing,5,4452.09,22260.45,Karachi,JazzCash
ORD01414,CUST0737,Maryam Ahmed,2025-07-22,Biscuits,Grocery,8,295.81,2366.48,Lahore,Credit Card
ORD01415,CUST0518,Ahmed Raza,2025-04-14,Headphones,Electronics,8,9742.84,77942.72,Peshawar,Cash
ORD01416,CUST2169,Hira Shah,2026-06-12,Cricket Bat,Sports,3,24778.54,74335.62,Peshawar,Debit Card
ORD01417,CUST0488,Zainab Ali,2025-10-28,Shoes,Clothing,4,18332.43,73329.72,Multan,EasyPaisa
ORD01418,CUST1454,Maryam Ahmed,2025-03-17,Skin Cream,Beauty,1,1163.42,1163.42,Peshawar,Bank Transfer
ORD01419,CUST0552,Hassan Ali,2026-05-04,Cereal,Grocery,5,1318.29,6591.45,Sialkot,EasyPaisa
ORD01420,CUST1554,Zainab Ali,2026-04-10,Smartphone,Electronics,6,163817.87,982907.22,Quetta,Credit Card
ORD01421,CUST1218,Talha Malik,2025-08-26,Skin Cream,Beauty,2,1900.99,3801.98,Multan,Cash
ORD01422,CUST1323,Hira Shah,2025-10-20,Skin Cream,Beauty,7,4558.4,31908.8,Multan,Credit Card
ORD01423,CUST2127,Fatima Ahmed,2026-03-17,T-Shirt,Clothing,4,4293.15,17172.6,Sialkot,EasyPaisa
ORD01424,CUST1180,Fatima Ahmed,2025-05-02,Blender,Home & Kitchen,3,9515.49,28546.47,Quetta,JazzCash
ORD01425,CUST0435,Ayesha Khan,2026-09-13,Jeans,Clothing,5,4375.11,21875.55,Faisalabad,Credit Card
ORD01426,CUST2452,Ahmed Raza,2025-01-29,Smartphone,Electronics,3,110585.33,331755.99,Gujranwala,EasyPaisa
ORD01427,CUST0833,Sana Malik,2026-01-14,T-Shirt,Clothing,1,3055.79,3055.79,Sialkot,JazzCash
ORD01428,CUST0449,Hamza Shah,2025-10-30,Running Shoes,Sports,8,14938.77,119510.16,Quetta,JazzCash
ORD01429,CUST0478,Maham Raza,2025-10-13,Tea,Grocery,3,378.18,1134.54,Karachi,Bank Transfer
ORD01430,CUST1858,Saad Khan,2025-10-10,T-Shirt,Clothing,6,2443.04,14658.24,Karachi,Bank Transfer
ORD01431,CUST0412,Saad Khan,2026-03-20,Cricket Ball,Sports,1,2284.55,2284.55,Multan,Credit Card
ORD01432,CUST0561,Abdullah Raza,2025-09-09,Perfume,Beauty,1,19110.69,19110.69,Peshawar,Credit Card
ORD01433,CUST0767,Talha Malik,2026-05-12,Cricket Bat,Sports,3,8836.29,26508.87,Faisalabad,Credit Card
ORD01434,CUST1779,Usman Malik,2025-01-04,T-Shirt,Clothing,4,4813.16,19252.64,Quetta,EasyPaisa
ORD01435,CUST1078,Danish Ahmed,2026-03-05,Face Wash,Beauty,1,2274.98,2274.98,Peshawar,Bank Transfer
ORD01436,CUST0738,Sana Malik,2026-06-28,Face Wash,Beauty,8,2094.29,16754.32,Rawalpindi,Debit Card
ORD01437,CUST1463,Huzaifa Ali,2026-09-05,Running Shoes,Sports,7,14294.66,100062.62,Quetta,Debit Card
ORD01438,CUST1832,Zainab Ali,2026-03-06,Smartphone,Electronics,5,42416.95,212084.75,Rawalpindi,Bank Transfer
ORD01439,CUST1424,Hira Shah,2025-04-27,Rice,Grocery,6,346.91,2081.46,Islamabad,JazzCash
ORD01440,CUST1192,Fatima Ahmed,2025-01-30,Biscuits,Grocery,4,153.0,612.0,Gujranwala,Credit Card
ORD01441,CUST1301,Sara Khan,2025-09-25,Rice,Grocery,6,559.24,3355.44,Peshawar,JazzCash
ORD01442,CUST1989,Ayesha Khan,2025-10-02,Sugar,Grocery,1,215.17,215.17,Multan,Bank Transfer
ORD01443,CUST0683,Huzaifa Ali,2026-08-10,Tablet,Electronics,4,64763.63,259054.52,Rawalpindi,Bank Transfer
ORD01444,CUST2211,Ali Khan,2026-09-12,Smart Watch,Electronics,3,29430.06,88290.18,Lahore,JazzCash
ORD01445,CUST0260,Ahmed Raza,2026-07-21,Mouse,Electronics,6,5874.06,35244.36,Gujranwala,Credit Card
ORD01446,CUST1621,Ayesha Khan,2026-07-03,Dinner Set,Home & Kitchen,3,7175.04,21525.12,Faisalabad,Credit Card
ORD01447,CUST0148,Ali Khan,2025-01-14,Air Fryer,Home & Kitchen,4,21508.09,86032.36,Gujranwala,Cash
ORD01448,CUST1160,Sana Malik,2025-06-10,Lipstick,Beauty,1,3269.7,3269.7,Lahore,Credit Card
ORD01449,CUST1642,Bilal Ahmed,2026-01-22,Cricket Bat,Sports,2,3743.12,7486.24,Faisalabad,Cash
ORD01450,CUST0061,Huzaifa Ali,2025-01-21,Laptop,Electronics,7,160811.74,1125682.18,Sialkot,Credit Card
ORD01451,CUST2481,Sana Malik,2025-07-18,Keyboard,Electronics,7,7676.06,53732.42,Multan,JazzCash
ORD01452,CUST0409,Fatima Ahmed,2025-07-27,Perfume,Beauty,8,7787.69,62301.52,Sialkot,JazzCash
ORD01453,CUST2298,Fatima Ahmed,2026-02-21,Tea,Grocery,4,686.58,2746.32,Quetta,Debit Card
ORD01454,CUST2036,Hira Shah,2025-01-18,Yoga Mat,Sports,7,3532.97,24730.79,Multan,EasyPaisa
ORD01455,CUST0951,Maryam Ahmed,2026-02-11,Football,Sports,1,4439.76,4439.76,Multan,JazzCash
ORD01456,CUST0343,Hamza Shah,2025-05-28,Perfume,Beauty,6,13749.32,82495.92,Gujranwala,Credit Card
ORD01457,CUST1652,Danish Ahmed,2025-05-25,Shoes,Clothing,2,16055.01,32110.02,Quetta,EasyPaisa
ORD01458,CUST1033,Sara Khan,2026-05-21,Yoga Mat,Sports,1,4802.91,4802.91,Faisalabad,Bank Transfer
ORD01459,CUST1099,Omar Farooq,2025-01-06,Microwave,Home & Kitchen,7,19168.31,134178.17,Gujranwala,JazzCash
ORD01460,CUST1890,Talha Malik,2025-11-26,Lipstick,Beauty,4,1595.56,6382.24,Gujranwala,EasyPaisa
ORD01461,CUST1539,Bilal Ahmed,2025-03-21,Football,Sports,7,7488.0,52416.0,Lahore,Credit Card
ORD01462,CUST0160,Sara Khan,2025-04-27,Perfume,Beauty,8,5408.45,43267.6,Quetta,Credit Card
ORD01463,CUST0038,Sana Malik,2026-02-13,Yoga Mat,Sports,7,3435.97,24051.79,Karachi,JazzCash
ORD01464,CUST1321,Danish Ahmed,2026-06-20,Vacuum Cleaner,Home & Kitchen,5,56488.66,282443.3,Multan,EasyPaisa
ORD01465,CUST1521,Saad Khan,2026-09-21,Cricket Bat,Sports,4,6113.39,24453.56,Sialkot,Debit Card
ORD01466,CUST0673,Saad Khan,2025-05-19,Sugar,Grocery,6,202.65,1215.9,Quetta,Cash
ORD01467,CUST0023,Sana Malik,2025-03-10,Coffee Maker,Home & Kitchen,8,11122.19,88977.52,Rawalpindi,Credit Card
ORD01468,CUST0251,Danish Ahmed,2025-04-07,Football,Sports,6,4995.25,29971.5,Quetta,EasyPaisa
ORD01469,CUST0058,Omar Farooq,2025-12-20,T-Shirt,Clothing,4,2531.72,10126.88,Faisalabad,Debit Card
ORD01470,CUST1044,Huzaifa Ali,2026-02-17,Biscuits,Grocery,6,232.33,1393.98,Gujranwala,Bank Transfer
ORD01471,CUST0887,Fatima Ahmed,2025-04-16,Cricket Bat,Sports,3,4704.47,14113.41,Islamabad,Debit Card
ORD01472,CUST2358,Abdullah Raza,2025-12-05,Perfume,Beauty,7,4717.32,33021.24,Sialkot,Debit Card
ORD01473,CUST0689,Ali Khan,2025-08-03,Yoga Mat,Sports,8,4342.48,34739.84,Rawalpindi,Credit Card
ORD01474,CUST1948,Ali Khan,2025-06-18,Mouse,Electronics,3,5227.45,15682.35,Multan,Cash
ORD01475,CUST1933,Zainab Ali,2026-03-12,Smartphone,Electronics,8,104314.32,834514.56,Faisalabad,EasyPaisa
ORD01476,CUST1944,Maham Raza,2026-01-30,Smartphone,Electronics,7,111822.5,782757.5,Faisalabad,EasyPaisa
ORD01477,CUST1138,Bilal Ahmed,2025-06-20,Dinner Set,Home & Kitchen,4,5251.19,21004.76,Peshawar,EasyPaisa
ORD01478,CUST2286,Sara Khan,2025-05-04,Sugar,Grocery,5,323.77,1618.85,Multan,Credit Card
ORD01479,CUST1738,Omar Farooq,2025-12-21,Mouse,Electronics,8,3432.95,27463.6,Sialkot,EasyPaisa
ORD01480,CUST1811,Maham Raza,2025-07-20,Shoes,Clothing,1,11232.53,11232.53,Gujranwala,Credit Card
ORD01481,CUST1040,Saad Khan,2026-01-13,Smart Watch,Electronics,2,17415.63,34831.26,Lahore,EasyPaisa
ORD01482,CUST0180,Fatima Ahmed,2026-02-12,Blender,Home & Kitchen,8,13413.84,107310.72,Faisalabad,Bank Transfer
ORD01483,CUST1862,Talha Malik,2026-09-15,Smart Watch,Electronics,8,37933.03,303464.24,Islamabad,JazzCash
ORD01484,CUST0119,Danish Ahmed,2026-01-14,Yoga Mat,Sports,1,5037.15,5037.15,Islamabad,Bank Transfer
ORD01485,CUST1719,Hamza Shah,2025-03-26,Cricket Bat,Sports,3,22160.09,66480.27,Lahore,JazzCash
ORD01486,CUST0069,Zainab Ali,2025-07-18,Football,Sports,5,3542.54,17712.7,Multan,Bank Transfer
ORD01487,CUST0059,Hira Shah,2026-06-13,Hoodie,Clothing,6,7916.02,47496.12,Peshawar,Bank Transfer
ORD01488,CUST0344,Hassan Ali,2025-10-01,Football,Sports,3,1922.21,5766.63,Quetta,Cash
ORD01489,CUST0014,Sana Malik,2025-06-27,Dinner Set,Home & Kitchen,7,7178.93,50252.51,Faisalabad,EasyPaisa
ORD01490,CUST1897,Usman Malik,2026-08-03,Blender,Home & Kitchen,2,9438.88,18877.76,Karachi,Cash
ORD01491,CUST0043,Omar Farooq,2025-06-23,T-Shirt,Clothing,1,1905.5,1905.5,Multan,JazzCash
ORD01492,CUST0544,Sana Malik,2025-07-15,Keyboard,Electronics,5,11403.99,57019.95,Lahore,JazzCash
ORD01493,CUST1293,Sara Khan,2026-08-02,Cricket Ball,Sports,3,856.01,2568.03,Rawalpindi,Credit Card
ORD01494,CUST1801,Fatima Ahmed,2025-09-23,Microwave,Home & Kitchen,5,23667.59,118337.95,Karachi,JazzCash
ORD01495,CUST0151,Abdullah Raza,2025-06-24,Dinner Set,Home & Kitchen,8,9817.81,78542.48,Peshawar,Credit Card
ORD01496,CUST1183,Omar Farooq,2025-12-22,Skin Cream,Beauty,7,1605.85,11240.95,Multan,Bank Transfer
ORD01497,CUST2103,Omar Farooq,2025-04-03,Skin Cream,Beauty,5,4268.39,21341.95,Faisalabad,Credit Card
ORD01498,CUST0764,Talha Malik,2026-06-14,Tea,Grocery,2,328.3,656.6,Islamabad,JazzCash
ORD01499,CUST0139,Zainab Ali,2026-08-26,Shampoo,Beauty,7,1679.62,11757.34,Karachi,Bank Transfer
ORD01500,CUST1380,Hamza Shah,2025-12-09,Blender,Home & Kitchen,8,7063.76,56510.08,Islamabad,Debit Card
ORD01501,CUST1799,Danish Ahmed,2025-01-23,Microwave,Home & Kitchen,3,32938.92,98816.76,Quetta,EasyPaisa
ORD01502,CUST1035,Maham Raza,2025-09-07,Lipstick,Beauty,8,3058.34,24466.72,Sialkot,Debit Card
ORD01503,CUST2077,Hamza Shah,2025-08-28,Cereal,Grocery,1,841.27,841.27,Peshawar,JazzCash
ORD01504,CUST2098,Hassan Ali,2025-06-17,Dinner Set,Home & Kitchen,1,10412.0,10412.0,Faisalabad,EasyPaisa
ORD01505,CUST1365,Ahmed Raza,2025-05-14,Yoga Mat,Sports,3,1992.31,5976.93,Karachi,Debit Card
ORD01506,CUST0004,Bilal Ahmed,2026-04-17,Jacket,Clothing,3,10421.99,31265.97,Rawalpindi,Credit Card
ORD01507,CUST1789,Usman Malik,2025-07-28,Air Fryer,Home & Kitchen,4,13848.63,55394.52,Rawalpindi,Credit Card
ORD01508,CUST1956,Hassan Ali,2025-01-06,Yoga Mat,Sports,6,5228.34,31370.04,Multan,Cash
ORD01509,CUST1542,Maryam Ahmed,2026-04-29,Biscuits,Grocery,4,221.7,886.8,Rawalpindi,Cash
ORD01510,CUST1340,Sana Malik,2026-02-14,Cooking Oil,Grocery,3,818.36,2455.08,Peshawar,EasyPaisa
ORD01511,CUST0111,Ayesha Khan,2026-08-24,Biscuits,Grocery,8,67.91,543.28,Sialkot,Credit Card
ORD01512,CUST2455,Hira Shah,2026-09-18,Jacket,Clothing,1,9071.93,9071.93,Karachi,Bank Transfer
ORD01513,CUST1237,Sara Khan,2025-08-05,Jeans,Clothing,1,5749.67,5749.67,Karachi,Debit Card
ORD01514,CUST1275,Hira Shah,2025-10-19,Cereal,Grocery,3,597.86,1793.58,Quetta,Cash
ORD01515,CUST0436,Maryam Ahmed,2026-06-14,Coffee Maker,Home & Kitchen,7,11128.91,77902.37,Karachi,Debit Card
ORD01516,CUST0659,Zainab Ali,2025-01-13,Football,Sports,7,5763.15,40342.05,Islamabad,EasyPaisa
ORD01517,CUST1646,Sara Khan,2026-05-13,Lipstick,Beauty,1,2902.05,2902.05,Lahore,Debit Card
ORD01518,CUST1845,Saad Khan,2026-09-11,Tea,Grocery,2,967.86,1935.72,Multan,JazzCash
ORD01519,CUST0733,Sara Khan,2025-04-25,Cricket Ball,Sports,6,2188.34,13130.04,Gujranwala,JazzCash
ORD01520,CUST1057,Omar Farooq,2026-08-28,Football,Sports,6,2477.52,14865.12,Gujranwala,EasyPaisa
ORD01521,CUST0164,Hamza Shah,2025-10-16,Running Shoes,Sports,8,13132.65,105061.2,Quetta,JazzCash
ORD01522,CUST1744,Zainab Ali,2025-09-16,Blender,Home & Kitchen,6,16559.16,99354.96,Faisalabad,Cash
ORD01523,CUST0072,Maryam Ahmed,2026-03-04,Shampoo,Beauty,6,1118.31,6709.86,Multan,Debit Card
ORD01524,CUST2177,Hira Shah,2025-02-07,Football,Sports,6,5372.56,32235.36,Rawalpindi,Credit Card
ORD01525,CUST1766,Fatima Ahmed,2026-05-21,Smart Watch,Electronics,3,8782.9,26348.7,Multan,JazzCash
ORD01526,CUST0314,Zainab Ali,2025-02-11,Yoga Mat,Sports,8,2220.5,17764.0,Multan,Cash
ORD01527,CUST2100,Usman Malik,2026-01-27,Hoodie,Clothing,2,9826.32,19652.64,Multan,Bank Transfer
ORD01528,CUST1053,Usman Malik,2025-07-08,Cricket Ball,Sports,1,1345.06,1345.06,Peshawar,Cash
ORD01529,CUST2106,Huzaifa Ali,2026-09-23,Hoodie,Clothing,5,4457.32,22286.6,Rawalpindi,Bank Transfer
ORD01530,CUST1126,Hassan Ali,2026-03-24,Tablet,Electronics,4,77333.6,309334.4,Faisalabad,EasyPaisa
ORD01531,CUST1117,Ali Khan,2025-10-19,Football,Sports,3,5430.05,16290.15,Peshawar,Credit Card
ORD01532,CUST1094,Maryam Ahmed,2025-10-09,Mouse,Electronics,3,3783.14,11349.42,Sialkot,Bank Transfer
ORD01533,CUST0906,Usman Malik,2025-11-29,Blender,Home & Kitchen,1,7877.21,7877.21,Sialkot,Debit Card
ORD01534,CUST1347,Huzaifa Ali,2026-09-02,Yoga Mat,Sports,7,5134.87,35944.09,Peshawar,JazzCash
ORD01535,CUST1821,Bilal Ahmed,2025-12-21,Perfume,Beauty,6,8501.64,51009.84,Quetta,Bank Transfer
ORD01536,CUST1048,Hira Shah,2026-02-04,Cooking Oil,Grocery,3,1032.24,3096.72,Lahore,Bank Transfer
ORD01537,CUST0851,Saad Khan,2025-03-27,Perfume,Beauty,6,13549.22,81295.32,Multan,Debit Card
ORD01538,CUST0639,Danish Ahmed,2025-01-31,Air Fryer,Home & Kitchen,8,22384.48,179075.84,Sialkot,Credit Card
ORD01539,CUST1163,Huzaifa Ali,2025-01-24,Shampoo,Beauty,7,2238.19,15667.33,Quetta,Credit Card
ORD01540,CUST1621,Omar Farooq,2025-04-10,Biscuits,Grocery,2,82.92,165.84,Rawalpindi,Cash
ORD01541,CUST2254,Sara Khan,2026-02-15,Shampoo,Beauty,3,1118.01,3354.03,Multan,Credit Card
ORD01542,CUST1302,Saad Khan,2025-04-19,Biscuits,Grocery,6,119.72,718.32,Gujranwala,EasyPaisa
ORD01543,CUST1173,Maryam Ahmed,2026-04-21,Cooking Oil,Grocery,8,1359.06,10872.48,Islamabad,Credit Card
ORD01544,CUST0706,Hamza Shah,2026-04-21,Tea,Grocery,6,303.0,1818.0,Peshawar,EasyPaisa
ORD01545,CUST0119,Danish Ahmed,2025-07-13,Running Shoes,Sports,7,24459.2,171214.4,Rawalpindi,Credit Card
ORD01546,CUST2338,Sara Khan,2026-09-06,Skin Cream,Beauty,2,2864.45,5728.9,Lahore,Debit Card
ORD01547,CUST1517,Ali Khan,2025-04-04,Face Wash,Beauty,8,916.15,7329.2,Sialkot,Bank Transfer
ORD01548,CUST1876,Maham Raza,2025-06-15,Biscuits,Grocery,4,177.83,711.32,Rawalpindi,Credit Card
ORD01549,CUST1201,Usman Malik,2025-05-16,Cereal,Grocery,6,1413.52,8481.12,Lahore,Credit Card
ORD01550,CUST0725,Maryam Ahmed,2025-09-05,Lipstick,Beauty,8,2107.18,16857.44,Gujranwala,Bank Transfer
ORD01551,CUST1003,Maryam Ahmed,2025-06-13,Mouse,Electronics,6,5148.85,30893.1,Karachi,Cash
ORD01552,CUST1926,Hira Shah,2026-06-17,Football,Sports,7,5933.15,41532.05,Karachi,JazzCash
ORD01553,CUST1970,Ahmed Raza,2026-03-26,Vacuum Cleaner,Home & Kitchen,1,39180.37,39180.37,Faisalabad,JazzCash
ORD01554,CUST0509,Hamza Shah,2026-03-15,Football,Sports,8,3861.93,30895.44,Islamabad,Debit Card
ORD01555,CUST1392,Bilal Ahmed,2026-02-27,Perfume,Beauty,6,15134.9,90809.4,Rawalpindi,JazzCash
ORD01556,CUST2014,Ayesha Khan,2026-04-15,Jacket,Clothing,2,5359.76,10719.52,Faisalabad,Debit Card
ORD01557,CUST2328,Fatima Ahmed,2025-09-22,Vacuum Cleaner,Home & Kitchen,8,35010.24,280081.92,Sialkot,Cash
ORD01558,CUST1520,Abdullah Raza,2025-08-15,Jeans,Clothing,1,5891.57,5891.57,Multan,Bank Transfer
ORD01559,CUST1249,Talha Malik,2026-08-05,Air Fryer,Home & Kitchen,3,33730.21,101190.63,Quetta,Bank Transfer
ORD01560,CUST2489,Sana Malik,2025-05-31,Microwave,Home & Kitchen,3,41799.46,125398.38,Peshawar,Debit Card
ORD01561,CUST1241,Bilal Ahmed,2026-08-21,Cricket Bat,Sports,4,3616.1,14464.4,Sialkot,Cash
ORD01562,CUST0698,Maham Raza,2026-05-04,Air Fryer,Home & Kitchen,7,28586.21,200103.47,Islamabad,EasyPaisa
ORD01563,CUST0693,Saad Khan,2026-05-12,Shampoo,Beauty,7,2117.68,14823.76,Quetta,Credit Card
ORD01564,CUST0921,Sana Malik,2025-12-17,Sugar,Grocery,2,153.56,307.12,Rawalpindi,Credit Card
ORD01565,CUST1461,Talha Malik,2025-07-21,Jacket,Clothing,2,12520.98,25041.96,Quetta,EasyPaisa
ORD01566,CUST1490,Ahmed Raza,2025-07-27,Football,Sports,4,6959.85,27839.4,Peshawar,Bank Transfer
ORD01567,CUST2191,Huzaifa Ali,2026-07-21,Tablet,Electronics,5,70741.65,353708.25,Karachi,Cash
ORD01568,CUST0749,Ayesha Khan,2025-09-20,Biscuits,Grocery,4,180.74,722.96,Rawalpindi,Bank Transfer
ORD01569,CUST1137,Usman Malik,2026-07-20,Running Shoes,Sports,5,7726.04,38630.2,Rawalpindi,Bank Transfer
ORD01570,CUST0933,Ayesha Khan,2025-08-01,Smartphone,Electronics,1,105996.44,105996.44,Sialkot,EasyPaisa
ORD01571,CUST0300,Omar Farooq,2025-11-23,Sugar,Grocery,1,174.57,174.57,Quetta,Cash
ORD01572,CUST2415,Omar Farooq,2026-07-10,Rice,Grocery,2,511.82,1023.64,Sialkot,JazzCash
ORD01573,CUST1814,Omar Farooq,2025-04-25,Dinner Set,Home & Kitchen,7,4153.64,29075.48,Sialkot,Bank Transfer
ORD01574,CUST2464,Fatima Ahmed,2026-02-21,Lipstick,Beauty,5,3972.83,19864.15,Quetta,Bank Transfer
ORD01575,CUST1083,Huzaifa Ali,2025-11-03,Jacket,Clothing,5,11102.1,55510.5,Rawalpindi,Debit Card
ORD01576,CUST0457,Hassan Ali,2026-03-27,Vacuum Cleaner,Home & Kitchen,5,40256.89,201284.45,Quetta,Cash
ORD01577,CUST0269,Sara Khan,2025-07-03,Dinner Set,Home & Kitchen,3,11528.1,34584.3,Faisalabad,Cash
ORD01578,CUST0446,Ayesha Khan,2025-07-18,Tea,Grocery,3,874.09,2622.27,Rawalpindi,Debit Card
ORD01579,CUST1230,Danish Ahmed,2025-04-16,Shampoo,Beauty,8,1528.05,12224.4,Rawalpindi,EasyPaisa
ORD01580,CUST0704,Hassan Ali,2026-02-10,Cricket Bat,Sports,4,10122.84,40491.36,Sialkot,Bank Transfer
ORD01581,CUST1708,Fatima Ahmed,2026-09-02,Jacket,Clothing,8,17393.9,139151.2,Rawalpindi,Debit Card
ORD01582,CUST1450,Zainab Ali,2025-12-08,Tea,Grocery,5,633.71,3168.55,Quetta,Debit Card
ORD01583,CUST1656,Ahmed Raza,2025-01-06,Biscuits,Grocery,7,148.39,1038.73,Peshawar,Debit Card
ORD01584,CUST0829,Omar Farooq,2025-01-20,Cricket Bat,Sports,5,24449.69,122248.45,Faisalabad,Debit Card
ORD01585,CUST2286,Huzaifa Ali,2025-11-30,Blender,Home & Kitchen,7,9184.0,64288.0,Rawalpindi,Credit Card
ORD01586,CUST0305,Ayesha Khan,2025-04-20,Skin Cream,Beauty,5,2592.44,12962.2,Islamabad,Debit Card
ORD01587,CUST1598,Talha Malik,2025-02-17,Running Shoes,Sports,8,23771.38,190171.04,Rawalpindi,Debit Card
ORD01588,CUST1404,Fatima Ahmed,2025-02-27,Skin Cream,Beauty,2,2312.58,4625.16,Gujranwala,Debit Card
ORD01589,CUST1330,Sara Khan,2025-03-17,Tea,Grocery,3,399.93,1199.79,Islamabad,Credit Card
ORD01590,CUST1005,Zainab Ali,2026-03-25,Shampoo,Beauty,2,2264.86,4529.72,Sialkot,EasyPaisa
ORD01591,CUST0576,Usman Malik,2025-01-23,Cricket Ball,Sports,5,1613.35,8066.75,Multan,Debit Card
ORD01592,CUST1919,Ayesha Khan,2025-11-25,Cereal,Grocery,3,1373.04,4119.12,Quetta,Debit Card
ORD01593,CUST2473,Ali Khan,2025-09-19,Microwave,Home & Kitchen,5,39685.4,198427.0,Islamabad,Cash
ORD01594,CUST2165,Ahmed Raza,2025-02-19,Running Shoes,Sports,8,12973.95,103791.6,Gujranwala,Debit Card
ORD01595,CUST1340,Huzaifa Ali,2026-06-01,Smart Watch,Electronics,1,22488.28,22488.28,Quetta,Debit Card
ORD01596,CUST0378,Huzaifa Ali,2026-08-02,Shampoo,Beauty,2,2439.68,4879.36,Karachi,EasyPaisa
ORD01597,CUST1919,Danish Ahmed,2026-08-11,Hoodie,Clothing,2,8847.25,17694.5,Rawalpindi,Cash
ORD01598,CUST0624,Zainab Ali,2026-04-08,Running Shoes,Sports,8,21172.87,169382.96,Karachi,Credit Card
ORD01599,CUST1645,Abdullah Raza,2025-01-22,Yoga Mat,Sports,7,2699.05,18893.35,Faisalabad,Cash
ORD01600,CUST1750,Bilal Ahmed,2025-11-27,Lipstick,Beauty,4,566.05,2264.2,Faisalabad,Credit Card
ORD01601,CUST1453,Abdullah Raza,2026-08-12,Shampoo,Beauty,4,2143.86,8575.44,Islamabad,Credit Card
ORD01602,CUST2185,Danish Ahmed,2025-01-27,Jeans,Clothing,2,4505.13,9010.26,Lahore,Credit Card
ORD01603,CUST0943,Omar Farooq,2025-11-19,Shampoo,Beauty,6,3368.52,20211.12,Rawalpindi,Debit Card
ORD01604,CUST1456,Ali Khan,2025-08-11,Shoes,Clothing,4,24802.08,99208.32,Islamabad,JazzCash
ORD01605,CUST0855,Hira Shah,2026-03-31,Mouse,Electronics,1,7625.7,7625.7,Lahore,JazzCash
ORD01606,CUST0511,Usman Malik,2026-08-28,Sugar,Grocery,7,199.66,1397.62,Islamabad,EasyPaisa
ORD01607,CUST2004,Danish Ahmed,2025-05-04,Skin Cream,Beauty,4,1223.33,4893.32,Multan,Bank Transfer
ORD01608,CUST1474,Talha Malik,2026-06-04,Coffee Maker,Home & Kitchen,2,11392.57,22785.14,Faisalabad,EasyPaisa
ORD01609,CUST1640,Hamza Shah,2026-03-07,Headphones,Electronics,7,2944.0,20608.0,Multan,Debit Card
ORD01610,CUST0346,Hira Shah,2025-08-23,Blender,Home & Kitchen,5,10643.94,53219.7,Quetta,Cash
ORD01611,CUST0577,Ayesha Khan,2025-02-16,Vacuum Cleaner,Home & Kitchen,6,44131.18,264787.08,Islamabad,EasyPaisa
ORD01612,CUST0160,Ahmed Raza,2026-04-27,Smartphone,Electronics,3,105386.41,316159.23,Sialkot,Credit Card
ORD01613,CUST1718,Hassan Ali,2025-06-11,Cricket Ball,Sports,7,1243.41,8703.87,Islamabad,EasyPaisa
ORD01614,CUST0123,Talha Malik,2025-06-16,Jeans,Clothing,2,4872.94,9745.88,Rawalpindi,Debit Card
ORD01615,CUST0117,Ali Khan,2025-11-25,Cereal,Grocery,5,810.5,4052.5,Multan,Cash
ORD01616,CUST0191,Huzaifa Ali,2026-02-22,Rice,Grocery,3,654.22,1962.66,Peshawar,EasyPaisa
ORD01617,CUST1429,Ayesha Khan,2025-01-16,Yoga Mat,Sports,2,1848.7,3697.4,Karachi,JazzCash
ORD01618,CUST2199,Maryam Ahmed,2026-03-02,Laptop,Electronics,8,244371.47,1954971.76,Islamabad,EasyPaisa
ORD01619,CUST0526,Zainab Ali,2025-09-21,Football,Sports,8,3524.3,28194.4,Gujranwala,Debit Card
ORD01620,CUST0899,Saad Khan,2025-05-09,Perfume,Beauty,4,10861.32,43445.28,Islamabad,Credit Card
ORD01621,CUST0432,Ayesha Khan,2025-10-17,T-Shirt,Clothing,7,4024.1,28168.7,Rawalpindi,Debit Card
ORD01622,CUST2130,Saad Khan,2026-08-28,Jacket,Clothing,8,8600.76,68806.08,Sialkot,Debit Card
ORD01623,CUST0141,Hira Shah,2026-08-17,Jacket,Clothing,3,9908.29,29724.87,Lahore,Credit Card
ORD01624,CUST0664,Hira Shah,2025-09-01,T-Shirt,Clothing,1,1743.23,1743.23,Multan,Cash
ORD01625,CUST2365,Hira Shah,2025-07-12,Lipstick,Beauty,6,2193.46,13160.76,Quetta,Credit Card
ORD01626,CUST1145,Saad Khan,2025-05-01,Biscuits,Grocery,8,115.7,925.6,Multan,Debit Card
ORD01627,CUST1870,Hamza Shah,2026-07-17,Jacket,Clothing,8,8773.76,70190.08,Multan,EasyPaisa
ORD01628,CUST2226,Bilal Ahmed,2025-01-27,Blender,Home & Kitchen,7,15165.41,106157.87,Karachi,Credit Card
ORD01629,CUST1424,Sana Malik,2025-05-10,Rice,Grocery,5,316.15,1580.75,Quetta,JazzCash
ORD01630,CUST2093,Omar Farooq,2026-02-12,Perfume,Beauty,3,19410.12,58230.36,Islamabad,Bank Transfer
ORD01631,CUST2462,Bilal Ahmed,2026-06-23,T-Shirt,Clothing,6,1954.97,11729.82,Sialkot,EasyPaisa
ORD01632,CUST0944,Saad Khan,2026-07-07,Perfume,Beauty,6,16504.55,99027.3,Islamabad,Debit Card
ORD01633,CUST2216,Danish Ahmed,2025-06-05,T-Shirt,Clothing,4,3785.51,15142.04,Peshawar,Credit Card
ORD01634,CUST1597,Saad Khan,2025-10-31,Blender,Home & Kitchen,7,17467.74,122274.18,Peshawar,JazzCash
ORD01635,CUST0307,Fatima Ahmed,2025-01-01,Tea,Grocery,5,422.51,2112.55,Gujranwala,Bank Transfer
ORD01636,CUST1681,Bilal Ahmed,2025-03-02,Microwave,Home & Kitchen,2,47537.67,95075.34,Islamabad,JazzCash
ORD01637,CUST1602,Abdullah Raza,2026-03-06,Jeans,Clothing,3,5043.05,15129.15,Rawalpindi,Credit Card
ORD01638,CUST1645,Hamza Shah,2025-05-24,Blender,Home & Kitchen,5,7941.97,39709.85,Sialkot,Bank Transfer
ORD01639,CUST0045,Hamza Shah,2025-12-02,Jeans,Clothing,5,5381.98,26909.9,Gujranwala,Debit Card
ORD01640,CUST1796,Sana Malik,2025-08-26,Perfume,Beauty,8,16004.02,128032.16,Karachi,EasyPaisa
ORD01641,CUST1115,Ahmed Raza,2025-12-16,Yoga Mat,Sports,2,3271.84,6543.68,Peshawar,Debit Card
ORD01642,CUST1193,Ayesha Khan,2026-05-14,Keyboard,Electronics,3,6398.52,19195.56,Gujranwala,Cash
ORD01643,CUST2026,Sara Khan,2025-09-05,Keyboard,Electronics,6,7834.82,47008.92,Peshawar,Cash
ORD01644,CUST1031,Saad Khan,2025-10-10,Football,Sports,5,7123.59,35617.95,Multan,JazzCash
ORD01645,CUST0415,Talha Malik,2025-01-14,Cricket Ball,Sports,2,2466.17,4932.34,Rawalpindi,EasyPaisa
ORD01646,CUST1999,Huzaifa Ali,2025-04-17,Cooking Oil,Grocery,5,1091.08,5455.4,Sialkot,EasyPaisa
ORD01647,CUST2465,Hamza Shah,2025-02-13,Biscuits,Grocery,7,179.74,1258.18,Sialkot,Bank Transfer
ORD01648,CUST2377,Danish Ahmed,2026-01-05,Smart Watch,Electronics,4,8796.54,35186.16,Peshawar,JazzCash
ORD01649,CUST2349,Saad Khan,2026-04-17,Football,Sports,8,3757.48,30059.84,Lahore,JazzCash
ORD01650,CUST2323,Hassan Ali,2025-08-10,Running Shoes,Sports,1,18050.44,18050.44,Lahore,Bank Transfer
ORD01651,CUST1871,Fatima Ahmed,2025-01-30,Blender,Home & Kitchen,7,8799.6,61597.2,Multan,Bank Transfer
ORD01652,CUST1827,Ahmed Raza,2025-10-11,Air Fryer,Home & Kitchen,4,34392.33,137569.32,Multan,JazzCash
ORD01653,CUST2288,Huzaifa Ali,2025-08-03,Cricket Ball,Sports,3,2037.22,6111.66,Multan,Bank Transfer
ORD01654,CUST0365,Zainab Ali,2026-05-27,Tea,Grocery,3,1002.87,3008.61,Multan,EasyPaisa
ORD01655,CUST0371,Hira Shah,2025-04-14,Face Wash,Beauty,5,1291.34,6456.7,Multan,EasyPaisa
ORD01656,CUST1085,Talha Malik,2025-07-27,Cereal,Grocery,7,604.81,4233.67,Multan,Debit Card
ORD01657,CUST0066,Hamza Shah,2025-11-27,Tea,Grocery,3,979.29,2937.87,Rawalpindi,EasyPaisa
ORD01658,CUST2205,Hassan Ali,2026-07-28,Dinner Set,Home & Kitchen,5,15203.65,76018.25,Peshawar,EasyPaisa
ORD01659,CUST1658,Fatima Ahmed,2026-09-05,Football,Sports,2,2791.03,5582.06,Islamabad,Bank Transfer
ORD01660,CUST0425,Sana Malik,2026-01-30,Dinner Set,Home & Kitchen,3,9660.79,28982.37,Sialkot,EasyPaisa
ORD01661,CUST1008,Huzaifa Ali,2025-02-11,Tablet,Electronics,8,119943.89,959551.12,Islamabad,Bank Transfer
ORD01662,CUST0926,Maryam Ahmed,2025-09-09,Blender,Home & Kitchen,4,11428.41,45713.64,Rawalpindi,Credit Card
ORD01663,CUST1980,Maryam Ahmed,2026-09-19,Tablet,Electronics,1,44368.02,44368.02,Peshawar,EasyPaisa
ORD01664,CUST2380,Hira Shah,2026-06-16,Skin Cream,Beauty,3,1526.63,4579.89,Sialkot,JazzCash
ORD01665,CUST1767,Maham Raza,2025-09-27,Cricket Ball,Sports,6,1913.49,11480.94,Multan,Credit Card
ORD01666,CUST1012,Huzaifa Ali,2025-11-26,Dinner Set,Home & Kitchen,3,9713.19,29139.57,Sialkot,Credit Card
ORD01667,CUST1285,Hamza Shah,2026-07-03,Mouse,Electronics,8,7895.63,63165.04,Sialkot,Credit Card
ORD01668,CUST1103,Abdullah Raza,2026-04-22,Cricket Ball,Sports,4,1935.13,7740.52,Lahore,JazzCash
ORD01669,CUST0702,Ali Khan,2025-03-08,Lipstick,Beauty,7,2239.97,15679.79,Gujranwala,JazzCash
ORD01670,CUST0262,Maham Raza,2025-06-01,Perfume,Beauty,8,18177.23,145417.84,Karachi,Bank Transfer
ORD01671,CUST2011,Sara Khan,2026-09-05,Dinner Set,Home & Kitchen,1,8032.19,8032.19,Islamabad,JazzCash
ORD01672,CUST0953,Abdullah Raza,2025-12-05,Shoes,Clothing,5,9816.16,49080.8,Gujranwala,JazzCash
ORD01673,CUST2497,Ahmed Raza,2025-01-07,Hoodie,Clothing,6,9851.34,59108.04,Multan,EasyPaisa
ORD01674,CUST1695,Hassan Ali,2026-06-27,Mouse,Electronics,2,7836.95,15673.9,Rawalpindi,Credit Card
ORD01675,CUST0490,Zainab Ali,2026-05-22,Face Wash,Beauty,1,2589.35,2589.35,Karachi,Cash
ORD01676,CUST1562,Talha Malik,2026-02-22,Biscuits,Grocery,7,225.23,1576.61,Islamabad,Debit Card
ORD01677,CUST1033,Talha Malik,2026-03-17,T-Shirt,Clothing,3,2382.54,7147.62,Karachi,Credit Card
ORD01678,CUST1392,Maryam Ahmed,2025-03-25,Coffee Maker,Home & Kitchen,6,11613.97,69683.82,Karachi,EasyPaisa
ORD01679,CUST0243,Maham Raza,2026-07-25,Blender,Home & Kitchen,1,16430.92,16430.92,Karachi,Credit Card
ORD01680,CUST1255,Ali Khan,2026-01-29,Smart Watch,Electronics,6,5503.14,33018.84,Sialkot,EasyPaisa
ORD01681,CUST2041,Hassan Ali,2026-09-28,Blender,Home & Kitchen,4,17424.25,69697.0,Gujranwala,Credit Card
ORD01682,CUST1533,Abdullah Raza,2026-09-07,Blender,Home & Kitchen,3,16337.26,49011.78,Islamabad,JazzCash
ORD01683,CUST0159,Huzaifa Ali,2025-02-01,Cricket Bat,Sports,8,14161.23,113289.84,Karachi,Debit Card
ORD01684,CUST2124,Hassan Ali,2026-08-28,Blender,Home & Kitchen,3,9537.7,28613.1,Karachi,JazzCash
ORD01685,CUST2245,Hira Shah,2026-04-11,Hoodie,Clothing,6,3664.39,21986.34,Quetta,Cash
ORD01686,CUST0580,Ayesha Khan,2026-01-10,Yoga Mat,Sports,4,1327.32,5309.28,Quetta,Credit Card
ORD01687,CUST0405,Saad Khan,2026-08-29,Rice,Grocery,8,447.08,3576.64,Karachi,Bank Transfer
ORD01688,CUST0824,Sana Malik,2026-07-14,Cricket Ball,Sports,7,2323.73,16266.11,Multan,Credit Card
ORD01689,CUST1783,Hira Shah,2026-02-18,Cooking Oil,Grocery,7,792.96,5550.72,Karachi,JazzCash
ORD01690,CUST1593,Sana Malik,2026-09-17,Headphones,Electronics,8,5368.76,42950.08,Quetta,Debit Card
ORD01691,CUST0366,Sana Malik,2025-07-12,Football,Sports,1,4929.08,4929.08,Sialkot,Bank Transfer
ORD01692,CUST2189,Ali Khan,2025-02-19,Skin Cream,Beauty,6,1445.44,8672.64,Lahore,Debit Card
ORD01693,CUST2083,Saad Khan,2026-03-21,Cooking Oil,Grocery,1,851.77,851.77,Islamabad,EasyPaisa
ORD01694,CUST1873,Hassan Ali,2025-04-12,Vacuum Cleaner,Home & Kitchen,4,46463.24,185852.96,Rawalpindi,Bank Transfer
ORD01695,CUST2340,Danish Ahmed,2025-07-31,Blender,Home & Kitchen,8,14282.45,114259.6,Lahore,Cash
ORD01696,CUST0020,Ayesha Khan,2025-10-25,Cooking Oil,Grocery,2,1400.32,2800.64,Multan,Credit Card
ORD01697,CUST0639,Bilal Ahmed,2025-02-15,Cooking Oil,Grocery,7,871.78,6102.46,Sialkot,Credit Card
ORD01698,CUST1269,Omar Farooq,2026-08-08,Shampoo,Beauty,7,3157.64,22103.48,Faisalabad,JazzCash
ORD01699,CUST1140,Omar Farooq,2026-01-22,Football,Sports,7,4203.27,29422.89,Quetta,Debit Card
ORD01700,CUST1840,Bilal Ahmed,2025-02-12,Perfume,Beauty,7,13464.4,94250.8,Rawalpindi,Cash
ORD01701,CUST0752,Huzaifa Ali,2025-03-10,Football,Sports,8,2249.31,17994.48,Multan,Credit Card
ORD01702,CUST2197,Sana Malik,2025-10-19,Cricket Ball,Sports,7,2410.63,16874.41,Faisalabad,EasyPaisa
ORD01703,CUST0355,Huzaifa Ali,2025-07-26,Blender,Home & Kitchen,7,14892.86,104250.02,Quetta,Credit Card
ORD01704,CUST0448,Hamza Shah,2026-05-06,Hoodie,Clothing,8,9966.69,79733.52,Rawalpindi,Cash
ORD01705,CUST1786,Danish Ahmed,2025-09-05,Cooking Oil,Grocery,2,583.61,1167.22,Multan,JazzCash
ORD01706,CUST0775,Omar Farooq,2026-05-31,Cricket Bat,Sports,1,12724.52,12724.52,Multan,Cash
ORD01707,CUST0719,Maham Raza,2025-09-14,Perfume,Beauty,6,19100.31,114601.86,Quetta,Credit Card
ORD01708,CUST2071,Usman Malik,2025-10-26,Football,Sports,3,4043.53,12130.59,Rawalpindi,Credit Card
ORD01709,CUST1805,Usman Malik,2025-01-26,Cricket Bat,Sports,8,10389.55,83116.4,Rawalpindi,EasyPaisa
ORD01710,CUST1301,Ahmed Raza,2026-07-15,Shampoo,Beauty,3,2214.87,6644.61,Karachi,Bank Transfer
ORD01711,CUST0696,Zainab Ali,2026-09-26,Headphones,Electronics,1,16746.3,16746.3,Multan,Cash
ORD01712,CUST0015,Abdullah Raza,2026-01-26,T-Shirt,Clothing,1,3800.4,3800.4,Lahore,JazzCash
ORD01713,CUST2235,Usman Malik,2026-08-01,Perfume,Beauty,1,17497.55,17497.55,Lahore,Bank Transfer
ORD01714,CUST1585,Maryam Ahmed,2026-09-23,Biscuits,Grocery,5,211.2,1056.0,Rawalpindi,Bank Transfer
ORD01715,CUST0628,Maryam Ahmed,2026-05-06,Biscuits,Grocery,8,112.51,900.08,Gujranwala,Debit Card
ORD01716,CUST1054,Hassan Ali,2026-02-02,Jeans,Clothing,3,4364.61,13093.83,Multan,Bank Transfer
ORD01717,CUST1884,Sara Khan,2025-02-13,Headphones,Electronics,3,24649.89,73949.67,Gujranwala,Credit Card
ORD01718,CUST1663,Sara Khan,2025-08-02,Cooking Oil,Grocery,6,1340.14,8040.84,Peshawar,JazzCash
ORD01719,CUST1490,Zainab Ali,2026-04-20,Running Shoes,Sports,7,13321.75,93252.25,Multan,Bank Transfer
ORD01720,CUST0889,Omar Farooq,2025-09-09,Cooking Oil,Grocery,4,1223.31,4893.24,Sialkot,Credit Card
ORD01721,CUST1673,Maham Raza,2026-07-16,Yoga Mat,Sports,8,2817.07,22536.56,Faisalabad,Credit Card
ORD01722,CUST1689,Ahmed Raza,2025-11-04,Cooking Oil,Grocery,8,970.23,7761.84,Rawalpindi,Credit Card
ORD01723,CUST1769,Hassan Ali,2026-06-14,Dinner Set,Home & Kitchen,7,18238.79,127671.53,Quetta,Cash
ORD01724,CUST2308,Bilal Ahmed,2025-10-07,Cricket Bat,Sports,3,11491.35,34474.05,Peshawar,EasyPaisa
ORD01725,CUST0535,Talha Malik,2025-09-09,Jeans,Clothing,8,5173.38,41387.04,Multan,EasyPaisa
ORD01726,CUST0268,Usman Malik,2025-04-10,Skin Cream,Beauty,1,3861.87,3861.87,Lahore,Cash
ORD01727,CUST0832,Bilal Ahmed,2026-01-01,Tablet,Electronics,6,105260.09,631560.54,Rawalpindi,Debit Card
ORD01728,CUST1830,Talha Malik,2026-08-21,Tablet,Electronics,6,82323.17,493939.02,Multan,Bank Transfer
ORD01729,CUST0669,Sara Khan,2025-06-05,Jacket,Clothing,3,8245.37,24736.11,Karachi,EasyPaisa
ORD01730,CUST1022,Hamza Shah,2025-10-15,Lipstick,Beauty,8,1053.98,8431.84,Islamabad,JazzCash
ORD01731,CUST1554,Talha Malik,2026-04-30,Mouse,Electronics,7,1083.52,7584.64,Islamabad,Cash
ORD01732,CUST0082,Talha Malik,2026-04-04,Shampoo,Beauty,3,3299.73,9899.19,Sialkot,Debit Card
ORD01733,CUST0553,Danish Ahmed,2025-07-01,Blender,Home & Kitchen,2,16524.38,33048.76,Faisalabad,Bank Transfer
ORD01734,CUST1198,Usman Malik,2025-11-25,Cooking Oil,Grocery,4,610.97,2443.88,Multan,EasyPaisa
ORD01735,CUST1496,Fatima Ahmed,2025-06-23,Rice,Grocery,7,592.02,4144.14,Rawalpindi,EasyPaisa
ORD01736,CUST1305,Hassan Ali,2026-05-17,Dinner Set,Home & Kitchen,1,18468.48,18468.48,Lahore,Bank Transfer
ORD01737,CUST0166,Fatima Ahmed,2025-12-12,Jacket,Clothing,7,7683.59,53785.13,Quetta,Bank Transfer
ORD01738,CUST2350,Ali Khan,2025-01-11,Tablet,Electronics,3,75127.41,225382.23,Faisalabad,JazzCash
ORD01739,CUST1537,Zainab Ali,2025-10-04,Shoes,Clothing,1,11360.37,11360.37,Multan,EasyPaisa
ORD01740,CUST1072,Huzaifa Ali,2025-12-21,Sugar,Grocery,3,326.82,980.46,Rawalpindi,JazzCash
ORD01741,CUST1306,Saad Khan,2025-03-28,Air Fryer,Home & Kitchen,8,13916.04,111328.32,Karachi,Cash
ORD01742,CUST0267,Bilal Ahmed,2026-01-18,T-Shirt,Clothing,3,2123.25,6369.75,Sialkot,Credit Card
ORD01743,CUST0289,Bilal Ahmed,2025-12-16,Mouse,Electronics,1,1342.96,1342.96,Sialkot,Bank Transfer
ORD01744,CUST0500,Ahmed Raza,2026-09-20,Cereal,Grocery,2,1360.74,2721.48,Islamabad,Credit Card
ORD01745,CUST1774,Ayesha Khan,2025-01-04,Football,Sports,2,2706.24,5412.48,Rawalpindi,Cash
ORD01746,CUST0809,Talha Malik,2026-05-03,Football,Sports,4,4014.86,16059.44,Sialkot,Bank Transfer
ORD01747,CUST0758,Saad Khan,2026-03-30,Shoes,Clothing,1,9337.4,9337.4,Lahore,Cash
ORD01748,CUST0311,Omar Farooq,2025-05-07,Jeans,Clothing,4,4211.2,16844.8,Islamabad,Debit Card
ORD01749,CUST1689,Saad Khan,2026-09-08,Jeans,Clothing,5,5065.34,25326.7,Faisalabad,Credit Card
ORD01750,CUST0029,Fatima Ahmed,2026-06-28,Tea,Grocery,4,1042.02,4168.08,Faisalabad,Credit Card
ORD01751,CUST1762,Usman Malik,2025-03-03,Laptop,Electronics,6,81300.94,487805.64,Quetta,Cash
ORD01752,CUST0270,Abdullah Raza,2026-09-13,Football,Sports,6,3569.59,21417.54,Faisalabad,Bank Transfer
ORD01753,CUST2047,Sana Malik,2026-01-15,Coffee Maker,Home & Kitchen,8,15236.59,121892.72,Quetta,Debit Card
ORD01754,CUST1446,Sara Khan,2025-02-13,Face Wash,Beauty,3,1070.28,3210.84,Quetta,JazzCash
ORD01755,CUST0626,Bilal Ahmed,2026-04-09,Coffee Maker,Home & Kitchen,8,17663.35,141306.8,Peshawar,JazzCash
ORD01756,CUST0612,Hira Shah,2026-01-26,Mouse,Electronics,6,1803.91,10823.46,Multan,Cash
ORD01757,CUST0754,Omar Farooq,2026-08-31,Cereal,Grocery,3,1395.9,4187.7,Karachi,Cash
ORD01758,CUST0089,Talha Malik,2025-07-22,Sugar,Grocery,6,187.47,1124.82,Peshawar,Credit Card
ORD01759,CUST2486,Talha Malik,2026-05-14,Dinner Set,Home & Kitchen,4,8442.71,33770.84,Peshawar,JazzCash
ORD01760,CUST0435,Usman Malik,2025-12-28,Shoes,Clothing,1,24320.2,24320.2,Multan,Bank Transfer
ORD01761,CUST2025,Omar Farooq,2026-06-16,Biscuits,Grocery,4,122.33,489.32,Peshawar,JazzCash
ORD01762,CUST1758,Danish Ahmed,2025-11-15,Tablet,Electronics,6,83150.86,498905.16,Karachi,EasyPaisa
ORD01763,CUST1514,Abdullah Raza,2025-05-12,Hoodie,Clothing,6,4614.23,27685.38,Quetta,Cash
ORD01764,CUST1337,Ayesha Khan,2025-08-03,Headphones,Electronics,4,12675.23,50700.92,Multan,Bank Transfer
ORD01765,CUST0521,Zainab Ali,2025-07-19,Tea,Grocery,6,799.5,4797.0,Sialkot,Credit Card
ORD01766,CUST2308,Talha Malik,2026-05-16,Yoga Mat,Sports,4,4046.94,16187.76,Lahore,Debit Card
ORD01767,CUST0334,Saad Khan,2025-11-26,Perfume,Beauty,3,9222.51,27667.53,Quetta,JazzCash
ORD01768,CUST1132,Bilal Ahmed,2025-07-17,Shampoo,Beauty,7,794.08,5558.56,Multan,Cash
ORD01769,CUST1459,Danish Ahmed,2025-12-02,Cooking Oil,Grocery,1,723.33,723.33,Quetta,EasyPaisa
ORD01770,CUST2478,Huzaifa Ali,2025-11-18,Jacket,Clothing,8,17393.35,139146.8,Rawalpindi,Bank Transfer
ORD01771,CUST0799,Saad Khan,2025-03-04,Hoodie,Clothing,5,7038.11,35190.55,Gujranwala,Debit Card
ORD01772,CUST1070,Omar Farooq,2025-11-02,Shoes,Clothing,1,12305.81,12305.81,Islamabad,Debit Card
ORD01773,CUST1510,Maryam Ahmed,2025-03-22,Laptop,Electronics,7,187294.29,1311060.03,Islamabad,JazzCash
ORD01774,CUST0442,Fatima Ahmed,2025-11-18,Running Shoes,Sports,8,15660.55,125284.4,Quetta,Debit Card
ORD01775,CUST0527,Zainab Ali,2026-08-24,Hoodie,Clothing,3,5900.0,17700.0,Lahore,Cash
ORD01776,CUST0581,Zainab Ali,2026-01-13,Mouse,Electronics,8,3151.07,25208.56,Peshawar,EasyPaisa
ORD01777,CUST0730,Zainab Ali,2026-02-10,Keyboard,Electronics,6,6059.73,36358.38,Sialkot,Cash
ORD01778,CUST0229,Bilal Ahmed,2026-06-08,Cricket Ball,Sports,1,1148.03,1148.03,Quetta,Cash
ORD01779,CUST0377,Maham Raza,2025-08-29,Smartphone,Electronics,3,48493.34,145480.02,Multan,Debit Card
ORD01780,CUST1641,Huzaifa Ali,2026-05-20,Headphones,Electronics,2,11948.26,23896.52,Lahore,EasyPaisa
ORD01781,CUST0367,Omar Farooq,2026-07-16,Cereal,Grocery,3,1268.7,3806.1,Quetta,Credit Card
ORD01782,CUST0981,Ahmed Raza,2025-08-21,Mouse,Electronics,5,7362.26,36811.3,Gujranwala,Cash
ORD01783,CUST0174,Ahmed Raza,2026-05-06,Keyboard,Electronics,4,10350.38,41401.52,Rawalpindi,Credit Card
ORD01784,CUST1622,Ali Khan,2026-02-01,Jeans,Clothing,6,5753.8,34522.8,Gujranwala,Debit Card
ORD01785,CUST0279,Ahmed Raza,2026-07-18,Rice,Grocery,7,618.3,4328.1,Rawalpindi,EasyPaisa
ORD01786,CUST1432,Usman Malik,2025-01-08,Smartphone,Electronics,8,60573.43,484587.44,Sialkot,Debit Card
ORD01787,CUST0031,Danish Ahmed,2026-07-04,Face Wash,Beauty,3,1492.95,4478.85,Faisalabad,Debit Card
ORD01788,CUST2489,Fatima Ahmed,2025-07-26,Shampoo,Beauty,3,2081.55,6244.65,Multan,Credit Card
ORD01789,CUST0119,Maryam Ahmed,2026-04-08,Air Fryer,Home & Kitchen,5,21030.55,105152.75,Sialkot,Bank Transfer
ORD01790,CUST0462,Ahmed Raza,2025-07-09,Yoga Mat,Sports,4,4850.08,19400.32,Peshawar,Cash
ORD01791,CUST2430,Sana Malik,2025-08-08,Cricket Bat,Sports,5,7403.14,37015.7,Multan,JazzCash
ORD01792,CUST2094,Ali Khan,2025-08-11,Keyboard,Electronics,5,8074.24,40371.2,Faisalabad,Cash
ORD01793,CUST1592,Zainab Ali,2026-05-27,Jeans,Clothing,4,8092.33,32369.32,Quetta,JazzCash
ORD01794,CUST2445,Sana Malik,2026-07-29,Face Wash,Beauty,8,2802.05,22416.4,Rawalpindi,Cash
ORD01795,CUST0205,Ali Khan,2026-09-27,Perfume,Beauty,1,17977.22,17977.22,Faisalabad,Cash
ORD01796,CUST0220,Maham Raza,2025-04-10,Coffee Maker,Home & Kitchen,3,15772.68,47318.04,Rawalpindi,Bank Transfer
ORD01797,CUST1147,Sara Khan,2025-03-19,Shoes,Clothing,6,19320.62,115923.72,Lahore,Debit Card
ORD01798,CUST0839,Hamza Shah,2026-04-13,Laptop,Electronics,5,124369.02,621845.1,Lahore,JazzCash
ORD01799,CUST2375,Huzaifa Ali,2026-04-12,T-Shirt,Clothing,4,1627.83,6511.32,Faisalabad,Debit Card
ORD01800,CUST0883,Usman Malik,2025-06-06,Keyboard,Electronics,2,7413.92,14827.84,Peshawar,Bank Transfer
ORD01801,CUST1690,Hassan Ali,2026-04-22,Rice,Grocery,7,270.44,1893.08,Lahore,EasyPaisa
ORD01802,CUST1963,Omar Farooq,2025-10-16,Keyboard,Electronics,5,2161.61,10808.05,Faisalabad,Cash
ORD01803,CUST1835,Ali Khan,2025-08-29,Cricket Ball,Sports,4,2426.38,9705.52,Lahore,EasyPaisa
ORD01804,CUST0194,Sana Malik,2025-08-26,Biscuits,Grocery,8,288.04,2304.32,Multan,Cash
ORD01805,CUST0672,Maham Raza,2026-07-12,Shampoo,Beauty,8,1923.15,15385.2,Multan,Bank Transfer
ORD01806,CUST0713,Abdullah Raza,2026-02-21,Skin Cream,Beauty,6,1326.49,7958.94,Peshawar,Debit Card
ORD01807,CUST2222,Sara Khan,2026-05-22,Tea,Grocery,3,990.58,2971.74,Multan,JazzCash
ORD01808,CUST1470,Maryam Ahmed,2025-12-07,Smart Watch,Electronics,3,15128.01,45384.03,Quetta,EasyPaisa
ORD01809,CUST0595,Danish Ahmed,2026-06-03,Cricket Bat,Sports,6,22574.3,135445.8,Multan,EasyPaisa
ORD01810,CUST1624,Usman Malik,2025-07-30,Cricket Bat,Sports,3,21724.15,65172.45,Peshawar,Cash
ORD01811,CUST0017,Fatima Ahmed,2026-08-13,Skin Cream,Beauty,2,880.51,1761.02,Gujranwala,Bank Transfer
ORD01812,CUST0479,Zainab Ali,2026-05-16,Jeans,Clothing,6,6946.07,41676.42,Multan,EasyPaisa
ORD01813,CUST2364,Maham Raza,2025-08-13,Biscuits,Grocery,7,214.22,1499.54,Peshawar,Bank Transfer
ORD01814,CUST0772,Ali Khan,2025-06-09,Smartphone,Electronics,8,124272.75,994182.0,Gujranwala,Cash
ORD01815,CUST1664,Sana Malik,2025-09-05,Cooking Oil,Grocery,5,1415.84,7079.2,Rawalpindi,EasyPaisa
ORD01816,CUST0067,Ali Khan,2025-01-25,Football,Sports,4,7685.08,30740.32,Faisalabad,Cash
ORD01817,CUST1039,Maryam Ahmed,2025-03-10,Jeans,Clothing,2,7879.77,15759.54,Karachi,JazzCash
ORD01818,CUST1589,Maham Raza,2025-12-18,Vacuum Cleaner,Home & Kitchen,5,33135.04,165675.2,Rawalpindi,Debit Card
ORD01819,CUST2431,Ahmed Raza,2026-09-22,Biscuits,Grocery,8,197.42,1579.36,Quetta,Cash
ORD01820,CUST1572,Huzaifa Ali,2026-04-30,Tea,Grocery,5,616.35,3081.75,Karachi,JazzCash
ORD01821,CUST0112,Hira Shah,2026-05-18,Yoga Mat,Sports,6,4101.16,24606.96,Lahore,JazzCash
ORD01822,CUST1006,Hamza Shah,2025-03-26,Headphones,Electronics,2,9434.3,18868.6,Quetta,JazzCash
ORD01823,CUST1323,Sana Malik,2025-02-05,Cricket Ball,Sports,8,982.76,7862.08,Gujranwala,Bank Transfer
ORD01824,CUST0526,Abdullah Raza,2025-01-11,Cooking Oil,Grocery,2,1113.72,2227.44,Lahore,EasyPaisa
ORD01825,CUST2315,Hira Shah,2025-10-09,Rice,Grocery,8,526.14,4209.12,Gujranwala,Bank Transfer
ORD01826,CUST2012,Hassan Ali,2026-06-14,Football,Sports,2,3145.83,6291.66,Quetta,Debit Card
ORD01827,CUST0450,Bilal Ahmed,2026-03-13,T-Shirt,Clothing,6,2303.09,13818.54,Karachi,Credit Card
ORD01828,CUST1544,Ahmed Raza,2025-06-30,Sugar,Grocery,7,212.26,1485.82,Faisalabad,Credit Card
ORD01829,CUST1822,Hamza Shah,2025-08-23,Jacket,Clothing,8,16117.92,128943.36,Karachi,Credit Card
ORD01830,CUST2033,Maham Raza,2026-03-25,Jeans,Clothing,1,7312.32,7312.32,Peshawar,Cash
ORD01831,CUST0436,Sara Khan,2026-07-11,Yoga Mat,Sports,6,5488.45,32930.7,Quetta,Cash
ORD01832,CUST0267,Usman Malik,2025-03-10,Coffee Maker,Home & Kitchen,7,19817.48,138722.36,Faisalabad,Bank Transfer
ORD01833,CUST0496,Ali Khan,2025-05-21,Coffee Maker,Home & Kitchen,4,16230.52,64922.08,Islamabad,Cash
ORD01834,CUST1530,Huzaifa Ali,2026-07-14,Face Wash,Beauty,8,2161.6,17292.8,Faisalabad,JazzCash
ORD01835,CUST2293,Ahmed Raza,2025-04-29,Mouse,Electronics,7,5525.09,38675.63,Rawalpindi,Credit Card
ORD01836,CUST1524,Ahmed Raza,2025-01-12,Jacket,Clothing,7,5865.01,41055.07,Gujranwala,Cash
ORD01837,CUST0562,Zainab Ali,2025-11-07,Smart Watch,Electronics,1,31636.45,31636.45,Rawalpindi,JazzCash
ORD01838,CUST0878,Hamza Shah,2026-05-06,Jeans,Clothing,8,6816.24,54529.92,Islamabad,JazzCash
ORD01839,CUST0521,Saad Khan,2025-05-30,Skin Cream,Beauty,2,4392.38,8784.76,Islamabad,Cash
ORD01840,CUST0675,Ayesha Khan,2026-08-03,Biscuits,Grocery,2,297.47,594.94,Peshawar,Bank Transfer
ORD01841,CUST1769,Ahmed Raza,2025-03-03,Microwave,Home & Kitchen,7,44495.22,311466.54,Multan,JazzCash
ORD01842,CUST1843,Danish Ahmed,2026-02-05,Smartphone,Electronics,6,129106.68,774640.08,Rawalpindi,Bank Transfer
ORD01843,CUST0989,Danish Ahmed,2025-06-11,Shoes,Clothing,7,16527.71,115693.97,Gujranwala,Debit Card
ORD01844,CUST0272,Huzaifa Ali,2026-03-04,Rice,Grocery,1,488.01,488.01,Karachi,Bank Transfer
ORD01845,CUST1903,Zainab Ali,2025-10-15,T-Shirt,Clothing,7,2604.18,18229.26,Faisalabad,EasyPaisa
ORD01846,CUST1998,Hira Shah,2026-06-08,Shampoo,Beauty,8,3266.05,26128.4,Sialkot,Bank Transfer
ORD01847,CUST1381,Usman Malik,2026-04-26,Skin Cream,Beauty,3,3277.17,9831.51,Quetta,Debit Card
ORD01848,CUST1099,Fatima Ahmed,2025-09-15,Skin Cream,Beauty,2,3350.38,6700.76,Faisalabad,EasyPaisa
ORD01849,CUST2319,Omar Farooq,2025-09-03,Face Wash,Beauty,6,1282.63,7695.78,Multan,Debit Card
ORD01850,CUST1081,Danish Ahmed,2025-10-13,Jacket,Clothing,7,11247.4,78731.8,Peshawar,Bank Transfer
ORD01851,CUST0779,Maham Raza,2025-10-30,Cricket Bat,Sports,3,19902.91,59708.73,Gujranwala,EasyPaisa
ORD01852,CUST1194,Ayesha Khan,2025-05-01,Microwave,Home & Kitchen,3,43536.98,130610.94,Rawalpindi,EasyPaisa
ORD01853,CUST1007,Hira Shah,2026-01-19,Cricket Ball,Sports,8,866.16,6929.28,Quetta,Bank Transfer
ORD01854,CUST1044,Danish Ahmed,2025-05-30,Dinner Set,Home & Kitchen,6,11345.27,68071.62,Karachi,Debit Card
ORD01855,CUST0273,Omar Farooq,2025-01-04,Headphones,Electronics,7,24860.65,174024.55,Faisalabad,JazzCash
ORD01856,CUST2325,Sara Khan,2026-06-08,Biscuits,Grocery,5,195.9,979.5,Rawalpindi,Debit Card
ORD01857,CUST0443,Talha Malik,2026-09-02,Headphones,Electronics,8,19773.1,158184.8,Peshawar,JazzCash
ORD01858,CUST0224,Ahmed Raza,2026-01-06,Blender,Home & Kitchen,2,6816.46,13632.92,Karachi,Debit Card
ORD01859,CUST1734,Omar Farooq,2025-04-09,Smart Watch,Electronics,3,26408.91,79226.73,Lahore,Bank Transfer
ORD01860,CUST1165,Sara Khan,2025-10-11,Perfume,Beauty,6,2672.48,16034.88,Rawalpindi,Credit Card
ORD01861,CUST1449,Ayesha Khan,2026-07-20,Hoodie,Clothing,5,7027.46,35137.3,Islamabad,Cash
ORD01862,CUST1570,Omar Farooq,2025-06-25,Skin Cream,Beauty,4,2061.89,8247.56,Gujranwala,EasyPaisa
ORD01863,CUST0511,Hamza Shah,2026-05-13,Smartphone,Electronics,5,39132.55,195662.75,Rawalpindi,JazzCash
ORD01864,CUST0903,Fatima Ahmed,2025-06-27,Jeans,Clothing,3,5486.79,16460.37,Karachi,Cash
ORD01865,CUST0875,Ayesha Khan,2026-04-02,Jacket,Clothing,7,10092.71,70648.97,Karachi,Cash
ORD01866,CUST1558,Ali Khan,2026-01-29,Cereal,Grocery,3,888.55,2665.65,Gujranwala,Debit Card
ORD01867,CUST0085,Talha Malik,2025-11-26,Shoes,Clothing,6,12606.31,75637.86,Gujranwala,EasyPaisa
ORD01868,CUST0317,Danish Ahmed,2025-05-28,Sugar,Grocery,6,301.64,1809.84,Peshawar,Credit Card
ORD01869,CUST1123,Ayesha Khan,2026-02-19,Cooking Oil,Grocery,6,717.93,4307.58,Faisalabad,Credit Card
ORD01870,CUST1000,Usman Malik,2026-07-31,Biscuits,Grocery,1,269.43,269.43,Quetta,Bank Transfer
ORD01871,CUST0084,Talha Malik,2026-01-26,Headphones,Electronics,6,18220.55,109323.3,Peshawar,Bank Transfer
ORD01872,CUST0937,Fatima Ahmed,2025-12-23,Sugar,Grocery,5,172.37,861.85,Multan,Debit Card
ORD01873,CUST1563,Maham Raza,2025-02-07,Cooking Oil,Grocery,4,668.54,2674.16,Lahore,Credit Card
ORD01874,CUST2265,Ahmed Raza,2026-09-23,Keyboard,Electronics,2,11116.42,22232.84,Faisalabad,Cash
ORD01875,CUST1786,Fatima Ahmed,2025-05-26,Shampoo,Beauty,5,1913.99,9569.95,Islamabad,Credit Card
ORD01876,CUST0378,Danish Ahmed,2025-08-26,Tea,Grocery,2,449.97,899.94,Lahore,EasyPaisa
ORD01877,CUST0688,Ayesha Khan,2026-03-10,Cricket Bat,Sports,8,9341.35,74730.8,Lahore,Credit Card
ORD01878,CUST0733,Huzaifa Ali,2025-10-03,Perfume,Beauty,2,3679.19,7358.38,Karachi,JazzCash
ORD01879,CUST0766,Ayesha Khan,2026-07-01,Shampoo,Beauty,3,2697.3,8091.9,Lahore,Debit Card
ORD01880,CUST2067,Ahmed Raza,2026-05-28,Jacket,Clothing,1,11185.44,11185.44,Peshawar,Credit Card
ORD01881,CUST2495,Maham Raza,2025-09-05,T-Shirt,Clothing,3,2982.45,8947.35,Sialkot,Debit Card
ORD01882,CUST0664,Danish Ahmed,2025-09-12,Cooking Oil,Grocery,2,954.94,1909.88,Lahore,Cash
ORD01883,CUST2007,Hira Shah,2026-06-26,Cooking Oil,Grocery,8,500.57,4004.56,Gujranwala,EasyPaisa
ORD01884,CUST1450,Danish Ahmed,2026-06-17,Running Shoes,Sports,8,22664.65,181317.2,Sialkot,Bank Transfer
ORD01885,CUST2061,Talha Malik,2025-06-20,Running Shoes,Sports,7,19784.26,138489.82,Islamabad,Cash
ORD01886,CUST0474,Danish Ahmed,2025-11-02,T-Shirt,Clothing,6,3479.23,20875.38,Peshawar,JazzCash
ORD01887,CUST0814,Ali Khan,2026-05-14,Tea,Grocery,6,636.26,3817.56,Rawalpindi,JazzCash
ORD01888,CUST1624,Ayesha Khan,2025-11-06,Cricket Bat,Sports,3,12898.69,38696.07,Islamabad,Cash
ORD01889,CUST1906,Maham Raza,2026-04-23,Shoes,Clothing,7,8564.24,59949.68,Rawalpindi,JazzCash
ORD01890,CUST0415,Sana Malik,2025-05-30,Shoes,Clothing,4,24111.6,96446.4,Multan,Cash
ORD01891,CUST2451,Sana Malik,2025-03-21,Coffee Maker,Home & Kitchen,7,27916.02,195412.14,Multan,EasyPaisa
ORD01892,CUST1444,Zainab Ali,2025-03-11,Lipstick,Beauty,8,641.84,5134.72,Rawalpindi,Debit Card
ORD01893,CUST2301,Fatima Ahmed,2025-05-30,Face Wash,Beauty,2,527.64,1055.28,Lahore,Cash
ORD01894,CUST1837,Hira Shah,2025-01-25,Face Wash,Beauty,6,2076.69,12460.14,Multan,EasyPaisa
ORD01895,CUST0209,Saad Khan,2026-01-12,Tea,Grocery,5,859.6,4298.0,Sialkot,Cash
ORD01896,CUST2320,Saad Khan,2026-07-16,Sugar,Grocery,1,258.35,258.35,Karachi,Credit Card
ORD01897,CUST0590,Bilal Ahmed,2025-10-01,Tea,Grocery,8,894.55,7156.4,Rawalpindi,Cash
ORD01898,CUST0181,Sana Malik,2025-02-12,Lipstick,Beauty,4,1465.16,5860.64,Lahore,Credit Card
ORD01899,CUST1749,Huzaifa Ali,2025-06-05,Shoes,Clothing,7,15524.49,108671.43,Sialkot,Debit Card
ORD01900,CUST1088,Talha Malik,2025-02-08,T-Shirt,Clothing,3,4965.9,14897.7,Karachi,Credit Card
ORD01901,CUST0328,Maryam Ahmed,2025-04-27,Cooking Oil,Grocery,8,1424.82,11398.56,Multan,EasyPaisa
ORD01902,CUST2288,Huzaifa Ali,2026-08-14,Cricket Ball,Sports,5,2201.19,11005.95,Multan,Bank Transfer
ORD01903,CUST1005,Ayesha Khan,2026-09-01,Cricket Ball,Sports,5,1553.42,7767.1,Lahore,JazzCash
ORD01904,CUST1658,Ahmed Raza,2026-05-26,Tea,Grocery,5,595.34,2976.7,Sialkot,Debit Card
ORD01905,CUST1019,Maryam Ahmed,2025-08-13,Blender,Home & Kitchen,4,15712.9,62851.6,Islamabad,Cash
ORD01906,CUST1718,Abdullah Raza,2026-02-14,Yoga Mat,Sports,7,3529.22,24704.54,Multan,Debit Card
ORD01907,CUST1286,Ahmed Raza,2025-03-09,Smartphone,Electronics,8,50179.05,401432.4,Peshawar,JazzCash
ORD01908,CUST1518,Hamza Shah,2025-12-08,Cooking Oil,Grocery,1,914.22,914.22,Faisalabad,Credit Card
ORD01909,CUST0877,Hira Shah,2026-08-26,Sugar,Grocery,7,381.96,2673.72,Peshawar,Credit Card
ORD01910,CUST0653,Danish Ahmed,2025-12-11,Microwave,Home & Kitchen,3,37538.33,112614.99,Multan,EasyPaisa
ORD01911,CUST0615,Huzaifa Ali,2025-01-09,Rice,Grocery,2,305.36,610.72,Peshawar,JazzCash
ORD01912,CUST0009,Talha Malik,2025-02-22,Mouse,Electronics,3,6618.31,19854.93,Islamabad,Cash
ORD01913,CUST2343,Usman Malik,2026-01-01,Jacket,Clothing,6,17771.81,106630.86,Lahore,Credit Card
ORD01914,CUST0001,Omar Farooq,2025-02-10,Air Fryer,Home & Kitchen,2,14299.34,28598.68,Islamabad,JazzCash
ORD01915,CUST2155,Usman Malik,2026-09-23,Rice,Grocery,5,397.03,1985.15,Sialkot,Debit Card
ORD01916,CUST2109,Hamza Shah,2025-06-11,T-Shirt,Clothing,5,2956.88,14784.4,Quetta,EasyPaisa
ORD01917,CUST1937,Maryam Ahmed,2025-06-16,Jacket,Clothing,6,4448.47,26690.82,Multan,EasyPaisa
ORD01918,CUST0964,Sana Malik,2026-03-05,Air Fryer,Home & Kitchen,7,27030.26,189211.82,Multan,Credit Card
ORD01919,CUST0326,Ahmed Raza,2025-02-07,Shoes,Clothing,3,6271.86,18815.58,Sialkot,Cash
ORD01920,CUST0301,Sana Malik,2025-06-02,T-Shirt,Clothing,3,4993.26,14979.78,Multan,Bank Transfer
ORD01921,CUST1679,Hamza Shah,2026-03-22,Dinner Set,Home & Kitchen,8,7828.06,62624.48,Gujranwala,Bank Transfer
ORD01922,CUST0139,Maham Raza,2026-04-30,Shampoo,Beauty,4,3318.56,13274.24,Islamabad,JazzCash
ORD01923,CUST1596,Hassan Ali,2025-09-16,Jacket,Clothing,1,4924.77,4924.77,Quetta,JazzCash
ORD01924,CUST0545,Zainab Ali,2026-04-06,Running Shoes,Sports,6,20458.22,122749.32,Peshawar,Bank Transfer
ORD01925,CUST0673,Fatima Ahmed,2025-01-08,Dinner Set,Home & Kitchen,3,17890.14,53670.42,Peshawar,Cash
ORD01926,CUST2101,Danish Ahmed,2025-09-03,Tea,Grocery,3,433.35,1300.05,Quetta,Debit Card
ORD01927,CUST1405,Danish Ahmed,2026-01-05,Jeans,Clothing,1,5216.16,5216.16,Multan,Debit Card
ORD01928,CUST0606,Zainab Ali,2025-08-05,Laptop,Electronics,4,156903.71,627614.84,Gujranwala,Debit Card
ORD01929,CUST0162,Maryam Ahmed,2026-03-22,Lipstick,Beauty,4,3613.55,14454.2,Sialkot,EasyPaisa
ORD01930,CUST1166,Zainab Ali,2025-02-15,Dinner Set,Home & Kitchen,8,19948.64,159589.12,Lahore,JazzCash
ORD01931,CUST2494,Abdullah Raza,2026-04-20,Perfume,Beauty,7,10804.06,75628.42,Rawalpindi,Debit Card
ORD01932,CUST0940,Abdullah Raza,2025-02-09,Face Wash,Beauty,5,1623.18,8115.9,Faisalabad,JazzCash
ORD01933,CUST1841,Ayesha Khan,2025-08-16,Blender,Home & Kitchen,1,11899.66,11899.66,Peshawar,Cash
ORD01934,CUST2239,Sara Khan,2026-07-03,Rice,Grocery,5,777.25,3886.25,Lahore,EasyPaisa
ORD01935,CUST2377,Omar Farooq,2026-05-24,Cricket Ball,Sports,1,2037.8,2037.8,Gujranwala,Bank Transfer
ORD01936,CUST2297,Zainab Ali,2026-02-03,Shampoo,Beauty,4,2861.06,11444.24,Islamabad,EasyPaisa
ORD01937,CUST1347,Ayesha Khan,2025-03-23,Cricket Bat,Sports,7,3312.65,23188.55,Quetta,Cash
ORD01938,CUST1198,Fatima Ahmed,2025-06-23,Smartphone,Electronics,5,169317.71,846588.55,Peshawar,Credit Card
ORD01939,CUST1183,Sana Malik,2025-04-10,Cooking Oil,Grocery,6,1229.16,7374.96,Gujranwala,Bank Transfer
ORD01940,CUST0014,Ayesha Khan,2025-05-05,Perfume,Beauty,3,3833.95,11501.85,Karachi,Debit Card
ORD01941,CUST2050,Huzaifa Ali,2025-05-05,T-Shirt,Clothing,6,4106.62,24639.72,Quetta,EasyPaisa
ORD01942,CUST1460,Usman Malik,2025-03-27,Headphones,Electronics,5,20869.96,104349.8,Multan,Credit Card
ORD01943,CUST0354,Usman Malik,2025-01-19,Cooking Oil,Grocery,5,1045.3,5226.5,Islamabad,Credit Card
ORD01944,CUST1440,Ali Khan,2026-05-06,Microwave,Home & Kitchen,4,34706.77,138827.08,Multan,JazzCash
ORD01945,CUST0687,Omar Farooq,2025-08-06,Rice,Grocery,7,694.0,4858.0,Sialkot,Bank Transfer
ORD01946,CUST2025,Huzaifa Ali,2025-08-21,Biscuits,Grocery,2,236.93,473.86,Quetta,JazzCash
ORD01947,CUST1856,Omar Farooq,2025-02-07,Vacuum Cleaner,Home & Kitchen,1,31599.19,31599.19,Lahore,EasyPaisa
ORD01948,CUST1703,Ali Khan,2025-12-13,Blender,Home & Kitchen,6,17839.61,107037.66,Multan,JazzCash
ORD01949,CUST0557,Talha Malik,2026-08-31,Smartphone,Electronics,2,155668.47,311336.94,Quetta,EasyPaisa
ORD01950,CUST1008,Sana Malik,2025-11-21,Shampoo,Beauty,1,947.28,947.28,Gujranwala,JazzCash
ORD01951,CUST0561,Fatima Ahmed,2025-11-04,Blender,Home & Kitchen,1,16162.54,16162.54,Peshawar,Credit Card
ORD01952,CUST1491,Usman Malik,2026-06-28,Air Fryer,Home & Kitchen,2,31543.95,63087.9,Quetta,Debit Card
ORD01953,CUST1343,Hassan Ali,2025-10-19,Cricket Ball,Sports,1,1313.74,1313.74,Karachi,Credit Card
ORD01954,CUST0465,Hamza Shah,2026-01-07,Skin Cream,Beauty,2,3278.05,6556.1,Faisalabad,Debit Card
ORD01955,CUST0323,Ayesha Khan,2026-08-20,Blender,Home & Kitchen,4,7374.05,29496.2,Lahore,Debit Card
ORD01956,CUST2365,Huzaifa Ali,2026-07-17,Dinner Set,Home & Kitchen,2,16077.45,32154.9,Faisalabad,EasyPaisa
ORD01957,CUST1278,Sara Khan,2025-02-11,Cricket Ball,Sports,7,700.87,4906.09,Karachi,Bank Transfer
ORD01958,CUST0387,Abdullah Raza,2025-03-12,Air Fryer,Home & Kitchen,3,29045.17,87135.51,Lahore,Cash
ORD01959,CUST2220,Hamza Shah,2026-02-20,Rice,Grocery,6,508.07,3048.42,Faisalabad,Credit Card
ORD01960,CUST1369,Hassan Ali,2025-03-25,Skin Cream,Beauty,4,4548.61,18194.44,Islamabad,Bank Transfer
ORD01961,CUST0895,Bilal Ahmed,2026-04-27,Perfume,Beauty,1,13539.68,13539.68,Islamabad,Bank Transfer
ORD01962,CUST2143,Fatima Ahmed,2025-01-06,Yoga Mat,Sports,7,2192.93,15350.51,Sialkot,Bank Transfer
ORD01963,CUST0865,Danish Ahmed,2026-03-17,Shoes,Clothing,1,15046.4,15046.4,Peshawar,Credit Card
ORD01964,CUST1686,Abdullah Raza,2026-08-28,Shampoo,Beauty,7,1598.38,11188.66,Faisalabad,Debit Card
ORD01965,CUST1045,Danish Ahmed,2026-03-07,Hoodie,Clothing,2,8921.05,17842.1,Quetta,Cash
ORD01966,CUST2362,Hassan Ali,2025-05-12,Headphones,Electronics,5,18745.28,93726.4,Sialkot,Cash
ORD01967,CUST1024,Ahmed Raza,2025-08-25,Cricket Bat,Sports,1,5913.87,5913.87,Karachi,Bank Transfer
ORD01968,CUST2354,Ali Khan,2025-04-26,Cooking Oil,Grocery,5,1465.22,7326.1,Rawalpindi,Bank Transfer
ORD01969,CUST1399,Omar Farooq,2025-04-20,Mouse,Electronics,7,5812.81,40689.67,Quetta,Credit Card
ORD01970,CUST1552,Saad Khan,2026-02-25,T-Shirt,Clothing,6,4501.44,27008.64,Faisalabad,JazzCash
ORD01971,CUST1595,Maham Raza,2025-07-31,Cricket Bat,Sports,3,21870.64,65611.92,Rawalpindi,Bank Transfer
ORD01972,CUST0201,Fatima Ahmed,2026-03-24,Cricket Bat,Sports,5,13778.09,68890.45,Lahore,JazzCash
ORD01973,CUST2148,Sana Malik,2026-04-15,Cooking Oil,Grocery,1,561.4,561.4,Rawalpindi,JazzCash
ORD01974,CUST1746,Ali Khan,2025-07-01,Tablet,Electronics,5,34069.79,170348.95,Quetta,EasyPaisa
ORD01975,CUST1841,Omar Farooq,2025-08-18,Smart Watch,Electronics,5,23177.16,115885.8,Faisalabad,JazzCash
ORD01976,CUST0547,Ali Khan,2026-03-25,Tea,Grocery,4,444.41,1777.64,Rawalpindi,Bank Transfer
ORD01977,CUST1097,Maham Raza,2025-04-23,Sugar,Grocery,3,204.72,614.16,Gujranwala,Debit Card
ORD01978,CUST0084,Usman Malik,2026-02-18,Football,Sports,5,3266.78,16333.9,Sialkot,Cash
ORD01979,CUST2353,Saad Khan,2026-07-24,Jacket,Clothing,4,7529.38,30117.52,Islamabad,Bank Transfer
ORD01980,CUST2269,Sara Khan,2025-12-02,Biscuits,Grocery,1,50.84,50.84,Sialkot,Debit Card
ORD01981,CUST1741,Fatima Ahmed,2025-11-10,Headphones,Electronics,2,7819.03,15638.06,Faisalabad,EasyPaisa
ORD01982,CUST1557,Talha Malik,2025-04-09,Shoes,Clothing,6,17736.4,106418.4,Sialkot,Credit Card
ORD01983,CUST1931,Ayesha Khan,2026-01-01,Jacket,Clothing,6,4641.25,27847.5,Gujranwala,Debit Card
ORD01984,CUST0423,Abdullah Raza,2025-03-20,Cooking Oil,Grocery,1,930.82,930.82,Islamabad,Credit Card
ORD01985,CUST0298,Hamza Shah,2026-07-02,Rice,Grocery,7,362.73,2539.11,Gujranwala,JazzCash
ORD01986,CUST1520,Hamza Shah,2025-08-12,Cricket Bat,Sports,4,7856.11,31424.44,Lahore,Debit Card
ORD01987,CUST1843,Omar Farooq,2026-08-26,Smart Watch,Electronics,5,21365.53,106827.65,Karachi,Debit Card
ORD01988,CUST2200,Ayesha Khan,2026-09-05,Hoodie,Clothing,5,3390.84,16954.2,Lahore,JazzCash
ORD01989,CUST0887,Sara Khan,2026-05-17,Cricket Ball,Sports,1,1582.15,1582.15,Multan,Cash
ORD01990,CUST1750,Maham Raza,2025-01-01,Smart Watch,Electronics,5,28315.17,141575.85,Multan,JazzCash
ORD01991,CUST0088,Fatima Ahmed,2026-08-09,Face Wash,Beauty,2,567.25,1134.5,Rawalpindi,Credit Card
ORD01992,CUST0857,Omar Farooq,2025-07-20,Jeans,Clothing,3,7293.59,21880.77,Islamabad,Debit Card
ORD01993,CUST0551,Ahmed Raza,2026-09-26,Rice,Grocery,4,613.91,2455.64,Karachi,Bank Transfer
ORD01994,CUST0631,Usman Malik,2026-03-19,Cricket Bat,Sports,5,11066.13,55330.65,Islamabad,JazzCash
ORD01995,CUST0718,Sara Khan,2026-06-30,Rice,Grocery,1,344.26,344.26,Karachi,Cash
ORD01996,CUST1781,Ayesha Khan,2025-04-22,Jeans,Clothing,7,2975.88,20831.16,Islamabad,Debit Card
ORD01997,CUST0645,Danish Ahmed,2026-04-09,Yoga Mat,Sports,6,4568.61,27411.66,Gujranwala,Bank Transfer
ORD01998,CUST1824,Fatima Ahmed,2025-06-26,Face Wash,Beauty,7,2884.05,20188.35,Multan,Debit Card
ORD01999,CUST1663,Sana Malik,2025-07-20,Face Wash,Beauty,1,2815.53,2815.53,Peshawar,EasyPaisa
ORD02000,CUST0221,Ayesha Khan,2025-05-10,Rice,Grocery,2,731.1,1462.2,Gujranwala,Cash
ORD02001,CUST2122,Hassan Ali,2025-02-24,Lipstick,Beauty,3,1881.12,5643.36,Gujranwala,Credit Card
ORD02002,CUST2208,Huzaifa Ali,2025-09-05,Jeans,Clothing,2,8402.01,16804.02,Karachi,Debit Card
ORD02003,CUST2249,Bilal Ahmed,2025-12-07,Skin Cream,Beauty,5,1102.21,5511.05,Islamabad,Cash
ORD02004,CUST0904,Usman Malik,2025-05-24,Sugar,Grocery,4,362.56,1450.24,Gujranwala,Credit Card
ORD02005,CUST1888,Hassan Ali,2025-11-26,Lipstick,Beauty,2,750.02,1500.04,Faisalabad,Debit Card
ORD02006,CUST0125,Usman Malik,2025-01-25,Laptop,Electronics,1,207786.3,207786.3,Multan,Credit Card
ORD02007,CUST0403,Maryam Ahmed,2026-05-08,Yoga Mat,Sports,4,1405.32,5621.28,Gujranwala,Bank Transfer
ORD02008,CUST1448,Zainab Ali,2025-06-03,Blender,Home & Kitchen,1,15237.06,15237.06,Peshawar,Bank Transfer
ORD02009,CUST1069,Hassan Ali,2025-10-27,Mouse,Electronics,5,7382.66,36913.3,Karachi,EasyPaisa
ORD02010,CUST2012,Saad Khan,2025-10-22,Hoodie,Clothing,8,7511.08,60088.64,Karachi,Credit Card
ORD02011,CUST1555,Talha Malik,2025-11-18,Jacket,Clothing,1,11019.82,11019.82,Lahore,EasyPaisa
ORD02012,CUST1071,Ayesha Khan,2025-01-03,Sugar,Grocery,1,156.56,156.56,Peshawar,Debit Card
ORD02013,CUST0615,Hira Shah,2026-06-27,Cricket Ball,Sports,5,677.38,3386.9,Peshawar,EasyPaisa
ORD02014,CUST0934,Zainab Ali,2026-06-08,Smartphone,Electronics,5,89010.72,445053.6,Multan,Bank Transfer
ORD02015,CUST1538,Ahmed Raza,2026-08-14,Tablet,Electronics,3,51012.64,153037.92,Gujranwala,Bank Transfer
ORD02016,CUST0985,Sara Khan,2025-08-01,Keyboard,Electronics,7,6432.58,45028.06,Sialkot,EasyPaisa
ORD02017,CUST0757,Bilal Ahmed,2026-06-23,Lipstick,Beauty,1,2663.32,2663.32,Karachi,Cash
ORD02018,CUST2166,Hamza Shah,2025-09-16,Blender,Home & Kitchen,7,17065.8,119460.6,Gujranwala,EasyPaisa
ORD02019,CUST2243,Talha Malik,2025-07-01,Football,Sports,5,3200.45,16002.25,Quetta,Credit Card
ORD02020,CUST0263,Hira Shah,2026-06-26,Face Wash,Beauty,4,1445.22,5780.88,Faisalabad,Credit Card
ORD02021,CUST1209,Hassan Ali,2026-09-26,T-Shirt,Clothing,7,1737.7,12163.9,Gujranwala,EasyPaisa
ORD02022,CUST0995,Sara Khan,2025-01-22,Cricket Ball,Sports,3,1315.28,3945.84,Islamabad,Debit Card
ORD02023,CUST1032,Usman Malik,2025-11-14,Yoga Mat,Sports,2,3154.45,6308.9,Quetta,Cash
ORD02024,CUST1453,Maham Raza,2025-06-10,Tea,Grocery,7,1150.91,8056.37,Faisalabad,Cash
ORD02025,CUST2227,Hassan Ali,2025-12-15,Shoes,Clothing,6,20350.5,122103.0,Faisalabad,Credit Card
ORD02026,CUST1261,Sara Khan,2026-01-22,Football,Sports,8,5846.32,46770.56,Faisalabad,Debit Card
ORD02027,CUST0447,Maham Raza,2025-08-20,Skin Cream,Beauty,1,4827.88,4827.88,Rawalpindi,EasyPaisa
ORD02028,CUST0550,Maryam Ahmed,2025-12-06,Yoga Mat,Sports,5,3593.73,17968.65,Sialkot,Bank Transfer
ORD02029,CUST0236,Sana Malik,2025-10-24,Keyboard,Electronics,1,8726.7,8726.7,Rawalpindi,Credit Card
ORD02030,CUST2156,Fatima Ahmed,2025-07-18,Jeans,Clothing,6,8803.26,52819.56,Sialkot,Debit Card
ORD02031,CUST0419,Usman Malik,2025-05-25,Football,Sports,4,4065.68,16262.72,Karachi,Bank Transfer
ORD02032,CUST0198,Danish Ahmed,2026-07-12,Lipstick,Beauty,2,2341.74,4683.48,Rawalpindi,Credit Card
ORD02033,CUST0888,Bilal Ahmed,2026-05-20,Perfume,Beauty,4,13540.29,54161.16,Peshawar,Bank Transfer
ORD02034,CUST0315,Usman Malik,2025-02-05,Microwave,Home & Kitchen,7,19254.76,134783.32,Sialkot,EasyPaisa
ORD02035,CUST2051,Sara Khan,2026-04-18,Tea,Grocery,2,1192.28,2384.56,Gujranwala,Bank Transfer
ORD02036,CUST0109,Ali Khan,2025-08-02,Perfume,Beauty,3,2686.76,8060.28,Sialkot,Cash
ORD02037,CUST2146,Ali Khan,2026-09-04,Coffee Maker,Home & Kitchen,3,9576.34,28729.02,Rawalpindi,Bank Transfer
ORD02038,CUST1162,Danish Ahmed,2025-09-28,Tea,Grocery,8,725.05,5800.4,Karachi,Bank Transfer
ORD02039,CUST1507,Danish Ahmed,2026-02-06,Rice,Grocery,4,735.25,2941.0,Multan,Credit Card
ORD02040,CUST2155,Abdullah Raza,2025-05-07,Laptop,Electronics,2,126021.01,252042.02,Faisalabad,Cash
ORD02041,CUST1956,Zainab Ali,2026-06-27,Shampoo,Beauty,7,1254.95,8784.65,Lahore,EasyPaisa
ORD02042,CUST2485,Danish Ahmed,2025-08-09,Shoes,Clothing,3,7283.53,21850.59,Gujranwala,Credit Card
ORD02043,CUST1714,Usman Malik,2025-12-12,Smartphone,Electronics,6,94950.25,569701.5,Karachi,Debit Card
ORD02044,CUST2129,Huzaifa Ali,2025-05-14,Keyboard,Electronics,5,9333.16,46665.8,Peshawar,Bank Transfer
ORD02045,CUST0974,Talha Malik,2025-12-12,Mouse,Electronics,1,3441.22,3441.22,Peshawar,JazzCash
ORD02046,CUST0528,Sara Khan,2025-04-30,Cereal,Grocery,2,450.99,901.98,Lahore,Cash
ORD02047,CUST1600,Hira Shah,2026-01-05,T-Shirt,Clothing,4,3176.97,12707.88,Sialkot,Cash
ORD02048,CUST1313,Omar Farooq,2025-03-16,Headphones,Electronics,8,6734.77,53878.16,Karachi,Credit Card
ORD02049,CUST1761,Saad Khan,2025-02-23,Jacket,Clothing,6,16564.91,99389.46,Gujranwala,Credit Card
ORD02050,CUST2300,Bilal Ahmed,2026-03-11,Biscuits,Grocery,8,77.19,617.52,Sialkot,Credit Card
ORD02051,CUST0992,Sana Malik,2025-04-29,Shampoo,Beauty,1,1442.16,1442.16,Gujranwala,Cash
ORD02052,CUST0973,Talha Malik,2025-11-02,Lipstick,Beauty,6,3230.85,19385.1,Gujranwala,Bank Transfer
ORD02053,CUST1534,Danish Ahmed,2025-08-28,Face Wash,Beauty,4,1518.64,6074.56,Karachi,Cash
ORD02054,CUST0195,Saad Khan,2026-09-13,Keyboard,Electronics,1,5390.91,5390.91,Multan,EasyPaisa
ORD02055,CUST0745,Ali Khan,2026-08-11,Perfume,Beauty,5,16557.51,82787.55,Quetta,Debit Card
ORD02056,CUST1540,Sana Malik,2026-08-10,Face Wash,Beauty,7,1507.14,10549.98,Gujranwala,Bank Transfer
ORD02057,CUST2139,Sana Malik,2025-04-02,Skin Cream,Beauty,8,3907.88,31263.04,Islamabad,EasyPaisa
ORD02058,CUST1354,Abdullah Raza,2025-05-31,Dinner Set,Home & Kitchen,4,10145.58,40582.32,Karachi,Debit Card
ORD02059,CUST0797,Hassan Ali,2026-08-07,Mouse,Electronics,5,4403.16,22015.8,Rawalpindi,Cash
ORD02060,CUST1656,Abdullah Raza,2026-03-17,Jeans,Clothing,3,4413.81,13241.43,Gujranwala,Cash
ORD02061,CUST1631,Hamza Shah,2025-06-08,Biscuits,Grocery,8,224.92,1799.36,Quetta,JazzCash
ORD02062,CUST2301,Ayesha Khan,2025-11-13,Keyboard,Electronics,4,6140.89,24563.56,Gujranwala,EasyPaisa
ORD02063,CUST2131,Bilal Ahmed,2025-09-07,Jacket,Clothing,6,13382.05,80292.3,Gujranwala,Cash
ORD02064,CUST0584,Abdullah Raza,2025-05-01,Blender,Home & Kitchen,7,16664.26,116649.82,Sialkot,JazzCash
ORD02065,CUST2419,Maham Raza,2026-02-20,Blender,Home & Kitchen,3,12140.28,36420.84,Gujranwala,Bank Transfer
ORD02066,CUST1567,Abdullah Raza,2026-07-18,Shoes,Clothing,2,17540.21,35080.42,Peshawar,Debit Card
ORD02067,CUST2302,Talha Malik,2025-01-16,Cereal,Grocery,4,480.08,1920.32,Peshawar,Cash
ORD02068,CUST1380,Hamza Shah,2026-08-09,Cricket Bat,Sports,6,19862.8,119176.8,Faisalabad,Credit Card
ORD02069,CUST1273,Saad Khan,2026-08-25,Coffee Maker,Home & Kitchen,4,19453.77,77815.08,Faisalabad,Bank Transfer
ORD02070,CUST0917,Ali Khan,2026-05-05,Mouse,Electronics,3,1012.07,3036.21,Lahore,Bank Transfer
ORD02071,CUST0226,Hamza Shah,2025-03-06,Lipstick,Beauty,7,2601.37,18209.59,Peshawar,EasyPaisa
ORD02072,CUST1372,Ali Khan,2026-09-19,T-Shirt,Clothing,4,1508.61,6034.44,Lahore,Cash
ORD02073,CUST1201,Danish Ahmed,2025-03-24,Biscuits,Grocery,5,64.0,320.0,Karachi,Bank Transfer
ORD02074,CUST0803,Abdullah Raza,2026-06-19,Blender,Home & Kitchen,3,10890.78,32672.34,Quetta,Bank Transfer
ORD02075,CUST1147,Fatima Ahmed,2025-08-14,Cereal,Grocery,6,558.01,3348.06,Lahore,JazzCash
ORD02076,CUST0239,Maryam Ahmed,2025-06-16,Sugar,Grocery,7,299.71,2097.97,Islamabad,Bank Transfer
ORD02077,CUST0080,Huzaifa Ali,2025-12-19,Sugar,Grocery,3,317.85,953.55,Karachi,Bank Transfer
ORD02078,CUST0196,Hassan Ali,2026-01-29,Cereal,Grocery,8,1087.93,8703.44,Sialkot,Bank Transfer
ORD02079,CUST1628,Saad Khan,2025-01-24,Perfume,Beauty,5,15959.48,79797.4,Gujranwala,Debit Card
ORD02080,CUST0366,Bilal Ahmed,2025-08-26,Smartphone,Electronics,8,55758.08,446064.64,Multan,Debit Card
ORD02081,CUST1914,Huzaifa Ali,2025-04-22,Cricket Bat,Sports,7,7457.61,52203.27,Karachi,JazzCash
ORD02082,CUST0322,Danish Ahmed,2025-04-15,Smartphone,Electronics,3,156679.55,470038.65,Islamabad,Cash
ORD02083,CUST2103,Zainab Ali,2025-09-01,Rice,Grocery,7,370.38,2592.66,Islamabad,JazzCash
ORD02084,CUST0497,Omar Farooq,2026-01-21,Biscuits,Grocery,6,193.36,1160.16,Rawalpindi,JazzCash
ORD02085,CUST2428,Ahmed Raza,2025-09-28,Keyboard,Electronics,5,7224.48,36122.4,Islamabad,EasyPaisa
ORD02086,CUST2091,Ahmed Raza,2025-10-29,Blender,Home & Kitchen,7,6831.06,47817.42,Karachi,JazzCash
ORD02087,CUST0840,Fatima Ahmed,2026-04-08,Air Fryer,Home & Kitchen,4,34883.36,139533.44,Karachi,JazzCash
ORD02088,CUST2047,Saad Khan,2026-04-20,Biscuits,Grocery,3,77.07,231.21,Islamabad,Credit Card
ORD02089,CUST2413,Huzaifa Ali,2026-05-19,Laptop,Electronics,2,220112.41,440224.82,Islamabad,Cash
ORD02090,CUST2346,Huzaifa Ali,2025-06-25,Cricket Bat,Sports,7,8744.16,61209.12,Multan,Bank Transfer
ORD02091,CUST1745,Ayesha Khan,2025-08-28,Cereal,Grocery,8,1155.46,9243.68,Gujranwala,Credit Card
ORD02092,CUST0120,Zainab Ali,2026-02-23,Mouse,Electronics,6,4510.16,27060.96,Rawalpindi,EasyPaisa
ORD02093,CUST0488,Maryam Ahmed,2026-02-17,Cereal,Grocery,7,425.21,2976.47,Quetta,Bank Transfer
ORD02094,CUST1660,Saad Khan,2025-08-30,Headphones,Electronics,8,26174.86,209398.88,Islamabad,Cash
ORD02095,CUST0701,Hassan Ali,2025-03-28,Blender,Home & Kitchen,3,9889.52,29668.56,Rawalpindi,Bank Transfer
ORD02096,CUST1500,Ali Khan,2026-02-07,Air Fryer,Home & Kitchen,2,27499.31,54998.62,Multan,EasyPaisa
ORD02097,CUST0616,Usman Malik,2026-08-07,Rice,Grocery,7,627.71,4393.97,Gujranwala,Bank Transfer
ORD02098,CUST2326,Hira Shah,2025-12-02,T-Shirt,Clothing,3,4930.47,14791.41,Quetta,EasyPaisa
ORD02099,CUST1762,Danish Ahmed,2025-08-29,Smart Watch,Electronics,5,28625.31,143126.55,Sialkot,EasyPaisa
ORD02100,CUST0155,Zainab Ali,2025-05-10,Dinner Set,Home & Kitchen,3,17889.24,53667.72,Lahore,EasyPaisa
ORD02101,CUST1028,Saad Khan,2026-09-05,Cricket Bat,Sports,7,17570.9,122996.3,Faisalabad,Bank Transfer
ORD02102,CUST2098,Huzaifa Ali,2026-09-17,Jacket,Clothing,6,16354.88,98129.28,Karachi,Bank Transfer
ORD02103,CUST1808,Usman Malik,2025-02-06,Tablet,Electronics,8,54677.94,437423.52,Multan,Credit Card
ORD02104,CUST0803,Huzaifa Ali,2026-05-05,Hoodie,Clothing,7,5512.4,38586.8,Islamabad,Cash
ORD02105,CUST0261,Maryam Ahmed,2026-09-21,Lipstick,Beauty,2,1462.15,2924.3,Quetta,EasyPaisa
ORD02106,CUST1788,Saad Khan,2026-08-12,Lipstick,Beauty,3,1845.66,5536.98,Quetta,Bank Transfer
ORD02107,CUST0157,Huzaifa Ali,2026-05-21,Jeans,Clothing,4,4580.76,18323.04,Multan,Bank Transfer
ORD02108,CUST1511,Ahmed Raza,2025-09-01,Perfume,Beauty,3,9475.39,28426.17,Faisalabad,Cash
ORD02109,CUST1360,Maryam Ahmed,2026-01-26,Cricket Ball,Sports,7,2011.13,14077.91,Sialkot,Cash
ORD02110,CUST0721,Zainab Ali,2026-07-09,Keyboard,Electronics,5,2810.67,14053.35,Multan,Debit Card
ORD02111,CUST2432,Hira Shah,2026-04-17,Microwave,Home & Kitchen,7,47895.39,335267.73,Rawalpindi,Credit Card
ORD02112,CUST2182,Abdullah Raza,2025-05-17,Dinner Set,Home & Kitchen,4,8706.62,34826.48,Faisalabad,JazzCash
ORD02113,CUST1659,Hassan Ali,2025-12-15,Jeans,Clothing,2,6050.18,12100.36,Faisalabad,Cash
ORD02114,CUST0729,Zainab Ali,2026-05-10,Cricket Ball,Sports,6,873.2,5239.2,Peshawar,Credit Card
ORD02115,CUST1407,Saad Khan,2025-08-16,Face Wash,Beauty,4,1509.13,6036.52,Sialkot,Bank Transfer
ORD02116,CUST1603,Maham Raza,2026-07-28,Blender,Home & Kitchen,2,7906.2,15812.4,Multan,Cash
ORD02117,CUST1329,Ali Khan,2026-07-27,Running Shoes,Sports,7,14897.63,104283.41,Sialkot,Debit Card
ORD02118,CUST0032,Omar Farooq,2025-08-18,Cereal,Grocery,5,716.04,3580.2,Faisalabad,Bank Transfer
ORD02119,CUST1972,Danish Ahmed,2025-04-26,Perfume,Beauty,2,17860.63,35721.26,Quetta,Credit Card
ORD02120,CUST0967,Fatima Ahmed,2026-08-19,Smartphone,Electronics,6,105839.1,635034.6,Lahore,Cash
ORD02121,CUST1203,Maryam Ahmed,2025-11-30,Microwave,Home & Kitchen,2,30624.98,61249.96,Karachi,Debit Card
ORD02122,CUST0879,Sara Khan,2026-01-10,Microwave,Home & Kitchen,3,21431.11,64293.33,Quetta,Bank Transfer
ORD02123,CUST1300,Ahmed Raza,2026-04-04,Perfume,Beauty,7,6667.6,46673.2,Lahore,EasyPaisa
ORD02124,CUST0357,Ahmed Raza,2025-10-18,Microwave,Home & Kitchen,2,40308.03,80616.06,Multan,Credit Card
ORD02125,CUST2146,Talha Malik,2026-08-29,Sugar,Grocery,2,303.93,607.86,Gujranwala,Cash
ORD02126,CUST1479,Bilal Ahmed,2025-10-06,Face Wash,Beauty,1,2394.41,2394.41,Rawalpindi,EasyPaisa
ORD02127,CUST0667,Bilal Ahmed,2026-02-16,Skin Cream,Beauty,6,4382.75,26296.5,Multan,EasyPaisa
ORD02128,CUST2075,Sara Khan,2026-08-21,Sugar,Grocery,6,164.59,987.54,Quetta,EasyPaisa
ORD02129,CUST2019,Zainab Ali,2025-05-22,Tea,Grocery,3,568.79,1706.37,Gujranwala,Debit Card
ORD02130,CUST1729,Maham Raza,2026-08-26,Cricket Ball,Sports,6,1582.7,9496.2,Multan,Bank Transfer
ORD02131,CUST0487,Usman Malik,2025-11-08,Shampoo,Beauty,3,1115.55,3346.65,Peshawar,Debit Card
ORD02132,CUST0176,Bilal Ahmed,2025-02-10,Smartphone,Electronics,1,169549.05,169549.05,Faisalabad,Debit Card
ORD02133,CUST0969,Bilal Ahmed,2025-03-16,Cricket Bat,Sports,4,15899.29,63597.16,Karachi,Debit Card
ORD02134,CUST1969,Ahmed Raza,2025-12-15,Blender,Home & Kitchen,6,7708.47,46250.82,Gujranwala,Credit Card
ORD02135,CUST1163,Sana Malik,2025-04-13,Running Shoes,Sports,3,15666.47,46999.41,Faisalabad,EasyPaisa
ORD02136,CUST2047,Ayesha Khan,2025-05-28,Skin Cream,Beauty,8,2347.19,18777.52,Peshawar,JazzCash
ORD02137,CUST0614,Ali Khan,2026-02-28,Running Shoes,Sports,5,19106.58,95532.9,Islamabad,Debit Card
ORD02138,CUST0286,Saad Khan,2025-08-03,Face Wash,Beauty,5,2798.1,13990.5,Rawalpindi,Credit Card
ORD02139,CUST0780,Usman Malik,2025-05-17,Yoga Mat,Sports,2,5038.65,10077.3,Islamabad,Credit Card
ORD02140,CUST0380,Ahmed Raza,2025-11-09,Face Wash,Beauty,1,2696.66,2696.66,Peshawar,Bank Transfer
ORD02141,CUST2006,Hassan Ali,2025-09-26,Laptop,Electronics,7,163526.31,1144684.17,Rawalpindi,Bank Transfer
ORD02142,CUST1655,Saad Khan,2026-04-28,Lipstick,Beauty,3,1707.52,5122.56,Karachi,Bank Transfer
ORD02143,CUST1902,Zainab Ali,2026-05-07,Cooking Oil,Grocery,6,1286.92,7721.52,Faisalabad,Bank Transfer
ORD02144,CUST1553,Bilal Ahmed,2025-05-19,Dinner Set,Home & Kitchen,8,14043.75,112350.0,Sialkot,Cash
ORD02145,CUST2269,Ayesha Khan,2026-01-27,Microwave,Home & Kitchen,8,37795.57,302364.56,Karachi,JazzCash
ORD02146,CUST1921,Hassan Ali,2025-05-04,Smart Watch,Electronics,8,39761.21,318089.68,Karachi,JazzCash
ORD02147,CUST2387,Hassan Ali,2026-08-02,Cricket Bat,Sports,4,7363.07,29452.28,Lahore,Debit Card
ORD02148,CUST0702,Hamza Shah,2026-02-26,Jeans,Clothing,4,3508.75,14035.0,Peshawar,Debit Card
ORD02149,CUST2266,Huzaifa Ali,2025-08-30,Yoga Mat,Sports,5,1376.81,6884.05,Islamabad,Credit Card
ORD02150,CUST2213,Omar Farooq,2026-08-15,Jacket,Clothing,4,13146.48,52585.92,Multan,EasyPaisa
ORD02151,CUST2020,Ayesha Khan,2026-04-20,Air Fryer,Home & Kitchen,8,21611.13,172889.04,Islamabad,JazzCash
ORD02152,CUST1040,Abdullah Raza,2025-09-25,Microwave,Home & Kitchen,6,48140.75,288844.5,Quetta,EasyPaisa
ORD02153,CUST2385,Maryam Ahmed,2026-09-11,Football,Sports,8,2672.99,21383.92,Lahore,Credit Card
ORD02154,CUST1357,Ayesha Khan,2025-02-26,Face Wash,Beauty,3,1600.35,4801.05,Sialkot,JazzCash
ORD02155,CUST1339,Bilal Ahmed,2026-05-18,Lipstick,Beauty,4,3015.68,12062.72,Sialkot,EasyPaisa
ORD02156,CUST0552,Maham Raza,2025-04-11,Face Wash,Beauty,1,826.67,826.67,Peshawar,Bank Transfer
ORD02157,CUST0183,Fatima Ahmed,2025-02-08,Football,Sports,3,5061.87,15185.61,Gujranwala,JazzCash
ORD02158,CUST0863,Maham Raza,2025-12-24,Lipstick,Beauty,8,2315.18,18521.44,Gujranwala,Debit Card
ORD02159,CUST0166,Omar Farooq,2025-03-04,Jeans,Clothing,7,6643.28,46502.96,Lahore,Debit Card
ORD02160,CUST2351,Zainab Ali,2026-08-10,Microwave,Home & Kitchen,2,47521.43,95042.86,Karachi,JazzCash
ORD02161,CUST2337,Usman Malik,2025-08-04,Tablet,Electronics,3,103518.41,310555.23,Lahore,Credit Card
ORD02162,CUST0379,Sana Malik,2025-01-25,Yoga Mat,Sports,6,1837.4,11024.4,Rawalpindi,JazzCash
ORD02163,CUST0805,Ali Khan,2025-02-28,Vacuum Cleaner,Home & Kitchen,4,54053.56,216214.24,Sialkot,JazzCash
ORD02164,CUST2494,Hamza Shah,2025-04-06,Rice,Grocery,8,365.73,2925.84,Islamabad,JazzCash
ORD02165,CUST0849,Hassan Ali,2025-04-29,Keyboard,Electronics,3,3084.78,9254.34,Karachi,Bank Transfer
ORD02166,CUST0472,Danish Ahmed,2025-02-24,Running Shoes,Sports,3,12612.34,37837.02,Karachi,Cash
ORD02167,CUST0172,Hamza Shah,2025-07-05,Headphones,Electronics,3,13574.15,40722.45,Sialkot,Bank Transfer
ORD02168,CUST1793,Ayesha Khan,2026-06-26,Headphones,Electronics,6,6239.64,37437.84,Rawalpindi,EasyPaisa
ORD02169,CUST1558,Zainab Ali,2026-03-18,Cricket Bat,Sports,4,3814.51,15258.04,Rawalpindi,EasyPaisa
ORD02170,CUST0425,Bilal Ahmed,2026-06-18,Keyboard,Electronics,5,3377.8,16889.0,Faisalabad,Credit Card
ORD02171,CUST0576,Zainab Ali,2026-06-22,Laptop,Electronics,7,121201.08,848407.56,Lahore,EasyPaisa
ORD02172,CUST1175,Hira Shah,2026-09-03,Cricket Ball,Sports,3,2463.97,7391.91,Islamabad,Cash
ORD02173,CUST1559,Usman Malik,2025-12-25,Face Wash,Beauty,6,2251.56,13509.36,Lahore,Credit Card
ORD02174,CUST2034,Ali Khan,2026-08-21,Yoga Mat,Sports,3,3981.01,11943.03,Karachi,Credit Card
ORD02175,CUST1471,Huzaifa Ali,2026-03-11,Rice,Grocery,4,328.03,1312.12,Multan,EasyPaisa
ORD02176,CUST0111,Fatima Ahmed,2025-08-06,Coffee Maker,Home & Kitchen,3,14059.74,42179.22,Karachi,Bank Transfer
ORD02177,CUST1731,Hamza Shah,2025-02-25,T-Shirt,Clothing,8,1735.21,13881.68,Multan,EasyPaisa
ORD02178,CUST0248,Hassan Ali,2025-10-12,Shoes,Clothing,8,8077.75,64622.0,Sialkot,EasyPaisa
ORD02179,CUST1746,Abdullah Raza,2026-03-18,Headphones,Electronics,2,22268.13,44536.26,Lahore,JazzCash
ORD02180,CUST0439,Zainab Ali,2026-06-28,Jeans,Clothing,5,3322.14,16610.7,Multan,Debit Card
ORD02181,CUST1023,Ahmed Raza,2025-02-03,T-Shirt,Clothing,5,2042.98,10214.9,Karachi,Cash
ORD02182,CUST2312,Maryam Ahmed,2026-05-24,Shampoo,Beauty,7,3233.14,22631.98,Multan,JazzCash
ORD02183,CUST1426,Maham Raza,2026-08-28,Dinner Set,Home & Kitchen,8,5038.12,40304.96,Faisalabad,JazzCash
ORD02184,CUST1029,Maryam Ahmed,2025-05-21,Jeans,Clothing,2,4133.33,8266.66,Peshawar,Cash
ORD02185,CUST0503,Ahmed Raza,2026-06-11,Laptop,Electronics,2,169889.45,339778.9,Rawalpindi,Cash
ORD02186,CUST1633,Fatima Ahmed,2026-04-06,Running Shoes,Sports,2,15630.71,31261.42,Karachi,JazzCash
ORD02187,CUST0400,Maham Raza,2026-06-14,Shoes,Clothing,1,14358.16,14358.16,Quetta,Cash
ORD02188,CUST0250,Maryam Ahmed,2025-12-17,Hoodie,Clothing,2,2728.62,5457.24,Karachi,Credit Card
ORD02189,CUST0221,Maryam Ahmed,2025-09-10,Perfume,Beauty,2,9650.27,19300.54,Rawalpindi,Debit Card
ORD02190,CUST2174,Fatima Ahmed,2026-01-05,Laptop,Electronics,5,216339.49,1081697.45,Quetta,Debit Card
ORD02191,CUST0072,Abdullah Raza,2025-01-26,Shoes,Clothing,4,6849.57,27398.28,Peshawar,Credit Card
ORD02192,CUST1745,Sara Khan,2026-04-03,Dinner Set,Home & Kitchen,6,17750.47,106502.82,Sialkot,Debit Card
ORD02193,CUST0815,Omar Farooq,2025-12-08,Rice,Grocery,1,362.51,362.51,Sialkot,JazzCash
ORD02194,CUST1790,Bilal Ahmed,2026-02-08,Shoes,Clothing,7,23283.32,162983.24,Karachi,Debit Card
ORD02195,CUST0078,Ahmed Raza,2026-05-02,Perfume,Beauty,3,11680.78,35042.34,Lahore,Debit Card
ORD02196,CUST2414,Ali Khan,2025-12-05,Sugar,Grocery,5,256.39,1281.95,Karachi,Cash
ORD02197,CUST1034,Ahmed Raza,2025-05-08,Headphones,Electronics,8,18684.14,149473.12,Lahore,Bank Transfer
ORD02198,CUST1105,Abdullah Raza,2026-07-31,Cricket Ball,Sports,2,1671.13,3342.26,Lahore,Debit Card
ORD02199,CUST1047,Danish Ahmed,2025-02-13,T-Shirt,Clothing,3,2403.33,7209.99,Sialkot,EasyPaisa
ORD02200,CUST2483,Saad Khan,2026-02-09,Mouse,Electronics,8,5045.45,40363.6,Quetta,Bank Transfer
ORD02201,CUST1699,Hira Shah,2025-05-04,T-Shirt,Clothing,8,1954.92,15639.36,Sialkot,EasyPaisa
ORD02202,CUST0609,Omar Farooq,2025-04-12,Cricket Ball,Sports,7,704.11,4928.77,Quetta,Debit Card
ORD02203,CUST0956,Hassan Ali,2025-09-12,Headphones,Electronics,5,15697.03,78485.15,Multan,JazzCash
ORD02204,CUST2329,Hamza Shah,2026-08-20,Jeans,Clothing,5,7290.29,36451.45,Sialkot,JazzCash
ORD02205,CUST1765,Bilal Ahmed,2025-06-19,Laptop,Electronics,5,198067.64,990338.2,Lahore,Credit Card
ORD02206,CUST0365,Sara Khan,2025-04-19,Rice,Grocery,3,533.56,1600.68,Lahore,Credit Card
ORD02207,CUST2236,Usman Malik,2025-04-08,Football,Sports,5,5600.36,28001.8,Rawalpindi,Debit Card
ORD02208,CUST0459,Usman Malik,2025-05-31,Yoga Mat,Sports,8,3857.81,30862.48,Quetta,Cash
ORD02209,CUST0126,Usman Malik,2026-06-05,Yoga Mat,Sports,5,3518.25,17591.25,Gujranwala,JazzCash
ORD02210,CUST1849,Maham Raza,2025-05-04,Air Fryer,Home & Kitchen,3,24307.39,72922.17,Gujranwala,EasyPaisa
ORD02211,CUST1532,Maryam Ahmed,2026-06-04,Cricket Bat,Sports,8,15563.93,124511.44,Lahore,EasyPaisa
ORD02212,CUST0192,Sara Khan,2026-07-08,T-Shirt,Clothing,5,4285.11,21425.55,Quetta,Debit Card
ORD02213,CUST1558,Abdullah Raza,2025-07-13,Cereal,Grocery,3,503.07,1509.21,Karachi,Debit Card
ORD02214,CUST2093,Talha Malik,2025-06-11,Lipstick,Beauty,2,820.26,1640.52,Sialkot,Debit Card
ORD02215,CUST1607,Abdullah Raza,2026-04-20,Hoodie,Clothing,3,7528.09,22584.27,Quetta,Bank Transfer
ORD02216,CUST0483,Fatima Ahmed,2025-08-23,Football,Sports,6,3236.37,19418.22,Karachi,EasyPaisa
ORD02217,CUST2261,Ayesha Khan,2026-05-22,Rice,Grocery,1,445.04,445.04,Islamabad,JazzCash
ORD02218,CUST1546,Maham Raza,2025-12-08,Vacuum Cleaner,Home & Kitchen,4,55219.33,220877.32,Karachi,JazzCash
ORD02219,CUST1728,Sana Malik,2026-09-12,Lipstick,Beauty,1,1136.04,1136.04,Sialkot,JazzCash
ORD02220,CUST1759,Ali Khan,2026-09-19,Biscuits,Grocery,5,112.16,560.8,Faisalabad,JazzCash
ORD02221,CUST0627,Huzaifa Ali,2025-01-12,Shampoo,Beauty,8,1039.9,8319.2,Multan,Cash
ORD02222,CUST0996,Sara Khan,2026-08-17,Cooking Oil,Grocery,6,659.81,3958.86,Faisalabad,EasyPaisa
ORD02223,CUST2190,Hira Shah,2025-09-30,Face Wash,Beauty,4,500.86,2003.44,Gujranwala,Bank Transfer
ORD02224,CUST1059,Hira Shah,2025-05-21,Face Wash,Beauty,7,2035.2,14246.4,Quetta,Credit Card
ORD02225,CUST0091,Danish Ahmed,2026-03-12,Lipstick,Beauty,2,2606.8,5213.6,Karachi,Cash
ORD02226,CUST1017,Maham Raza,2026-08-24,Blender,Home & Kitchen,2,7787.87,15575.74,Sialkot,Bank Transfer
ORD02227,CUST0874,Talha Malik,2025-08-27,Jeans,Clothing,2,7145.78,14291.56,Peshawar,Cash
ORD02228,CUST1316,Huzaifa Ali,2025-09-18,Microwave,Home & Kitchen,1,49392.4,49392.4,Gujranwala,Cash
ORD02229,CUST1476,Fatima Ahmed,2025-06-19,Tea,Grocery,1,1001.78,1001.78,Faisalabad,JazzCash
ORD02230,CUST1303,Ahmed Raza,2026-03-16,Jacket,Clothing,2,5743.97,11487.94,Rawalpindi,Bank Transfer
ORD02231,CUST0259,Talha Malik,2026-02-16,Air Fryer,Home & Kitchen,7,12649.86,88549.02,Quetta,Bank Transfer
ORD02232,CUST2205,Abdullah Raza,2026-09-01,Mouse,Electronics,5,4513.67,22568.35,Gujranwala,Bank Transfer
ORD02233,CUST1892,Huzaifa Ali,2026-02-15,Smart Watch,Electronics,1,26641.67,26641.67,Islamabad,Cash
ORD02234,CUST0429,Ayesha Khan,2026-06-14,Blender,Home & Kitchen,7,10757.06,75299.42,Multan,EasyPaisa
ORD02235,CUST1730,Danish Ahmed,2026-07-14,Shoes,Clothing,5,16784.98,83924.9,Gujranwala,EasyPaisa
ORD02236,CUST2076,Hira Shah,2025-11-16,Hoodie,Clothing,8,5468.71,43749.68,Sialkot,Debit Card
ORD02237,CUST0202,Hamza Shah,2025-11-18,Football,Sports,5,3627.62,18138.1,Karachi,EasyPaisa
ORD02238,CUST1480,Ayesha Khan,2026-05-05,Hoodie,Clothing,1,7596.42,7596.42,Peshawar,Bank Transfer
ORD02239,CUST1731,Ahmed Raza,2025-03-22,Tablet,Electronics,8,31338.85,250710.8,Rawalpindi,EasyPaisa
ORD02240,CUST1288,Ayesha Khan,2026-03-08,Skin Cream,Beauty,4,4172.27,16689.08,Peshawar,Bank Transfer
ORD02241,CUST1526,Danish Ahmed,2025-12-02,Cricket Bat,Sports,5,5200.18,26000.9,Lahore,JazzCash
ORD02242,CUST1224,Saad Khan,2025-05-20,Rice,Grocery,5,277.03,1385.15,Sialkot,Debit Card
ORD02243,CUST1123,Huzaifa Ali,2026-01-20,T-Shirt,Clothing,7,2314.61,16202.27,Sialkot,JazzCash
ORD02244,CUST1074,Hassan Ali,2026-03-23,Sugar,Grocery,6,252.62,1515.72,Lahore,Debit Card
ORD02245,CUST1393,Huzaifa Ali,2026-03-30,Coffee Maker,Home & Kitchen,8,26899.1,215192.8,Lahore,EasyPaisa
ORD02246,CUST2075,Danish Ahmed,2025-07-16,Tea,Grocery,4,991.2,3964.8,Lahore,JazzCash
ORD02247,CUST1657,Hira Shah,2025-09-22,Jeans,Clothing,6,8070.74,48424.44,Islamabad,Bank Transfer
ORD02248,CUST0445,Hira Shah,2025-02-25,Shoes,Clothing,5,10403.16,52015.8,Multan,EasyPaisa
ORD02249,CUST1743,Hassan Ali,2025-01-10,Shampoo,Beauty,1,1263.82,1263.82,Islamabad,Cash
ORD02250,CUST1960,Talha Malik,2026-03-15,Jeans,Clothing,8,4411.73,35293.84,Faisalabad,JazzCash
ORD02251,CUST0425,Usman Malik,2025-01-29,Jacket,Clothing,7,12585.82,88100.74,Islamabad,Debit Card
ORD02252,CUST2118,Hira Shah,2026-07-01,Football,Sports,5,2099.95,10499.75,Lahore,Cash
ORD02253,CUST2026,Huzaifa Ali,2026-05-08,Perfume,Beauty,7,4396.09,30772.63,Islamabad,Credit Card
ORD02254,CUST0056,Fatima Ahmed,2026-03-31,Smartphone,Electronics,6,114565.13,687390.78,Quetta,Credit Card
ORD02255,CUST0312,Bilal Ahmed,2026-03-12,Running Shoes,Sports,3,20643.09,61929.27,Karachi,Credit Card
ORD02256,CUST1402,Ayesha Khan,2026-05-06,Smartphone,Electronics,4,106958.09,427832.36,Peshawar,Debit Card
ORD02257,CUST2270,Maham Raza,2026-04-18,Yoga Mat,Sports,1,4647.48,4647.48,Islamabad,Debit Card
ORD02258,CUST2284,Ayesha Khan,2025-05-07,Dinner Set,Home & Kitchen,3,6797.25,20391.75,Gujranwala,Debit Card
ORD02259,CUST0129,Sara Khan,2025-02-18,Air Fryer,Home & Kitchen,5,30329.07,151645.35,Faisalabad,Debit Card
ORD02260,CUST0597,Omar Farooq,2025-12-13,Cricket Ball,Sports,8,1070.41,8563.28,Karachi,Cash
ORD02261,CUST2201,Danish Ahmed,2025-10-20,Jeans,Clothing,8,3502.06,28016.48,Quetta,Bank Transfer
ORD02262,CUST0995,Sana Malik,2025-07-31,Perfume,Beauty,7,10388.13,72716.91,Islamabad,JazzCash
ORD02263,CUST0299,Talha Malik,2025-06-23,T-Shirt,Clothing,7,1928.19,13497.33,Multan,Bank Transfer
ORD02264,CUST1586,Ayesha Khan,2026-09-14,Keyboard,Electronics,2,7200.47,14400.94,Lahore,Debit Card
ORD02265,CUST2494,Ayesha Khan,2026-01-31,Vacuum Cleaner,Home & Kitchen,1,43590.37,43590.37,Multan,Bank Transfer
ORD02266,CUST1356,Ayesha Khan,2025-08-23,Skin Cream,Beauty,5,4267.9,21339.5,Faisalabad,Cash
ORD02267,CUST0284,Hira Shah,2026-06-12,Mouse,Electronics,2,7429.99,14859.98,Quetta,JazzCash
ORD02268,CUST1415,Hassan Ali,2026-03-12,Shampoo,Beauty,2,2091.15,4182.3,Faisalabad,Debit Card
ORD02269,CUST1752,Ahmed Raza,2025-09-26,Vacuum Cleaner,Home & Kitchen,5,57998.02,289990.1,Gujranwala,Credit Card
ORD02270,CUST0891,Maryam Ahmed,2026-09-10,Shampoo,Beauty,8,2596.46,20771.68,Gujranwala,Cash
ORD02271,CUST2441,Hamza Shah,2025-09-04,Keyboard,Electronics,6,8705.52,52233.12,Islamabad,EasyPaisa
ORD02272,CUST1582,Danish Ahmed,2026-07-06,Biscuits,Grocery,5,178.12,890.6,Sialkot,EasyPaisa
ORD02273,CUST0250,Sana Malik,2026-09-06,Biscuits,Grocery,3,181.92,545.76,Multan,JazzCash
ORD02274,CUST1841,Bilal Ahmed,2025-10-08,Face Wash,Beauty,2,2593.78,5187.56,Faisalabad,JazzCash
ORD02275,CUST0717,Fatima Ahmed,2025-09-16,T-Shirt,Clothing,7,4278.85,29951.95,Islamabad,Credit Card
ORD02276,CUST0965,Ayesha Khan,2026-06-18,Face Wash,Beauty,3,1980.98,5942.94,Sialkot,Cash
ORD02277,CUST1606,Hassan Ali,2025-01-31,T-Shirt,Clothing,8,4944.26,39554.08,Sialkot,Credit Card
ORD02278,CUST2282,Omar Farooq,2026-08-15,Hoodie,Clothing,1,9002.01,9002.01,Islamabad,Credit Card
ORD02279,CUST0943,Hassan Ali,2025-07-09,Laptop,Electronics,1,216918.58,216918.58,Lahore,Cash
ORD02280,CUST1555,Hamza Shah,2026-03-21,Keyboard,Electronics,8,6981.23,55849.84,Lahore,Cash
ORD02281,CUST0499,Ali Khan,2026-01-31,Skin Cream,Beauty,8,3587.33,28698.64,Gujranwala,Cash
ORD02282,CUST0253,Ayesha Khan,2025-10-23,Microwave,Home & Kitchen,2,29925.48,59850.96,Gujranwala,Debit Card
ORD02283,CUST2091,Ahmed Raza,2026-08-27,Vacuum Cleaner,Home & Kitchen,2,25978.59,51957.18,Quetta,Debit Card
ORD02284,CUST1268,Sara Khan,2025-11-19,Biscuits,Grocery,4,210.38,841.52,Sialkot,Debit Card
ORD02285,CUST1873,Hira Shah,2025-01-18,Football,Sports,4,1726.65,6906.6,Islamabad,Cash
ORD02286,CUST0306,Zainab Ali,2026-03-25,Air Fryer,Home & Kitchen,7,33699.54,235896.78,Lahore,Bank Transfer
ORD02287,CUST1101,Usman Malik,2026-03-09,Headphones,Electronics,7,14403.4,100823.8,Karachi,Cash
ORD02288,CUST0370,Ayesha Khan,2025-03-30,Running Shoes,Sports,5,23238.94,116194.7,Faisalabad,Cash
ORD02289,CUST2423,Fatima Ahmed,2026-09-21,Biscuits,Grocery,7,130.98,916.86,Sialkot,JazzCash
ORD02290,CUST0798,Sara Khan,2026-07-30,Smart Watch,Electronics,6,29607.02,177642.12,Peshawar,EasyPaisa
ORD02291,CUST2325,Abdullah Raza,2026-07-02,Jacket,Clothing,7,11755.46,82288.22,Sialkot,JazzCash
ORD02292,CUST0959,Huzaifa Ali,2026-06-25,Shoes,Clothing,1,16352.53,16352.53,Peshawar,EasyPaisa
ORD02293,CUST2168,Talha Malik,2026-04-29,Skin Cream,Beauty,2,4560.14,9120.28,Sialkot,Cash
ORD02294,CUST1487,Maryam Ahmed,2025-07-04,Blender,Home & Kitchen,7,9822.94,68760.58,Karachi,EasyPaisa
ORD02295,CUST0092,Usman Malik,2025-05-10,Sugar,Grocery,4,155.84,623.36,Islamabad,JazzCash
ORD02296,CUST0061,Sana Malik,2026-01-25,Cricket Ball,Sports,3,1409.1,4227.3,Karachi,EasyPaisa
ORD02297,CUST0299,Maryam Ahmed,2025-05-23,Mouse,Electronics,6,7593.98,45563.88,Multan,Debit Card
ORD02298,CUST1994,Maryam Ahmed,2026-04-17,Shampoo,Beauty,2,3417.39,6834.78,Faisalabad,Bank Transfer
ORD02299,CUST1578,Danish Ahmed,2025-10-31,Keyboard,Electronics,8,9353.51,74828.08,Islamabad,Cash
ORD02300,CUST0377,Danish Ahmed,2025-10-15,Smart Watch,Electronics,3,31918.97,95756.91,Sialkot,JazzCash
ORD02301,CUST2471,Talha Malik,2025-05-25,Shoes,Clothing,3,8857.96,26573.88,Multan,EasyPaisa
ORD02302,CUST1092,Bilal Ahmed,2026-01-11,Perfume,Beauty,5,10362.38,51811.9,Karachi,EasyPaisa
ORD02303,CUST1307,Sara Khan,2025-02-16,Vacuum Cleaner,Home & Kitchen,8,28214.18,225713.44,Gujranwala,Credit Card
ORD02304,CUST2036,Ali Khan,2026-01-11,Mouse,Electronics,3,4961.44,14884.32,Sialkot,Cash
ORD02305,CUST1402,Sara Khan,2025-08-13,Football,Sports,7,1911.9,13383.3,Faisalabad,Cash
ORD02306,CUST1926,Hassan Ali,2025-10-13,Cooking Oil,Grocery,3,711.27,2133.81,Gujranwala,Credit Card
ORD02307,CUST0240,Usman Malik,2025-01-06,Skin Cream,Beauty,5,2110.82,10554.1,Quetta,EasyPaisa
ORD02308,CUST0985,Usman Malik,2026-04-09,Yoga Mat,Sports,5,1913.84,9569.2,Islamabad,JazzCash
ORD02309,CUST1973,Usman Malik,2025-01-07,Headphones,Electronics,6,28393.93,170363.58,Lahore,Debit Card
ORD02310,CUST0730,Maryam Ahmed,2025-01-02,Perfume,Beauty,6,4100.67,24604.02,Karachi,Bank Transfer
ORD02311,CUST1486,Ayesha Khan,2025-02-14,Tablet,Electronics,2,38592.98,77185.96,Quetta,Cash
ORD02312,CUST0291,Sara Khan,2026-04-19,Face Wash,Beauty,1,999.02,999.02,Sialkot,Debit Card
ORD02313,CUST0355,Saad Khan,2025-09-20,Football,Sports,8,1529.92,12239.36,Sialkot,Debit Card
ORD02314,CUST2325,Saad Khan,2025-05-25,Shampoo,Beauty,4,2627.47,10509.88,Quetta,JazzCash
ORD02315,CUST0539,Danish Ahmed,2025-12-19,Skin Cream,Beauty,7,3164.26,22149.82,Faisalabad,Debit Card
ORD02316,CUST0579,Talha Malik,2026-06-12,Rice,Grocery,2,477.38,954.76,Rawalpindi,Debit Card
ORD02317,CUST1057,Zainab Ali,2025-02-06,Perfume,Beauty,2,6231.3,12462.6,Lahore,Credit Card
ORD02318,CUST0751,Usman Malik,2025-08-16,Dinner Set,Home & Kitchen,7,14623.81,102366.67,Quetta,Debit Card
ORD02319,CUST0621,Sara Khan,2025-12-12,Jacket,Clothing,4,10129.91,40519.64,Gujranwala,Cash
ORD02320,CUST1759,Maryam Ahmed,2025-02-09,Tea,Grocery,7,1181.11,8267.77,Rawalpindi,EasyPaisa
ORD02321,CUST2220,Saad Khan,2025-11-03,Face Wash,Beauty,5,2974.32,14871.6,Rawalpindi,EasyPaisa
ORD02322,CUST1221,Hira Shah,2026-01-27,Microwave,Home & Kitchen,4,28173.42,112693.68,Islamabad,EasyPaisa
ORD02323,CUST1134,Ahmed Raza,2026-03-31,Tablet,Electronics,8,53399.25,427194.0,Peshawar,Debit Card
ORD02324,CUST1627,Hassan Ali,2026-01-08,Biscuits,Grocery,2,133.89,267.78,Rawalpindi,EasyPaisa
ORD02325,CUST0439,Ahmed Raza,2025-11-29,T-Shirt,Clothing,6,3457.45,20744.7,Quetta,Bank Transfer
ORD02326,CUST0409,Usman Malik,2025-08-28,Cricket Ball,Sports,2,1961.24,3922.48,Karachi,JazzCash
ORD02327,CUST1346,Sana Malik,2025-05-26,Lipstick,Beauty,1,831.64,831.64,Quetta,Bank Transfer
ORD02328,CUST0098,Hira Shah,2025-06-22,Rice,Grocery,3,627.71,1883.13,Sialkot,Debit Card
ORD02329,CUST0726,Ali Khan,2025-03-27,Jacket,Clothing,5,15446.02,77230.1,Karachi,Bank Transfer
ORD02330,CUST1464,Ahmed Raza,2026-08-03,Jeans,Clothing,6,5345.29,32071.74,Lahore,Credit Card
ORD02331,CUST0455,Zainab Ali,2025-11-24,Cereal,Grocery,2,1410.87,2821.74,Rawalpindi,Bank Transfer
ORD02332,CUST1392,Ahmed Raza,2026-03-27,Jacket,Clothing,5,17532.57,87662.85,Quetta,Debit Card
ORD02333,CUST0529,Maryam Ahmed,2025-07-15,Mouse,Electronics,8,4344.65,34757.2,Sialkot,EasyPaisa
ORD02334,CUST0945,Usman Malik,2025-01-29,Tablet,Electronics,6,90829.7,544978.2,Lahore,Cash
ORD02335,CUST0050,Omar Farooq,2025-11-08,Tea,Grocery,4,1161.65,4646.6,Sialkot,Cash
ORD02336,CUST1755,Ahmed Raza,2025-08-08,Tablet,Electronics,1,54820.98,54820.98,Gujranwala,EasyPaisa
ORD02337,CUST0385,Ayesha Khan,2026-09-21,Cricket Ball,Sports,5,628.82,3144.1,Multan,EasyPaisa
ORD02338,CUST0998,Maham Raza,2025-12-21,Face Wash,Beauty,6,2899.61,17397.66,Sialkot,Debit Card
ORD02339,CUST0243,Sara Khan,2025-02-04,T-Shirt,Clothing,2,2573.11,5146.22,Quetta,EasyPaisa
ORD02340,CUST1756,Huzaifa Ali,2026-08-08,Perfume,Beauty,7,13772.19,96405.33,Lahore,Cash
ORD02341,CUST0181,Ayesha Khan,2025-09-27,Lipstick,Beauty,8,3009.95,24079.6,Quetta,EasyPaisa
ORD02342,CUST2336,Sana Malik,2025-07-18,Vacuum Cleaner,Home & Kitchen,4,45609.81,182439.24,Faisalabad,EasyPaisa
ORD02343,CUST1609,Talha Malik,2025-01-03,Cricket Ball,Sports,1,2223.78,2223.78,Quetta,JazzCash
ORD02344,CUST1426,Ali Khan,2025-06-14,Jacket,Clothing,4,8593.28,34373.12,Karachi,JazzCash
ORD02345,CUST0753,Sana Malik,2026-02-05,Shoes,Clothing,3,9888.28,29664.84,Karachi,JazzCash
ORD02346,CUST2346,Bilal Ahmed,2025-07-11,Shampoo,Beauty,1,1132.93,1132.93,Rawalpindi,Credit Card
ORD02347,CUST0131,Abdullah Raza,2025-01-16,Air Fryer,Home & Kitchen,2,31688.26,63376.52,Lahore,Bank Transfer
ORD02348,CUST2216,Huzaifa Ali,2025-01-06,Cereal,Grocery,4,451.03,1804.12,Peshawar,EasyPaisa
ORD02349,CUST1573,Hira Shah,2025-04-01,Microwave,Home & Kitchen,2,18446.22,36892.44,Quetta,Credit Card
ORD02350,CUST1870,Zainab Ali,2025-12-09,Hoodie,Clothing,5,9456.39,47281.95,Sialkot,EasyPaisa
ORD02351,CUST0701,Abdullah Raza,2025-03-31,Lipstick,Beauty,3,1631.47,4894.41,Sialkot,JazzCash
ORD02352,CUST1717,Hassan Ali,2025-09-04,Microwave,Home & Kitchen,4,30647.72,122590.88,Lahore,Bank Transfer
ORD02353,CUST1048,Maryam Ahmed,2025-03-21,Shoes,Clothing,3,11140.97,33422.91,Quetta,Cash
ORD02354,CUST0373,Maham Raza,2025-04-28,Yoga Mat,Sports,8,1630.41,13043.28,Islamabad,Credit Card
ORD02355,CUST0690,Hamza Shah,2026-03-18,Yoga Mat,Sports,4,1030.6,4122.4,Sialkot,Bank Transfer
ORD02356,CUST2347,Talha Malik,2026-06-19,Cricket Bat,Sports,2,4485.55,8971.1,Lahore,Bank Transfer
ORD02357,CUST2061,Sara Khan,2025-04-25,Dinner Set,Home & Kitchen,2,5511.41,11022.82,Rawalpindi,EasyPaisa
ORD02358,CUST1282,Abdullah Raza,2026-08-26,Air Fryer,Home & Kitchen,2,24655.48,49310.96,Quetta,Bank Transfer
ORD02359,CUST2278,Saad Khan,2026-01-26,Cooking Oil,Grocery,2,1203.98,2407.96,Lahore,Bank Transfer
ORD02360,CUST1961,Huzaifa Ali,2025-08-31,Mouse,Electronics,6,7945.39,47672.34,Sialkot,Credit Card
ORD02361,CUST2384,Talha Malik,2026-06-05,Smart Watch,Electronics,3,44163.58,132490.74,Islamabad,EasyPaisa
ORD02362,CUST0394,Saad Khan,2025-02-24,Air Fryer,Home & Kitchen,5,34113.23,170566.15,Islamabad,Credit Card
ORD02363,CUST2258,Omar Farooq,2025-07-01,Running Shoes,Sports,1,7412.79,7412.79,Sialkot,Debit Card
ORD02364,CUST0637,Ahmed Raza,2025-05-19,Face Wash,Beauty,4,2063.18,8252.72,Faisalabad,Cash
ORD02365,CUST0540,Saad Khan,2025-08-05,Air Fryer,Home & Kitchen,5,23207.32,116036.6,Karachi,Cash
ORD02366,CUST0519,Ali Khan,2025-01-11,Tea,Grocery,4,819.55,3278.2,Islamabad,Cash
ORD02367,CUST0898,Bilal Ahmed,2025-06-02,Cricket Bat,Sports,5,24530.86,122654.3,Islamabad,Bank Transfer
ORD02368,CUST0999,Maham Raza,2025-04-16,Sugar,Grocery,3,239.79,719.37,Rawalpindi,Cash
ORD02369,CUST1668,Fatima Ahmed,2025-02-18,Hoodie,Clothing,6,3201.53,19209.18,Peshawar,Credit Card
ORD02370,CUST2437,Ayesha Khan,2025-12-19,Keyboard,Electronics,1,11835.79,11835.79,Quetta,JazzCash
ORD02371,CUST2201,Ayesha Khan,2026-09-18,Tea,Grocery,2,658.1,1316.2,Islamabad,Cash
ORD02372,CUST0304,Talha Malik,2026-03-02,Football,Sports,2,5736.45,11472.9,Faisalabad,JazzCash
ORD02373,CUST2175,Omar Farooq,2026-08-20,Perfume,Beauty,3,17560.51,52681.53,Karachi,Cash
ORD02374,CUST1586,Hira Shah,2025-03-10,Microwave,Home & Kitchen,5,44948.7,224743.5,Islamabad,Credit Card
ORD02375,CUST1720,Talha Malik,2025-05-02,Perfume,Beauty,4,16525.52,66102.08,Lahore,EasyPaisa
ORD02376,CUST1611,Maryam Ahmed,2026-03-04,Tablet,Electronics,6,60586.28,363517.68,Lahore,JazzCash
ORD02377,CUST2098,Hira Shah,2026-08-08,Shoes,Clothing,2,23456.95,46913.9,Multan,Debit Card
ORD02378,CUST0149,Maryam Ahmed,2025-11-04,Tablet,Electronics,5,78121.35,390606.75,Peshawar,JazzCash
ORD02379,CUST2325,Sara Khan,2025-08-19,Jacket,Clothing,4,12465.23,49860.92,Multan,Cash
ORD02380,CUST0778,Bilal Ahmed,2026-04-10,Vacuum Cleaner,Home & Kitchen,3,42203.33,126609.99,Islamabad,JazzCash
ORD02381,CUST1211,Bilal Ahmed,2025-04-01,Shoes,Clothing,2,22405.41,44810.82,Faisalabad,Credit Card
ORD02382,CUST1314,Fatima Ahmed,2026-07-23,Cereal,Grocery,6,551.19,3307.14,Islamabad,Cash
ORD02383,CUST2020,Danish Ahmed,2026-07-01,Yoga Mat,Sports,1,5250.75,5250.75,Sialkot,Cash
ORD02384,CUST1275,Usman Malik,2025-09-03,Yoga Mat,Sports,3,5651.53,16954.59,Sialkot,EasyPaisa
ORD02385,CUST1388,Ayesha Khan,2026-07-28,Running Shoes,Sports,4,9537.06,38148.24,Islamabad,Bank Transfer
ORD02386,CUST0236,Maham Raza,2026-01-10,Coffee Maker,Home & Kitchen,3,29404.49,88213.47,Gujranwala,Credit Card
ORD02387,CUST0987,Usman Malik,2025-02-05,Jeans,Clothing,4,4194.82,16779.28,Karachi,Bank Transfer
ORD02388,CUST1532,Fatima Ahmed,2025-01-29,Vacuum Cleaner,Home & Kitchen,7,38805.09,271635.63,Multan,JazzCash
ORD02389,CUST1356,Maryam Ahmed,2026-05-27,Running Shoes,Sports,5,23238.89,116194.45,Peshawar,EasyPaisa
ORD02390,CUST1477,Ayesha Khan,2025-07-24,Cricket Ball,Sports,6,1943.49,11660.94,Peshawar,Debit Card
ORD02391,CUST1584,Danish Ahmed,2026-02-07,Lipstick,Beauty,5,3968.95,19844.75,Gujranwala,JazzCash
ORD02392,CUST0324,Hassan Ali,2025-05-10,Headphones,Electronics,5,8237.1,41185.5,Multan,Debit Card
ORD02393,CUST1361,Danish Ahmed,2026-08-10,Blender,Home & Kitchen,1,11961.32,11961.32,Faisalabad,EasyPaisa
ORD02394,CUST0585,Zainab Ali,2026-09-03,Mouse,Electronics,7,3260.17,22821.19,Multan,EasyPaisa
ORD02395,CUST0463,Ayesha Khan,2025-07-06,Sugar,Grocery,8,225.52,1804.16,Lahore,JazzCash
ORD02396,CUST0744,Hira Shah,2025-09-30,Microwave,Home & Kitchen,2,25667.11,51334.22,Karachi,Debit Card
ORD02397,CUST0645,Sara Khan,2025-09-11,Keyboard,Electronics,4,11513.4,46053.6,Karachi,Debit Card
ORD02398,CUST2321,Sara Khan,2026-04-09,Air Fryer,Home & Kitchen,1,16910.29,16910.29,Rawalpindi,Bank Transfer
ORD02399,CUST2188,Hamza Shah,2025-01-31,Cooking Oil,Grocery,1,604.25,604.25,Quetta,EasyPaisa
ORD02400,CUST1509,Huzaifa Ali,2025-03-23,Microwave,Home & Kitchen,2,22546.84,45093.68,Quetta,Cash
ORD02401,CUST1145,Hassan Ali,2026-01-07,Shampoo,Beauty,4,1523.17,6092.68,Peshawar,EasyPaisa
ORD02402,CUST0461,Talha Malik,2025-02-19,Tea,Grocery,8,540.35,4322.8,Rawalpindi,Bank Transfer
ORD02403,CUST0605,Ayesha Khan,2025-12-16,T-Shirt,Clothing,7,3827.7,26793.9,Quetta,JazzCash
ORD02404,CUST1666,Omar Farooq,2025-11-28,Cooking Oil,Grocery,7,1077.3,7541.1,Rawalpindi,JazzCash
ORD02405,CUST1463,Bilal Ahmed,2025-02-17,Laptop,Electronics,1,120158.32,120158.32,Quetta,EasyPaisa
ORD02406,CUST2127,Ahmed Raza,2025-11-30,Laptop,Electronics,6,236962.88,1421777.28,Lahore,Cash
ORD02407,CUST0270,Sana Malik,2025-05-12,Shoes,Clothing,3,21839.37,65518.11,Islamabad,Debit Card
ORD02408,CUST1743,Ali Khan,2025-05-03,Cereal,Grocery,4,1331.35,5325.4,Sialkot,Debit Card
ORD02409,CUST1631,Saad Khan,2025-08-11,Hoodie,Clothing,2,7692.25,15384.5,Karachi,JazzCash
ORD02410,CUST1417,Maham Raza,2026-01-23,T-Shirt,Clothing,4,1954.15,7816.6,Islamabad,EasyPaisa
ORD02411,CUST0764,Abdullah Raza,2026-09-08,Cooking Oil,Grocery,1,1406.48,1406.48,Quetta,Credit Card
ORD02412,CUST0962,Bilal Ahmed,2025-08-07,Microwave,Home & Kitchen,6,41012.37,246074.22,Islamabad,Credit Card
ORD02413,CUST2472,Danish Ahmed,2026-06-19,Running Shoes,Sports,4,8763.63,35054.52,Islamabad,Cash
ORD02414,CUST0924,Bilal Ahmed,2025-12-29,Air Fryer,Home & Kitchen,4,31615.87,126463.48,Rawalpindi,JazzCash
ORD02415,CUST1627,Usman Malik,2026-04-26,Rice,Grocery,1,529.0,529.0,Lahore,EasyPaisa
ORD02416,CUST2040,Hamza Shah,2026-09-14,Rice,Grocery,7,531.3,3719.1,Gujranwala,Credit Card
ORD02417,CUST0511,Bilal Ahmed,2026-05-19,Shoes,Clothing,1,3848.64,3848.64,Peshawar,Cash
ORD02418,CUST2295,Hassan Ali,2026-07-26,Vacuum Cleaner,Home & Kitchen,4,53039.48,212157.92,Karachi,JazzCash
ORD02419,CUST1058,Hira Shah,2026-07-01,Running Shoes,Sports,5,23383.9,116919.5,Quetta,Credit Card
ORD02420,CUST0860,Omar Farooq,2025-05-29,Coffee Maker,Home & Kitchen,3,24336.29,73008.87,Islamabad,Credit Card
ORD02421,CUST1197,Fatima Ahmed,2026-09-15,Hoodie,Clothing,2,2626.65,5253.3,Islamabad,Debit Card
ORD02422,CUST1449,Hira Shah,2025-07-02,Skin Cream,Beauty,3,1363.42,4090.26,Lahore,JazzCash
ORD02423,CUST1523,Ahmed Raza,2025-08-05,Hoodie,Clothing,6,9946.77,59680.62,Peshawar,Credit Card
ORD02424,CUST0470,Huzaifa Ali,2025-03-10,Running Shoes,Sports,4,22154.36,88617.44,Lahore,Debit Card
ORD02425,CUST0968,Ali Khan,2025-04-18,Cereal,Grocery,5,1272.28,6361.4,Quetta,Bank Transfer
ORD02426,CUST2301,Zainab Ali,2025-05-05,Microwave,Home & Kitchen,5,45416.7,227083.5,Islamabad,Cash
ORD02427,CUST1644,Ahmed Raza,2025-06-28,Football,Sports,7,2928.39,20498.73,Gujranwala,Debit Card
ORD02428,CUST1582,Usman Malik,2026-01-10,Running Shoes,Sports,8,8814.01,70512.08,Multan,Bank Transfer
ORD02429,CUST2330,Usman Malik,2025-09-15,Coffee Maker,Home & Kitchen,6,8035.76,48214.56,Islamabad,Bank Transfer
ORD02430,CUST0295,Usman Malik,2025-10-02,Football,Sports,7,3893.87,27257.09,Sialkot,Bank Transfer
ORD02431,CUST0375,Abdullah Raza,2026-08-07,Air Fryer,Home & Kitchen,1,21850.1,21850.1,Peshawar,EasyPaisa
ORD02432,CUST0758,Ahmed Raza,2026-01-02,Hoodie,Clothing,8,4907.8,39262.4,Quetta,Cash
ORD02433,CUST0062,Usman Malik,2025-06-12,T-Shirt,Clothing,7,2163.76,15146.32,Sialkot,Bank Transfer
ORD02434,CUST1260,Usman Malik,2025-06-03,Rice,Grocery,2,324.78,649.56,Rawalpindi,EasyPaisa
ORD02435,CUST2179,Abdullah Raza,2026-04-19,Shoes,Clothing,7,22930.61,160514.27,Quetta,JazzCash
ORD02436,CUST0304,Hassan Ali,2025-08-09,Smart Watch,Electronics,8,43195.64,345565.12,Peshawar,JazzCash
ORD02437,CUST1794,Hira Shah,2025-05-16,Cooking Oil,Grocery,3,579.9,1739.7,Lahore,JazzCash
ORD02438,CUST1722,Maham Raza,2026-07-12,Vacuum Cleaner,Home & Kitchen,8,40954.9,327639.2,Rawalpindi,Bank Transfer
ORD02439,CUST0473,Danish Ahmed,2025-07-27,Hoodie,Clothing,5,9250.82,46254.1,Karachi,Bank Transfer
ORD02440,CUST2369,Zainab Ali,2026-06-09,Tea,Grocery,1,577.89,577.89,Islamabad,Credit Card
ORD02441,CUST0284,Maham Raza,2026-08-24,Smartphone,Electronics,2,32080.51,64161.02,Lahore,Debit Card
ORD02442,CUST1869,Sana Malik,2026-07-31,Sugar,Grocery,5,218.07,1090.35,Quetta,Cash
ORD02443,CUST1902,Hira Shah,2026-07-29,Football,Sports,7,1507.74,10554.18,Faisalabad,Debit Card
ORD02444,CUST1835,Abdullah Raza,2026-08-10,Lipstick,Beauty,5,2237.44,11187.2,Quetta,Debit Card
ORD02445,CUST1748,Ahmed Raza,2025-12-22,Headphones,Electronics,7,24945.93,174621.51,Faisalabad,Debit Card
ORD02446,CUST0904,Talha Malik,2025-11-19,Laptop,Electronics,6,143207.09,859242.54,Rawalpindi,Cash
ORD02447,CUST0764,Maryam Ahmed,2026-09-24,Lipstick,Beauty,7,3912.68,27388.76,Quetta,Cash
ORD02448,CUST2332,Hira Shah,2025-05-21,Keyboard,Electronics,6,7437.04,44622.24,Rawalpindi,Debit Card
ORD02449,CUST0735,Maham Raza,2025-01-09,T-Shirt,Clothing,8,3839.94,30719.52,Multan,Cash
ORD02450,CUST1748,Sana Malik,2025-07-31,Hoodie,Clothing,7,3708.27,25957.89,Rawalpindi,Cash
ORD02451,CUST1612,Maham Raza,2026-09-19,Dinner Set,Home & Kitchen,6,8639.69,51838.14,Faisalabad,JazzCash
ORD02452,CUST1197,Ayesha Khan,2025-09-26,Running Shoes,Sports,6,9208.29,55249.74,Faisalabad,Bank Transfer
ORD02453,CUST0497,Hira Shah,2026-09-19,Blender,Home & Kitchen,5,15292.19,76460.95,Sialkot,EasyPaisa
ORD02454,CUST1130,Abdullah Raza,2025-09-22,Face Wash,Beauty,4,2382.45,9529.8,Quetta,Debit Card
ORD02455,CUST0071,Saad Khan,2025-09-28,Hoodie,Clothing,7,9106.88,63748.16,Gujranwala,Credit Card
ORD02456,CUST1721,Bilal Ahmed,2026-05-28,Jeans,Clothing,6,2810.34,16862.04,Sialkot,Bank Transfer
ORD02457,CUST1021,Hassan Ali,2025-04-13,Cereal,Grocery,5,1428.7,7143.5,Karachi,Cash
ORD02458,CUST1961,Ahmed Raza,2025-04-28,Lipstick,Beauty,3,951.81,2855.43,Quetta,Debit Card
ORD02459,CUST1518,Zainab Ali,2026-02-27,Dinner Set,Home & Kitchen,5,9563.96,47819.8,Quetta,EasyPaisa
ORD02460,CUST1237,Fatima Ahmed,2025-02-13,Jeans,Clothing,1,2742.4,2742.4,Sialkot,JazzCash
ORD02461,CUST0916,Abdullah Raza,2026-09-18,Coffee Maker,Home & Kitchen,3,28364.71,85094.13,Lahore,Cash
ORD02462,CUST1891,Zainab Ali,2025-07-28,Jacket,Clothing,2,5492.91,10985.82,Peshawar,Debit Card
ORD02463,CUST1382,Talha Malik,2026-08-20,Skin Cream,Beauty,6,2383.91,14303.46,Lahore,EasyPaisa
ORD02464,CUST1070,Maham Raza,2025-03-12,Rice,Grocery,4,757.48,3029.92,Gujranwala,Debit Card
ORD02465,CUST0907,Usman Malik,2026-02-02,Jacket,Clothing,7,13740.68,96184.76,Karachi,Credit Card
ORD02466,CUST0752,Omar Farooq,2025-10-31,Skin Cream,Beauty,4,2295.24,9180.96,Peshawar,Credit Card
ORD02467,CUST1270,Maryam Ahmed,2025-07-19,Cricket Bat,Sports,4,3736.68,14946.72,Faisalabad,Credit Card
ORD02468,CUST1234,Ayesha Khan,2025-01-20,Coffee Maker,Home & Kitchen,2,11781.98,23563.96,Quetta,Bank Transfer
ORD02469,CUST0115,Ahmed Raza,2026-07-08,Lipstick,Beauty,7,2265.52,15858.64,Gujranwala,Bank Transfer
ORD02470,CUST1150,Hira Shah,2026-08-06,Vacuum Cleaner,Home & Kitchen,3,46853.09,140559.27,Sialkot,Cash
ORD02471,CUST1172,Usman Malik,2026-03-25,T-Shirt,Clothing,8,3657.21,29257.68,Quetta,Debit Card
ORD02472,CUST0636,Ayesha Khan,2025-03-01,T-Shirt,Clothing,6,2347.97,14087.82,Gujranwala,Debit Card
ORD02473,CUST1601,Zainab Ali,2026-03-09,Smartphone,Electronics,5,50107.99,250539.95,Islamabad,JazzCash
ORD02474,CUST0824,Bilal Ahmed,2025-07-23,Vacuum Cleaner,Home & Kitchen,3,54246.33,162738.99,Gujranwala,Credit Card
ORD02475,CUST1353,Hira Shah,2025-05-18,Face Wash,Beauty,1,523.3,523.3,Sialkot,Cash
ORD02476,CUST0899,Omar Farooq,2025-01-23,Jeans,Clothing,4,8205.8,32823.2,Faisalabad,JazzCash
ORD02477,CUST1869,Maham Raza,2026-03-15,Sugar,Grocery,2,166.93,333.86,Lahore,JazzCash
ORD02478,CUST1021,Ahmed Raza,2025-11-19,Cooking Oil,Grocery,6,1275.91,7655.46,Islamabad,Debit Card
ORD02479,CUST0946,Abdullah Raza,2025-06-27,Cricket Ball,Sports,2,921.22,1842.44,Gujranwala,Debit Card
ORD02480,CUST0540,Ahmed Raza,2025-10-05,Cooking Oil,Grocery,4,734.99,2939.96,Islamabad,EasyPaisa
ORD02481,CUST1861,Hassan Ali,2025-04-04,Coffee Maker,Home & Kitchen,1,8566.33,8566.33,Islamabad,Bank Transfer
ORD02482,CUST1800,Sara Khan,2025-03-01,Jacket,Clothing,6,4729.67,28378.02,Faisalabad,Bank Transfer
ORD02483,CUST2029,Zainab Ali,2026-05-03,Lipstick,Beauty,2,3053.77,6107.54,Faisalabad,JazzCash
ORD02484,CUST0205,Hira Shah,2025-09-28,Smart Watch,Electronics,3,36466.39,109399.17,Multan,Bank Transfer
ORD02485,CUST1922,Bilal Ahmed,2025-06-07,Face Wash,Beauty,8,1842.06,14736.48,Multan,EasyPaisa
ORD02486,CUST1406,Hira Shah,2026-08-22,Smartphone,Electronics,1,49110.53,49110.53,Peshawar,EasyPaisa
ORD02487,CUST1989,Ayesha Khan,2025-09-11,Vacuum Cleaner,Home & Kitchen,3,26462.51,79387.53,Rawalpindi,JazzCash
ORD02488,CUST0347,Usman Malik,2025-05-14,Perfume,Beauty,2,16402.51,32805.02,Lahore,Cash
ORD02489,CUST1420,Huzaifa Ali,2025-08-30,Lipstick,Beauty,1,3881.04,3881.04,Peshawar,Bank Transfer
ORD02490,CUST0203,Talha Malik,2026-04-11,Perfume,Beauty,2,14218.17,28436.34,Faisalabad,Bank Transfer
ORD02491,CUST0619,Maham Raza,2026-09-05,Mouse,Electronics,4,5330.81,21323.24,Karachi,EasyPaisa
ORD02492,CUST2451,Zainab Ali,2025-07-02,Skin Cream,Beauty,6,1782.82,10696.92,Karachi,JazzCash
ORD02493,CUST1043,Ayesha Khan,2026-02-02,Smartphone,Electronics,8,52202.95,417623.6,Rawalpindi,EasyPaisa
ORD02494,CUST0613,Bilal Ahmed,2025-10-24,Cooking Oil,Grocery,6,663.55,3981.3,Karachi,JazzCash
ORD02495,CUST1567,Omar Farooq,2026-08-29,Shoes,Clothing,5,17940.8,89704.0,Rawalpindi,Bank Transfer
ORD02496,CUST1188,Sana Malik,2025-07-27,Football,Sports,4,6000.31,24001.24,Faisalabad,JazzCash
ORD02497,CUST2455,Abdullah Raza,2026-06-05,Tablet,Electronics,8,70220.34,561762.72,Multan,Cash
ORD02498,CUST1533,Danish Ahmed,2025-01-11,Coffee Maker,Home & Kitchen,3,7478.62,22435.86,Peshawar,EasyPaisa
ORD02499,CUST1836,Talha Malik,2025-07-14,Cricket Ball,Sports,6,642.74,3856.44,Faisalabad,EasyPaisa
ORD02500,CUST2449,Zainab Ali,2025-06-13,Cricket Bat,Sports,4,11739.74,46958.96,Peshawar,Credit Card
ORD02501,CUST1307,Hassan Ali,2026-05-01,Microwave,Home & Kitchen,8,32475.22,259801.76,Islamabad,Debit Card
ORD02502,CUST1431,Huzaifa Ali,2026-02-13,Face Wash,Beauty,2,543.84,1087.68,Karachi,Credit Card
ORD02503,CUST0646,Bilal Ahmed,2026-08-10,Face Wash,Beauty,6,569.44,3416.64,Sialkot,Debit Card
ORD02504,CUST0173,Bilal Ahmed,2025-08-12,Laptop,Electronics,7,128064.46,896451.22,Sialkot,Debit Card
ORD02505,CUST1786,Ayesha Khan,2025-08-27,Vacuum Cleaner,Home & Kitchen,7,46550.91,325856.37,Quetta,Bank Transfer
ORD02506,CUST0737,Ahmed Raza,2025-10-31,Cricket Bat,Sports,3,17206.56,51619.68,Peshawar,JazzCash
ORD02507,CUST1392,Hamza Shah,2026-07-19,Tablet,Electronics,1,86324.53,86324.53,Rawalpindi,Credit Card
ORD02508,CUST1117,Abdullah Raza,2025-02-14,Football,Sports,1,2949.73,2949.73,Gujranwala,Credit Card
ORD02509,CUST0622,Hamza Shah,2025-07-01,Cricket Bat,Sports,2,4413.11,8826.22,Islamabad,Cash
ORD02510,CUST2205,Bilal Ahmed,2026-01-17,Vacuum Cleaner,Home & Kitchen,2,28323.26,56646.52,Peshawar,EasyPaisa
ORD02511,CUST0035,Hamza Shah,2025-11-02,Biscuits,Grocery,7,174.88,1224.16,Sialkot,Cash
ORD02512,CUST1267,Sana Malik,2026-02-03,Shampoo,Beauty,1,1360.22,1360.22,Islamabad,Bank Transfer
ORD02513,CUST2059,Talha Malik,2026-08-07,Laptop,Electronics,3,213030.24,639090.72,Quetta,Bank Transfer
ORD02514,CUST1341,Hira Shah,2026-06-18,Lipstick,Beauty,6,1355.93,8135.58,Peshawar,Debit Card
ORD02515,CUST1784,Bilal Ahmed,2026-09-03,Cereal,Grocery,2,741.87,1483.74,Rawalpindi,Debit Card
ORD02516,CUST0594,Hassan Ali,2026-03-23,Cricket Bat,Sports,3,5459.45,16378.35,Karachi,Credit Card
ORD02517,CUST1165,Hassan Ali,2025-02-16,T-Shirt,Clothing,2,2361.43,4722.86,Sialkot,Debit Card
ORD02518,CUST1990,Saad Khan,2025-10-16,Face Wash,Beauty,2,2489.59,4979.18,Sialkot,Bank Transfer
ORD02519,CUST1665,Abdullah Raza,2025-06-07,Laptop,Electronics,8,154790.7,1238325.6,Sialkot,EasyPaisa
ORD02520,CUST2105,Omar Farooq,2025-06-14,Shampoo,Beauty,2,2268.57,4537.14,Karachi,Bank Transfer
ORD02521,CUST1679,Ali Khan,2026-03-09,Perfume,Beauty,7,3497.73,24484.11,Islamabad,Bank Transfer
ORD02522,CUST2209,Zainab Ali,2025-06-15,Laptop,Electronics,4,70968.88,283875.52,Rawalpindi,EasyPaisa
ORD02523,CUST0191,Zainab Ali,2025-11-26,Cooking Oil,Grocery,1,1372.97,1372.97,Islamabad,Debit Card
ORD02524,CUST2266,Hassan Ali,2025-12-30,Hoodie,Clothing,1,9243.58,9243.58,Peshawar,EasyPaisa
ORD02525,CUST1848,Hira Shah,2025-03-03,Hoodie,Clothing,1,8254.8,8254.8,Gujranwala,Bank Transfer
ORD02526,CUST0931,Hassan Ali,2025-09-07,Cooking Oil,Grocery,7,1322.63,9258.41,Gujranwala,Credit Card
ORD02527,CUST1982,Sara Khan,2025-08-08,Skin Cream,Beauty,4,4539.71,18158.84,Karachi,EasyPaisa
ORD02528,CUST1629,Maryam Ahmed,2025-07-01,Vacuum Cleaner,Home & Kitchen,7,20132.01,140924.07,Karachi,Credit Card
ORD02529,CUST0305,Omar Farooq,2025-01-01,Biscuits,Grocery,2,126.18,252.36,Islamabad,Bank Transfer
ORD02530,CUST0625,Hamza Shah,2026-09-16,Face Wash,Beauty,4,1002.81,4011.24,Gujranwala,EasyPaisa
ORD02531,CUST2458,Usman Malik,2026-04-18,Cricket Bat,Sports,3,10685.21,32055.63,Gujranwala,JazzCash
ORD02532,CUST1976,Talha Malik,2026-02-20,Vacuum Cleaner,Home & Kitchen,1,57205.3,57205.3,Peshawar,Cash
ORD02533,CUST0685,Ali Khan,2026-08-19,Football,Sports,6,4246.2,25477.2,Gujranwala,EasyPaisa
ORD02534,CUST0308,Danish Ahmed,2025-09-11,Mouse,Electronics,5,5510.16,27550.8,Islamabad,JazzCash
ORD02535,CUST2061,Hamza Shah,2026-04-17,Lipstick,Beauty,2,3847.83,7695.66,Multan,EasyPaisa
ORD02536,CUST1225,Maham Raza,2026-07-09,Biscuits,Grocery,4,263.31,1053.24,Quetta,Credit Card
ORD02537,CUST1544,Maham Raza,2026-02-05,Football,Sports,3,7939.39,23818.17,Peshawar,EasyPaisa
ORD02538,CUST0386,Bilal Ahmed,2026-08-12,Cooking Oil,Grocery,6,1111.64,6669.84,Multan,JazzCash
ORD02539,CUST1336,Ayesha Khan,2025-12-18,Jacket,Clothing,3,12634.4,37903.2,Sialkot,Debit Card
ORD02540,CUST1221,Bilal Ahmed,2026-04-01,Running Shoes,Sports,1,17193.77,17193.77,Sialkot,EasyPaisa
ORD02541,CUST1688,Sara Khan,2025-05-27,Headphones,Electronics,8,9873.22,78985.76,Sialkot,Debit Card
ORD02542,CUST0089,Huzaifa Ali,2026-05-12,Mouse,Electronics,7,3952.68,27668.76,Lahore,EasyPaisa
ORD02543,CUST2291,Maham Raza,2025-09-19,Lipstick,Beauty,8,1574.48,12595.84,Sialkot,EasyPaisa
ORD02544,CUST2065,Sana Malik,2026-09-15,Coffee Maker,Home & Kitchen,4,13343.39,53373.56,Karachi,JazzCash
ORD02545,CUST1407,Omar Farooq,2026-06-16,Cooking Oil,Grocery,8,788.98,6311.84,Peshawar,Bank Transfer
ORD02546,CUST1200,Abdullah Raza,2026-01-25,Skin Cream,Beauty,2,4176.24,8352.48,Gujranwala,Cash
ORD02547,CUST1616,Ali Khan,2026-06-12,Air Fryer,Home & Kitchen,3,19268.85,57806.55,Multan,Credit Card
ORD02548,CUST1633,Bilal Ahmed,2025-06-17,Mouse,Electronics,1,7190.93,7190.93,Quetta,Cash
ORD02549,CUST2230,Hassan Ali,2025-01-19,Sugar,Grocery,1,222.47,222.47,Faisalabad,EasyPaisa
ORD02550,CUST2279,Huzaifa Ali,2025-01-01,Air Fryer,Home & Kitchen,4,23961.92,95847.68,Sialkot,EasyPaisa
ORD02551,CUST2258,Ayesha Khan,2026-07-08,T-Shirt,Clothing,5,2453.54,12267.7,Sialkot,EasyPaisa
ORD02552,CUST1424,Sara Khan,2026-07-21,Running Shoes,Sports,2,9500.14,19000.28,Rawalpindi,Cash
ORD02553,CUST0003,Omar Farooq,2025-02-18,Shoes,Clothing,1,20342.66,20342.66,Lahore,Bank Transfer
ORD02554,CUST2426,Danish Ahmed,2025-04-15,Vacuum Cleaner,Home & Kitchen,7,32566.98,227968.86,Multan,Bank Transfer
ORD02555,CUST1200,Hamza Shah,2026-02-01,T-Shirt,Clothing,6,4662.41,27974.46,Gujranwala,Debit Card
ORD02556,CUST1839,Abdullah Raza,2026-03-19,Face Wash,Beauty,5,2563.67,12818.35,Lahore,EasyPaisa
ORD02557,CUST1934,Hassan Ali,2026-06-28,Cereal,Grocery,2,1403.49,2806.98,Peshawar,Bank Transfer
ORD02558,CUST1526,Hamza Shah,2026-03-14,Laptop,Electronics,4,90339.74,361358.96,Lahore,Credit Card
ORD02559,CUST2464,Danish Ahmed,2025-05-15,Air Fryer,Home & Kitchen,5,18969.37,94846.85,Lahore,JazzCash
ORD02560,CUST1642,Maham Raza,2026-07-27,Tea,Grocery,7,898.74,6291.18,Islamabad,Debit Card
ORD02561,CUST1326,Maham Raza,2025-04-30,Headphones,Electronics,3,6398.49,19195.47,Sialkot,EasyPaisa
ORD02562,CUST0755,Hassan Ali,2025-07-02,Sugar,Grocery,7,184.23,1289.61,Karachi,EasyPaisa
ORD02563,CUST0121,Fatima Ahmed,2026-03-27,Tablet,Electronics,5,43591.18,217955.9,Quetta,Debit Card
ORD02564,CUST1526,Danish Ahmed,2025-11-30,Sugar,Grocery,5,225.89,1129.45,Rawalpindi,EasyPaisa
ORD02565,CUST0923,Zainab Ali,2026-07-02,Tea,Grocery,4,453.65,1814.6,Lahore,JazzCash
ORD02566,CUST0417,Hassan Ali,2025-08-12,Smartphone,Electronics,6,69557.83,417346.98,Sialkot,Cash
ORD02567,CUST0375,Usman Malik,2025-07-09,Keyboard,Electronics,3,4115.94,12347.82,Quetta,Credit Card
ORD02568,CUST0644,Sara Khan,2026-05-22,Cricket Bat,Sports,8,16932.76,135462.08,Faisalabad,EasyPaisa
ORD02569,CUST1315,Zainab Ali,2026-07-24,Yoga Mat,Sports,6,4657.53,27945.18,Gujranwala,Debit Card
ORD02570,CUST1419,Bilal Ahmed,2025-06-24,Jeans,Clothing,5,6298.96,31494.8,Multan,Cash
ORD02571,CUST1509,Danish Ahmed,2026-05-16,Rice,Grocery,6,787.62,4725.72,Karachi,JazzCash
ORD02572,CUST0194,Maham Raza,2026-06-26,Laptop,Electronics,1,130477.88,130477.88,Faisalabad,EasyPaisa
ORD02573,CUST1932,Ayesha Khan,2025-10-03,Tablet,Electronics,5,64823.69,324118.45,Multan,Bank Transfer
ORD02574,CUST2167,Sana Malik,2026-03-25,Jacket,Clothing,5,14813.28,74066.4,Karachi,JazzCash
ORD02575,CUST1065,Sana Malik,2025-07-24,Tablet,Electronics,8,78058.1,624464.8,Sialkot,Credit Card
ORD02576,CUST0800,Hamza Shah,2025-08-16,Tablet,Electronics,1,43136.8,43136.8,Gujranwala,Credit Card
ORD02577,CUST0982,Saad Khan,2025-07-25,Rice,Grocery,2,730.62,1461.24,Sialkot,Credit Card
ORD02578,CUST0280,Maham Raza,2026-07-25,Rice,Grocery,3,532.14,1596.42,Islamabad,JazzCash
ORD02579,CUST1781,Hassan Ali,2026-07-23,Lipstick,Beauty,5,1187.05,5935.25,Multan,Bank Transfer
ORD02580,CUST1674,Zainab Ali,2025-11-10,Tablet,Electronics,8,38153.93,305231.44,Rawalpindi,Debit Card
ORD02581,CUST2097,Abdullah Raza,2025-04-14,Cricket Bat,Sports,1,13617.88,13617.88,Karachi,Debit Card
ORD02582,CUST1563,Talha Malik,2025-10-13,Cereal,Grocery,5,926.2,4631.0,Karachi,Bank Transfer
ORD02583,CUST1629,Abdullah Raza,2026-08-30,Sugar,Grocery,3,335.58,1006.74,Karachi,Debit Card
ORD02584,CUST2477,Abdullah Raza,2026-08-25,Jeans,Clothing,3,7788.61,23365.83,Faisalabad,JazzCash
ORD02585,CUST2497,Abdullah Raza,2025-02-23,Running Shoes,Sports,6,9501.86,57011.16,Sialkot,EasyPaisa
ORD02586,CUST2440,Huzaifa Ali,2026-06-30,Keyboard,Electronics,1,1887.78,1887.78,Multan,JazzCash
ORD02587,CUST0671,Hamza Shah,2025-12-15,Hoodie,Clothing,4,2627.21,10508.84,Karachi,EasyPaisa
ORD02588,CUST0698,Sana Malik,2025-10-22,Lipstick,Beauty,5,2822.5,14112.5,Peshawar,Debit Card
ORD02589,CUST1876,Abdullah Raza,2026-09-27,Yoga Mat,Sports,5,4882.39,24411.95,Multan,JazzCash
ORD02590,CUST1346,Abdullah Raza,2026-05-18,Hoodie,Clothing,6,9331.29,55987.74,Multan,EasyPaisa
ORD02591,CUST0588,Usman Malik,2025-07-03,Hoodie,Clothing,1,8064.23,8064.23,Quetta,Bank Transfer
ORD02592,CUST1226,Saad Khan,2025-05-21,Lipstick,Beauty,2,3058.95,6117.9,Gujranwala,Credit Card
ORD02593,CUST1893,Ali Khan,2025-03-25,Yoga Mat,Sports,8,5536.52,44292.16,Multan,EasyPaisa
ORD02594,CUST0406,Fatima Ahmed,2025-12-03,Shampoo,Beauty,5,3256.12,16280.6,Rawalpindi,JazzCash
ORD02595,CUST0430,Usman Malik,2026-06-20,Cooking Oil,Grocery,7,1023.07,7161.49,Islamabad,Bank Transfer
ORD02596,CUST2197,Hamza Shah,2026-03-21,T-Shirt,Clothing,6,1997.7,11986.2,Karachi,EasyPaisa
ORD02597,CUST0327,Fatima Ahmed,2026-07-06,Hoodie,Clothing,8,9895.54,79164.32,Multan,EasyPaisa
ORD02598,CUST1824,Maryam Ahmed,2025-04-18,Mouse,Electronics,3,963.18,2889.54,Sialkot,Cash
ORD02599,CUST2397,Omar Farooq,2026-03-10,Air Fryer,Home & Kitchen,7,15399.56,107796.92,Rawalpindi,Debit Card
ORD02600,CUST2206,Ali Khan,2026-06-01,Keyboard,Electronics,6,10205.12,61230.72,Quetta,Bank Transfer
ORD02601,CUST0519,Hira Shah,2025-07-19,Mouse,Electronics,6,6820.17,40921.02,Lahore,Bank Transfer
ORD02602,CUST0327,Ali Khan,2026-08-22,Football,Sports,4,2292.09,9168.36,Rawalpindi,EasyPaisa
ORD02603,CUST1291,Maham Raza,2025-05-18,Hoodie,Clothing,5,9885.69,49428.45,Karachi,Credit Card
ORD02604,CUST1344,Huzaifa Ali,2026-06-28,Running Shoes,Sports,1,4887.51,4887.51,Karachi,EasyPaisa
ORD02605,CUST0556,Sana Malik,2025-03-04,Football,Sports,6,1777.66,10665.96,Rawalpindi,Bank Transfer
ORD02606,CUST2033,Omar Farooq,2026-06-28,Cooking Oil,Grocery,6,900.46,5402.76,Peshawar,JazzCash
ORD02607,CUST2456,Hira Shah,2026-06-06,Shoes,Clothing,6,4735.05,28410.3,Sialkot,Credit Card
ORD02608,CUST1368,Huzaifa Ali,2025-01-08,Jacket,Clothing,1,7387.92,7387.92,Multan,JazzCash
ORD02609,CUST1009,Usman Malik,2026-04-07,Tablet,Electronics,5,83286.91,416434.55,Multan,JazzCash
ORD02610,CUST1421,Hamza Shah,2026-01-01,Cooking Oil,Grocery,3,1084.78,3254.34,Karachi,JazzCash
ORD02611,CUST2082,Ayesha Khan,2025-05-18,Microwave,Home & Kitchen,1,30572.4,30572.4,Quetta,JazzCash
ORD02612,CUST2436,Sara Khan,2026-07-12,Shoes,Clothing,3,3619.81,10859.43,Peshawar,JazzCash
ORD02613,CUST2135,Usman Malik,2025-07-01,Tablet,Electronics,5,111411.26,557056.3,Peshawar,Debit Card
ORD02614,CUST0144,Hamza Shah,2025-03-20,Blender,Home & Kitchen,7,15621.0,109347.0,Sialkot,Bank Transfer
ORD02615,CUST2194,Sana Malik,2025-12-09,Tea,Grocery,4,871.15,3484.6,Peshawar,Debit Card
ORD02616,CUST2295,Huzaifa Ali,2025-07-13,Tablet,Electronics,1,116333.46,116333.46,Lahore,Credit Card
ORD02617,CUST1720,Omar Farooq,2026-05-14,Cooking Oil,Grocery,3,508.27,1524.81,Peshawar,Credit Card
ORD02618,CUST1857,Hamza Shah,2025-10-05,Perfume,Beauty,5,7107.7,35538.5,Gujranwala,EasyPaisa
ORD02619,CUST2357,Sara Khan,2025-01-23,Hoodie,Clothing,4,4877.41,19509.64,Sialkot,Cash
ORD02620,CUST0712,Hassan Ali,2026-08-07,Sugar,Grocery,1,250.53,250.53,Gujranwala,EasyPaisa
ORD02621,CUST1437,Hamza Shah,2025-11-24,Dinner Set,Home & Kitchen,5,12146.36,60731.8,Rawalpindi,Debit Card
ORD02622,CUST1858,Fatima Ahmed,2025-05-07,Lipstick,Beauty,8,975.25,7802.0,Rawalpindi,Cash
ORD02623,CUST1572,Fatima Ahmed,2025-04-19,Running Shoes,Sports,2,20926.93,41853.86,Lahore,Credit Card
ORD02624,CUST2022,Omar Farooq,2026-06-04,Microwave,Home & Kitchen,2,36900.72,73801.44,Gujranwala,JazzCash
ORD02625,CUST0879,Hira Shah,2025-08-28,Cereal,Grocery,4,1222.15,4888.6,Faisalabad,JazzCash
ORD02626,CUST0035,Danish Ahmed,2025-08-27,Rice,Grocery,2,706.17,1412.34,Lahore,EasyPaisa
ORD02627,CUST0764,Huzaifa Ali,2025-01-24,Tablet,Electronics,7,39300.14,275100.98,Islamabad,JazzCash
ORD02628,CUST1074,Usman Malik,2025-02-10,Jacket,Clothing,3,7703.1,23109.3,Islamabad,Credit Card
ORD02629,CUST1892,Bilal Ahmed,2026-04-07,Smart Watch,Electronics,6,6394.01,38364.06,Lahore,Debit Card
ORD02630,CUST1115,Hamza Shah,2026-08-29,Blender,Home & Kitchen,8,5255.84,42046.72,Sialkot,Credit Card
ORD02631,CUST0309,Ahmed Raza,2026-07-19,Jacket,Clothing,4,9197.24,36788.96,Sialkot,JazzCash
ORD02632,CUST1135,Huzaifa Ali,2025-05-28,Yoga Mat,Sports,3,2547.83,7643.49,Quetta,Cash
ORD02633,CUST2353,Sara Khan,2025-09-19,Skin Cream,Beauty,7,2741.08,19187.56,Rawalpindi,Credit Card
ORD02634,CUST0591,Hassan Ali,2025-11-02,Jacket,Clothing,8,5093.8,40750.4,Faisalabad,Cash
ORD02635,CUST1718,Hamza Shah,2025-06-26,Vacuum Cleaner,Home & Kitchen,4,44055.88,176223.52,Karachi,EasyPaisa
ORD02636,CUST2154,Sara Khan,2026-01-27,Perfume,Beauty,5,3120.31,15601.55,Karachi,Bank Transfer
ORD02637,CUST2238,Hira Shah,2025-06-02,Cooking Oil,Grocery,1,550.26,550.26,Quetta,Bank Transfer
ORD02638,CUST0131,Danish Ahmed,2025-02-05,Cricket Bat,Sports,3,4233.99,12701.97,Multan,Credit Card
ORD02639,CUST1477,Omar Farooq,2026-08-08,Sugar,Grocery,2,330.36,660.72,Peshawar,EasyPaisa
ORD02640,CUST2478,Zainab Ali,2026-05-03,Perfume,Beauty,8,2674.59,21396.72,Lahore,Cash
ORD02641,CUST0051,Ali Khan,2026-07-31,Headphones,Electronics,6,9193.36,55160.16,Quetta,Credit Card
ORD02642,CUST0704,Hassan Ali,2026-04-08,Lipstick,Beauty,1,813.16,813.16,Karachi,Cash
ORD02643,CUST1936,Usman Malik,2026-06-06,Hoodie,Clothing,1,8597.48,8597.48,Peshawar,JazzCash
ORD02644,CUST1145,Sara Khan,2025-11-20,Jeans,Clothing,5,3279.68,16398.4,Karachi,JazzCash
ORD02645,CUST0026,Maryam Ahmed,2026-05-01,Smart Watch,Electronics,2,11687.35,23374.7,Faisalabad,Debit Card
ORD02646,CUST1236,Sana Malik,2025-08-19,Shoes,Clothing,3,4183.46,12550.38,Islamabad,Credit Card
ORD02647,CUST0591,Zainab Ali,2025-01-16,Microwave,Home & Kitchen,7,20970.98,146796.86,Islamabad,Credit Card
ORD02648,CUST2390,Fatima Ahmed,2025-01-18,Shampoo,Beauty,3,2790.45,8371.35,Faisalabad,Bank Transfer
ORD02649,CUST0093,Omar Farooq,2026-09-24,Sugar,Grocery,7,370.83,2595.81,Islamabad,JazzCash
ORD02650,CUST1927,Sara Khan,2025-05-14,Cricket Ball,Sports,4,1131.61,4526.44,Karachi,Bank Transfer
ORD02651,CUST1108,Maham Raza,2025-05-18,Biscuits,Grocery,1,254.59,254.59,Multan,EasyPaisa
ORD02652,CUST0434,Hamza Shah,2025-05-15,Shampoo,Beauty,1,924.65,924.65,Sialkot,Bank Transfer
ORD02653,CUST1761,Huzaifa Ali,2025-06-24,Tablet,Electronics,2,115508.26,231016.52,Peshawar,Bank Transfer
ORD02654,CUST1962,Huzaifa Ali,2025-09-19,Vacuum Cleaner,Home & Kitchen,7,42299.26,296094.82,Peshawar,EasyPaisa
ORD02655,CUST0241,Ali Khan,2026-01-24,Running Shoes,Sports,8,6664.94,53319.52,Gujranwala,EasyPaisa
ORD02656,CUST0946,Maryam Ahmed,2026-06-08,Air Fryer,Home & Kitchen,1,22492.29,22492.29,Gujranwala,Cash
ORD02657,CUST2324,Bilal Ahmed,2025-10-26,Perfume,Beauty,8,12508.02,100064.16,Karachi,JazzCash
ORD02658,CUST2491,Bilal Ahmed,2026-02-07,Blender,Home & Kitchen,4,5654.57,22618.28,Rawalpindi,Debit Card
ORD02659,CUST1840,Ahmed Raza,2025-10-04,Jacket,Clothing,7,11564.65,80952.55,Gujranwala,Credit Card
ORD02660,CUST1124,Sara Khan,2025-11-23,Smartphone,Electronics,7,113983.06,797881.42,Islamabad,Credit Card
ORD02661,CUST2014,Bilal Ahmed,2025-07-24,Football,Sports,3,2593.12,7779.36,Lahore,Debit Card
ORD02662,CUST0250,Ali Khan,2025-01-03,Blender,Home & Kitchen,4,16422.44,65689.76,Lahore,EasyPaisa
ORD02663,CUST1858,Ayesha Khan,2026-02-17,Lipstick,Beauty,5,1370.33,6851.65,Sialkot,Cash
ORD02664,CUST1033,Hamza Shah,2025-05-05,Perfume,Beauty,2,2558.78,5117.56,Peshawar,Cash
ORD02665,CUST2326,Bilal Ahmed,2026-01-29,Smart Watch,Electronics,2,43197.8,86395.6,Rawalpindi,Credit Card
ORD02666,CUST2179,Abdullah Raza,2026-08-19,Running Shoes,Sports,8,8232.37,65858.96,Quetta,Bank Transfer
ORD02667,CUST1380,Sana Malik,2026-07-09,Yoga Mat,Sports,1,1223.65,1223.65,Gujranwala,Cash
ORD02668,CUST1004,Ahmed Raza,2026-02-02,Lipstick,Beauty,5,2180.1,10900.5,Lahore,Cash
ORD02669,CUST1780,Hamza Shah,2025-09-13,Skin Cream,Beauty,4,2914.71,11658.84,Karachi,Bank Transfer
ORD02670,CUST0349,Zainab Ali,2026-06-20,Shoes,Clothing,2,4814.6,9629.2,Karachi,Bank Transfer
ORD02671,CUST2054,Bilal Ahmed,2025-12-04,Skin Cream,Beauty,5,3476.78,17383.9,Sialkot,Debit Card
ORD02672,CUST0281,Maham Raza,2025-01-13,T-Shirt,Clothing,5,1918.63,9593.15,Rawalpindi,Debit Card
ORD02673,CUST1318,Hira Shah,2026-04-03,Jacket,Clothing,1,9780.22,9780.22,Sialkot,EasyPaisa
ORD02674,CUST1770,Maryam Ahmed,2026-02-19,Shampoo,Beauty,5,1421.81,7109.05,Islamabad,Bank Transfer
ORD02675,CUST0066,Bilal Ahmed,2025-10-01,Laptop,Electronics,3,80540.83,241622.49,Gujranwala,Cash
ORD02676,CUST2103,Maryam Ahmed,2025-08-16,Yoga Mat,Sports,3,1761.04,5283.12,Sialkot,Debit Card
ORD02677,CUST0138,Saad Khan,2025-05-25,Smartphone,Electronics,7,173950.72,1217655.04,Multan,EasyPaisa
ORD02678,CUST1916,Ayesha Khan,2025-05-20,Headphones,Electronics,6,9707.2,58243.2,Multan,Bank Transfer
ORD02679,CUST1862,Ali Khan,2025-12-19,Shoes,Clothing,4,9854.61,39418.44,Lahore,Debit Card
ORD02680,CUST1360,Hamza Shah,2026-07-19,Smartphone,Electronics,3,121062.02,363186.06,Gujranwala,Cash
ORD02681,CUST1418,Abdullah Raza,2025-12-02,Running Shoes,Sports,3,23703.63,71110.89,Lahore,Debit Card
ORD02682,CUST1904,Danish Ahmed,2025-03-04,Running Shoes,Sports,1,6402.87,6402.87,Islamabad,Credit Card
ORD02683,CUST0350,Bilal Ahmed,2025-02-25,Tablet,Electronics,1,62647.05,62647.05,Gujranwala,Credit Card
ORD02684,CUST0720,Omar Farooq,2025-04-02,Face Wash,Beauty,1,1645.7,1645.7,Islamabad,EasyPaisa
ORD02685,CUST0121,Fatima Ahmed,2025-05-09,Running Shoes,Sports,2,5441.52,10883.04,Gujranwala,Bank Transfer
ORD02686,CUST1332,Ayesha Khan,2026-03-22,Blender,Home & Kitchen,7,11470.86,80296.02,Faisalabad,Debit Card
ORD02687,CUST0592,Maryam Ahmed,2025-07-01,Cereal,Grocery,5,450.6,2253.0,Peshawar,Credit Card
ORD02688,CUST0361,Zainab Ali,2025-04-20,Cricket Ball,Sports,1,1265.64,1265.64,Rawalpindi,Cash
ORD02689,CUST2015,Bilal Ahmed,2025-11-13,Coffee Maker,Home & Kitchen,4,23541.11,94164.44,Faisalabad,Credit Card
ORD02690,CUST1679,Huzaifa Ali,2026-05-18,Dinner Set,Home & Kitchen,2,19377.64,38755.28,Islamabad,Credit Card
ORD02691,CUST0751,Hira Shah,2026-04-15,Blender,Home & Kitchen,3,14742.89,44228.67,Quetta,Cash
ORD02692,CUST1640,Bilal Ahmed,2025-12-26,Lipstick,Beauty,7,3465.56,24258.92,Islamabad,Debit Card
ORD02693,CUST1811,Saad Khan,2026-07-13,Smart Watch,Electronics,7,40172.84,281209.88,Faisalabad,EasyPaisa
ORD02694,CUST2369,Ahmed Raza,2025-06-13,Coffee Maker,Home & Kitchen,2,17742.88,35485.76,Rawalpindi,Debit Card
ORD02695,CUST1243,Saad Khan,2026-06-07,Laptop,Electronics,2,144300.57,288601.14,Sialkot,JazzCash
ORD02696,CUST0859,Sana Malik,2025-10-06,Microwave,Home & Kitchen,6,22017.73,132106.38,Lahore,Debit Card
ORD02697,CUST0625,Hamza Shah,2026-07-15,Running Shoes,Sports,7,22452.81,157169.67,Islamabad,Cash
ORD02698,CUST1460,Hassan Ali,2026-09-12,Vacuum Cleaner,Home & Kitchen,5,34477.06,172385.3,Multan,Debit Card
ORD02699,CUST1160,Usman Malik,2025-10-11,Face Wash,Beauty,7,542.98,3800.86,Karachi,Cash
ORD02700,CUST2255,Usman Malik,2026-07-14,Yoga Mat,Sports,4,3465.29,13861.16,Gujranwala,Credit Card
ORD02701,CUST1257,Ayesha Khan,2025-08-28,Cooking Oil,Grocery,7,502.52,3517.64,Multan,Bank Transfer
ORD02702,CUST2164,Saad Khan,2025-03-08,Shampoo,Beauty,3,2051.28,6153.84,Faisalabad,EasyPaisa
ORD02703,CUST1064,Ali Khan,2026-02-19,Biscuits,Grocery,7,55.8,390.6,Multan,Cash
ORD02704,CUST1274,Omar Farooq,2026-01-15,Laptop,Electronics,3,102714.07,308142.21,Faisalabad,Cash
ORD02705,CUST1645,Ahmed Raza,2025-05-02,Cricket Bat,Sports,1,8436.96,8436.96,Faisalabad,EasyPaisa
ORD02706,CUST0583,Hamza Shah,2026-05-24,Yoga Mat,Sports,4,3119.42,12477.68,Gujranwala,JazzCash
ORD02707,CUST0431,Danish Ahmed,2025-07-26,Laptop,Electronics,1,106474.44,106474.44,Quetta,EasyPaisa
ORD02708,CUST0367,Fatima Ahmed,2025-03-24,Skin Cream,Beauty,1,3298.88,3298.88,Lahore,Cash
ORD02709,CUST0986,Hamza Shah,2025-04-30,Jacket,Clothing,8,16865.77,134926.16,Quetta,Bank Transfer
ORD02710,CUST0430,Hira Shah,2025-02-16,Smart Watch,Electronics,7,37905.43,265338.01,Islamabad,Debit Card
ORD02711,CUST1059,Hamza Shah,2026-06-04,Yoga Mat,Sports,1,5888.85,5888.85,Sialkot,Bank Transfer
ORD02712,CUST0039,Hamza Shah,2026-01-09,Vacuum Cleaner,Home & Kitchen,6,35999.67,215998.02,Karachi,Credit Card
ORD02713,CUST0093,Talha Malik,2025-05-03,Tea,Grocery,3,501.11,1503.33,Islamabad,EasyPaisa
ORD02714,CUST0564,Maryam Ahmed,2026-04-28,Lipstick,Beauty,1,2329.05,2329.05,Sialkot,Cash
ORD02715,CUST1748,Ali Khan,2025-04-19,Cricket Bat,Sports,7,13294.86,93064.02,Gujranwala,Bank Transfer
ORD02716,CUST0532,Omar Farooq,2025-06-08,Perfume,Beauty,8,16135.95,129087.6,Sialkot,EasyPaisa
ORD02717,CUST2194,Omar Farooq,2025-05-04,Running Shoes,Sports,8,9277.6,74220.8,Quetta,Debit Card
ORD02718,CUST0435,Ali Khan,2026-07-28,T-Shirt,Clothing,7,2900.15,20301.05,Islamabad,Debit Card
ORD02719,CUST1907,Saad Khan,2025-12-27,Perfume,Beauty,6,14290.39,85742.34,Lahore,Cash
ORD02720,CUST0553,Omar Farooq,2025-07-18,Jacket,Clothing,5,13367.82,66839.1,Peshawar,Credit Card
ORD02721,CUST2468,Hira Shah,2026-01-29,T-Shirt,Clothing,1,2684.67,2684.67,Gujranwala,Debit Card
ORD02722,CUST1594,Maryam Ahmed,2025-01-21,Tea,Grocery,8,658.57,5268.56,Multan,Cash
ORD02723,CUST1494,Bilal Ahmed,2026-08-15,Biscuits,Grocery,4,222.52,890.08,Karachi,Debit Card
ORD02724,CUST0595,Hira Shah,2025-11-02,Keyboard,Electronics,7,2712.12,18984.84,Karachi,Cash
ORD02725,CUST2141,Fatima Ahmed,2025-02-17,Rice,Grocery,6,369.67,2218.02,Islamabad,Debit Card
ORD02726,CUST0561,Sana Malik,2026-08-15,T-Shirt,Clothing,4,3556.01,14224.04,Gujranwala,Debit Card
ORD02727,CUST0439,Sara Khan,2025-11-05,Perfume,Beauty,1,6356.84,6356.84,Sialkot,Cash
ORD02728,CUST0414,Maham Raza,2025-05-31,Tablet,Electronics,1,105815.17,105815.17,Karachi,JazzCash
ORD02729,CUST1656,Ayesha Khan,2025-10-25,Cereal,Grocery,7,801.2,5608.4,Rawalpindi,Bank Transfer
ORD02730,CUST0013,Zainab Ali,2025-04-06,Shampoo,Beauty,2,1274.75,2549.5,Lahore,Cash
ORD02731,CUST2071,Abdullah Raza,2026-05-18,Coffee Maker,Home & Kitchen,3,16674.06,50022.18,Peshawar,Cash
ORD02732,CUST0456,Bilal Ahmed,2025-11-25,Coffee Maker,Home & Kitchen,6,12675.98,76055.88,Gujranwala,Cash
ORD02733,CUST0960,Abdullah Raza,2025-05-18,Sugar,Grocery,2,232.38,464.76,Multan,EasyPaisa
ORD02734,CUST0634,Hira Shah,2025-09-23,Biscuits,Grocery,6,74.62,447.72,Lahore,Bank Transfer
ORD02735,CUST0629,Sana Malik,2025-01-20,Lipstick,Beauty,7,1062.72,7439.04,Faisalabad,JazzCash
ORD02736,CUST1920,Bilal Ahmed,2026-04-19,Cricket Ball,Sports,7,2043.4,14303.8,Lahore,Debit Card
ORD02737,CUST0251,Saad Khan,2025-07-28,Headphones,Electronics,8,5298.0,42384.0,Quetta,Cash
ORD02738,CUST0942,Talha Malik,2026-06-29,Coffee Maker,Home & Kitchen,8,25526.71,204213.68,Lahore,Credit Card
ORD02739,CUST0066,Hassan Ali,2026-06-27,Headphones,Electronics,4,11246.38,44985.52,Quetta,Debit Card
ORD02740,CUST0742,Hira Shah,2026-04-16,Mouse,Electronics,6,2972.34,17834.04,Lahore,Credit Card
ORD02741,CUST1650,Bilal Ahmed,2026-06-25,Face Wash,Beauty,7,1330.83,9315.81,Quetta,Credit Card
ORD02742,CUST1707,Sara Khan,2026-04-05,Skin Cream,Beauty,1,4285.79,4285.79,Faisalabad,Credit Card
ORD02743,CUST0590,Talha Malik,2025-07-31,Headphones,Electronics,7,20449.32,143145.24,Karachi,Bank Transfer
ORD02744,CUST1711,Bilal Ahmed,2026-05-03,Jacket,Clothing,7,6915.44,48408.08,Multan,EasyPaisa
ORD02745,CUST1947,Danish Ahmed,2026-06-01,Jeans,Clothing,7,8305.26,58136.82,Lahore,JazzCash
ORD02746,CUST0958,Hassan Ali,2026-08-29,Football,Sports,7,6682.65,46778.55,Lahore,Bank Transfer
ORD02747,CUST1421,Ali Khan,2025-01-07,Air Fryer,Home & Kitchen,5,29880.68,149403.4,Gujranwala,EasyPaisa
ORD02748,CUST1341,Danish Ahmed,2025-03-27,Shoes,Clothing,7,7400.33,51802.31,Quetta,JazzCash
ORD02749,CUST1845,Ahmed Raza,2026-02-26,Blender,Home & Kitchen,6,9085.52,54513.12,Quetta,EasyPaisa
ORD02750,CUST1044,Hassan Ali,2025-12-19,Lipstick,Beauty,6,2249.34,13496.04,Peshawar,Cash
ORD02751,CUST0742,Talha Malik,2025-05-31,Perfume,Beauty,5,6721.7,33608.5,Rawalpindi,JazzCash
ORD02752,CUST0245,Hassan Ali,2025-07-04,Cricket Bat,Sports,4,13019.72,52078.88,Islamabad,Bank Transfer
ORD02753,CUST1520,Talha Malik,2026-04-21,Shoes,Clothing,2,5272.32,10544.64,Peshawar,EasyPaisa
ORD02754,CUST1207,Hassan Ali,2025-02-28,Headphones,Electronics,3,5431.72,16295.16,Sialkot,EasyPaisa
ORD02755,CUST2267,Ayesha Khan,2026-08-14,Blender,Home & Kitchen,7,8756.35,61294.45,Lahore,Debit Card
ORD02756,CUST2395,Hassan Ali,2025-08-01,T-Shirt,Clothing,1,4375.07,4375.07,Islamabad,Cash
ORD02757,CUST1091,Hassan Ali,2025-04-08,Shoes,Clothing,1,24887.84,24887.84,Peshawar,Debit Card
ORD02758,CUST1846,Maryam Ahmed,2025-03-15,Rice,Grocery,1,283.3,283.3,Lahore,Credit Card
ORD02759,CUST1403,Ali Khan,2025-02-10,Headphones,Electronics,8,27905.9,223247.2,Lahore,Debit Card
ORD02760,CUST0752,Fatima Ahmed,2026-04-15,Face Wash,Beauty,7,1021.7,7151.9,Faisalabad,JazzCash
ORD02761,CUST2307,Fatima Ahmed,2025-06-13,Face Wash,Beauty,8,2632.03,21056.24,Quetta,JazzCash
ORD02762,CUST0134,Hira Shah,2026-07-31,Hoodie,Clothing,4,2539.97,10159.88,Multan,Debit Card
ORD02763,CUST2473,Ayesha Khan,2025-04-22,Smartphone,Electronics,6,161551.34,969308.04,Sialkot,Credit Card
ORD02764,CUST2216,Usman Malik,2025-07-04,Shoes,Clothing,8,18415.72,147325.76,Islamabad,EasyPaisa
ORD02765,CUST1223,Abdullah Raza,2025-02-18,Mouse,Electronics,6,3590.84,21545.04,Peshawar,Cash
ORD02766,CUST1357,Hassan Ali,2026-02-09,Shoes,Clothing,8,18807.58,150460.64,Quetta,Credit Card
ORD02767,CUST2004,Fatima Ahmed,2026-08-26,Shampoo,Beauty,4,1632.1,6528.4,Sialkot,Bank Transfer
ORD02768,CUST2072,Huzaifa Ali,2025-01-01,Yoga Mat,Sports,8,2868.17,22945.36,Peshawar,Debit Card
ORD02769,CUST0089,Hassan Ali,2026-02-27,Headphones,Electronics,6,23075.05,138450.3,Lahore,EasyPaisa
ORD02770,CUST0704,Danish Ahmed,2026-08-02,Keyboard,Electronics,2,9006.12,18012.24,Lahore,Credit Card
ORD02771,CUST0134,Fatima Ahmed,2025-09-01,T-Shirt,Clothing,5,4635.65,23178.25,Faisalabad,EasyPaisa
ORD02772,CUST1428,Omar Farooq,2025-06-10,Perfume,Beauty,3,12733.68,38201.04,Rawalpindi,Credit Card
ORD02773,CUST0276,Ahmed Raza,2026-01-02,T-Shirt,Clothing,4,4838.14,19352.56,Islamabad,Debit Card
ORD02774,CUST0927,Zainab Ali,2025-04-27,Cricket Ball,Sports,1,1188.1,1188.1,Faisalabad,Debit Card
ORD02775,CUST2066,Huzaifa Ali,2026-08-18,Football,Sports,7,2969.24,20784.68,Gujranwala,Debit Card
ORD02776,CUST0665,Sana Malik,2025-07-17,Cricket Bat,Sports,4,16723.2,66892.8,Rawalpindi,JazzCash
ORD02777,CUST0110,Maham Raza,2026-07-05,Hoodie,Clothing,1,5700.66,5700.66,Sialkot,Bank Transfer
ORD02778,CUST0518,Fatima Ahmed,2025-05-06,Yoga Mat,Sports,4,5999.11,23996.44,Faisalabad,Cash
ORD02779,CUST1609,Zainab Ali,2026-09-05,Hoodie,Clothing,6,2931.49,17588.94,Sialkot,EasyPaisa
ORD02780,CUST0995,Talha Malik,2025-05-27,Face Wash,Beauty,2,2878.45,5756.9,Peshawar,Credit Card
ORD02781,CUST0656,Usman Malik,2025-10-12,Headphones,Electronics,6,15144.11,90864.66,Lahore,JazzCash
ORD02782,CUST2320,Omar Farooq,2025-04-06,Hoodie,Clothing,5,8311.55,41557.75,Quetta,Debit Card
ORD02783,CUST1829,Usman Malik,2026-02-10,Perfume,Beauty,3,12754.25,38262.75,Rawalpindi,Cash
ORD02784,CUST1735,Fatima Ahmed,2025-05-12,Tea,Grocery,7,508.91,3562.37,Quetta,Debit Card
ORD02785,CUST1570,Hamza Shah,2025-09-15,Hoodie,Clothing,7,7221.66,50551.62,Islamabad,Bank Transfer
ORD02786,CUST0109,Ali Khan,2025-08-23,Smart Watch,Electronics,8,22028.94,176231.52,Sialkot,EasyPaisa
ORD02787,CUST1108,Ahmed Raza,2025-05-21,Hoodie,Clothing,6,9267.89,55607.34,Rawalpindi,Credit Card
ORD02788,CUST1453,Ali Khan,2025-12-06,Football,Sports,4,1908.16,7632.64,Multan,Cash
ORD02789,CUST2384,Hamza Shah,2025-04-13,Microwave,Home & Kitchen,3,41033.45,123100.35,Faisalabad,Credit Card
ORD02790,CUST2422,Maryam Ahmed,2026-05-12,Football,Sports,8,4863.26,38906.08,Islamabad,Debit Card
ORD02791,CUST0538,Bilal Ahmed,2025-09-15,Biscuits,Grocery,6,293.46,1760.76,Karachi,EasyPaisa
ORD02792,CUST2211,Hamza Shah,2025-11-26,Face Wash,Beauty,5,2270.49,11352.45,Sialkot,Credit Card
ORD02793,CUST0170,Sara Khan,2026-05-20,Football,Sports,8,3466.32,27730.56,Quetta,Bank Transfer
ORD02794,CUST0697,Abdullah Raza,2025-08-29,Biscuits,Grocery,4,99.57,398.28,Sialkot,EasyPaisa
ORD02795,CUST1394,Maryam Ahmed,2025-06-19,Tea,Grocery,1,385.75,385.75,Gujranwala,Bank Transfer
ORD02796,CUST1472,Saad Khan,2026-05-31,Coffee Maker,Home & Kitchen,6,13323.55,79941.3,Gujranwala,Credit Card
ORD02797,CUST1958,Bilal Ahmed,2026-03-24,Yoga Mat,Sports,6,1858.98,11153.88,Peshawar,Credit Card
ORD02798,CUST0514,Abdullah Raza,2026-05-09,Keyboard,Electronics,7,6833.11,47831.77,Islamabad,Debit Card
ORD02799,CUST0329,Abdullah Raza,2026-01-18,Microwave,Home & Kitchen,6,45592.43,273554.58,Peshawar,Credit Card
ORD02800,CUST0436,Huzaifa Ali,2025-01-09,Face Wash,Beauty,6,931.53,5589.18,Islamabad,Debit Card
ORD02801,CUST0705,Huzaifa Ali,2026-04-03,Running Shoes,Sports,5,7528.06,37640.3,Peshawar,Credit Card
ORD02802,CUST0695,Hassan Ali,2025-04-03,Shampoo,Beauty,1,3154.35,3154.35,Rawalpindi,Debit Card
ORD02803,CUST0047,Ali Khan,2026-09-01,Tablet,Electronics,3,76973.16,230919.48,Sialkot,Bank Transfer
ORD02804,CUST0551,Sara Khan,2025-02-10,Running Shoes,Sports,8,12282.8,98262.4,Peshawar,Cash
ORD02805,CUST1480,Sara Khan,2026-08-18,Air Fryer,Home & Kitchen,1,31044.72,31044.72,Rawalpindi,Credit Card
ORD02806,CUST0949,Danish Ahmed,2025-01-20,Headphones,Electronics,1,25488.73,25488.73,Karachi,Cash
ORD02807,CUST0823,Huzaifa Ali,2026-01-15,Football,Sports,4,5236.99,20947.96,Sialkot,Credit Card
ORD02808,CUST0356,Abdullah Raza,2025-04-06,Jeans,Clothing,8,4436.21,35489.68,Rawalpindi,JazzCash
ORD02809,CUST0589,Maryam Ahmed,2026-06-26,Keyboard,Electronics,1,1991.16,1991.16,Quetta,Bank Transfer
ORD02810,CUST1713,Ahmed Raza,2025-04-24,Tablet,Electronics,7,59997.43,419982.01,Quetta,JazzCash
ORD02811,CUST0061,Abdullah Raza,2025-01-11,Shoes,Clothing,6,9190.36,55142.16,Multan,Credit Card
ORD02812,CUST1822,Sara Khan,2025-04-03,Cooking Oil,Grocery,7,699.89,4899.23,Islamabad,Credit Card
ORD02813,CUST0470,Ali Khan,2026-02-25,Football,Sports,4,2836.31,11345.24,Sialkot,Debit Card
ORD02814,CUST0563,Omar Farooq,2025-11-03,Vacuum Cleaner,Home & Kitchen,7,19191.91,134343.37,Karachi,JazzCash
ORD02815,CUST0806,Maryam Ahmed,2025-04-30,Air Fryer,Home & Kitchen,5,32698.35,163491.75,Islamabad,JazzCash
ORD02816,CUST1722,Ahmed Raza,2026-05-04,Cereal,Grocery,6,1384.24,8305.44,Peshawar,Bank Transfer
ORD02817,CUST1137,Sara Khan,2025-02-16,Jacket,Clothing,3,12461.67,37385.01,Karachi,JazzCash
ORD02818,CUST0355,Talha Malik,2025-01-21,Air Fryer,Home & Kitchen,8,14302.0,114416.0,Sialkot,EasyPaisa
ORD02819,CUST0691,Sana Malik,2025-02-12,Face Wash,Beauty,3,931.09,2793.27,Gujranwala,Credit Card
ORD02820,CUST2033,Hassan Ali,2025-03-21,Tea,Grocery,5,539.95,2699.75,Rawalpindi,Debit Card
ORD02821,CUST1593,Abdullah Raza,2026-05-29,Coffee Maker,Home & Kitchen,4,24960.81,99843.24,Faisalabad,JazzCash
ORD02822,CUST1515,Ayesha Khan,2026-07-03,Perfume,Beauty,5,5396.39,26981.95,Peshawar,Credit Card
ORD02823,CUST0709,Omar Farooq,2026-04-24,Biscuits,Grocery,5,191.95,959.75,Gujranwala,JazzCash
ORD02824,CUST2440,Zainab Ali,2025-01-04,Cricket Ball,Sports,1,626.44,626.44,Rawalpindi,EasyPaisa
ORD02825,CUST0715,Usman Malik,2025-10-02,Vacuum Cleaner,Home & Kitchen,8,54853.64,438829.12,Peshawar,Bank Transfer
ORD02826,CUST2383,Ayesha Khan,2025-02-03,Microwave,Home & Kitchen,1,28281.19,28281.19,Quetta,EasyPaisa
ORD02827,CUST2002,Sara Khan,2025-11-09,Tablet,Electronics,1,87196.16,87196.16,Karachi,Debit Card
ORD02828,CUST0870,Maryam Ahmed,2025-10-10,Shoes,Clothing,5,14114.15,70570.75,Lahore,JazzCash
ORD02829,CUST1703,Fatima Ahmed,2025-12-26,Running Shoes,Sports,8,5729.44,45835.52,Peshawar,JazzCash
ORD02830,CUST0276,Maham Raza,2026-07-21,Shoes,Clothing,7,19610.4,137272.8,Faisalabad,Bank Transfer
ORD02831,CUST0611,Maryam Ahmed,2025-03-03,Smart Watch,Electronics,1,19910.68,19910.68,Quetta,Bank Transfer
ORD02832,CUST1262,Zainab Ali,2026-06-14,Hoodie,Clothing,1,8823.42,8823.42,Lahore,Bank Transfer
ORD02833,CUST1189,Ayesha Khan,2025-01-21,Cereal,Grocery,7,1325.38,9277.66,Multan,JazzCash
ORD02834,CUST1016,Maryam Ahmed,2025-08-22,Rice,Grocery,1,435.6,435.6,Faisalabad,JazzCash
ORD02835,CUST1979,Maryam Ahmed,2026-02-10,Skin Cream,Beauty,1,1756.28,1756.28,Rawalpindi,Cash
ORD02836,CUST0556,Hassan Ali,2026-07-16,Sugar,Grocery,2,325.21,650.42,Islamabad,JazzCash
ORD02837,CUST0067,Saad Khan,2025-03-25,Sugar,Grocery,5,377.81,1889.05,Quetta,EasyPaisa
ORD02838,CUST1350,Danish Ahmed,2026-05-30,Yoga Mat,Sports,4,3154.54,12618.16,Lahore,JazzCash
ORD02839,CUST0693,Saad Khan,2025-11-08,Cooking Oil,Grocery,4,1072.64,4290.56,Sialkot,EasyPaisa
ORD02840,CUST0090,Sana Malik,2025-11-27,Sugar,Grocery,6,156.02,936.12,Sialkot,Credit Card
ORD02841,CUST2298,Sara Khan,2025-09-26,T-Shirt,Clothing,1,3838.98,3838.98,Karachi,EasyPaisa
ORD02842,CUST1601,Omar Farooq,2026-02-21,Cereal,Grocery,1,1195.62,1195.62,Islamabad,Cash
ORD02843,CUST0786,Abdullah Raza,2026-05-01,Headphones,Electronics,1,23482.67,23482.67,Sialkot,Credit Card
ORD02844,CUST0492,Huzaifa Ali,2026-05-18,Skin Cream,Beauty,3,1044.4,3133.2,Islamabad,JazzCash
ORD02845,CUST1900,Usman Malik,2025-08-27,Cricket Ball,Sports,4,2431.55,9726.2,Quetta,Bank Transfer
ORD02846,CUST1075,Hassan Ali,2026-09-18,Smart Watch,Electronics,5,21915.55,109577.75,Peshawar,EasyPaisa
ORD02847,CUST0973,Zainab Ali,2025-03-31,Microwave,Home & Kitchen,4,18966.62,75866.48,Faisalabad,Bank Transfer
ORD02848,CUST1470,Abdullah Raza,2025-10-17,Yoga Mat,Sports,2,4461.64,8923.28,Sialkot,JazzCash
ORD02849,CUST1393,Huzaifa Ali,2025-03-07,Rice,Grocery,3,796.64,2389.92,Quetta,Credit Card
ORD02850,CUST0951,Huzaifa Ali,2025-10-06,Tablet,Electronics,3,45846.35,137539.05,Gujranwala,Bank Transfer
ORD02851,CUST0309,Maryam Ahmed,2025-05-31,Vacuum Cleaner,Home & Kitchen,1,50385.74,50385.74,Gujranwala,Cash
ORD02852,CUST1544,Fatima Ahmed,2026-01-31,Sugar,Grocery,1,275.5,275.5,Rawalpindi,Bank Transfer
ORD02853,CUST1555,Fatima Ahmed,2025-04-16,Tablet,Electronics,1,108302.82,108302.82,Sialkot,Bank Transfer
ORD02854,CUST0007,Omar Farooq,2025-12-03,Cricket Bat,Sports,2,22827.56,45655.12,Quetta,Cash
ORD02855,CUST1223,Ahmed Raza,2026-02-27,Headphones,Electronics,3,3995.98,11987.94,Quetta,Cash
ORD02856,CUST0269,Maryam Ahmed,2026-06-15,T-Shirt,Clothing,1,3150.07,3150.07,Islamabad,JazzCash
ORD02857,CUST0713,Sana Malik,2026-07-18,Hoodie,Clothing,7,3742.03,26194.21,Faisalabad,EasyPaisa
ORD02858,CUST0604,Saad Khan,2026-04-14,Blender,Home & Kitchen,1,13586.67,13586.67,Gujranwala,Bank Transfer
ORD02859,CUST1129,Usman Malik,2026-04-24,Shampoo,Beauty,3,3359.09,10077.27,Karachi,JazzCash
ORD02860,CUST1577,Hamza Shah,2026-09-07,Perfume,Beauty,2,9902.19,19804.38,Islamabad,JazzCash
ORD02861,CUST0547,Ali Khan,2026-06-28,Sugar,Grocery,1,183.11,183.11,Rawalpindi,EasyPaisa
ORD02862,CUST0798,Fatima Ahmed,2026-03-08,Headphones,Electronics,3,4062.51,12187.53,Faisalabad,Debit Card
ORD02863,CUST1037,Zainab Ali,2025-07-08,Jacket,Clothing,7,15242.96,106700.72,Gujranwala,Bank Transfer
ORD02864,CUST0585,Sana Malik,2025-10-30,Rice,Grocery,1,294.67,294.67,Islamabad,Bank Transfer
ORD02865,CUST0369,Bilal Ahmed,2026-08-23,Microwave,Home & Kitchen,1,31050.3,31050.3,Rawalpindi,JazzCash
ORD02866,CUST1849,Hira Shah,2026-08-07,Microwave,Home & Kitchen,5,18286.56,91432.8,Lahore,Credit Card
ORD02867,CUST0541,Sana Malik,2025-01-01,Lipstick,Beauty,8,2771.59,22172.72,Rawalpindi,JazzCash
ORD02868,CUST1442,Maham Raza,2025-02-13,Microwave,Home & Kitchen,5,45022.77,225113.85,Rawalpindi,Bank Transfer
ORD02869,CUST1801,Maham Raza,2026-06-30,Tea,Grocery,2,751.11,1502.22,Faisalabad,Bank Transfer
ORD02870,CUST2240,Bilal Ahmed,2026-06-07,Smartphone,Electronics,5,160424.11,802120.55,Karachi,Debit Card
ORD02871,CUST2121,Maham Raza,2025-09-12,Yoga Mat,Sports,8,3258.85,26070.8,Faisalabad,Bank Transfer
ORD02872,CUST0946,Sara Khan,2025-05-11,Sugar,Grocery,4,188.07,752.28,Lahore,JazzCash
ORD02873,CUST2398,Usman Malik,2025-10-18,Sugar,Grocery,7,301.08,2107.56,Islamabad,Debit Card
ORD02874,CUST0553,Ahmed Raza,2025-06-28,Shampoo,Beauty,8,2244.15,17953.2,Faisalabad,Credit Card
ORD02875,CUST2309,Danish Ahmed,2026-02-25,Skin Cream,Beauty,3,2363.89,7091.67,Islamabad,Cash
ORD02876,CUST2390,Sara Khan,2026-08-06,Sugar,Grocery,8,249.54,1996.32,Islamabad,Credit Card
ORD02877,CUST2471,Huzaifa Ali,2026-08-26,Coffee Maker,Home & Kitchen,3,21036.27,63108.81,Rawalpindi,Credit Card
ORD02878,CUST2109,Maryam Ahmed,2026-07-24,Dinner Set,Home & Kitchen,7,15756.86,110298.02,Quetta,JazzCash
ORD02879,CUST1234,Hamza Shah,2025-01-13,Face Wash,Beauty,7,1430.42,10012.94,Rawalpindi,Debit Card
ORD02880,CUST1012,Hamza Shah,2026-09-15,Face Wash,Beauty,5,622.14,3110.7,Multan,Credit Card
ORD02881,CUST0517,Hira Shah,2025-06-08,Skin Cream,Beauty,2,3907.95,7815.9,Lahore,Cash
ORD02882,CUST1634,Bilal Ahmed,2026-04-23,Laptop,Electronics,1,122126.72,122126.72,Sialkot,Bank Transfer
ORD02883,CUST0139,Sana Malik,2025-08-21,Football,Sports,5,7717.8,38589.0,Sialkot,Cash
ORD02884,CUST2355,Talha Malik,2026-06-13,Jacket,Clothing,4,5654.92,22619.68,Multan,Credit Card
ORD02885,CUST2213,Sara Khan,2026-08-29,Yoga Mat,Sports,1,3350.39,3350.39,Multan,Bank Transfer
ORD02886,CUST0047,Zainab Ali,2025-10-31,Tea,Grocery,3,443.79,1331.37,Sialkot,Bank Transfer
ORD02887,CUST1380,Ayesha Khan,2025-08-28,Cricket Bat,Sports,3,4223.45,12670.35,Lahore,EasyPaisa
ORD02888,CUST2289,Danish Ahmed,2025-09-25,Sugar,Grocery,2,257.03,514.06,Peshawar,Credit Card
ORD02889,CUST1648,Huzaifa Ali,2026-01-14,Skin Cream,Beauty,1,4661.23,4661.23,Islamabad,Cash
ORD02890,CUST1838,Danish Ahmed,2025-01-03,Headphones,Electronics,4,20619.25,82477.0,Peshawar,JazzCash
ORD02891,CUST0627,Sana Malik,2026-05-07,Smart Watch,Electronics,6,22224.54,133347.24,Lahore,Debit Card
ORD02892,CUST1303,Ayesha Khan,2025-06-17,Jacket,Clothing,2,10870.54,21741.08,Karachi,Bank Transfer
ORD02893,CUST0398,Ali Khan,2026-02-19,Shoes,Clothing,6,17530.48,105182.88,Lahore,JazzCash
ORD02894,CUST2033,Maham Raza,2025-03-17,Sugar,Grocery,3,199.11,597.33,Lahore,Credit Card
ORD02895,CUST0601,Zainab Ali,2025-02-16,Rice,Grocery,3,666.66,1999.98,Sialkot,Bank Transfer
ORD02896,CUST1984,Omar Farooq,2026-06-13,Skin Cream,Beauty,4,3805.6,15222.4,Rawalpindi,JazzCash
ORD02897,CUST1272,Fatima Ahmed,2025-10-28,Smartphone,Electronics,3,71231.85,213695.55,Quetta,Debit Card
ORD02898,CUST1767,Ali Khan,2026-05-21,Skin Cream,Beauty,5,700.37,3501.85,Quetta,Bank Transfer
ORD02899,CUST0270,Ali Khan,2025-11-19,Lipstick,Beauty,4,3531.0,14124.0,Quetta,JazzCash
ORD02900,CUST0140,Huzaifa Ali,2026-04-28,Blender,Home & Kitchen,2,15106.1,30212.2,Multan,Cash
ORD02901,CUST2430,Maham Raza,2026-07-06,Cereal,Grocery,3,662.78,1988.34,Karachi,Debit Card
ORD02902,CUST2479,Usman Malik,2025-02-07,Coffee Maker,Home & Kitchen,5,11429.47,57147.35,Gujranwala,Debit Card
ORD02903,CUST1315,Maryam Ahmed,2025-04-08,Perfume,Beauty,2,8525.48,17050.96,Faisalabad,Debit Card
ORD02904,CUST2467,Hamza Shah,2025-09-12,Yoga Mat,Sports,6,2962.0,17772.0,Peshawar,Cash
ORD02905,CUST1168,Ali Khan,2025-02-21,Running Shoes,Sports,1,21246.42,21246.42,Sialkot,Credit Card
ORD02906,CUST2211,Fatima Ahmed,2025-05-01,Keyboard,Electronics,5,4770.56,23852.8,Lahore,Credit Card
ORD02907,CUST0099,Omar Farooq,2026-07-07,Skin Cream,Beauty,2,1343.33,2686.66,Sialkot,JazzCash
ORD02908,CUST2105,Maham Raza,2025-09-02,Cooking Oil,Grocery,1,1267.18,1267.18,Gujranwala,EasyPaisa
ORD02909,CUST2188,Huzaifa Ali,2026-04-01,Cereal,Grocery,1,1443.37,1443.37,Lahore,Credit Card
ORD02910,CUST1566,Sana Malik,2025-04-03,Tea,Grocery,6,441.7,2650.2,Peshawar,Bank Transfer
ORD02911,CUST1711,Bilal Ahmed,2025-12-17,Face Wash,Beauty,4,2667.38,10669.52,Rawalpindi,Cash
ORD02912,CUST0085,Saad Khan,2025-09-27,Hoodie,Clothing,5,9890.9,49454.5,Gujranwala,Cash
ORD02913,CUST2444,Hassan Ali,2025-02-13,Sugar,Grocery,8,160.64,1285.12,Lahore,Bank Transfer
ORD02914,CUST1156,Ayesha Khan,2026-07-08,Football,Sports,2,5396.65,10793.3,Karachi,Cash
ORD02915,CUST0395,Zainab Ali,2025-04-13,Jeans,Clothing,7,7769.92,54389.44,Gujranwala,Debit Card
ORD02916,CUST1636,Ayesha Khan,2025-06-16,Shampoo,Beauty,6,2226.54,13359.24,Islamabad,Bank Transfer
ORD02917,CUST1210,Maryam Ahmed,2025-02-03,Laptop,Electronics,7,176919.93,1238439.51,Islamabad,Credit Card
ORD02918,CUST1950,Talha Malik,2025-01-08,Tablet,Electronics,8,42589.03,340712.24,Faisalabad,Debit Card
ORD02919,CUST0564,Omar Farooq,2026-06-29,Cricket Ball,Sports,1,1092.53,1092.53,Karachi,JazzCash
ORD02920,CUST2345,Zainab Ali,2026-09-25,Tablet,Electronics,2,59040.15,118080.3,Rawalpindi,EasyPaisa
ORD02921,CUST1672,Bilal Ahmed,2026-02-01,Coffee Maker,Home & Kitchen,8,27157.18,217257.44,Peshawar,Credit Card
ORD02922,CUST1489,Ayesha Khan,2025-01-03,Jacket,Clothing,7,13843.72,96906.04,Lahore,Credit Card
ORD02923,CUST0532,Maham Raza,2025-01-17,Running Shoes,Sports,5,5547.12,27735.6,Quetta,EasyPaisa
ORD02924,CUST1644,Ahmed Raza,2026-06-14,Rice,Grocery,7,368.85,2581.95,Multan,Cash
ORD02925,CUST1778,Ali Khan,2025-09-02,Cooking Oil,Grocery,7,541.53,3790.71,Multan,Cash
ORD02926,CUST1090,Ali Khan,2026-03-16,Hoodie,Clothing,2,9153.25,18306.5,Sialkot,EasyPaisa
ORD02927,CUST0180,Abdullah Raza,2026-08-24,Perfume,Beauty,4,2691.61,10766.44,Karachi,Credit Card
ORD02928,CUST1495,Bilal Ahmed,2025-05-27,Mouse,Electronics,1,6133.62,6133.62,Lahore,EasyPaisa
ORD02929,CUST1520,Abdullah Raza,2026-04-17,Air Fryer,Home & Kitchen,4,15635.83,62543.32,Quetta,Bank Transfer
ORD02930,CUST0765,Hira Shah,2026-08-12,Shampoo,Beauty,2,1270.67,2541.34,Lahore,Cash
ORD02931,CUST1429,Talha Malik,2026-04-20,Skin Cream,Beauty,3,2550.65,7651.95,Faisalabad,Bank Transfer
ORD02932,CUST1307,Sana Malik,2025-02-14,Air Fryer,Home & Kitchen,3,30660.37,91981.11,Gujranwala,EasyPaisa
ORD02933,CUST2105,Usman Malik,2025-08-19,Vacuum Cleaner,Home & Kitchen,6,27839.1,167034.6,Karachi,EasyPaisa
ORD02934,CUST1436,Saad Khan,2025-12-23,Keyboard,Electronics,7,7391.13,51737.91,Rawalpindi,Debit Card
ORD02935,CUST0688,Danish Ahmed,2025-06-10,Air Fryer,Home & Kitchen,7,21157.15,148100.05,Multan,Credit Card
ORD02936,CUST1669,Hira Shah,2025-11-19,Headphones,Electronics,1,19454.6,19454.6,Lahore,Credit Card
ORD02937,CUST2220,Sara Khan,2025-11-14,Rice,Grocery,3,695.97,2087.91,Lahore,JazzCash
ORD02938,CUST1664,Ali Khan,2026-03-08,Tablet,Electronics,3,64890.97,194672.91,Islamabad,Credit Card
ORD02939,CUST0291,Maham Raza,2025-01-28,Blender,Home & Kitchen,6,9757.64,58545.84,Rawalpindi,Bank Transfer
ORD02940,CUST2036,Hamza Shah,2026-03-10,Laptop,Electronics,2,149419.43,298838.86,Multan,JazzCash
ORD02941,CUST0529,Hassan Ali,2026-01-18,Tablet,Electronics,1,72655.93,72655.93,Faisalabad,Debit Card
ORD02942,CUST1812,Abdullah Raza,2025-11-11,Smartphone,Electronics,6,63020.72,378124.32,Faisalabad,Cash
ORD02943,CUST0398,Zainab Ali,2025-08-07,Running Shoes,Sports,6,24341.21,146047.26,Quetta,EasyPaisa
ORD02944,CUST0328,Saad Khan,2026-08-10,Tablet,Electronics,2,92268.19,184536.38,Sialkot,EasyPaisa
ORD02945,CUST2379,Omar Farooq,2026-02-19,Sugar,Grocery,5,391.11,1955.55,Peshawar,Debit Card
ORD02946,CUST2488,Talha Malik,2025-11-27,Rice,Grocery,4,554.55,2218.2,Faisalabad,Bank Transfer
ORD02947,CUST1920,Ahmed Raza,2026-01-19,Yoga Mat,Sports,1,3300.03,3300.03,Islamabad,Credit Card
ORD02948,CUST1087,Ayesha Khan,2026-07-10,Running Shoes,Sports,2,21798.86,43597.72,Lahore,Bank Transfer
ORD02949,CUST1475,Sara Khan,2026-09-10,Smart Watch,Electronics,1,12424.34,12424.34,Quetta,Credit Card
ORD02950,CUST1963,Omar Farooq,2026-09-11,Jeans,Clothing,3,8027.01,24081.03,Islamabad,Credit Card
ORD02951,CUST2297,Bilal Ahmed,2025-07-10,Lipstick,Beauty,1,1511.84,1511.84,Multan,Credit Card
ORD02952,CUST2432,Hassan Ali,2026-01-21,Shoes,Clothing,8,23564.97,188519.76,Faisalabad,Credit Card
ORD02953,CUST2192,Zainab Ali,2025-08-18,Sugar,Grocery,3,379.61,1138.83,Islamabad,Cash
ORD02954,CUST0385,Fatima Ahmed,2026-08-13,Jeans,Clothing,1,6959.07,6959.07,Lahore,Cash
ORD02955,CUST1143,Sana Malik,2026-06-13,Biscuits,Grocery,3,97.22,291.66,Islamabad,Credit Card
ORD02956,CUST0038,Talha Malik,2026-09-15,Coffee Maker,Home & Kitchen,3,22176.39,66529.17,Multan,Debit Card
ORD02957,CUST1594,Ahmed Raza,2025-05-10,Tablet,Electronics,6,104274.11,625644.66,Quetta,Debit Card
ORD02958,CUST2258,Ayesha Khan,2025-07-26,Biscuits,Grocery,2,222.43,444.86,Karachi,Cash
ORD02959,CUST0875,Bilal Ahmed,2025-09-09,Keyboard,Electronics,5,10239.55,51197.75,Islamabad,JazzCash
ORD02960,CUST1915,Maryam Ahmed,2026-04-06,Cricket Bat,Sports,8,23099.44,184795.52,Rawalpindi,Credit Card
ORD02961,CUST1646,Sana Malik,2026-02-12,Headphones,Electronics,1,26884.33,26884.33,Quetta,Cash
ORD02962,CUST0976,Hira Shah,2025-02-23,Rice,Grocery,6,364.03,2184.18,Lahore,Debit Card
ORD02963,CUST1179,Usman Malik,2025-05-19,Shampoo,Beauty,5,1091.45,5457.25,Lahore,Bank Transfer
ORD02964,CUST2032,Fatima Ahmed,2025-05-16,Cereal,Grocery,1,727.26,727.26,Lahore,Bank Transfer
ORD02965,CUST0685,Sara Khan,2026-06-03,Running Shoes,Sports,6,13938.1,83628.6,Quetta,JazzCash
ORD02966,CUST0655,Ali Khan,2026-03-17,Jacket,Clothing,1,11968.45,11968.45,Lahore,Credit Card
ORD02967,CUST1075,Sara Khan,2026-02-18,Running Shoes,Sports,6,8009.12,48054.72,Karachi,Debit Card
ORD02968,CUST0856,Hamza Shah,2026-08-24,Lipstick,Beauty,8,1435.43,11483.44,Gujranwala,Credit Card
ORD02969,CUST0317,Fatima Ahmed,2026-09-05,Skin Cream,Beauty,5,3621.38,18106.9,Sialkot,Bank Transfer
ORD02970,CUST0059,Sana Malik,2025-11-18,Lipstick,Beauty,6,620.34,3722.04,Sialkot,Bank Transfer
ORD02971,CUST1215,Omar Farooq,2026-03-23,Cricket Bat,Sports,7,6144.29,43010.03,Islamabad,Credit Card
ORD02972,CUST0416,Bilal Ahmed,2026-01-26,Cricket Bat,Sports,5,24457.91,122289.55,Karachi,Credit Card
ORD02973,CUST1350,Danish Ahmed,2025-04-17,Yoga Mat,Sports,2,3928.62,7857.24,Faisalabad,EasyPaisa
ORD02974,CUST0748,Maryam Ahmed,2025-03-16,Microwave,Home & Kitchen,1,26047.29,26047.29,Peshawar,Bank Transfer
ORD02975,CUST2176,Sana Malik,2026-08-29,Cricket Bat,Sports,4,6024.35,24097.4,Quetta,Debit Card
ORD02976,CUST2014,Usman Malik,2026-06-01,Jeans,Clothing,8,4716.55,37732.4,Gujranwala,EasyPaisa
ORD02977,CUST1845,Saad Khan,2025-07-29,Face Wash,Beauty,3,2772.48,8317.44,Gujranwala,Bank Transfer
ORD02978,CUST1589,Saad Khan,2025-03-11,Rice,Grocery,5,431.41,2157.05,Lahore,JazzCash
ORD02979,CUST2358,Maham Raza,2025-09-19,Football,Sports,4,7918.42,31673.68,Peshawar,Debit Card
ORD02980,CUST0101,Zainab Ali,2026-02-05,Cereal,Grocery,5,1477.5,7387.5,Gujranwala,JazzCash
ORD02981,CUST2219,Ayesha Khan,2025-07-17,Running Shoes,Sports,7,17094.17,119659.19,Lahore,EasyPaisa
ORD02982,CUST2225,Ahmed Raza,2025-02-21,Cooking Oil,Grocery,2,701.33,1402.66,Sialkot,Credit Card
ORD02983,CUST0406,Sara Khan,2025-01-08,Rice,Grocery,3,461.31,1383.93,Multan,Debit Card
ORD02984,CUST1354,Talha Malik,2025-10-12,Vacuum Cleaner,Home & Kitchen,7,35232.84,246629.88,Gujranwala,JazzCash
ORD02985,CUST1443,Hamza Shah,2026-05-21,Air Fryer,Home & Kitchen,6,29286.98,175721.88,Islamabad,Debit Card
ORD02986,CUST1583,Saad Khan,2025-02-23,Sugar,Grocery,1,218.65,218.65,Quetta,Debit Card
ORD02987,CUST0236,Maham Raza,2025-10-26,Lipstick,Beauty,3,3329.25,9987.75,Karachi,JazzCash
ORD02988,CUST0718,Fatima Ahmed,2025-06-07,Tea,Grocery,2,529.82,1059.64,Faisalabad,Debit Card
ORD02989,CUST0021,Bilal Ahmed,2025-10-31,Mouse,Electronics,8,4488.5,35908.0,Rawalpindi,Credit Card
ORD02990,CUST2100,Ayesha Khan,2025-01-18,Lipstick,Beauty,7,3692.52,25847.64,Multan,JazzCash
ORD02991,CUST1673,Omar Farooq,2025-09-09,Keyboard,Electronics,1,2166.99,2166.99,Lahore,EasyPaisa
ORD02992,CUST1685,Ahmed Raza,2026-06-09,Air Fryer,Home & Kitchen,4,15539.31,62157.24,Islamabad,Cash
ORD02993,CUST2494,Fatima Ahmed,2025-02-01,Cricket Ball,Sports,4,1962.64,7850.56,Karachi,Credit Card
ORD02994,CUST2488,Talha Malik,2025-03-09,Vacuum Cleaner,Home & Kitchen,7,41027.39,287191.73,Sialkot,JazzCash
ORD02995,CUST0627,Huzaifa Ali,2025-12-11,Lipstick,Beauty,5,972.25,4861.25,Faisalabad,Cash
ORD02996,CUST0054,Sana Malik,2026-06-24,Jacket,Clothing,5,9449.37,47246.85,Multan,Cash
ORD02997,CUST1226,Saad Khan,2026-05-19,Cooking Oil,Grocery,7,853.94,5977.58,Lahore,EasyPaisa
ORD02998,CUST1029,Ali Khan,2026-08-10,Coffee Maker,Home & Kitchen,4,21725.06,86900.24,Multan,EasyPaisa
ORD02999,CUST0691,Danish Ahmed,2025-01-02,Yoga Mat,Sports,7,1225.79,8580.53,Faisalabad,Debit Card
ORD03000,CUST2173,Danish Ahmed,2025-12-29,T-Shirt,Clothing,2,4245.44,8490.88,Islamabad,Debit Card
ORD03001,CUST0784,Sana Malik,2026-04-25,Shampoo,Beauty,1,2370.52,2370.52,Islamabad,Cash
ORD03002,CUST1930,Sana Malik,2026-04-16,T-Shirt,Clothing,8,3341.38,26731.04,Gujranwala,JazzCash
ORD03003,CUST0274,Saad Khan,2025-11-13,Tea,Grocery,2,848.7,1697.4,Peshawar,Bank Transfer
ORD03004,CUST0016,Saad Khan,2025-07-26,Vacuum Cleaner,Home & Kitchen,3,38520.64,115561.92,Gujranwala,Bank Transfer
ORD03005,CUST1133,Hamza Shah,2026-06-11,Hoodie,Clothing,7,4900.0,34300.0,Sialkot,JazzCash
ORD03006,CUST1759,Ali Khan,2025-06-22,Jeans,Clothing,4,6703.57,26814.28,Multan,Bank Transfer
ORD03007,CUST1882,Sara Khan,2025-06-19,Lipstick,Beauty,5,3007.51,15037.55,Quetta,Debit Card
ORD03008,CUST0011,Hira Shah,2025-07-17,Face Wash,Beauty,8,746.64,5973.12,Peshawar,Credit Card
ORD03009,CUST0378,Saad Khan,2026-01-16,Face Wash,Beauty,2,2143.01,4286.02,Karachi,JazzCash
ORD03010,CUST1482,Zainab Ali,2026-01-26,Skin Cream,Beauty,3,1343.2,4029.6,Sialkot,Debit Card
ORD03011,CUST0626,Ayesha Khan,2026-03-07,Biscuits,Grocery,1,187.19,187.19,Islamabad,JazzCash
ORD03012,CUST1845,Danish Ahmed,2025-05-02,Cricket Bat,Sports,8,7841.4,62731.2,Gujranwala,EasyPaisa
ORD03013,CUST2348,Ahmed Raza,2026-04-28,Smartphone,Electronics,4,162005.04,648020.16,Lahore,Bank Transfer
ORD03014,CUST2262,Fatima Ahmed,2025-02-26,Tea,Grocery,8,1041.53,8332.24,Quetta,JazzCash
ORD03015,CUST1724,Talha Malik,2026-04-01,Shampoo,Beauty,2,2639.47,5278.94,Multan,Debit Card
ORD03016,CUST0861,Maryam Ahmed,2026-04-09,Hoodie,Clothing,1,6436.23,6436.23,Gujranwala,Cash
ORD03017,CUST0238,Huzaifa Ali,2026-09-09,Dinner Set,Home & Kitchen,8,5036.83,40294.64,Sialkot,Debit Card
ORD03018,CUST1659,Huzaifa Ali,2025-06-21,Dinner Set,Home & Kitchen,7,19801.06,138607.42,Rawalpindi,EasyPaisa
ORD03019,CUST2151,Ali Khan,2025-07-30,Dinner Set,Home & Kitchen,7,12187.62,85313.34,Islamabad,Cash
ORD03020,CUST2432,Hira Shah,2025-09-01,Running Shoes,Sports,3,12370.47,37111.41,Karachi,Credit Card
ORD03021,CUST0362,Huzaifa Ali,2025-12-08,Keyboard,Electronics,1,9756.69,9756.69,Gujranwala,Cash
ORD03022,CUST2093,Bilal Ahmed,2025-04-11,Hoodie,Clothing,7,7352.81,51469.67,Lahore,Bank Transfer
ORD03023,CUST0151,Hamza Shah,2026-09-03,Rice,Grocery,7,753.47,5274.29,Lahore,JazzCash
ORD03024,CUST2273,Bilal Ahmed,2026-08-27,Face Wash,Beauty,3,1048.62,3145.86,Peshawar,EasyPaisa
ORD03025,CUST2489,Maryam Ahmed,2025-11-08,Face Wash,Beauty,7,1059.76,7418.32,Lahore,Credit Card
ORD03026,CUST1886,Saad Khan,2025-12-02,Cricket Ball,Sports,8,588.48,4707.84,Sialkot,JazzCash
ORD03027,CUST1452,Maryam Ahmed,2025-12-13,Face Wash,Beauty,4,2991.36,11965.44,Lahore,JazzCash
ORD03028,CUST0411,Zainab Ali,2025-08-12,Cooking Oil,Grocery,3,1239.74,3719.22,Multan,Debit Card
ORD03029,CUST0135,Maham Raza,2026-03-27,Football,Sports,6,5928.75,35572.5,Islamabad,Bank Transfer
ORD03030,CUST1122,Fatima Ahmed,2026-06-13,Smart Watch,Electronics,4,24137.65,96550.6,Faisalabad,Cash
ORD03031,CUST0313,Sana Malik,2025-04-18,Air Fryer,Home & Kitchen,4,34582.68,138330.72,Karachi,Debit Card
ORD03032,CUST0930,Zainab Ali,2025-06-06,Rice,Grocery,2,608.27,1216.54,Lahore,Credit Card
ORD03033,CUST1612,Huzaifa Ali,2025-11-29,Biscuits,Grocery,2,297.62,595.24,Sialkot,Cash
ORD03034,CUST1829,Huzaifa Ali,2026-04-07,Football,Sports,8,5288.07,42304.56,Lahore,Credit Card
ORD03035,CUST1747,Saad Khan,2026-01-01,Jacket,Clothing,5,15260.15,76300.75,Faisalabad,Debit Card
ORD03036,CUST0950,Sara Khan,2025-01-26,Sugar,Grocery,5,293.63,1468.15,Peshawar,Debit Card
ORD03037,CUST1308,Talha Malik,2026-09-20,Laptop,Electronics,3,147761.15,443283.45,Rawalpindi,JazzCash
ORD03038,CUST2041,Maham Raza,2026-08-20,Face Wash,Beauty,6,2671.51,16029.06,Quetta,Bank Transfer
ORD03039,CUST0957,Hamza Shah,2026-03-26,Hoodie,Clothing,3,9325.09,27975.27,Gujranwala,JazzCash
ORD03040,CUST0364,Zainab Ali,2026-08-02,Face Wash,Beauty,3,2276.68,6830.04,Gujranwala,Debit Card
ORD03041,CUST0718,Sana Malik,2025-08-21,Cricket Ball,Sports,4,1785.07,7140.28,Karachi,JazzCash
ORD03042,CUST2202,Ayesha Khan,2025-09-18,Cricket Ball,Sports,6,637.95,3827.7,Sialkot,JazzCash
ORD03043,CUST1195,Hira Shah,2025-11-04,Rice,Grocery,4,770.7,3082.8,Quetta,Bank Transfer
ORD03044,CUST2345,Maham Raza,2025-12-20,Coffee Maker,Home & Kitchen,2,11063.78,22127.56,Gujranwala,Debit Card
ORD03045,CUST2498,Hamza Shah,2025-10-02,Football,Sports,8,7490.26,59922.08,Peshawar,Cash
ORD03046,CUST0316,Saad Khan,2025-06-19,Rice,Grocery,3,435.17,1305.51,Karachi,JazzCash
ORD03047,CUST0934,Sana Malik,2025-04-12,Skin Cream,Beauty,5,1008.76,5043.8,Faisalabad,Bank Transfer
ORD03048,CUST1046,Huzaifa Ali,2026-08-28,Sugar,Grocery,1,324.76,324.76,Rawalpindi,Bank Transfer
ORD03049,CUST0514,Huzaifa Ali,2026-08-29,Sugar,Grocery,3,221.95,665.85,Peshawar,Debit Card
ORD03050,CUST1740,Maham Raza,2025-06-05,Cricket Bat,Sports,1,24364.06,24364.06,Lahore,EasyPaisa
ORD03051,CUST2285,Omar Farooq,2025-04-30,Yoga Mat,Sports,3,2922.35,8767.05,Peshawar,JazzCash
ORD03052,CUST1696,Sara Khan,2026-03-02,Sugar,Grocery,7,180.78,1265.46,Karachi,Cash
ORD03053,CUST0713,Ahmed Raza,2025-10-12,Jacket,Clothing,4,14452.48,57809.92,Islamabad,Credit Card
ORD03054,CUST0856,Maryam Ahmed,2025-03-16,Jeans,Clothing,1,4246.32,4246.32,Peshawar,EasyPaisa
ORD03055,CUST1943,Maryam Ahmed,2025-04-07,Shoes,Clothing,1,13740.89,13740.89,Sialkot,Cash
ORD03056,CUST0493,Fatima Ahmed,2026-02-18,Microwave,Home & Kitchen,5,38341.27,191706.35,Faisalabad,Cash
ORD03057,CUST1876,Sana Malik,2025-03-06,Face Wash,Beauty,6,1028.22,6169.32,Peshawar,Debit Card
ORD03058,CUST0451,Huzaifa Ali,2025-02-23,Tea,Grocery,7,426.1,2982.7,Peshawar,Credit Card
ORD03059,CUST2395,Maham Raza,2026-08-05,Cooking Oil,Grocery,2,879.61,1759.22,Peshawar,EasyPaisa
ORD03060,CUST1991,Maryam Ahmed,2025-07-07,Cricket Ball,Sports,3,1212.03,3636.09,Peshawar,Debit Card
ORD03061,CUST2243,Zainab Ali,2025-08-10,Tablet,Electronics,1,80785.6,80785.6,Lahore,Credit Card
ORD03062,CUST1182,Fatima Ahmed,2025-10-05,Cricket Ball,Sports,4,1186.55,4746.2,Gujranwala,JazzCash
ORD03063,CUST0004,Sana Malik,2026-08-10,Cooking Oil,Grocery,4,680.57,2722.28,Quetta,Credit Card
ORD03064,CUST1549,Usman Malik,2025-10-10,T-Shirt,Clothing,6,2160.23,12961.38,Multan,Bank Transfer
ORD03065,CUST1465,Usman Malik,2025-06-02,Tea,Grocery,4,822.23,3288.92,Karachi,Debit Card
ORD03066,CUST1298,Omar Farooq,2026-08-27,Yoga Mat,Sports,8,3289.94,26319.52,Karachi,Credit Card
ORD03067,CUST0999,Maryam Ahmed,2025-10-20,Football,Sports,6,3381.84,20291.04,Quetta,Bank Transfer
ORD03068,CUST2165,Maham Raza,2025-02-23,Sugar,Grocery,4,173.69,694.76,Gujranwala,Cash
ORD03069,CUST0352,Sana Malik,2025-09-07,Laptop,Electronics,8,200155.6,1601244.8,Rawalpindi,EasyPaisa
ORD03070,CUST0938,Sara Khan,2025-09-14,Tablet,Electronics,2,29209.92,58419.84,Quetta,EasyPaisa
ORD03071,CUST2247,Usman Malik,2026-05-13,Cooking Oil,Grocery,1,1131.31,1131.31,Gujranwala,JazzCash
ORD03072,CUST1312,Sara Khan,2026-06-22,Laptop,Electronics,7,180725.1,1265075.7,Faisalabad,Credit Card
ORD03073,CUST0010,Bilal Ahmed,2026-07-16,Coffee Maker,Home & Kitchen,7,26295.84,184070.88,Peshawar,EasyPaisa
ORD03074,CUST1079,Hassan Ali,2026-01-17,Cricket Bat,Sports,2,8376.6,16753.2,Rawalpindi,Cash
ORD03075,CUST0758,Saad Khan,2025-02-25,Rice,Grocery,4,279.04,1116.16,Peshawar,Debit Card
ORD03076,CUST0566,Hassan Ali,2025-12-01,Cricket Ball,Sports,1,2319.91,2319.91,Faisalabad,Bank Transfer
ORD03077,CUST1654,Sara Khan,2025-01-28,Laptop,Electronics,3,122069.7,366209.1,Quetta,Cash
ORD03078,CUST2320,Bilal Ahmed,2026-08-26,Tablet,Electronics,6,27538.79,165232.74,Lahore,Cash
ORD03079,CUST0577,Bilal Ahmed,2026-06-16,Sugar,Grocery,4,373.21,1492.84,Islamabad,Credit Card
ORD03080,CUST2405,Bilal Ahmed,2025-08-26,Blender,Home & Kitchen,6,5409.59,32457.54,Islamabad,Bank Transfer
ORD03081,CUST0392,Danish Ahmed,2025-01-29,T-Shirt,Clothing,3,2615.27,7845.81,Lahore,Cash
ORD03082,CUST0916,Abdullah Raza,2025-08-03,Mouse,Electronics,5,2295.69,11478.45,Karachi,Credit Card
ORD03083,CUST0880,Hassan Ali,2025-04-30,Jeans,Clothing,7,4863.51,34044.57,Rawalpindi,Bank Transfer
ORD03084,CUST1366,Bilal Ahmed,2025-10-18,Shampoo,Beauty,7,1573.05,11011.35,Rawalpindi,Debit Card
ORD03085,CUST1814,Sara Khan,2026-09-17,Hoodie,Clothing,5,5497.96,27489.8,Lahore,Credit Card
ORD03086,CUST1097,Hassan Ali,2025-07-17,Dinner Set,Home & Kitchen,7,12191.98,85343.86,Lahore,Bank Transfer
ORD03087,CUST0994,Fatima Ahmed,2026-04-30,Shampoo,Beauty,8,1317.8,10542.4,Sialkot,EasyPaisa
ORD03088,CUST1460,Hira Shah,2025-08-26,Cricket Ball,Sports,8,854.69,6837.52,Karachi,Debit Card
ORD03089,CUST1362,Abdullah Raza,2026-01-15,Cricket Bat,Sports,7,24940.13,174580.91,Karachi,Debit Card
ORD03090,CUST2093,Ahmed Raza,2025-09-10,Sugar,Grocery,6,390.11,2340.66,Sialkot,JazzCash
ORD03091,CUST0898,Ayesha Khan,2026-01-14,Tea,Grocery,8,394.7,3157.6,Peshawar,EasyPaisa
ORD03092,CUST1614,Sara Khan,2025-10-05,Cricket Ball,Sports,8,818.51,6548.08,Multan,Bank Transfer
ORD03093,CUST2362,Huzaifa Ali,2025-05-11,Jacket,Clothing,7,6917.3,48421.1,Multan,Bank Transfer
ORD03094,CUST2427,Bilal Ahmed,2026-05-21,Jeans,Clothing,7,4382.63,30678.41,Faisalabad,Cash
ORD03095,CUST0805,Huzaifa Ali,2026-03-05,Coffee Maker,Home & Kitchen,8,8881.31,71050.48,Rawalpindi,Debit Card
ORD03096,CUST2247,Zainab Ali,2026-02-25,Microwave,Home & Kitchen,5,48085.96,240429.8,Gujranwala,Bank Transfer
ORD03097,CUST0415,Hira Shah,2026-02-27,Cooking Oil,Grocery,1,1168.76,1168.76,Gujranwala,Credit Card
ORD03098,CUST2493,Huzaifa Ali,2026-09-23,Dinner Set,Home & Kitchen,4,11526.22,46104.88,Karachi,JazzCash
ORD03099,CUST1613,Saad Khan,2025-04-14,Tablet,Electronics,2,106044.41,212088.82,Rawalpindi,Bank Transfer
ORD03100,CUST0853,Talha Malik,2026-05-25,Rice,Grocery,1,266.07,266.07,Islamabad,JazzCash
ORD03101,CUST1122,Huzaifa Ali,2025-04-08,Headphones,Electronics,1,21506.17,21506.17,Sialkot,JazzCash
ORD03102,CUST0574,Hira Shah,2026-07-24,Biscuits,Grocery,1,275.96,275.96,Faisalabad,EasyPaisa
ORD03103,CUST1632,Omar Farooq,2025-10-20,T-Shirt,Clothing,2,1700.9,3401.8,Sialkot,Debit Card
ORD03104,CUST2369,Hassan Ali,2025-05-28,Sugar,Grocery,5,195.99,979.95,Peshawar,Bank Transfer
ORD03105,CUST2449,Hamza Shah,2025-07-15,Air Fryer,Home & Kitchen,4,29265.01,117060.04,Quetta,Credit Card
ORD03106,CUST0882,Hira Shah,2025-01-12,Yoga Mat,Sports,5,5302.87,26514.35,Sialkot,Debit Card
ORD03107,CUST1695,Hira Shah,2025-07-05,Perfume,Beauty,2,19885.83,39771.66,Faisalabad,EasyPaisa
ORD03108,CUST1687,Huzaifa Ali,2025-01-27,Rice,Grocery,8,591.23,4729.84,Rawalpindi,Credit Card
ORD03109,CUST1596,Hamza Shah,2025-04-18,Microwave,Home & Kitchen,1,37202.64,37202.64,Islamabad,Debit Card
ORD03110,CUST2465,Fatima Ahmed,2026-08-05,Perfume,Beauty,4,4487.8,17951.2,Sialkot,Cash
ORD03111,CUST0883,Talha Malik,2025-10-06,Smartphone,Electronics,5,60095.32,300476.6,Peshawar,JazzCash
ORD03112,CUST0412,Sana Malik,2026-07-01,Cricket Bat,Sports,5,24053.94,120269.7,Lahore,EasyPaisa
ORD03113,CUST1779,Talha Malik,2025-03-14,Shampoo,Beauty,1,856.97,856.97,Sialkot,Credit Card
ORD03114,CUST1641,Ali Khan,2025-04-17,Laptop,Electronics,2,248915.59,497831.18,Faisalabad,EasyPaisa
ORD03115,CUST0195,Sana Malik,2025-01-26,Yoga Mat,Sports,2,4314.58,8629.16,Islamabad,Cash
ORD03116,CUST0488,Hira Shah,2026-03-04,Hoodie,Clothing,7,6713.66,46995.62,Gujranwala,Cash
ORD03117,CUST1196,Bilal Ahmed,2025-09-10,Football,Sports,1,7195.11,7195.11,Karachi,Credit Card
ORD03118,CUST2268,Fatima Ahmed,2025-11-06,Dinner Set,Home & Kitchen,6,18325.1,109950.6,Islamabad,Cash
ORD03119,CUST1959,Abdullah Raza,2025-03-04,Jacket,Clothing,7,6764.74,47353.18,Karachi,JazzCash
ORD03120,CUST0328,Zainab Ali,2025-03-02,Perfume,Beauty,7,6094.66,42662.62,Quetta,Cash
ORD03121,CUST0554,Hamza Shah,2025-07-28,Football,Sports,2,6639.65,13279.3,Sialkot,Bank Transfer
ORD03122,CUST0018,Hassan Ali,2026-04-21,Blender,Home & Kitchen,5,17952.66,89763.3,Gujranwala,EasyPaisa
ORD03123,CUST2186,Maryam Ahmed,2025-05-16,Football,Sports,2,3380.63,6761.26,Faisalabad,Debit Card
ORD03124,CUST0873,Sara Khan,2026-09-15,Shoes,Clothing,2,23545.51,47091.02,Quetta,EasyPaisa
ORD03125,CUST2479,Usman Malik,2025-07-12,Coffee Maker,Home & Kitchen,7,15752.98,110270.86,Rawalpindi,EasyPaisa
ORD03126,CUST0456,Hira Shah,2025-11-05,Laptop,Electronics,8,235234.72,1881877.76,Karachi,EasyPaisa
ORD03127,CUST1427,Sana Malik,2025-05-02,Microwave,Home & Kitchen,3,25984.12,77952.36,Lahore,Cash
ORD03128,CUST1358,Ahmed Raza,2025-08-12,Cricket Bat,Sports,6,4812.83,28876.98,Peshawar,EasyPaisa
ORD03129,CUST0273,Sara Khan,2026-02-02,Running Shoes,Sports,3,24282.05,72846.15,Gujranwala,Debit Card
ORD03130,CUST2036,Sana Malik,2025-06-29,Air Fryer,Home & Kitchen,6,15846.08,95076.48,Karachi,Cash
ORD03131,CUST2392,Huzaifa Ali,2026-04-23,Jacket,Clothing,2,7961.94,15923.88,Sialkot,Bank Transfer
ORD03132,CUST1600,Danish Ahmed,2026-03-13,Shampoo,Beauty,6,2109.73,12658.38,Faisalabad,EasyPaisa
ORD03133,CUST1513,Hamza Shah,2025-02-01,Skin Cream,Beauty,1,1649.89,1649.89,Sialkot,Bank Transfer
ORD03134,CUST0853,Maham Raza,2026-02-16,Cricket Ball,Sports,6,1365.37,8192.22,Multan,EasyPaisa
ORD03135,CUST0354,Maryam Ahmed,2026-04-05,Microwave,Home & Kitchen,3,45255.61,135766.83,Islamabad,JazzCash
ORD03136,CUST1504,Ali Khan,2026-02-19,Cooking Oil,Grocery,6,1260.42,7562.52,Faisalabad,JazzCash
ORD03137,CUST1205,Fatima Ahmed,2025-03-26,Headphones,Electronics,1,3120.27,3120.27,Karachi,Credit Card
ORD03138,CUST1068,Ahmed Raza,2025-07-04,Mouse,Electronics,7,3522.13,24654.91,Gujranwala,JazzCash
ORD03139,CUST2218,Danish Ahmed,2026-02-23,Laptop,Electronics,7,70617.47,494322.29,Lahore,Bank Transfer
ORD03140,CUST1933,Sara Khan,2025-01-08,Blender,Home & Kitchen,3,11316.2,33948.6,Islamabad,Credit Card
ORD03141,CUST0940,Bilal Ahmed,2025-05-24,Perfume,Beauty,3,4630.01,13890.03,Gujranwala,Credit Card
ORD03142,CUST2196,Fatima Ahmed,2025-01-14,Jeans,Clothing,5,6114.43,30572.15,Quetta,Debit Card
ORD03143,CUST0006,Fatima Ahmed,2025-02-02,Hoodie,Clothing,5,3944.54,19722.7,Karachi,Cash
ORD03144,CUST1528,Hamza Shah,2025-08-22,Yoga Mat,Sports,2,2339.88,4679.76,Karachi,Credit Card
ORD03145,CUST1306,Maryam Ahmed,2025-07-18,Vacuum Cleaner,Home & Kitchen,6,16336.56,98019.36,Islamabad,Credit Card
ORD03146,CUST1185,Hamza Shah,2026-03-24,Yoga Mat,Sports,1,3960.24,3960.24,Multan,JazzCash
ORD03147,CUST0985,Ali Khan,2026-06-21,Perfume,Beauty,8,12978.91,103831.28,Islamabad,EasyPaisa
ORD03148,CUST1179,Zainab Ali,2025-04-15,Mouse,Electronics,5,1324.07,6620.35,Rawalpindi,Debit Card
ORD03149,CUST0392,Fatima Ahmed,2026-06-07,Smart Watch,Electronics,3,18316.65,54949.95,Faisalabad,JazzCash
ORD03150,CUST2256,Ahmed Raza,2025-05-12,Lipstick,Beauty,5,3299.54,16497.7,Islamabad,Cash
ORD03151,CUST1580,Ayesha Khan,2025-01-24,Yoga Mat,Sports,4,4370.67,17482.68,Multan,JazzCash
ORD03152,CUST2287,Abdullah Raza,2026-04-21,Perfume,Beauty,4,14289.55,57158.2,Karachi,Bank Transfer
ORD03153,CUST0982,Hira Shah,2025-09-14,T-Shirt,Clothing,8,2043.29,16346.32,Sialkot,EasyPaisa
ORD03154,CUST2020,Maham Raza,2025-12-19,Tablet,Electronics,6,101432.12,608592.72,Sialkot,EasyPaisa
ORD03155,CUST2359,Ali Khan,2025-07-11,Vacuum Cleaner,Home & Kitchen,5,49567.01,247835.05,Peshawar,EasyPaisa
ORD03156,CUST0628,Saad Khan,2026-01-03,Biscuits,Grocery,5,209.41,1047.05,Sialkot,EasyPaisa
ORD03157,CUST1359,Sara Khan,2026-02-02,Rice,Grocery,1,457.49,457.49,Quetta,Credit Card
ORD03158,CUST0178,Usman Malik,2026-03-31,Shoes,Clothing,6,19635.21,117811.26,Peshawar,Debit Card
ORD03159,CUST2295,Usman Malik,2026-03-05,Shoes,Clothing,4,12116.24,48464.96,Faisalabad,EasyPaisa
ORD03160,CUST2098,Fatima Ahmed,2025-01-21,Perfume,Beauty,4,4950.23,19800.92,Rawalpindi,JazzCash
ORD03161,CUST1630,Sana Malik,2026-09-20,Running Shoes,Sports,3,16935.27,50805.81,Faisalabad,Debit Card
ORD03162,CUST0038,Huzaifa Ali,2025-11-27,Sugar,Grocery,3,364.92,1094.76,Faisalabad,Bank Transfer
ORD03163,CUST0871,Sana Malik,2025-06-28,Jeans,Clothing,5,7335.65,36678.25,Gujranwala,Cash
ORD03164,CUST0454,Zainab Ali,2025-11-12,Tablet,Electronics,3,28001.65,84004.95,Multan,Credit Card
ORD03165,CUST1879,Sana Malik,2025-11-19,Biscuits,Grocery,6,77.0,462.0,Sialkot,Cash
ORD03166,CUST0665,Fatima Ahmed,2025-01-16,Cooking Oil,Grocery,7,1334.1,9338.7,Islamabad,Debit Card
ORD03167,CUST0592,Danish Ahmed,2025-08-15,Rice,Grocery,4,381.54,1526.16,Multan,Bank Transfer
ORD03168,CUST1320,Huzaifa Ali,2025-03-26,Shampoo,Beauty,4,1640.63,6562.52,Islamabad,EasyPaisa
ORD03169,CUST2479,Sara Khan,2025-05-24,Cooking Oil,Grocery,1,546.09,546.09,Peshawar,Credit Card
ORD03170,CUST0407,Talha Malik,2025-06-11,Yoga Mat,Sports,8,4000.47,32003.76,Faisalabad,Credit Card
ORD03171,CUST0357,Sara Khan,2025-11-06,Face Wash,Beauty,1,2573.05,2573.05,Quetta,EasyPaisa
ORD03172,CUST0722,Hira Shah,2026-08-28,T-Shirt,Clothing,4,2564.89,10259.56,Peshawar,EasyPaisa
ORD03173,CUST0907,Bilal Ahmed,2026-02-10,Shoes,Clothing,1,21885.63,21885.63,Multan,Cash
ORD03174,CUST0185,Sana Malik,2026-05-28,T-Shirt,Clothing,3,4388.21,13164.63,Gujranwala,Debit Card
ORD03175,CUST2397,Ahmed Raza,2025-04-08,Smartphone,Electronics,7,48439.68,339077.76,Karachi,EasyPaisa
ORD03176,CUST2475,Talha Malik,2026-05-17,Jeans,Clothing,4,3875.7,15502.8,Karachi,EasyPaisa
ORD03177,CUST2383,Zainab Ali,2025-07-08,Laptop,Electronics,1,80464.27,80464.27,Peshawar,Cash
ORD03178,CUST1151,Talha Malik,2026-01-21,Cooking Oil,Grocery,6,684.21,4105.26,Karachi,EasyPaisa
ORD03179,CUST1842,Abdullah Raza,2025-01-03,Cricket Ball,Sports,5,1207.79,6038.95,Sialkot,Credit Card
ORD03180,CUST0560,Ayesha Khan,2025-08-11,T-Shirt,Clothing,6,2285.49,13712.94,Karachi,JazzCash
ORD03181,CUST1358,Hira Shah,2025-10-19,Running Shoes,Sports,2,13774.94,27549.88,Faisalabad,JazzCash
ORD03182,CUST0485,Danish Ahmed,2025-01-14,Cricket Ball,Sports,8,2175.73,17405.84,Faisalabad,Debit Card
ORD03183,CUST1849,Talha Malik,2025-03-24,Hoodie,Clothing,2,7744.75,15489.5,Peshawar,JazzCash
ORD03184,CUST1929,Sara Khan,2025-07-01,Running Shoes,Sports,6,11139.61,66837.66,Karachi,Credit Card
ORD03185,CUST1953,Huzaifa Ali,2025-11-25,Mouse,Electronics,2,4943.59,9887.18,Lahore,JazzCash
ORD03186,CUST0541,Ayesha Khan,2025-06-09,Football,Sports,1,6681.5,6681.5,Karachi,Bank Transfer
ORD03187,CUST1583,Talha Malik,2025-01-25,Headphones,Electronics,8,15657.66,125261.28,Peshawar,Credit Card
ORD03188,CUST0505,Huzaifa Ali,2026-05-13,Microwave,Home & Kitchen,4,22335.46,89341.84,Multan,EasyPaisa
ORD03189,CUST1166,Saad Khan,2026-06-14,T-Shirt,Clothing,7,4502.22,31515.54,Multan,JazzCash
ORD03190,CUST2484,Sana Malik,2025-06-05,Shoes,Clothing,5,4843.34,24216.7,Rawalpindi,Cash
ORD03191,CUST1379,Ayesha Khan,2026-04-10,Laptop,Electronics,4,239012.75,956051.0,Sialkot,EasyPaisa
ORD03192,CUST0587,Fatima Ahmed,2025-08-01,Face Wash,Beauty,2,2684.25,5368.5,Peshawar,Debit Card
ORD03193,CUST0855,Bilal Ahmed,2026-09-20,Skin Cream,Beauty,7,4361.26,30528.82,Quetta,EasyPaisa
ORD03194,CUST1691,Zainab Ali,2026-05-24,Cricket Ball,Sports,4,706.56,2826.24,Sialkot,Cash
ORD03195,CUST0387,Hamza Shah,2025-02-12,Microwave,Home & Kitchen,3,47419.2,142257.6,Faisalabad,Bank Transfer
ORD03196,CUST1753,Hira Shah,2025-06-17,Mouse,Electronics,6,3592.41,21554.46,Faisalabad,Credit Card
ORD03197,CUST0261,Bilal Ahmed,2026-01-13,Sugar,Grocery,4,366.45,1465.8,Quetta,Credit Card
ORD03198,CUST2003,Maham Raza,2025-09-12,Air Fryer,Home & Kitchen,4,33690.54,134762.16,Peshawar,Debit Card
ORD03199,CUST2167,Maryam Ahmed,2025-09-24,Biscuits,Grocery,7,167.32,1171.24,Gujranwala,Debit Card
ORD03200,CUST1180,Maham Raza,2026-08-15,Lipstick,Beauty,5,1059.1,5295.5,Karachi,Cash
ORD03201,CUST1693,Abdullah Raza,2025-01-06,Coffee Maker,Home & Kitchen,6,21385.91,128315.46,Islamabad,EasyPaisa
ORD03202,CUST0586,Ahmed Raza,2025-04-23,Tea,Grocery,6,644.77,3868.62,Peshawar,Credit Card
ORD03203,CUST0948,Zainab Ali,2026-09-04,Sugar,Grocery,3,327.74,983.22,Lahore,EasyPaisa
ORD03204,CUST0568,Usman Malik,2025-10-03,Biscuits,Grocery,5,244.41,1222.05,Islamabad,EasyPaisa
ORD03205,CUST0763,Bilal Ahmed,2025-01-05,Tablet,Electronics,6,63708.62,382251.72,Rawalpindi,Debit Card
ORD03206,CUST1413,Talha Malik,2025-10-21,Sugar,Grocery,1,287.53,287.53,Sialkot,JazzCash
ORD03207,CUST1880,Ali Khan,2025-02-23,Jacket,Clothing,5,5627.04,28135.2,Rawalpindi,Credit Card
ORD03208,CUST1855,Huzaifa Ali,2025-10-27,Yoga Mat,Sports,2,3648.5,7297.0,Islamabad,Credit Card
ORD03209,CUST2325,Fatima Ahmed,2025-02-27,Shoes,Clothing,3,17192.37,51577.11,Multan,Cash
ORD03210,CUST1620,Omar Farooq,2025-01-13,Running Shoes,Sports,8,14252.99,114023.92,Peshawar,Bank Transfer
ORD03211,CUST0018,Hamza Shah,2025-07-25,Jeans,Clothing,7,8016.57,56115.99,Karachi,Credit Card
ORD03212,CUST1197,Saad Khan,2026-06-15,T-Shirt,Clothing,1,4322.48,4322.48,Faisalabad,Credit Card
ORD03213,CUST0871,Sara Khan,2025-07-29,Tea,Grocery,4,995.91,3983.64,Quetta,Bank Transfer
ORD03214,CUST2480,Hira Shah,2026-07-08,Lipstick,Beauty,3,580.29,1740.87,Quetta,Bank Transfer
ORD03215,CUST1375,Fatima Ahmed,2025-01-09,Football,Sports,7,6032.53,42227.71,Sialkot,Debit Card
ORD03216,CUST1147,Abdullah Raza,2026-03-06,Biscuits,Grocery,6,83.27,499.62,Lahore,Cash
ORD03217,CUST2310,Omar Farooq,2025-04-06,Jeans,Clothing,6,4200.08,25200.48,Multan,Cash
ORD03218,CUST1604,Hamza Shah,2025-10-26,Football,Sports,6,2003.39,12020.34,Quetta,Debit Card
ORD03219,CUST2146,Saad Khan,2025-08-10,Perfume,Beauty,1,11965.63,11965.63,Sialkot,Bank Transfer
ORD03220,CUST1155,Ahmed Raza,2025-03-04,Football,Sports,2,3357.97,6715.94,Faisalabad,Credit Card
ORD03221,CUST0875,Zainab Ali,2025-03-19,Tablet,Electronics,6,60566.69,363400.14,Rawalpindi,EasyPaisa
ORD03222,CUST1271,Maryam Ahmed,2026-05-04,Football,Sports,4,3283.86,13135.44,Multan,Debit Card
ORD03223,CUST1652,Saad Khan,2025-04-16,Perfume,Beauty,1,5948.99,5948.99,Multan,JazzCash
ORD03224,CUST1075,Ahmed Raza,2026-07-17,Coffee Maker,Home & Kitchen,8,9529.77,76238.16,Karachi,EasyPaisa
ORD03225,CUST2484,Saad Khan,2026-02-19,Smartphone,Electronics,2,162729.47,325458.94,Gujranwala,Bank Transfer
ORD03226,CUST0383,Hamza Shah,2026-03-23,Cricket Bat,Sports,2,13642.12,27284.24,Multan,EasyPaisa
ORD03227,CUST0349,Abdullah Raza,2025-04-26,Sugar,Grocery,7,395.24,2766.68,Sialkot,JazzCash
ORD03228,CUST0655,Sara Khan,2025-07-23,Sugar,Grocery,4,239.06,956.24,Karachi,JazzCash
ORD03229,CUST2197,Omar Farooq,2025-12-07,Keyboard,Electronics,1,4868.9,4868.9,Multan,Credit Card
ORD03230,CUST1425,Sara Khan,2026-08-26,Air Fryer,Home & Kitchen,2,26803.35,53606.7,Multan,JazzCash
ORD03231,CUST0981,Ayesha Khan,2026-01-09,Cricket Bat,Sports,4,14999.51,59998.04,Sialkot,Bank Transfer
ORD03232,CUST1640,Bilal Ahmed,2026-02-02,Skin Cream,Beauty,3,1401.31,4203.93,Karachi,JazzCash
ORD03233,CUST1353,Huzaifa Ali,2025-03-10,Running Shoes,Sports,1,11038.17,11038.17,Faisalabad,JazzCash
ORD03234,CUST0830,Ali Khan,2025-01-05,Biscuits,Grocery,4,171.22,684.88,Islamabad,EasyPaisa
ORD03235,CUST1962,Hira Shah,2025-07-03,Microwave,Home & Kitchen,8,23042.89,184343.12,Peshawar,EasyPaisa
ORD03236,CUST0251,Hassan Ali,2026-01-15,Face Wash,Beauty,2,1137.62,2275.24,Multan,Credit Card
ORD03237,CUST0978,Ali Khan,2025-04-20,Shampoo,Beauty,7,3335.82,23350.74,Gujranwala,JazzCash
ORD03238,CUST0033,Maryam Ahmed,2025-05-09,T-Shirt,Clothing,8,3233.65,25869.2,Rawalpindi,EasyPaisa
ORD03239,CUST1868,Hamza Shah,2026-04-26,Cricket Bat,Sports,8,23902.88,191223.04,Karachi,EasyPaisa
ORD03240,CUST1598,Omar Farooq,2026-06-01,Microwave,Home & Kitchen,8,28209.26,225674.08,Lahore,EasyPaisa
ORD03241,CUST0300,Ahmed Raza,2025-05-30,Laptop,Electronics,2,149665.37,299330.74,Islamabad,Bank Transfer
ORD03242,CUST0888,Ahmed Raza,2026-05-16,Microwave,Home & Kitchen,5,24190.79,120953.95,Multan,Bank Transfer
ORD03243,CUST0385,Danish Ahmed,2026-04-26,Running Shoes,Sports,8,21824.09,174592.72,Peshawar,Cash
ORD03244,CUST1541,Maham Raza,2025-04-21,Yoga Mat,Sports,8,3912.82,31302.56,Sialkot,JazzCash
ORD03245,CUST1213,Ahmed Raza,2026-02-21,Coffee Maker,Home & Kitchen,8,16260.63,130085.04,Sialkot,EasyPaisa
ORD03246,CUST1178,Fatima Ahmed,2025-07-19,Running Shoes,Sports,4,15004.32,60017.28,Lahore,Cash
ORD03247,CUST1556,Maham Raza,2025-05-22,Shampoo,Beauty,5,1041.78,5208.9,Rawalpindi,JazzCash
ORD03248,CUST0362,Abdullah Raza,2025-05-11,Face Wash,Beauty,3,2892.97,8678.91,Karachi,Debit Card
ORD03249,CUST1483,Sana Malik,2025-01-22,Hoodie,Clothing,8,7775.65,62205.2,Quetta,Bank Transfer
ORD03250,CUST2019,Abdullah Raza,2025-12-09,Shoes,Clothing,2,4101.51,8203.02,Karachi,Cash
ORD03251,CUST0284,Hira Shah,2025-02-14,Blender,Home & Kitchen,2,14687.88,29375.76,Islamabad,JazzCash
ORD03252,CUST1429,Huzaifa Ali,2026-02-15,Laptop,Electronics,3,160705.49,482116.47,Sialkot,Bank Transfer
ORD03253,CUST1867,Huzaifa Ali,2026-09-05,Jacket,Clothing,6,15825.74,94954.44,Rawalpindi,Credit Card
ORD03254,CUST2016,Usman Malik,2026-01-02,Air Fryer,Home & Kitchen,4,23674.8,94699.2,Sialkot,Credit Card
ORD03255,CUST0374,Fatima Ahmed,2026-08-07,Tablet,Electronics,8,77045.5,616364.0,Peshawar,Credit Card
ORD03256,CUST0984,Bilal Ahmed,2025-10-18,Yoga Mat,Sports,7,5620.64,39344.48,Lahore,Credit Card
ORD03257,CUST1495,Bilal Ahmed,2026-03-10,Headphones,Electronics,7,21548.52,150839.64,Gujranwala,Credit Card
ORD03258,CUST0682,Talha Malik,2026-08-30,Coffee Maker,Home & Kitchen,5,19390.7,96953.5,Islamabad,Debit Card
ORD03259,CUST2237,Hira Shah,2025-01-22,Laptop,Electronics,3,215951.92,647855.76,Lahore,Cash
ORD03260,CUST0353,Abdullah Raza,2025-11-24,Vacuum Cleaner,Home & Kitchen,1,48582.73,48582.73,Lahore,EasyPaisa
ORD03261,CUST0470,Hira Shah,2026-05-23,Air Fryer,Home & Kitchen,3,16794.84,50384.52,Rawalpindi,Bank Transfer
ORD03262,CUST1312,Sara Khan,2025-08-29,Keyboard,Electronics,4,8808.78,35235.12,Rawalpindi,JazzCash
ORD03263,CUST0233,Ahmed Raza,2025-03-01,Face Wash,Beauty,2,2529.56,5059.12,Sialkot,Cash
ORD03264,CUST1817,Saad Khan,2026-07-21,Skin Cream,Beauty,2,3231.17,6462.34,Karachi,Bank Transfer
ORD03265,CUST2158,Ayesha Khan,2025-06-27,Mouse,Electronics,1,7571.69,7571.69,Multan,Bank Transfer
ORD03266,CUST0943,Ahmed Raza,2025-02-21,Blender,Home & Kitchen,3,9356.34,28069.02,Faisalabad,Bank Transfer
ORD03267,CUST1711,Hira Shah,2025-09-06,Shoes,Clothing,2,12177.5,24355.0,Islamabad,EasyPaisa
ORD03268,CUST0562,Sara Khan,2025-05-24,Football,Sports,2,4826.99,9653.98,Gujranwala,Cash
ORD03269,CUST1876,Ali Khan,2025-09-20,Dinner Set,Home & Kitchen,8,8849.6,70796.8,Multan,Bank Transfer
ORD03270,CUST1429,Huzaifa Ali,2025-02-07,T-Shirt,Clothing,2,4975.33,9950.66,Rawalpindi,Bank Transfer
ORD03271,CUST0831,Danish Ahmed,2026-05-25,Cricket Bat,Sports,7,3184.07,22288.49,Quetta,EasyPaisa
ORD03272,CUST2395,Hamza Shah,2026-07-26,Shampoo,Beauty,2,3438.32,6876.64,Faisalabad,Credit Card
ORD03273,CUST1459,Ali Khan,2026-02-22,Running Shoes,Sports,8,16734.49,133875.92,Karachi,JazzCash
ORD03274,CUST2029,Talha Malik,2026-06-06,Sugar,Grocery,2,269.73,539.46,Peshawar,Credit Card
ORD03275,CUST0968,Sara Khan,2026-02-23,Yoga Mat,Sports,4,3713.46,14853.84,Gujranwala,EasyPaisa
ORD03276,CUST1884,Hira Shah,2025-06-15,Cricket Ball,Sports,7,549.15,3844.05,Islamabad,EasyPaisa
ORD03277,CUST2109,Saad Khan,2026-03-31,Jeans,Clothing,7,5263.24,36842.68,Lahore,EasyPaisa
ORD03278,CUST1619,Zainab Ali,2025-03-29,Cricket Bat,Sports,7,12846.02,89922.14,Islamabad,Credit Card
ORD03279,CUST1194,Abdullah Raza,2026-04-20,Skin Cream,Beauty,1,3606.71,3606.71,Sialkot,Credit Card
ORD03280,CUST1399,Danish Ahmed,2025-11-28,Dinner Set,Home & Kitchen,3,12567.37,37702.11,Quetta,JazzCash
ORD03281,CUST1214,Ali Khan,2026-01-25,Cooking Oil,Grocery,8,933.83,7470.64,Gujranwala,Credit Card
ORD03282,CUST0121,Usman Malik,2025-11-21,Shampoo,Beauty,1,3382.82,3382.82,Faisalabad,Cash
ORD03283,CUST1978,Huzaifa Ali,2025-12-04,Rice,Grocery,7,740.57,5183.99,Sialkot,Credit Card
ORD03284,CUST1444,Hira Shah,2026-08-28,Perfume,Beauty,3,19184.45,57553.35,Multan,Cash
ORD03285,CUST2153,Sara Khan,2025-11-12,Skin Cream,Beauty,2,2598.03,5196.06,Lahore,Cash
ORD03286,CUST0753,Fatima Ahmed,2026-09-10,Cricket Ball,Sports,1,2047.74,2047.74,Faisalabad,EasyPaisa
ORD03287,CUST2013,Maham Raza,2026-07-29,Cricket Bat,Sports,8,14502.77,116022.16,Quetta,Cash
ORD03288,CUST0804,Ali Khan,2026-08-27,Cricket Bat,Sports,3,17136.33,51408.99,Karachi,Cash
ORD03289,CUST2078,Hira Shah,2025-03-07,Cricket Bat,Sports,1,10477.7,10477.7,Lahore,JazzCash
ORD03290,CUST2461,Maham Raza,2026-02-16,Microwave,Home & Kitchen,1,36291.86,36291.86,Islamabad,Credit Card
ORD03291,CUST0864,Hamza Shah,2026-09-12,Jeans,Clothing,7,8031.38,56219.66,Gujranwala,Cash
ORD03292,CUST0802,Ali Khan,2026-05-26,Cooking Oil,Grocery,1,1386.44,1386.44,Islamabad,Debit Card
ORD03293,CUST1064,Abdullah Raza,2025-05-23,Shoes,Clothing,7,17326.58,121286.06,Quetta,Debit Card
ORD03294,CUST1338,Talha Malik,2025-01-26,Shoes,Clothing,5,23794.2,118971.0,Karachi,Bank Transfer
ORD03295,CUST2032,Fatima Ahmed,2026-02-22,Air Fryer,Home & Kitchen,6,20993.65,125961.9,Lahore,Bank Transfer
ORD03296,CUST1245,Fatima Ahmed,2026-01-06,Biscuits,Grocery,4,275.8,1103.2,Multan,Credit Card
ORD03297,CUST1758,Huzaifa Ali,2026-01-25,Air Fryer,Home & Kitchen,5,28664.73,143323.65,Gujranwala,Bank Transfer
ORD03298,CUST2076,Omar Farooq,2025-10-02,Tea,Grocery,4,1134.73,4538.92,Faisalabad,EasyPaisa
ORD03299,CUST1758,Hassan Ali,2026-07-15,Cricket Bat,Sports,6,17549.71,105298.26,Peshawar,JazzCash
ORD03300,CUST1283,Ayesha Khan,2026-06-15,Shoes,Clothing,5,24530.02,122650.1,Islamabad,Cash
ORD03301,CUST2081,Danish Ahmed,2025-01-05,Running Shoes,Sports,8,13928.01,111424.08,Faisalabad,Credit Card
ORD03302,CUST1232,Ayesha Khan,2025-09-15,Shoes,Clothing,4,19971.98,79887.92,Peshawar,EasyPaisa
ORD03303,CUST0098,Sana Malik,2025-12-31,Cricket Ball,Sports,1,2233.04,2233.04,Multan,Cash
ORD03304,CUST1103,Hira Shah,2026-06-29,Vacuum Cleaner,Home & Kitchen,3,16434.65,49303.95,Quetta,Credit Card
ORD03305,CUST0706,Danish Ahmed,2025-10-15,Football,Sports,4,1832.39,7329.56,Rawalpindi,EasyPaisa
ORD03306,CUST0582,Abdullah Raza,2026-05-17,Keyboard,Electronics,4,6408.13,25632.52,Multan,Debit Card
ORD03307,CUST2303,Ali Khan,2025-09-05,Cricket Ball,Sports,1,1833.91,1833.91,Karachi,JazzCash
ORD03308,CUST1452,Ahmed Raza,2025-04-23,Jacket,Clothing,6,11827.32,70963.92,Islamabad,Bank Transfer
ORD03309,CUST0758,Huzaifa Ali,2025-01-24,Football,Sports,6,3449.33,20695.98,Karachi,Debit Card
ORD03310,CUST1901,Danish Ahmed,2025-05-23,Jacket,Clothing,2,7177.66,14355.32,Faisalabad,Bank Transfer
ORD03311,CUST1355,Omar Farooq,2026-09-28,Cricket Bat,Sports,8,21136.01,169088.08,Karachi,Bank Transfer
ORD03312,CUST2360,Ali Khan,2025-12-28,Football,Sports,4,2225.89,8903.56,Faisalabad,Credit Card
ORD03313,CUST0611,Huzaifa Ali,2025-09-28,Tea,Grocery,8,466.19,3729.52,Peshawar,Bank Transfer
ORD03314,CUST0210,Saad Khan,2025-04-24,Cooking Oil,Grocery,6,1306.12,7836.72,Multan,JazzCash
ORD03315,CUST1199,Zainab Ali,2025-12-23,Hoodie,Clothing,6,3943.29,23659.74,Karachi,Debit Card
ORD03316,CUST0951,Zainab Ali,2026-08-22,Running Shoes,Sports,2,24512.78,49025.56,Karachi,Cash
ORD03317,CUST1465,Zainab Ali,2025-12-19,Cereal,Grocery,5,1392.06,6960.3,Rawalpindi,Bank Transfer
ORD03318,CUST1942,Hassan Ali,2025-05-19,Cereal,Grocery,7,434.38,3040.66,Gujranwala,Cash
ORD03319,CUST1579,Hamza Shah,2025-09-14,Sugar,Grocery,8,199.95,1599.6,Islamabad,Cash
ORD03320,CUST0684,Sara Khan,2026-03-10,Cricket Ball,Sports,6,2160.91,12965.46,Faisalabad,Cash
ORD03321,CUST0486,Saad Khan,2026-06-23,Shoes,Clothing,5,3632.44,18162.2,Quetta,JazzCash
ORD03322,CUST2339,Ayesha Khan,2026-03-11,T-Shirt,Clothing,1,3438.79,3438.79,Karachi,EasyPaisa
ORD03323,CUST2449,Zainab Ali,2026-09-26,Cooking Oil,Grocery,4,520.18,2080.72,Karachi,JazzCash
ORD03324,CUST0134,Zainab Ali,2025-12-10,Running Shoes,Sports,5,23761.52,118807.6,Sialkot,EasyPaisa
ORD03325,CUST1806,Ayesha Khan,2026-03-05,Face Wash,Beauty,3,2794.21,8382.63,Karachi,Credit Card
ORD03326,CUST2057,Maham Raza,2025-11-12,Jacket,Clothing,1,14943.02,14943.02,Karachi,Bank Transfer
ORD03327,CUST2490,Ayesha Khan,2026-01-14,Vacuum Cleaner,Home & Kitchen,3,21851.41,65554.23,Peshawar,Debit Card
ORD03328,CUST0720,Ayesha Khan,2026-07-21,Blender,Home & Kitchen,3,16167.27,48501.81,Karachi,Credit Card
ORD03329,CUST1551,Maryam Ahmed,2026-03-29,Microwave,Home & Kitchen,6,33084.18,198505.08,Islamabad,EasyPaisa
ORD03330,CUST2419,Ali Khan,2025-10-27,Perfume,Beauty,6,4428.48,26570.88,Faisalabad,Bank Transfer
ORD03331,CUST1019,Sara Khan,2025-11-03,Microwave,Home & Kitchen,4,46649.6,186598.4,Sialkot,Debit Card
ORD03332,CUST1982,Talha Malik,2026-08-23,T-Shirt,Clothing,3,4569.07,13707.21,Karachi,Bank Transfer
ORD03333,CUST2395,Hamza Shah,2025-05-31,Football,Sports,7,3584.51,25091.57,Quetta,EasyPaisa
ORD03334,CUST1852,Omar Farooq,2025-03-07,Shoes,Clothing,6,22871.5,137229.0,Islamabad,EasyPaisa
ORD03335,CUST2063,Talha Malik,2025-02-24,Mouse,Electronics,2,3877.0,7754.0,Rawalpindi,EasyPaisa
ORD03336,CUST2324,Usman Malik,2026-02-11,Jeans,Clothing,4,3136.68,12546.72,Multan,JazzCash
ORD03337,CUST0111,Maham Raza,2025-04-27,Shoes,Clothing,8,12573.29,100586.32,Islamabad,EasyPaisa
ORD03338,CUST1419,Danish Ahmed,2025-10-27,Lipstick,Beauty,8,2205.63,17645.04,Sialkot,Bank Transfer
ORD03339,CUST1123,Zainab Ali,2025-09-18,Tablet,Electronics,1,106338.87,106338.87,Lahore,Cash
ORD03340,CUST1000,Huzaifa Ali,2026-06-18,T-Shirt,Clothing,7,1697.54,11882.78,Quetta,EasyPaisa
ORD03341,CUST0227,Hassan Ali,2025-12-21,Perfume,Beauty,5,18023.45,90117.25,Sialkot,Debit Card
ORD03342,CUST0974,Ahmed Raza,2025-02-18,Lipstick,Beauty,7,2084.06,14588.42,Faisalabad,Cash
ORD03343,CUST1219,Usman Malik,2025-12-23,Face Wash,Beauty,8,1182.86,9462.88,Gujranwala,Bank Transfer
ORD03344,CUST2069,Hamza Shah,2026-07-09,Cricket Bat,Sports,7,8282.06,57974.42,Lahore,Cash
ORD03345,CUST0294,Ahmed Raza,2025-06-26,Hoodie,Clothing,8,7487.73,59901.84,Multan,Cash
ORD03346,CUST2235,Sana Malik,2025-04-13,Jeans,Clothing,1,4325.31,4325.31,Islamabad,Credit Card
ORD03347,CUST0967,Hassan Ali,2026-01-06,Laptop,Electronics,3,112303.85,336911.55,Lahore,EasyPaisa
ORD03348,CUST2143,Hamza Shah,2026-02-01,Cricket Bat,Sports,2,18073.11,36146.22,Peshawar,Credit Card
ORD03349,CUST1006,Hira Shah,2026-05-06,Rice,Grocery,2,380.66,761.32,Sialkot,Cash
ORD03350,CUST1755,Talha Malik,2026-05-13,Cereal,Grocery,5,961.31,4806.55,Islamabad,Cash
ORD03351,CUST0409,Ahmed Raza,2025-09-21,Laptop,Electronics,2,133645.87,267291.74,Quetta,Cash
ORD03352,CUST1496,Ali Khan,2026-07-29,Rice,Grocery,5,488.54,2442.7,Gujranwala,EasyPaisa
ORD03353,CUST2168,Maham Raza,2025-01-07,Blender,Home & Kitchen,8,7343.94,58751.52,Karachi,Cash
ORD03354,CUST1064,Maham Raza,2026-01-06,Perfume,Beauty,5,13388.78,66943.9,Peshawar,EasyPaisa
ORD03355,CUST1596,Hamza Shah,2025-12-13,Cooking Oil,Grocery,6,1116.84,6701.04,Sialkot,Credit Card
ORD03356,CUST1828,Hamza Shah,2026-03-26,Sugar,Grocery,4,274.63,1098.52,Gujranwala,EasyPaisa
ORD03357,CUST1452,Hira Shah,2026-08-22,Cooking Oil,Grocery,4,1346.46,5385.84,Karachi,Credit Card
ORD03358,CUST2228,Ayesha Khan,2026-03-28,Running Shoes,Sports,7,20063.16,140442.12,Lahore,Debit Card
ORD03359,CUST2231,Saad Khan,2025-07-20,Coffee Maker,Home & Kitchen,2,11771.88,23543.76,Quetta,Bank Transfer
ORD03360,CUST1183,Hira Shah,2025-08-11,Blender,Home & Kitchen,3,7156.35,21469.05,Karachi,Debit Card
ORD03361,CUST1738,Omar Farooq,2026-05-22,Coffee Maker,Home & Kitchen,3,27372.17,82116.51,Rawalpindi,Cash
ORD03362,CUST0397,Sana Malik,2026-03-03,Vacuum Cleaner,Home & Kitchen,8,19970.25,159762.0,Islamabad,Bank Transfer
ORD03363,CUST0929,Hamza Shah,2026-06-08,Football,Sports,5,3934.86,19674.3,Sialkot,JazzCash
ORD03364,CUST1963,Ali Khan,2025-09-26,Lipstick,Beauty,7,1225.23,8576.61,Faisalabad,JazzCash
ORD03365,CUST2092,Talha Malik,2026-08-31,Coffee Maker,Home & Kitchen,7,19388.9,135722.3,Lahore,Credit Card
ORD03366,CUST0116,Fatima Ahmed,2025-01-04,Biscuits,Grocery,4,189.68,758.72,Gujranwala,Credit Card
ORD03367,CUST0930,Usman Malik,2026-02-16,Cereal,Grocery,4,1063.69,4254.76,Multan,EasyPaisa
ORD03368,CUST1977,Ahmed Raza,2025-06-21,Jeans,Clothing,2,7566.52,15133.04,Peshawar,Debit Card
ORD03369,CUST0205,Hira Shah,2025-09-28,Face Wash,Beauty,1,1200.4,1200.4,Islamabad,EasyPaisa
ORD03370,CUST2104,Hassan Ali,2025-05-12,Laptop,Electronics,3,167778.9,503336.7,Faisalabad,JazzCash
ORD03371,CUST0468,Maryam Ahmed,2026-07-04,Smart Watch,Electronics,2,12703.18,25406.36,Sialkot,JazzCash
ORD03372,CUST1836,Saad Khan,2025-12-09,Football,Sports,8,7011.89,56095.12,Sialkot,Bank Transfer
ORD03373,CUST2383,Danish Ahmed,2025-10-19,Yoga Mat,Sports,8,4280.84,34246.72,Quetta,EasyPaisa
ORD03374,CUST2009,Hamza Shah,2025-04-20,Perfume,Beauty,3,8025.17,24075.51,Karachi,Debit Card
ORD03375,CUST2117,Hamza Shah,2025-12-31,Lipstick,Beauty,7,3266.85,22867.95,Gujranwala,EasyPaisa
ORD03376,CUST0316,Talha Malik,2026-03-20,Perfume,Beauty,1,19910.77,19910.77,Rawalpindi,Bank Transfer
ORD03377,CUST1671,Omar Farooq,2025-04-07,Cricket Ball,Sports,4,1312.76,5251.04,Karachi,Credit Card
ORD03378,CUST1838,Hassan Ali,2025-12-27,Lipstick,Beauty,6,3933.74,23602.44,Peshawar,Cash
ORD03379,CUST1999,Huzaifa Ali,2025-08-12,Biscuits,Grocery,7,126.27,883.89,Gujranwala,Cash
ORD03380,CUST2417,Abdullah Raza,2026-06-23,Smart Watch,Electronics,4,38567.21,154268.84,Sialkot,Cash
ORD03381,CUST0467,Omar Farooq,2025-02-18,Biscuits,Grocery,3,294.51,883.53,Lahore,JazzCash
ORD03382,CUST0704,Hamza Shah,2025-07-13,Headphones,Electronics,6,29755.47,178532.82,Peshawar,Credit Card
ORD03383,CUST0315,Talha Malik,2025-09-05,Cricket Bat,Sports,2,12275.02,24550.04,Sialkot,EasyPaisa
ORD03384,CUST2467,Ahmed Raza,2025-11-14,Air Fryer,Home & Kitchen,1,25303.1,25303.1,Rawalpindi,JazzCash
ORD03385,CUST2114,Zainab Ali,2026-01-16,Cricket Bat,Sports,5,16230.29,81151.45,Gujranwala,Credit Card
ORD03386,CUST2401,Huzaifa Ali,2026-09-05,Vacuum Cleaner,Home & Kitchen,4,33949.41,135797.64,Karachi,Credit Card
ORD03387,CUST0632,Bilal Ahmed,2026-09-11,Tea,Grocery,4,1199.27,4797.08,Multan,Debit Card
ORD03388,CUST0755,Zainab Ali,2026-09-07,Headphones,Electronics,2,24739.85,49479.7,Gujranwala,Cash
ORD03389,CUST0436,Hassan Ali,2025-07-03,Cricket Ball,Sports,7,2164.14,15148.98,Rawalpindi,JazzCash
ORD03390,CUST2341,Danish Ahmed,2025-08-27,Laptop,Electronics,7,195318.43,1367229.01,Faisalabad,Debit Card
ORD03391,CUST0958,Hamza Shah,2025-11-22,Blender,Home & Kitchen,5,15722.59,78612.95,Multan,JazzCash
ORD03392,CUST2449,Hira Shah,2026-04-27,T-Shirt,Clothing,1,3491.81,3491.81,Gujranwala,Bank Transfer
ORD03393,CUST1756,Sana Malik,2026-08-25,Cricket Ball,Sports,1,2050.34,2050.34,Multan,EasyPaisa
ORD03394,CUST2304,Danish Ahmed,2025-02-02,Lipstick,Beauty,5,974.64,4873.2,Sialkot,Credit Card
ORD03395,CUST0381,Sara Khan,2025-12-03,Football,Sports,4,4495.86,17983.44,Peshawar,EasyPaisa
ORD03396,CUST0787,Sara Khan,2026-04-27,Laptop,Electronics,4,227922.07,911688.28,Quetta,Cash
ORD03397,CUST1204,Ali Khan,2025-08-20,Cereal,Grocery,8,549.69,4397.52,Islamabad,Debit Card
ORD03398,CUST2152,Ayesha Khan,2025-04-07,Jeans,Clothing,5,6701.21,33506.05,Lahore,JazzCash
ORD03399,CUST1281,Sana Malik,2026-03-21,Cricket Bat,Sports,4,7066.2,28264.8,Lahore,Cash
ORD03400,CUST1100,Hassan Ali,2025-10-25,Perfume,Beauty,5,13854.24,69271.2,Faisalabad,EasyPaisa
ORD03401,CUST1145,Ayesha Khan,2025-06-11,Microwave,Home & Kitchen,1,39420.87,39420.87,Multan,Cash
ORD03402,CUST0373,Hamza Shah,2025-12-26,Yoga Mat,Sports,7,2538.25,17767.75,Gujranwala,JazzCash
ORD03403,CUST0034,Danish Ahmed,2025-10-08,Football,Sports,7,7869.19,55084.33,Sialkot,Debit Card
ORD03404,CUST2209,Danish Ahmed,2026-09-28,Tablet,Electronics,4,69499.28,277997.12,Karachi,Credit Card
ORD03405,CUST1331,Usman Malik,2025-11-04,Rice,Grocery,3,425.96,1277.88,Sialkot,Cash
ORD03406,CUST0112,Omar Farooq,2025-03-14,Face Wash,Beauty,2,1463.86,2927.72,Multan,JazzCash
ORD03407,CUST0715,Ayesha Khan,2025-02-06,Dinner Set,Home & Kitchen,3,8274.68,24824.04,Quetta,JazzCash
ORD03408,CUST0710,Hassan Ali,2026-09-07,Running Shoes,Sports,7,13088.43,91619.01,Sialkot,Debit Card
ORD03409,CUST1025,Usman Malik,2026-08-06,Jeans,Clothing,2,5992.19,11984.38,Karachi,Bank Transfer
ORD03410,CUST1252,Bilal Ahmed,2025-08-25,Face Wash,Beauty,1,2022.07,2022.07,Faisalabad,Bank Transfer
ORD03411,CUST0728,Saad Khan,2026-03-11,Cricket Bat,Sports,7,9469.23,66284.61,Rawalpindi,Debit Card
ORD03412,CUST2207,Danish Ahmed,2026-06-14,Cooking Oil,Grocery,5,701.57,3507.85,Rawalpindi,Credit Card
ORD03413,CUST1562,Sara Khan,2026-06-24,Microwave,Home & Kitchen,2,33124.47,66248.94,Sialkot,Debit Card
ORD03414,CUST0720,Sana Malik,2025-10-22,Football,Sports,6,4800.25,28801.5,Rawalpindi,Bank Transfer
ORD03415,CUST1351,Zainab Ali,2026-07-22,Face Wash,Beauty,3,1459.3,4377.9,Lahore,JazzCash
ORD03416,CUST1423,Hassan Ali,2026-08-15,Microwave,Home & Kitchen,1,28880.83,28880.83,Gujranwala,Bank Transfer
ORD03417,CUST0034,Ayesha Khan,2026-05-07,Skin Cream,Beauty,5,4951.39,24756.95,Sialkot,JazzCash
ORD03418,CUST2462,Hamza Shah,2025-11-27,Lipstick,Beauty,4,1491.83,5967.32,Quetta,JazzCash
ORD03419,CUST2143,Omar Farooq,2026-07-17,Blender,Home & Kitchen,2,8361.99,16723.98,Lahore,Cash
ORD03420,CUST2084,Maryam Ahmed,2026-07-18,Skin Cream,Beauty,3,2162.96,6488.88,Rawalpindi,Debit Card
ORD03421,CUST2115,Sara Khan,2026-01-22,Vacuum Cleaner,Home & Kitchen,7,47837.66,334863.62,Peshawar,JazzCash
ORD03422,CUST0068,Sara Khan,2026-04-13,Skin Cream,Beauty,5,3328.55,16642.75,Karachi,JazzCash
ORD03423,CUST0211,Usman Malik,2026-08-22,Football,Sports,7,7169.19,50184.33,Faisalabad,EasyPaisa
ORD03424,CUST1068,Maryam Ahmed,2026-06-21,Rice,Grocery,4,294.44,1177.76,Karachi,Debit Card
ORD03425,CUST1335,Ali Khan,2026-03-19,Sugar,Grocery,7,357.32,2501.24,Multan,Cash
ORD03426,CUST1575,Talha Malik,2025-04-09,Skin Cream,Beauty,1,2516.22,2516.22,Faisalabad,Debit Card
ORD03427,CUST1782,Abdullah Raza,2026-01-12,Face Wash,Beauty,4,1011.03,4044.12,Gujranwala,Debit Card
ORD03428,CUST1676,Sara Khan,2025-12-10,Tablet,Electronics,1,52420.51,52420.51,Sialkot,Credit Card
ORD03429,CUST0729,Huzaifa Ali,2025-09-28,Tea,Grocery,3,579.78,1739.34,Peshawar,Cash
ORD03430,CUST1826,Hamza Shah,2025-12-06,Cereal,Grocery,3,990.77,2972.31,Faisalabad,Cash
ORD03431,CUST1326,Talha Malik,2026-07-06,Jacket,Clothing,4,4779.76,19119.04,Peshawar,Bank Transfer
ORD03432,CUST0293,Sara Khan,2026-06-11,Shoes,Clothing,5,22239.98,111199.9,Rawalpindi,EasyPaisa
ORD03433,CUST0213,Hira Shah,2026-07-27,Cricket Ball,Sports,7,1645.94,11521.58,Rawalpindi,Debit Card
ORD03434,CUST0326,Bilal Ahmed,2025-01-23,Shampoo,Beauty,2,1240.13,2480.26,Quetta,EasyPaisa
ORD03435,CUST0854,Ali Khan,2026-09-18,Lipstick,Beauty,2,2603.79,5207.58,Faisalabad,Bank Transfer
ORD03436,CUST1435,Saad Khan,2026-04-16,Shampoo,Beauty,8,1027.55,8220.4,Peshawar,JazzCash
ORD03437,CUST0212,Omar Farooq,2025-05-31,Smartphone,Electronics,7,85030.14,595210.98,Peshawar,Credit Card
ORD03438,CUST1058,Hira Shah,2026-09-02,Air Fryer,Home & Kitchen,4,27640.06,110560.24,Gujranwala,EasyPaisa
ORD03439,CUST0430,Huzaifa Ali,2025-08-27,Cereal,Grocery,4,1212.62,4850.48,Karachi,Bank Transfer
ORD03440,CUST0364,Talha Malik,2026-03-08,Jeans,Clothing,8,3945.28,31562.24,Lahore,JazzCash
ORD03441,CUST1464,Maryam Ahmed,2025-10-14,T-Shirt,Clothing,5,4566.45,22832.25,Quetta,JazzCash
ORD03442,CUST1608,Maryam Ahmed,2025-09-08,Shoes,Clothing,7,22584.23,158089.61,Gujranwala,Debit Card
ORD03443,CUST1086,Talha Malik,2026-05-23,Football,Sports,8,4811.36,38490.88,Multan,EasyPaisa
ORD03444,CUST2058,Zainab Ali,2025-10-20,Vacuum Cleaner,Home & Kitchen,4,27908.44,111633.76,Islamabad,EasyPaisa
ORD03445,CUST0113,Ayesha Khan,2025-09-17,Microwave,Home & Kitchen,8,32276.0,258208.0,Quetta,JazzCash
ORD03446,CUST1087,Bilal Ahmed,2025-01-26,Sugar,Grocery,5,289.39,1446.95,Lahore,JazzCash
ORD03447,CUST1824,Maham Raza,2026-09-04,Sugar,Grocery,5,238.67,1193.35,Rawalpindi,Debit Card
ORD03448,CUST0852,Ahmed Raza,2025-08-01,Laptop,Electronics,8,127076.21,1016609.68,Sialkot,EasyPaisa
ORD03449,CUST1138,Ahmed Raza,2026-08-08,Mouse,Electronics,1,1032.69,1032.69,Peshawar,Debit Card
ORD03450,CUST1190,Fatima Ahmed,2025-09-05,Tea,Grocery,3,953.38,2860.14,Multan,Credit Card
ORD03451,CUST1008,Zainab Ali,2026-01-10,Shampoo,Beauty,7,2498.61,17490.27,Islamabad,Credit Card
ORD03452,CUST0056,Ahmed Raza,2025-02-02,Cricket Bat,Sports,7,23712.71,165988.97,Faisalabad,JazzCash
ORD03453,CUST0246,Ayesha Khan,2025-03-13,Mouse,Electronics,2,7996.69,15993.38,Faisalabad,EasyPaisa
ORD03454,CUST2458,Danish Ahmed,2025-03-22,Cricket Ball,Sports,2,2148.94,4297.88,Gujranwala,EasyPaisa
ORD03455,CUST2244,Hamza Shah,2025-03-30,Lipstick,Beauty,2,3417.42,6834.84,Multan,EasyPaisa
ORD03456,CUST1747,Usman Malik,2026-02-16,Shoes,Clothing,5,20326.22,101631.1,Faisalabad,Bank Transfer
ORD03457,CUST1673,Saad Khan,2026-06-07,Coffee Maker,Home & Kitchen,2,17319.58,34639.16,Quetta,Bank Transfer
ORD03458,CUST1571,Huzaifa Ali,2026-02-14,Tablet,Electronics,7,92054.72,644383.04,Islamabad,Bank Transfer
ORD03459,CUST1656,Zainab Ali,2026-01-13,Perfume,Beauty,3,15456.55,46369.65,Sialkot,EasyPaisa
ORD03460,CUST0673,Ayesha Khan,2025-10-10,Blender,Home & Kitchen,2,11847.8,23695.6,Rawalpindi,Cash
ORD03461,CUST1732,Sana Malik,2026-05-24,Cricket Bat,Sports,3,15633.53,46900.59,Lahore,Debit Card
ORD03462,CUST0638,Usman Malik,2025-06-28,Coffee Maker,Home & Kitchen,7,22649.41,158545.87,Faisalabad,Cash
ORD03463,CUST1592,Hira Shah,2026-06-29,Blender,Home & Kitchen,2,7811.66,15623.32,Lahore,Debit Card
ORD03464,CUST2261,Abdullah Raza,2025-08-07,Tea,Grocery,4,705.96,2823.84,Karachi,Debit Card
ORD03465,CUST1070,Maryam Ahmed,2025-06-21,Cereal,Grocery,6,1214.71,7288.26,Faisalabad,Debit Card
ORD03466,CUST0423,Ali Khan,2025-10-16,T-Shirt,Clothing,5,1914.31,9571.55,Islamabad,Bank Transfer
ORD03467,CUST0337,Huzaifa Ali,2026-01-01,Hoodie,Clothing,4,6106.38,24425.52,Peshawar,JazzCash
ORD03468,CUST0370,Omar Farooq,2025-07-28,Coffee Maker,Home & Kitchen,2,18018.52,36037.04,Multan,Cash
ORD03469,CUST1532,Omar Farooq,2026-06-11,Face Wash,Beauty,6,521.66,3129.96,Faisalabad,JazzCash
ORD03470,CUST2160,Huzaifa Ali,2025-08-04,Dinner Set,Home & Kitchen,6,17035.44,102212.64,Multan,Bank Transfer
ORD03471,CUST0238,Abdullah Raza,2025-12-18,T-Shirt,Clothing,6,3058.05,18348.3,Gujranwala,Debit Card
ORD03472,CUST1479,Saad Khan,2025-12-05,Football,Sports,7,7458.38,52208.66,Karachi,JazzCash
ORD03473,CUST2204,Omar Farooq,2025-08-09,Tea,Grocery,3,982.11,2946.33,Karachi,EasyPaisa
ORD03474,CUST0169,Ahmed Raza,2026-07-15,Jacket,Clothing,2,11454.91,22909.82,Rawalpindi,EasyPaisa
ORD03475,CUST1062,Bilal Ahmed,2025-07-13,Mouse,Electronics,7,2659.05,18613.35,Sialkot,Credit Card
ORD03476,CUST1898,Ayesha Khan,2026-08-12,Microwave,Home & Kitchen,6,21289.48,127736.88,Lahore,EasyPaisa
ORD03477,CUST1935,Omar Farooq,2025-06-08,Football,Sports,6,2627.03,15762.18,Faisalabad,Cash
ORD03478,CUST1022,Usman Malik,2025-07-21,Tablet,Electronics,2,92372.91,184745.82,Multan,Bank Transfer
ORD03479,CUST1314,Ayesha Khan,2025-03-06,Air Fryer,Home & Kitchen,1,16502.88,16502.88,Lahore,Credit Card
ORD03480,CUST1807,Huzaifa Ali,2026-04-06,Mouse,Electronics,1,3012.65,3012.65,Karachi,Bank Transfer
ORD03481,CUST2249,Sana Malik,2026-01-05,Football,Sports,7,7309.07,51163.49,Multan,Debit Card
ORD03482,CUST1252,Zainab Ali,2025-09-01,Sugar,Grocery,7,335.36,2347.52,Faisalabad,Cash
ORD03483,CUST1666,Danish Ahmed,2025-05-25,Face Wash,Beauty,2,1994.09,3988.18,Sialkot,Debit Card
ORD03484,CUST0422,Ali Khan,2025-03-26,Microwave,Home & Kitchen,5,19762.44,98812.2,Peshawar,Cash
ORD03485,CUST0383,Ali Khan,2026-09-23,Running Shoes,Sports,7,24626.25,172383.75,Lahore,Bank Transfer
ORD03486,CUST0549,Hamza Shah,2025-09-14,Yoga Mat,Sports,3,4182.24,12546.72,Peshawar,EasyPaisa
ORD03487,CUST0343,Talha Malik,2025-06-05,Shoes,Clothing,3,21132.99,63398.97,Multan,Bank Transfer
ORD03488,CUST2329,Hira Shah,2026-09-26,Cooking Oil,Grocery,7,1150.38,8052.66,Islamabad,Cash
ORD03489,CUST0354,Ali Khan,2026-08-10,Face Wash,Beauty,8,2078.57,16628.56,Lahore,Debit Card
ORD03490,CUST0531,Bilal Ahmed,2026-05-20,Face Wash,Beauty,6,847.88,5087.28,Gujranwala,Bank Transfer
ORD03491,CUST0125,Ahmed Raza,2025-05-30,Rice,Grocery,3,636.9,1910.7,Quetta,Debit Card
ORD03492,CUST0784,Huzaifa Ali,2025-09-18,Shampoo,Beauty,3,2385.49,7156.47,Quetta,Cash
ORD03493,CUST0763,Ahmed Raza,2025-12-09,Hoodie,Clothing,5,5122.36,25611.8,Multan,Bank Transfer
ORD03494,CUST1637,Ali Khan,2026-06-13,Perfume,Beauty,3,14863.7,44591.1,Peshawar,Cash
ORD03495,CUST0053,Sara Khan,2025-09-26,Dinner Set,Home & Kitchen,3,4458.88,13376.64,Multan,Debit Card
ORD03496,CUST1398,Ahmed Raza,2026-09-14,Tea,Grocery,7,706.04,4942.28,Sialkot,Cash
ORD03497,CUST1607,Fatima Ahmed,2026-03-23,Blender,Home & Kitchen,6,13249.34,79496.04,Rawalpindi,Cash
ORD03498,CUST0552,Ayesha Khan,2026-03-18,Headphones,Electronics,6,11553.79,69322.74,Gujranwala,EasyPaisa
ORD03499,CUST1424,Sara Khan,2026-01-26,Biscuits,Grocery,8,177.16,1417.28,Sialkot,EasyPaisa
ORD03500,CUST0525,Bilal Ahmed,2026-03-03,T-Shirt,Clothing,1,1982.81,1982.81,Sialkot,Cash
ORD03501,CUST1566,Ali Khan,2026-07-24,Laptop,Electronics,4,213885.59,855542.36,Faisalabad,JazzCash
ORD03502,CUST2366,Danish Ahmed,2025-03-23,Shampoo,Beauty,8,2529.69,20237.52,Lahore,Credit Card
ORD03503,CUST2135,Abdullah Raza,2025-09-20,Perfume,Beauty,2,6128.0,12256.0,Multan,Bank Transfer
ORD03504,CUST0301,Abdullah Raza,2025-11-12,Hoodie,Clothing,5,3763.66,18818.3,Karachi,Debit Card
ORD03505,CUST1261,Maryam Ahmed,2025-08-27,Biscuits,Grocery,6,232.77,1396.62,Islamabad,EasyPaisa
ORD03506,CUST1943,Omar Farooq,2026-02-23,Hoodie,Clothing,2,5188.05,10376.1,Lahore,EasyPaisa
ORD03507,CUST0033,Huzaifa Ali,2026-05-21,Vacuum Cleaner,Home & Kitchen,7,24947.82,174634.74,Faisalabad,EasyPaisa
ORD03508,CUST1557,Bilal Ahmed,2025-12-06,Lipstick,Beauty,7,3351.42,23459.94,Sialkot,Credit Card
ORD03509,CUST2153,Hassan Ali,2025-06-12,Vacuum Cleaner,Home & Kitchen,3,57266.75,171800.25,Gujranwala,Cash
ORD03510,CUST0859,Ahmed Raza,2026-01-18,Smart Watch,Electronics,4,13733.35,54933.4,Peshawar,EasyPaisa
ORD03511,CUST1987,Sara Khan,2026-03-09,Shampoo,Beauty,5,1838.57,9192.85,Quetta,EasyPaisa
ORD03512,CUST2260,Ayesha Khan,2025-11-28,Smart Watch,Electronics,5,42963.6,214818.0,Quetta,Debit Card
ORD03513,CUST0601,Usman Malik,2025-12-09,Cricket Ball,Sports,8,1649.06,13192.48,Rawalpindi,Debit Card
ORD03514,CUST1412,Zainab Ali,2025-11-27,Cricket Bat,Sports,8,4785.54,38284.32,Sialkot,Bank Transfer
ORD03515,CUST2202,Maryam Ahmed,2025-10-09,Hoodie,Clothing,8,7750.15,62001.2,Faisalabad,Cash
ORD03516,CUST1581,Hassan Ali,2026-06-24,Football,Sports,5,6087.4,30437.0,Peshawar,JazzCash
ORD03517,CUST2020,Sara Khan,2026-09-24,Blender,Home & Kitchen,2,15907.4,31814.8,Faisalabad,Debit Card
ORD03518,CUST0295,Maham Raza,2025-11-22,Jacket,Clothing,6,12583.8,75502.8,Peshawar,Debit Card
ORD03519,CUST0033,Ahmed Raza,2025-09-01,Smart Watch,Electronics,7,21132.1,147924.7,Sialkot,Credit Card
ORD03520,CUST0452,Hira Shah,2025-03-04,Vacuum Cleaner,Home & Kitchen,3,37694.26,113082.78,Rawalpindi,Cash
ORD03521,CUST0707,Fatima Ahmed,2025-06-08,Mouse,Electronics,8,6102.14,48817.12,Islamabad,Credit Card
ORD03522,CUST2459,Hassan Ali,2025-11-09,Shampoo,Beauty,4,2802.04,11208.16,Quetta,JazzCash
ORD03523,CUST0202,Usman Malik,2026-03-23,Biscuits,Grocery,5,62.2,311.0,Gujranwala,Cash
ORD03524,CUST2268,Ali Khan,2025-11-04,Blender,Home & Kitchen,4,15317.24,61268.96,Karachi,Debit Card
ORD03525,CUST1635,Hira Shah,2026-06-24,Shoes,Clothing,6,19450.52,116703.12,Quetta,Cash
ORD03526,CUST1414,Ayesha Khan,2025-01-17,Air Fryer,Home & Kitchen,7,18007.94,126055.58,Sialkot,Credit Card
ORD03527,CUST1095,Hira Shah,2026-05-12,Rice,Grocery,7,588.28,4117.96,Islamabad,JazzCash
ORD03528,CUST1225,Danish Ahmed,2026-02-09,T-Shirt,Clothing,4,3590.68,14362.72,Sialkot,Cash
ORD03529,CUST1821,Bilal Ahmed,2026-02-23,Smart Watch,Electronics,6,32634.96,195809.76,Gujranwala,Debit Card
ORD03530,CUST1315,Omar Farooq,2026-01-01,Football,Sports,2,2609.63,5219.26,Gujranwala,Credit Card
ORD03531,CUST2249,Bilal Ahmed,2025-11-24,Keyboard,Electronics,6,6719.84,40319.04,Karachi,Credit Card
ORD03532,CUST1519,Hira Shah,2026-09-14,Cooking Oil,Grocery,4,916.78,3667.12,Quetta,Bank Transfer
ORD03533,CUST1827,Huzaifa Ali,2025-01-03,Shampoo,Beauty,7,1436.86,10058.02,Sialkot,Cash
ORD03534,CUST2068,Usman Malik,2026-09-14,Tea,Grocery,2,373.97,747.94,Quetta,JazzCash
ORD03535,CUST0394,Sana Malik,2025-11-03,Air Fryer,Home & Kitchen,5,13576.0,67880.0,Sialkot,Credit Card
ORD03536,CUST2218,Hassan Ali,2025-10-10,Microwave,Home & Kitchen,7,39509.9,276569.3,Gujranwala,Bank Transfer
ORD03537,CUST1950,Fatima Ahmed,2026-08-08,Hoodie,Clothing,6,8354.68,50128.08,Quetta,JazzCash
ORD03538,CUST0151,Talha Malik,2026-08-20,Tea,Grocery,6,641.31,3847.86,Lahore,Debit Card
ORD03539,CUST1254,Ayesha Khan,2025-08-04,Air Fryer,Home & Kitchen,5,28681.54,143407.7,Peshawar,EasyPaisa
ORD03540,CUST2309,Hassan Ali,2026-02-25,Cereal,Grocery,6,941.89,5651.34,Islamabad,Bank Transfer
ORD03541,CUST1659,Ayesha Khan,2026-05-14,Mouse,Electronics,1,4992.29,4992.29,Faisalabad,Cash
ORD03542,CUST0512,Ahmed Raza,2026-04-23,Microwave,Home & Kitchen,8,29518.14,236145.12,Lahore,Cash
ORD03543,CUST0937,Sana Malik,2026-04-11,Tablet,Electronics,8,84344.9,674759.2,Sialkot,Debit Card
ORD03544,CUST1982,Bilal Ahmed,2026-07-04,T-Shirt,Clothing,5,4310.86,21554.3,Islamabad,Debit Card
ORD03545,CUST1043,Hamza Shah,2026-02-15,Coffee Maker,Home & Kitchen,6,29124.26,174745.56,Rawalpindi,Debit Card
ORD03546,CUST0391,Hira Shah,2025-11-13,Vacuum Cleaner,Home & Kitchen,8,58488.17,467905.36,Gujranwala,Debit Card
ORD03547,CUST0974,Bilal Ahmed,2025-06-05,Cricket Ball,Sports,6,1435.19,8611.14,Gujranwala,Debit Card
ORD03548,CUST2449,Sana Malik,2026-05-13,Air Fryer,Home & Kitchen,6,24711.82,148270.92,Quetta,Debit Card
ORD03549,CUST0637,Saad Khan,2025-02-15,Perfume,Beauty,7,13938.37,97568.59,Faisalabad,Bank Transfer
ORD03550,CUST0977,Omar Farooq,2025-06-21,Football,Sports,7,6548.52,45839.64,Faisalabad,JazzCash
ORD03551,CUST1641,Abdullah Raza,2025-09-15,Tablet,Electronics,2,21824.29,43648.58,Quetta,Bank Transfer
ORD03552,CUST2004,Ayesha Khan,2026-08-28,Football,Sports,8,3154.16,25233.28,Faisalabad,Cash
ORD03553,CUST2123,Omar Farooq,2025-02-12,Shampoo,Beauty,6,2669.57,16017.42,Quetta,Debit Card
ORD03554,CUST1891,Ali Khan,2025-05-06,Vacuum Cleaner,Home & Kitchen,1,49496.24,49496.24,Rawalpindi,EasyPaisa
ORD03555,CUST0128,Ahmed Raza,2025-12-23,Rice,Grocery,8,260.61,2084.88,Karachi,JazzCash
ORD03556,CUST1105,Abdullah Raza,2026-08-10,Football,Sports,8,7610.76,60886.08,Lahore,JazzCash
ORD03557,CUST1281,Zainab Ali,2026-06-26,Lipstick,Beauty,3,2952.55,8857.65,Karachi,JazzCash
ORD03558,CUST0969,Huzaifa Ali,2026-08-16,Cricket Bat,Sports,6,5416.52,32499.12,Sialkot,JazzCash
ORD03559,CUST1755,Talha Malik,2025-07-22,Sugar,Grocery,6,319.21,1915.26,Rawalpindi,Debit Card
ORD03560,CUST2004,Ahmed Raza,2025-02-16,Cricket Ball,Sports,7,1906.46,13345.22,Quetta,Credit Card
ORD03561,CUST0876,Ayesha Khan,2025-03-29,Hoodie,Clothing,5,6537.48,32687.4,Multan,Cash
ORD03562,CUST0194,Danish Ahmed,2025-07-14,Hoodie,Clothing,5,2554.76,12773.8,Quetta,Debit Card
ORD03563,CUST1660,Ayesha Khan,2026-03-19,Shoes,Clothing,4,16975.56,67902.24,Multan,JazzCash
ORD03564,CUST2131,Ali Khan,2025-10-02,Yoga Mat,Sports,2,3070.23,6140.46,Rawalpindi,Bank Transfer
ORD03565,CUST1492,Sara Khan,2025-08-22,Football,Sports,8,5817.26,46538.08,Multan,EasyPaisa
ORD03566,CUST0744,Sara Khan,2025-12-17,Shoes,Clothing,3,21135.97,63407.91,Rawalpindi,Bank Transfer
ORD03567,CUST2075,Saad Khan,2025-05-25,Biscuits,Grocery,2,286.49,572.98,Peshawar,JazzCash
ORD03568,CUST0804,Hassan Ali,2025-05-12,Perfume,Beauty,3,4048.06,12144.18,Karachi,Debit Card
ORD03569,CUST0339,Hamza Shah,2026-01-22,Cricket Bat,Sports,3,10089.97,30269.91,Sialkot,JazzCash
ORD03570,CUST1254,Hira Shah,2025-12-08,Yoga Mat,Sports,3,3838.04,11514.12,Multan,JazzCash
ORD03571,CUST0880,Hassan Ali,2026-01-17,Vacuum Cleaner,Home & Kitchen,7,43310.2,303171.4,Multan,Bank Transfer
ORD03572,CUST2134,Hamza Shah,2025-04-23,Air Fryer,Home & Kitchen,2,18587.43,37174.86,Gujranwala,Bank Transfer
ORD03573,CUST0769,Saad Khan,2026-04-06,Cricket Ball,Sports,7,670.66,4694.62,Lahore,Bank Transfer
ORD03574,CUST0887,Maryam Ahmed,2026-08-31,Microwave,Home & Kitchen,2,19854.04,39708.08,Peshawar,EasyPaisa
ORD03575,CUST0329,Fatima Ahmed,2026-05-24,Blender,Home & Kitchen,5,11981.75,59908.75,Peshawar,Bank Transfer
ORD03576,CUST2140,Ayesha Khan,2025-09-25,Jeans,Clothing,2,2681.36,5362.72,Rawalpindi,Credit Card
ORD03577,CUST0757,Maryam Ahmed,2025-04-24,Air Fryer,Home & Kitchen,2,34419.88,68839.76,Islamabad,EasyPaisa
ORD03578,CUST1973,Hira Shah,2026-06-05,Shoes,Clothing,1,3251.19,3251.19,Faisalabad,JazzCash
ORD03579,CUST1980,Sara Khan,2026-03-08,Rice,Grocery,1,652.77,652.77,Karachi,EasyPaisa
ORD03580,CUST1980,Sara Khan,2025-01-03,Shoes,Clothing,6,11298.76,67792.56,Quetta,Bank Transfer
ORD03581,CUST0604,Ahmed Raza,2026-05-26,Keyboard,Electronics,2,5868.38,11736.76,Faisalabad,EasyPaisa
ORD03582,CUST0422,Saad Khan,2025-11-03,Skin Cream,Beauty,1,2397.43,2397.43,Peshawar,EasyPaisa
ORD03583,CUST1219,Zainab Ali,2026-02-01,T-Shirt,Clothing,3,2059.52,6178.56,Peshawar,Debit Card
ORD03584,CUST0342,Hira Shah,2026-08-26,Lipstick,Beauty,2,2135.44,4270.88,Lahore,Debit Card
ORD03585,CUST1025,Abdullah Raza,2026-02-01,Cricket Bat,Sports,1,16402.97,16402.97,Lahore,EasyPaisa
ORD03586,CUST0536,Zainab Ali,2025-11-02,Running Shoes,Sports,4,17548.63,70194.52,Karachi,Bank Transfer
ORD03587,CUST0284,Maham Raza,2026-07-20,Lipstick,Beauty,2,2889.37,5778.74,Gujranwala,EasyPaisa
ORD03588,CUST1603,Maryam Ahmed,2026-08-17,Smartphone,Electronics,3,86551.44,259654.32,Lahore,JazzCash
ORD03589,CUST0275,Danish Ahmed,2025-09-10,Microwave,Home & Kitchen,6,21771.7,130630.2,Rawalpindi,Bank Transfer
ORD03590,CUST1645,Ali Khan,2025-06-25,Cereal,Grocery,6,552.4,3314.4,Islamabad,Credit Card
ORD03591,CUST2090,Maryam Ahmed,2026-07-18,Headphones,Electronics,1,18213.14,18213.14,Multan,Debit Card
ORD03592,CUST1508,Huzaifa Ali,2025-07-23,Perfume,Beauty,4,4977.38,19909.52,Rawalpindi,EasyPaisa
ORD03593,CUST1673,Maham Raza,2025-01-05,Microwave,Home & Kitchen,2,39838.17,79676.34,Quetta,Credit Card
ORD03594,CUST1546,Abdullah Raza,2025-09-17,Blender,Home & Kitchen,6,11240.23,67441.38,Rawalpindi,Bank Transfer
ORD03595,CUST1247,Ahmed Raza,2025-03-25,Cricket Ball,Sports,3,744.24,2232.72,Karachi,Credit Card
ORD03596,CUST2103,Abdullah Raza,2026-01-12,Face Wash,Beauty,6,973.5,5841.0,Quetta,EasyPaisa
ORD03597,CUST1859,Hamza Shah,2026-09-10,Perfume,Beauty,6,18805.31,112831.86,Quetta,JazzCash
ORD03598,CUST0134,Maham Raza,2025-07-16,Mouse,Electronics,1,4298.71,4298.71,Peshawar,EasyPaisa
ORD03599,CUST0531,Fatima Ahmed,2025-03-17,Rice,Grocery,5,741.29,3706.45,Peshawar,Cash
ORD03600,CUST0950,Huzaifa Ali,2026-07-08,Blender,Home & Kitchen,5,17521.29,87606.45,Sialkot,Debit Card
ORD03601,CUST2283,Maryam Ahmed,2025-04-29,Jeans,Clothing,5,5413.42,27067.1,Peshawar,JazzCash
ORD03602,CUST1589,Fatima Ahmed,2025-01-10,Cereal,Grocery,1,879.14,879.14,Rawalpindi,Debit Card
ORD03603,CUST0328,Talha Malik,2025-08-27,Vacuum Cleaner,Home & Kitchen,8,52925.62,423404.96,Rawalpindi,Cash
ORD03604,CUST1366,Talha Malik,2026-04-08,Jeans,Clothing,7,3650.81,25555.67,Faisalabad,Debit Card
ORD03605,CUST0177,Abdullah Raza,2026-07-01,Mouse,Electronics,5,802.32,4011.6,Faisalabad,Bank Transfer
ORD03606,CUST0380,Maham Raza,2026-07-09,Cereal,Grocery,2,1282.19,2564.38,Peshawar,Cash
ORD03607,CUST2435,Abdullah Raza,2026-04-11,Air Fryer,Home & Kitchen,1,15730.55,15730.55,Multan,EasyPaisa
ORD03608,CUST0431,Hamza Shah,2025-05-01,Cricket Ball,Sports,7,2105.49,14738.43,Lahore,JazzCash
ORD03609,CUST1188,Maham Raza,2026-01-06,Lipstick,Beauty,8,1872.72,14981.76,Peshawar,Debit Card
ORD03610,CUST0682,Hira Shah,2025-06-05,Cooking Oil,Grocery,8,1011.74,8093.92,Sialkot,Credit Card
ORD03611,CUST2376,Ali Khan,2025-07-28,Dinner Set,Home & Kitchen,1,9405.65,9405.65,Sialkot,EasyPaisa
ORD03612,CUST0047,Sara Khan,2026-03-03,Vacuum Cleaner,Home & Kitchen,6,32110.15,192660.9,Peshawar,Bank Transfer
ORD03613,CUST0895,Saad Khan,2025-03-11,Skin Cream,Beauty,7,1482.58,10378.06,Islamabad,JazzCash
ORD03614,CUST1869,Maryam Ahmed,2026-03-28,Lipstick,Beauty,8,618.2,4945.6,Sialkot,Debit Card
ORD03615,CUST2315,Sara Khan,2026-08-07,Rice,Grocery,4,666.28,2665.12,Islamabad,JazzCash
ORD03616,CUST0286,Usman Malik,2026-03-31,Shoes,Clothing,3,13305.59,39916.77,Lahore,JazzCash
ORD03617,CUST0768,Ahmed Raza,2025-06-26,Jacket,Clothing,7,5724.84,40073.88,Peshawar,EasyPaisa
ORD03618,CUST0789,Ayesha Khan,2025-08-26,Cricket Bat,Sports,3,9323.23,27969.69,Lahore,Credit Card
ORD03619,CUST1147,Hira Shah,2025-09-16,Hoodie,Clothing,4,6920.4,27681.6,Lahore,JazzCash
ORD03620,CUST1060,Ayesha Khan,2026-08-03,Football,Sports,7,6924.37,48470.59,Lahore,JazzCash
ORD03621,CUST1793,Huzaifa Ali,2025-12-16,Shampoo,Beauty,4,2497.66,9990.64,Peshawar,Debit Card
ORD03622,CUST1408,Ayesha Khan,2026-06-02,Hoodie,Clothing,3,4791.4,14374.2,Quetta,Bank Transfer
ORD03623,CUST2176,Huzaifa Ali,2025-09-17,Laptop,Electronics,5,211384.58,1056922.9,Multan,Debit Card
ORD03624,CUST0437,Hamza Shah,2025-09-09,Lipstick,Beauty,6,3229.55,19377.3,Sialkot,Bank Transfer
ORD03625,CUST1274,Bilal Ahmed,2025-12-25,Perfume,Beauty,6,6978.69,41872.14,Gujranwala,Cash
ORD03626,CUST0541,Maham Raza,2025-11-06,Microwave,Home & Kitchen,7,49181.65,344271.55,Multan,Cash
ORD03627,CUST2172,Maryam Ahmed,2026-07-18,Biscuits,Grocery,7,264.91,1854.37,Gujranwala,JazzCash
ORD03628,CUST0533,Hassan Ali,2026-08-28,Keyboard,Electronics,4,3394.48,13577.92,Karachi,Credit Card
ORD03629,CUST2295,Hira Shah,2025-11-30,Headphones,Electronics,2,3440.02,6880.04,Peshawar,Credit Card
ORD03630,CUST2149,Talha Malik,2026-08-03,Skin Cream,Beauty,8,3545.88,28367.04,Islamabad,EasyPaisa
ORD03631,CUST0646,Sana Malik,2025-09-15,Cooking Oil,Grocery,2,1326.37,2652.74,Sialkot,Debit Card
ORD03632,CUST2366,Hira Shah,2026-05-01,Cooking Oil,Grocery,2,1076.28,2152.56,Faisalabad,Debit Card
ORD03633,CUST2220,Huzaifa Ali,2025-07-07,Headphones,Electronics,4,2729.4,10917.6,Gujranwala,Cash
ORD03634,CUST0733,Saad Khan,2025-02-12,Rice,Grocery,2,260.66,521.32,Quetta,Debit Card
ORD03635,CUST0653,Ali Khan,2025-05-31,Vacuum Cleaner,Home & Kitchen,1,18567.96,18567.96,Karachi,Bank Transfer
ORD03636,CUST1632,Fatima Ahmed,2025-03-10,Tea,Grocery,5,567.8,2839.0,Gujranwala,JazzCash
ORD03637,CUST1103,Hira Shah,2025-02-26,Face Wash,Beauty,2,2146.37,4292.74,Peshawar,Credit Card
ORD03638,CUST1457,Hassan Ali,2025-04-11,Tea,Grocery,1,885.21,885.21,Peshawar,Bank Transfer
ORD03639,CUST0209,Ayesha Khan,2025-06-24,Yoga Mat,Sports,5,3236.58,16182.9,Peshawar,Cash
ORD03640,CUST2224,Omar Farooq,2025-10-27,Biscuits,Grocery,6,277.14,1662.84,Rawalpindi,Cash
ORD03641,CUST0975,Huzaifa Ali,2025-05-26,Shampoo,Beauty,8,2072.3,16578.4,Rawalpindi,JazzCash
ORD03642,CUST1375,Maryam Ahmed,2025-09-23,Perfume,Beauty,2,9959.28,19918.56,Sialkot,Credit Card
ORD03643,CUST2178,Zainab Ali,2025-10-02,Jeans,Clothing,2,5108.68,10217.36,Gujranwala,Bank Transfer
ORD03644,CUST1495,Ahmed Raza,2025-04-08,Smart Watch,Electronics,1,30370.71,30370.71,Karachi,EasyPaisa
ORD03645,CUST0114,Danish Ahmed,2025-05-16,Sugar,Grocery,8,302.33,2418.64,Islamabad,Debit Card
ORD03646,CUST0634,Huzaifa Ali,2026-07-30,Smart Watch,Electronics,2,10227.83,20455.66,Multan,Credit Card
ORD03647,CUST1101,Abdullah Raza,2025-01-04,Jeans,Clothing,8,7082.71,56661.68,Rawalpindi,JazzCash
ORD03648,CUST2194,Maham Raza,2025-12-18,Shampoo,Beauty,2,2066.01,4132.02,Multan,Cash
ORD03649,CUST1157,Danish Ahmed,2025-03-27,Headphones,Electronics,8,25663.74,205309.92,Islamabad,Cash
ORD03650,CUST0454,Sana Malik,2025-11-06,Tea,Grocery,8,1047.44,8379.52,Islamabad,Debit Card
ORD03651,CUST1579,Bilal Ahmed,2025-06-12,Lipstick,Beauty,7,3393.54,23754.78,Multan,EasyPaisa
ORD03652,CUST0729,Sana Malik,2025-03-13,Smart Watch,Electronics,4,42027.05,168108.2,Sialkot,JazzCash
ORD03653,CUST1967,Hassan Ali,2026-04-18,Running Shoes,Sports,7,8948.32,62638.24,Faisalabad,Debit Card
ORD03654,CUST1895,Saad Khan,2025-11-08,Jacket,Clothing,6,6765.74,40594.44,Quetta,Credit Card
ORD03655,CUST1664,Sana Malik,2025-12-12,Lipstick,Beauty,2,1766.66,3533.32,Rawalpindi,EasyPaisa
ORD03656,CUST1107,Huzaifa Ali,2025-08-20,Football,Sports,1,6926.97,6926.97,Lahore,Bank Transfer
ORD03657,CUST0126,Ahmed Raza,2025-02-21,Microwave,Home & Kitchen,7,27376.37,191634.59,Sialkot,Debit Card
ORD03658,CUST0935,Talha Malik,2026-05-10,Smart Watch,Electronics,6,7632.62,45795.72,Peshawar,Credit Card
ORD03659,CUST1500,Fatima Ahmed,2025-05-09,Microwave,Home & Kitchen,3,30976.56,92929.68,Sialkot,Credit Card
ORD03660,CUST2439,Usman Malik,2025-02-24,Smartphone,Electronics,4,88951.67,355806.68,Faisalabad,Bank Transfer
ORD03661,CUST0991,Hamza Shah,2026-04-23,Laptop,Electronics,3,192178.58,576535.74,Karachi,JazzCash
ORD03662,CUST2013,Zainab Ali,2025-09-22,Jeans,Clothing,2,5074.01,10148.02,Peshawar,EasyPaisa
ORD03663,CUST0913,Omar Farooq,2025-05-09,Laptop,Electronics,5,184144.19,920720.95,Multan,EasyPaisa
ORD03664,CUST0647,Abdullah Raza,2025-06-17,Shampoo,Beauty,5,1900.29,9501.45,Gujranwala,Bank Transfer
ORD03665,CUST1953,Usman Malik,2026-05-08,Jacket,Clothing,7,12630.4,88412.8,Multan,Credit Card
ORD03666,CUST0670,Sana Malik,2026-03-18,Perfume,Beauty,3,16318.77,48956.31,Quetta,Bank Transfer
ORD03667,CUST0587,Danish Ahmed,2025-07-27,Shoes,Clothing,1,10137.84,10137.84,Sialkot,Cash
ORD03668,CUST1232,Maryam Ahmed,2026-03-19,Perfume,Beauty,1,14805.49,14805.49,Peshawar,Cash
ORD03669,CUST2003,Ayesha Khan,2026-05-31,Cricket Ball,Sports,8,1102.21,8817.68,Multan,Debit Card
ORD03670,CUST1019,Hamza Shah,2025-06-30,Vacuum Cleaner,Home & Kitchen,5,57225.32,286126.6,Peshawar,EasyPaisa
ORD03671,CUST1815,Maham Raza,2026-03-20,Biscuits,Grocery,1,85.9,85.9,Faisalabad,EasyPaisa
ORD03672,CUST1640,Abdullah Raza,2026-08-12,Hoodie,Clothing,4,3973.4,15893.6,Lahore,Debit Card
ORD03673,CUST0715,Saad Khan,2025-12-22,Microwave,Home & Kitchen,3,41658.94,124976.82,Quetta,EasyPaisa
ORD03674,CUST2093,Hamza Shah,2025-09-12,Cricket Bat,Sports,4,10356.23,41424.92,Rawalpindi,Credit Card
ORD03675,CUST0853,Ahmed Raza,2025-09-12,Headphones,Electronics,6,8892.19,53353.14,Islamabad,Credit Card
ORD03676,CUST1201,Talha Malik,2025-06-06,Tea,Grocery,3,391.32,1173.96,Faisalabad,Cash
ORD03677,CUST0645,Ahmed Raza,2026-04-15,Yoga Mat,Sports,4,3693.67,14774.68,Rawalpindi,Credit Card
ORD03678,CUST0198,Bilal Ahmed,2026-02-14,Blender,Home & Kitchen,2,9214.56,18429.12,Rawalpindi,Credit Card
ORD03679,CUST1498,Maham Raza,2025-04-02,Blender,Home & Kitchen,8,15645.1,125160.8,Multan,EasyPaisa
ORD03680,CUST1120,Bilal Ahmed,2025-02-23,Rice,Grocery,5,692.18,3460.9,Islamabad,Bank Transfer
ORD03681,CUST0292,Usman Malik,2025-11-09,Cricket Ball,Sports,7,2392.61,16748.27,Sialkot,EasyPaisa
ORD03682,CUST1314,Ayesha Khan,2025-05-15,Jacket,Clothing,2,15382.17,30764.34,Gujranwala,Cash
ORD03683,CUST1415,Ali Khan,2025-09-13,Biscuits,Grocery,2,68.84,137.68,Multan,Bank Transfer
ORD03684,CUST1041,Usman Malik,2026-09-18,Cricket Bat,Sports,5,19042.97,95214.85,Sialkot,Bank Transfer
ORD03685,CUST1467,Talha Malik,2025-11-18,Rice,Grocery,8,433.25,3466.0,Karachi,JazzCash
ORD03686,CUST1678,Ayesha Khan,2025-10-12,Cooking Oil,Grocery,3,673.68,2021.04,Lahore,JazzCash
ORD03687,CUST1494,Sara Khan,2026-07-04,Keyboard,Electronics,2,5810.43,11620.86,Rawalpindi,Debit Card
ORD03688,CUST1786,Usman Malik,2026-04-15,T-Shirt,Clothing,1,4521.2,4521.2,Multan,Cash
ORD03689,CUST1469,Sara Khan,2026-05-28,Microwave,Home & Kitchen,7,19751.52,138260.64,Sialkot,JazzCash
ORD03690,CUST0099,Saad Khan,2026-03-09,Rice,Grocery,4,418.34,1673.36,Lahore,Bank Transfer
ORD03691,CUST1711,Hamza Shah,2025-10-19,Perfume,Beauty,2,4412.83,8825.66,Lahore,Bank Transfer
ORD03692,CUST2433,Omar Farooq,2026-07-05,Hoodie,Clothing,2,3616.0,7232.0,Lahore,Debit Card
ORD03693,CUST2143,Hamza Shah,2026-07-23,Cereal,Grocery,4,526.04,2104.16,Peshawar,EasyPaisa
ORD03694,CUST2161,Maham Raza,2025-04-01,Cereal,Grocery,6,989.22,5935.32,Peshawar,EasyPaisa
ORD03695,CUST1640,Huzaifa Ali,2025-12-09,Tablet,Electronics,7,82771.05,579397.35,Gujranwala,Credit Card
ORD03696,CUST1963,Bilal Ahmed,2025-01-13,Sugar,Grocery,1,194.02,194.02,Quetta,Credit Card
ORD03697,CUST1833,Bilal Ahmed,2025-10-25,Keyboard,Electronics,2,8202.34,16404.68,Rawalpindi,JazzCash
ORD03698,CUST2113,Ayesha Khan,2026-04-23,Jacket,Clothing,1,9879.65,9879.65,Lahore,EasyPaisa
ORD03699,CUST2452,Abdullah Raza,2026-06-17,T-Shirt,Clothing,8,4120.86,32966.88,Sialkot,Debit Card
ORD03700,CUST2248,Omar Farooq,2026-09-15,Keyboard,Electronics,5,4180.68,20903.4,Peshawar,JazzCash
ORD03701,CUST0145,Sara Khan,2026-08-01,Tablet,Electronics,5,58752.82,293764.1,Peshawar,EasyPaisa
ORD03702,CUST1383,Talha Malik,2026-07-29,Lipstick,Beauty,2,2073.04,4146.08,Karachi,Cash
ORD03703,CUST2489,Maham Raza,2025-12-26,Tea,Grocery,1,618.89,618.89,Peshawar,Credit Card
ORD03704,CUST0200,Maryam Ahmed,2026-05-31,Microwave,Home & Kitchen,2,47636.11,95272.22,Rawalpindi,EasyPaisa
ORD03705,CUST2168,Maham Raza,2025-12-24,T-Shirt,Clothing,3,3935.08,11805.24,Peshawar,Debit Card
ORD03706,CUST0992,Ali Khan,2026-05-09,Jeans,Clothing,8,7508.45,60067.6,Rawalpindi,Cash
ORD03707,CUST2425,Hassan Ali,2025-04-21,Sugar,Grocery,8,321.88,2575.04,Peshawar,Cash
ORD03708,CUST0424,Bilal Ahmed,2025-01-13,Air Fryer,Home & Kitchen,3,24592.64,73777.92,Faisalabad,Bank Transfer
ORD03709,CUST1316,Ali Khan,2025-12-12,Smartphone,Electronics,5,172860.13,864300.65,Lahore,Debit Card
ORD03710,CUST2401,Huzaifa Ali,2026-08-01,Dinner Set,Home & Kitchen,1,19880.84,19880.84,Rawalpindi,EasyPaisa
ORD03711,CUST2089,Talha Malik,2026-06-17,Sugar,Grocery,4,307.77,1231.08,Islamabad,Debit Card
ORD03712,CUST1156,Ayesha Khan,2025-07-27,Rice,Grocery,1,465.45,465.45,Gujranwala,Credit Card
ORD03713,CUST0916,Zainab Ali,2025-10-26,Football,Sports,2,1678.73,3357.46,Islamabad,EasyPaisa
ORD03714,CUST1139,Hamza Shah,2026-05-19,Dinner Set,Home & Kitchen,1,18989.41,18989.41,Quetta,EasyPaisa
ORD03715,CUST1588,Bilal Ahmed,2026-02-28,Lipstick,Beauty,5,1599.32,7996.6,Gujranwala,EasyPaisa
ORD03716,CUST2481,Hira Shah,2026-06-19,Cereal,Grocery,2,614.12,1228.24,Islamabad,Credit Card
ORD03717,CUST0229,Ali Khan,2026-02-18,Microwave,Home & Kitchen,6,32474.93,194849.58,Islamabad,Credit Card
ORD03718,CUST1525,Hira Shah,2025-02-09,T-Shirt,Clothing,5,1692.63,8463.15,Quetta,JazzCash
ORD03719,CUST2310,Ahmed Raza,2026-06-16,Smartphone,Electronics,6,80710.99,484265.94,Faisalabad,Cash
ORD03720,CUST0285,Sara Khan,2025-12-11,Face Wash,Beauty,1,2430.51,2430.51,Peshawar,JazzCash
ORD03721,CUST0891,Abdullah Raza,2025-07-04,Keyboard,Electronics,2,7193.78,14387.56,Islamabad,JazzCash
ORD03722,CUST0138,Abdullah Raza,2026-05-13,Skin Cream,Beauty,5,1963.83,9819.15,Gujranwala,JazzCash
ORD03723,CUST1602,Danish Ahmed,2026-05-01,Shoes,Clothing,3,4823.75,14471.25,Multan,EasyPaisa
ORD03724,CUST0656,Fatima Ahmed,2025-05-29,Air Fryer,Home & Kitchen,1,18967.41,18967.41,Gujranwala,Credit Card
ORD03725,CUST0289,Ayesha Khan,2025-07-15,Dinner Set,Home & Kitchen,7,12707.52,88952.64,Quetta,Credit Card
ORD03726,CUST0302,Hamza Shah,2025-08-20,Rice,Grocery,1,415.11,415.11,Gujranwala,Cash
ORD03727,CUST0499,Fatima Ahmed,2026-08-25,Cricket Bat,Sports,7,11365.7,79559.9,Karachi,EasyPaisa
ORD03728,CUST0101,Fatima Ahmed,2025-03-29,Hoodie,Clothing,7,5565.73,38960.11,Quetta,Cash
ORD03729,CUST2377,Danish Ahmed,2025-04-15,Skin Cream,Beauty,2,4283.24,8566.48,Islamabad,Bank Transfer
ORD03730,CUST1992,Sara Khan,2025-11-08,Coffee Maker,Home & Kitchen,3,28997.5,86992.5,Gujranwala,EasyPaisa
ORD03731,CUST1073,Usman Malik,2025-08-14,Cricket Bat,Sports,1,9368.25,9368.25,Faisalabad,Cash
ORD03732,CUST0425,Sana Malik,2026-07-30,T-Shirt,Clothing,2,3159.54,6319.08,Lahore,Debit Card
ORD03733,CUST0475,Maryam Ahmed,2025-11-19,Keyboard,Electronics,3,8890.65,26671.95,Sialkot,Bank Transfer
ORD03734,CUST1480,Sara Khan,2026-05-30,Tablet,Electronics,1,51181.91,51181.91,Lahore,EasyPaisa
ORD03735,CUST0410,Sana Malik,2026-04-10,Cricket Ball,Sports,7,2084.77,14593.39,Gujranwala,JazzCash
ORD03736,CUST1076,Maham Raza,2025-04-18,Face Wash,Beauty,4,673.02,2692.08,Peshawar,Debit Card
ORD03737,CUST1344,Talha Malik,2026-04-14,Coffee Maker,Home & Kitchen,3,9878.3,29634.9,Sialkot,Debit Card
ORD03738,CUST0880,Maryam Ahmed,2025-08-16,Headphones,Electronics,1,22455.21,22455.21,Faisalabad,Debit Card
ORD03739,CUST2476,Ayesha Khan,2025-01-04,Skin Cream,Beauty,8,3337.78,26702.24,Rawalpindi,EasyPaisa
ORD03740,CUST0762,Hira Shah,2025-04-02,Keyboard,Electronics,5,3901.97,19509.85,Faisalabad,Cash
ORD03741,CUST1748,Maryam Ahmed,2025-06-21,Mouse,Electronics,4,3574.22,14296.88,Multan,Credit Card
ORD03742,CUST2003,Hira Shah,2025-12-23,Keyboard,Electronics,1,8281.99,8281.99,Rawalpindi,Cash
ORD03743,CUST1210,Sara Khan,2025-12-07,Football,Sports,7,2027.89,14195.23,Karachi,Credit Card
ORD03744,CUST0088,Ahmed Raza,2025-10-23,Microwave,Home & Kitchen,7,30677.27,214740.89,Faisalabad,JazzCash
ORD03745,CUST1551,Abdullah Raza,2026-07-29,Dinner Set,Home & Kitchen,5,10400.09,52000.45,Gujranwala,EasyPaisa
ORD03746,CUST0050,Ayesha Khan,2026-04-24,Dinner Set,Home & Kitchen,2,8037.21,16074.42,Peshawar,Cash
ORD03747,CUST0017,Usman Malik,2026-04-25,Laptop,Electronics,8,235843.57,1886748.56,Quetta,JazzCash
ORD03748,CUST0809,Omar Farooq,2026-09-02,Shoes,Clothing,5,9890.37,49451.85,Lahore,JazzCash
ORD03749,CUST0437,Abdullah Raza,2026-03-29,Perfume,Beauty,2,4436.34,8872.68,Peshawar,Cash
ORD03750,CUST1098,Sana Malik,2025-04-06,Tablet,Electronics,3,81608.74,244826.22,Faisalabad,Cash
ORD03751,CUST1145,Ayesha Khan,2026-04-04,Air Fryer,Home & Kitchen,7,31531.79,220722.53,Rawalpindi,Credit Card
ORD03752,CUST1533,Hassan Ali,2025-12-17,Yoga Mat,Sports,7,2515.19,17606.33,Rawalpindi,EasyPaisa
ORD03753,CUST0960,Maham Raza,2025-08-05,Headphones,Electronics,1,23844.26,23844.26,Rawalpindi,Cash
ORD03754,CUST1656,Maham Raza,2026-01-29,Tablet,Electronics,3,81718.88,245156.64,Rawalpindi,Bank Transfer
ORD03755,CUST0965,Hamza Shah,2026-04-13,Cereal,Grocery,8,522.83,4182.64,Quetta,Credit Card
ORD03756,CUST2075,Talha Malik,2025-10-07,Shampoo,Beauty,3,2813.71,8441.13,Islamabad,Credit Card
ORD03757,CUST0998,Danish Ahmed,2025-12-04,Yoga Mat,Sports,7,5113.42,35793.94,Islamabad,JazzCash
ORD03758,CUST0321,Ayesha Khan,2025-09-25,Running Shoes,Sports,2,15621.57,31243.14,Faisalabad,EasyPaisa
ORD03759,CUST1600,Maryam Ahmed,2026-09-16,T-Shirt,Clothing,8,4599.28,36794.24,Lahore,JazzCash
ORD03760,CUST0938,Zainab Ali,2026-05-05,Tablet,Electronics,2,56383.75,112767.5,Quetta,EasyPaisa
ORD03761,CUST0559,Zainab Ali,2026-02-02,T-Shirt,Clothing,2,4547.18,9094.36,Lahore,JazzCash
ORD03762,CUST1078,Hira Shah,2026-01-15,Yoga Mat,Sports,4,3786.46,15145.84,Faisalabad,JazzCash
ORD03763,CUST0417,Sana Malik,2025-01-16,Hoodie,Clothing,8,6513.36,52106.88,Multan,Debit Card
ORD03764,CUST0973,Fatima Ahmed,2026-09-06,Rice,Grocery,4,715.83,2863.32,Islamabad,JazzCash
ORD03765,CUST2389,Bilal Ahmed,2026-02-12,Football,Sports,7,6207.94,43455.58,Multan,Debit Card
ORD03766,CUST0098,Danish Ahmed,2025-12-04,Hoodie,Clothing,1,8753.13,8753.13,Islamabad,JazzCash
ORD03767,CUST0227,Usman Malik,2025-04-24,Laptop,Electronics,2,78623.88,157247.76,Multan,JazzCash
ORD03768,CUST2302,Fatima Ahmed,2025-07-17,Headphones,Electronics,8,4436.36,35490.88,Faisalabad,Bank Transfer
ORD03769,CUST0005,Ahmed Raza,2025-08-25,Skin Cream,Beauty,2,1052.17,2104.34,Gujranwala,EasyPaisa
ORD03770,CUST2347,Danish Ahmed,2026-01-20,Jeans,Clothing,5,5950.56,29752.8,Lahore,Bank Transfer
ORD03771,CUST0806,Omar Farooq,2025-05-11,Yoga Mat,Sports,8,5263.49,42107.92,Karachi,Cash
ORD03772,CUST1910,Ayesha Khan,2026-05-21,Vacuum Cleaner,Home & Kitchen,2,26807.97,53615.94,Peshawar,Debit Card
ORD03773,CUST0295,Saad Khan,2025-05-10,Vacuum Cleaner,Home & Kitchen,3,33854.59,101563.77,Gujranwala,Credit Card
ORD03774,CUST1629,Sana Malik,2026-06-23,T-Shirt,Clothing,2,2760.51,5521.02,Karachi,JazzCash
ORD03775,CUST0638,Omar Farooq,2025-01-30,Rice,Grocery,4,600.94,2403.76,Peshawar,Debit Card
ORD03776,CUST2076,Omar Farooq,2026-03-10,Keyboard,Electronics,4,8091.81,32367.24,Multan,Bank Transfer
ORD03777,CUST1122,Ali Khan,2026-03-21,Skin Cream,Beauty,8,984.31,7874.48,Rawalpindi,Credit Card
ORD03778,CUST1407,Bilal Ahmed,2025-07-03,Hoodie,Clothing,4,7498.19,29992.76,Gujranwala,Credit Card
ORD03779,CUST1559,Danish Ahmed,2025-06-29,Running Shoes,Sports,2,20905.91,41811.82,Rawalpindi,JazzCash
ORD03780,CUST0764,Zainab Ali,2025-06-19,Shampoo,Beauty,6,2354.54,14127.24,Islamabad,EasyPaisa
ORD03781,CUST1759,Huzaifa Ali,2025-09-12,Tea,Grocery,5,532.32,2661.6,Peshawar,EasyPaisa
ORD03782,CUST1267,Ayesha Khan,2025-03-18,Mouse,Electronics,2,7798.36,15596.72,Rawalpindi,Cash
ORD03783,CUST2302,Talha Malik,2025-11-25,Tea,Grocery,1,321.88,321.88,Quetta,Cash
ORD03784,CUST0684,Talha Malik,2026-02-02,Air Fryer,Home & Kitchen,1,28157.05,28157.05,Gujranwala,JazzCash
ORD03785,CUST0402,Bilal Ahmed,2026-08-14,Perfume,Beauty,6,5505.28,33031.68,Lahore,Bank Transfer
ORD03786,CUST0690,Hamza Shah,2026-04-25,Cricket Ball,Sports,4,2409.06,9636.24,Peshawar,Credit Card
ORD03787,CUST0598,Omar Farooq,2025-08-10,Running Shoes,Sports,1,12300.67,12300.67,Multan,EasyPaisa
ORD03788,CUST1309,Maham Raza,2025-06-29,Blender,Home & Kitchen,1,11957.44,11957.44,Sialkot,EasyPaisa
ORD03789,CUST2340,Omar Farooq,2026-04-12,Lipstick,Beauty,4,2139.42,8557.68,Sialkot,Debit Card
ORD03790,CUST2312,Bilal Ahmed,2025-03-11,Biscuits,Grocery,6,128.96,773.76,Faisalabad,Bank Transfer
ORD03791,CUST1964,Omar Farooq,2025-03-07,Tea,Grocery,2,913.97,1827.94,Peshawar,JazzCash
ORD03792,CUST1455,Hira Shah,2025-06-01,Smartphone,Electronics,7,135125.02,945875.14,Quetta,JazzCash
ORD03793,CUST0841,Omar Farooq,2025-06-14,Laptop,Electronics,5,98856.28,494281.4,Lahore,Cash
ORD03794,CUST2082,Bilal Ahmed,2025-02-02,Perfume,Beauty,4,8826.14,35304.56,Sialkot,Credit Card
ORD03795,CUST1911,Ayesha Khan,2026-06-08,Cricket Ball,Sports,3,2488.45,7465.35,Islamabad,Cash
ORD03796,CUST0704,Maryam Ahmed,2025-03-27,Headphones,Electronics,4,21281.18,85124.72,Rawalpindi,Bank Transfer
ORD03797,CUST1430,Bilal Ahmed,2026-07-12,Tea,Grocery,5,986.25,4931.25,Islamabad,Cash
ORD03798,CUST2255,Sana Malik,2025-01-24,Cooking Oil,Grocery,8,506.58,4052.64,Islamabad,EasyPaisa
ORD03799,CUST0657,Talha Malik,2026-03-24,Tea,Grocery,2,1046.64,2093.28,Sialkot,Bank Transfer
ORD03800,CUST0644,Danish Ahmed,2025-03-09,Cooking Oil,Grocery,6,1129.23,6775.38,Multan,Debit Card
ORD03801,CUST1489,Usman Malik,2025-01-19,Blender,Home & Kitchen,1,13897.61,13897.61,Lahore,EasyPaisa
ORD03802,CUST0528,Sara Khan,2025-05-12,Smart Watch,Electronics,5,17142.98,85714.9,Islamabad,Credit Card
ORD03803,CUST1851,Bilal Ahmed,2025-01-11,Football,Sports,7,1583.62,11085.34,Islamabad,Credit Card
ORD03804,CUST0780,Fatima Ahmed,2025-01-03,Blender,Home & Kitchen,4,6996.03,27984.12,Islamabad,Bank Transfer
ORD03805,CUST2353,Hamza Shah,2025-07-29,Microwave,Home & Kitchen,6,49864.47,299186.82,Peshawar,EasyPaisa
ORD03806,CUST1624,Ayesha Khan,2026-03-02,Hoodie,Clothing,2,2726.02,5452.04,Karachi,JazzCash
ORD03807,CUST0038,Ayesha Khan,2025-11-09,Biscuits,Grocery,8,146.38,1171.04,Rawalpindi,Cash
ORD03808,CUST0078,Hira Shah,2025-03-07,Air Fryer,Home & Kitchen,5,18404.31,92021.55,Karachi,JazzCash
ORD03809,CUST2239,Sana Malik,2025-02-01,Tea,Grocery,1,822.26,822.26,Faisalabad,Bank Transfer
ORD03810,CUST2007,Sara Khan,2025-04-08,Dinner Set,Home & Kitchen,6,4439.51,26637.06,Faisalabad,Credit Card
ORD03811,CUST0015,Abdullah Raza,2026-06-13,Lipstick,Beauty,3,3405.47,10216.41,Islamabad,Debit Card
ORD03812,CUST2498,Sara Khan,2025-01-19,Laptop,Electronics,6,134559.66,807357.96,Sialkot,EasyPaisa
ORD03813,CUST1352,Hassan Ali,2025-05-06,Running Shoes,Sports,4,6073.03,24292.12,Multan,Debit Card
ORD03814,CUST0197,Zainab Ali,2026-07-20,Jeans,Clothing,3,7026.04,21078.12,Gujranwala,EasyPaisa
ORD03815,CUST1433,Fatima Ahmed,2025-08-29,Shoes,Clothing,5,17254.28,86271.4,Lahore,Bank Transfer
ORD03816,CUST1393,Omar Farooq,2025-06-28,Cricket Ball,Sports,7,1493.89,10457.23,Sialkot,Debit Card
ORD03817,CUST0652,Zainab Ali,2025-12-04,Mouse,Electronics,2,1566.85,3133.7,Multan,EasyPaisa
ORD03818,CUST2226,Huzaifa Ali,2026-04-02,Running Shoes,Sports,8,21531.3,172250.4,Gujranwala,Credit Card
ORD03819,CUST2178,Abdullah Raza,2025-10-10,Rice,Grocery,8,371.58,2972.64,Lahore,Credit Card
ORD03820,CUST2079,Ali Khan,2026-07-01,Tablet,Electronics,6,110847.6,665085.6,Sialkot,JazzCash
ORD03821,CUST0538,Hassan Ali,2025-11-13,Mouse,Electronics,2,4713.69,9427.38,Sialkot,Credit Card
ORD03822,CUST2443,Hassan Ali,2026-01-09,Vacuum Cleaner,Home & Kitchen,5,29781.46,148907.3,Lahore,Debit Card
ORD03823,CUST1823,Talha Malik,2025-11-25,Cricket Ball,Sports,8,1627.06,13016.48,Sialkot,EasyPaisa
ORD03824,CUST2246,Ayesha Khan,2026-08-30,Laptop,Electronics,8,192511.5,1540092.0,Lahore,Bank Transfer
ORD03825,CUST1025,Zainab Ali,2026-03-29,Air Fryer,Home & Kitchen,3,22757.93,68273.79,Karachi,Cash
ORD03826,CUST2337,Maryam Ahmed,2026-06-28,Rice,Grocery,6,552.22,3313.32,Lahore,Cash
ORD03827,CUST0477,Omar Farooq,2025-07-05,Vacuum Cleaner,Home & Kitchen,3,56776.49,170329.47,Rawalpindi,JazzCash
ORD03828,CUST0032,Saad Khan,2025-03-04,Yoga Mat,Sports,7,3975.56,27828.92,Rawalpindi,Debit Card
ORD03829,CUST2080,Abdullah Raza,2025-05-14,Sugar,Grocery,2,320.19,640.38,Gujranwala,EasyPaisa
ORD03830,CUST1600,Hamza Shah,2025-10-15,Face Wash,Beauty,8,517.58,4140.64,Karachi,Bank Transfer
ORD03831,CUST2435,Bilal Ahmed,2026-08-15,Hoodie,Clothing,8,7032.23,56257.84,Quetta,Cash
ORD03832,CUST0866,Saad Khan,2025-08-14,Cricket Ball,Sports,1,1891.86,1891.86,Quetta,Bank Transfer
ORD03833,CUST1498,Huzaifa Ali,2026-06-10,Skin Cream,Beauty,3,3609.49,10828.47,Sialkot,EasyPaisa
ORD03834,CUST2357,Maryam Ahmed,2025-08-29,Biscuits,Grocery,5,212.99,1064.95,Peshawar,Bank Transfer
ORD03835,CUST1927,Ayesha Khan,2025-01-05,T-Shirt,Clothing,1,3904.7,3904.7,Quetta,EasyPaisa
ORD03836,CUST1281,Maryam Ahmed,2025-10-11,Dinner Set,Home & Kitchen,5,13318.28,66591.4,Faisalabad,Debit Card
ORD03837,CUST1651,Abdullah Raza,2026-04-08,Blender,Home & Kitchen,1,16049.99,16049.99,Islamabad,Bank Transfer
ORD03838,CUST0952,Sana Malik,2025-10-19,Cooking Oil,Grocery,6,885.6,5313.6,Quetta,Debit Card
ORD03839,CUST1022,Zainab Ali,2025-09-23,Perfume,Beauty,1,14563.96,14563.96,Sialkot,Bank Transfer
ORD03840,CUST0222,Maryam Ahmed,2026-08-05,Face Wash,Beauty,6,2802.25,16813.5,Sialkot,Bank Transfer
ORD03841,CUST2079,Ayesha Khan,2026-04-07,Lipstick,Beauty,6,1773.56,10641.36,Quetta,Debit Card
ORD03842,CUST1954,Saad Khan,2026-01-23,Cereal,Grocery,2,1484.84,2969.68,Faisalabad,Credit Card
ORD03843,CUST1814,Hamza Shah,2025-02-28,Vacuum Cleaner,Home & Kitchen,4,16752.44,67009.76,Quetta,JazzCash
ORD03844,CUST0105,Ali Khan,2025-11-20,Rice,Grocery,4,734.09,2936.36,Quetta,EasyPaisa
ORD03845,CUST0782,Omar Farooq,2025-06-02,Face Wash,Beauty,3,1469.76,4409.28,Gujranwala,Debit Card
ORD03846,CUST2383,Abdullah Raza,2026-02-23,Blender,Home & Kitchen,4,8071.85,32287.4,Sialkot,Debit Card
ORD03847,CUST0919,Usman Malik,2025-07-11,Hoodie,Clothing,1,4997.73,4997.73,Islamabad,Bank Transfer
ORD03848,CUST1285,Zainab Ali,2025-09-01,Tea,Grocery,8,476.01,3808.08,Karachi,Debit Card
ORD03849,CUST0573,Bilal Ahmed,2025-07-12,Lipstick,Beauty,1,1045.56,1045.56,Rawalpindi,Debit Card
ORD03850,CUST1351,Ahmed Raza,2026-09-20,Sugar,Grocery,7,168.71,1180.97,Sialkot,Credit Card
ORD03851,CUST0172,Bilal Ahmed,2026-04-08,Cricket Ball,Sports,6,1127.93,6767.58,Lahore,Cash
ORD03852,CUST1713,Sana Malik,2025-07-19,Rice,Grocery,2,508.64,1017.28,Faisalabad,Debit Card
ORD03853,CUST0656,Hamza Shah,2025-04-24,Shampoo,Beauty,7,2918.03,20426.21,Gujranwala,EasyPaisa
ORD03854,CUST0059,Sara Khan,2026-05-05,Hoodie,Clothing,3,3199.33,9597.99,Multan,Cash
ORD03855,CUST0613,Huzaifa Ali,2025-06-22,Cereal,Grocery,3,845.74,2537.22,Rawalpindi,Bank Transfer
ORD03856,CUST1718,Huzaifa Ali,2025-10-18,Football,Sports,5,3870.41,19352.05,Multan,Credit Card
ORD03857,CUST1327,Zainab Ali,2026-01-14,Football,Sports,6,7589.26,45535.56,Sialkot,Debit Card
ORD03858,CUST1756,Ali Khan,2025-12-07,Smartphone,Electronics,4,175276.42,701105.68,Quetta,JazzCash
ORD03859,CUST0951,Bilal Ahmed,2025-08-10,Biscuits,Grocery,5,201.43,1007.15,Quetta,JazzCash
ORD03860,CUST1684,Ahmed Raza,2025-09-27,Hoodie,Clothing,1,7923.81,7923.81,Lahore,EasyPaisa
ORD03861,CUST1738,Abdullah Raza,2025-05-26,Jeans,Clothing,7,5102.0,35714.0,Lahore,Credit Card
ORD03862,CUST1382,Ali Khan,2026-01-19,Cricket Bat,Sports,8,6292.67,50341.36,Peshawar,Cash
ORD03863,CUST0275,Zainab Ali,2025-01-25,Biscuits,Grocery,8,59.28,474.24,Karachi,Credit Card
ORD03864,CUST1268,Danish Ahmed,2025-09-16,Laptop,Electronics,4,107297.15,429188.6,Lahore,JazzCash
ORD03865,CUST1567,Hassan Ali,2025-04-28,Biscuits,Grocery,3,168.91,506.73,Karachi,EasyPaisa
ORD03866,CUST0298,Danish Ahmed,2026-08-26,Cricket Bat,Sports,4,18089.08,72356.32,Islamabad,EasyPaisa
ORD03867,CUST1382,Ayesha Khan,2025-01-03,Cereal,Grocery,2,1070.34,2140.68,Lahore,JazzCash
ORD03868,CUST0228,Huzaifa Ali,2025-02-13,Smartphone,Electronics,7,51867.13,363069.91,Islamabad,Credit Card
ORD03869,CUST0745,Maryam Ahmed,2025-10-14,Face Wash,Beauty,8,2130.92,17047.36,Lahore,Debit Card
ORD03870,CUST2194,Maryam Ahmed,2026-07-09,Dinner Set,Home & Kitchen,8,12954.56,103636.48,Islamabad,EasyPaisa
ORD03871,CUST2124,Ali Khan,2025-06-12,T-Shirt,Clothing,3,2720.87,8162.61,Karachi,Credit Card
ORD03872,CUST1704,Sara Khan,2025-09-22,Biscuits,Grocery,5,188.35,941.75,Multan,EasyPaisa
ORD03873,CUST1673,Ali Khan,2026-05-18,Shampoo,Beauty,5,998.33,4991.65,Sialkot,JazzCash
ORD03874,CUST0638,Fatima Ahmed,2026-03-27,Football,Sports,5,5703.76,28518.8,Multan,Credit Card
ORD03875,CUST1923,Talha Malik,2025-09-14,Coffee Maker,Home & Kitchen,8,12002.94,96023.52,Gujranwala,EasyPaisa
ORD03876,CUST1303,Talha Malik,2026-03-03,Blender,Home & Kitchen,5,10739.74,53698.7,Quetta,JazzCash
ORD03877,CUST2236,Sana Malik,2025-06-06,Headphones,Electronics,8,4876.29,39010.32,Islamabad,JazzCash
ORD03878,CUST0601,Hira Shah,2026-06-09,Perfume,Beauty,3,16422.39,49267.17,Karachi,Bank Transfer
ORD03879,CUST0006,Zainab Ali,2025-01-28,Running Shoes,Sports,8,9400.31,75202.48,Rawalpindi,JazzCash
ORD03880,CUST1371,Hira Shah,2025-02-04,Keyboard,Electronics,7,6917.43,48422.01,Peshawar,EasyPaisa
ORD03881,CUST1549,Sana Malik,2026-02-16,Perfume,Beauty,2,16410.72,32821.44,Quetta,EasyPaisa
ORD03882,CUST2146,Omar Farooq,2026-08-20,Vacuum Cleaner,Home & Kitchen,8,17884.68,143077.44,Karachi,Credit Card
ORD03883,CUST1529,Fatima Ahmed,2025-09-01,Microwave,Home & Kitchen,6,35812.62,214875.72,Karachi,JazzCash
ORD03884,CUST2279,Fatima Ahmed,2026-09-24,Laptop,Electronics,2,173824.16,347648.32,Gujranwala,Cash
ORD03885,CUST0005,Saad Khan,2026-04-28,Lipstick,Beauty,2,509.67,1019.34,Peshawar,JazzCash
ORD03886,CUST0424,Ahmed Raza,2026-04-24,Tablet,Electronics,8,37055.0,296440.0,Quetta,Debit Card
ORD03887,CUST2372,Maham Raza,2026-07-16,Tablet,Electronics,7,42608.89,298262.23,Quetta,EasyPaisa
ORD03888,CUST0341,Ahmed Raza,2026-02-27,Sugar,Grocery,5,324.85,1624.25,Multan,Cash
ORD03889,CUST1921,Ahmed Raza,2025-02-22,Laptop,Electronics,1,236747.12,236747.12,Karachi,JazzCash
ORD03890,CUST1525,Ahmed Raza,2025-01-13,Shampoo,Beauty,3,681.42,2044.26,Islamabad,Debit Card
ORD03891,CUST0720,Ahmed Raza,2025-08-24,Cricket Ball,Sports,3,1630.69,4892.07,Karachi,Cash
ORD03892,CUST2471,Talha Malik,2026-01-09,Cricket Bat,Sports,8,16642.29,133138.32,Faisalabad,Bank Transfer
ORD03893,CUST2455,Sara Khan,2025-08-24,Cereal,Grocery,6,1162.1,6972.6,Multan,EasyPaisa
ORD03894,CUST1420,Bilal Ahmed,2025-06-21,Running Shoes,Sports,5,19711.49,98557.45,Peshawar,Bank Transfer
ORD03895,CUST0231,Sana Malik,2025-06-19,Yoga Mat,Sports,5,4817.76,24088.8,Karachi,JazzCash
ORD03896,CUST1195,Ahmed Raza,2026-03-28,Blender,Home & Kitchen,4,9539.88,38159.52,Multan,Cash
ORD03897,CUST1736,Hira Shah,2026-03-31,Jeans,Clothing,4,5480.81,21923.24,Sialkot,Bank Transfer
ORD03898,CUST0020,Saad Khan,2026-01-21,Lipstick,Beauty,2,1827.62,3655.24,Multan,Debit Card
ORD03899,CUST2453,Ahmed Raza,2025-11-05,Rice,Grocery,8,694.58,5556.64,Multan,EasyPaisa
ORD03900,CUST1118,Abdullah Raza,2025-10-09,Dinner Set,Home & Kitchen,2,15577.4,31154.8,Sialkot,Cash
ORD03901,CUST1642,Hassan Ali,2026-05-31,Perfume,Beauty,6,6200.18,37201.08,Faisalabad,Bank Transfer
ORD03902,CUST1355,Ali Khan,2025-09-29,Keyboard,Electronics,5,5232.59,26162.95,Sialkot,EasyPaisa
ORD03903,CUST1532,Ayesha Khan,2025-09-22,Skin Cream,Beauty,3,2577.94,7733.82,Multan,Credit Card
ORD03904,CUST0371,Ahmed Raza,2025-04-30,Cereal,Grocery,2,1050.28,2100.56,Gujranwala,Debit Card
ORD03905,CUST1738,Saad Khan,2026-02-25,Football,Sports,5,7754.04,38770.2,Sialkot,EasyPaisa
ORD03906,CUST0995,Maham Raza,2025-03-20,Cricket Ball,Sports,3,1692.91,5078.73,Sialkot,JazzCash
ORD03907,CUST0814,Fatima Ahmed,2026-04-10,Smart Watch,Electronics,1,31640.34,31640.34,Gujranwala,Cash
ORD03908,CUST0635,Maham Raza,2025-09-29,Smartphone,Electronics,7,47908.49,335359.43,Sialkot,JazzCash
ORD03909,CUST2240,Hassan Ali,2025-10-31,Cricket Bat,Sports,6,3190.34,19142.04,Sialkot,EasyPaisa
ORD03910,CUST1155,Talha Malik,2025-03-07,Biscuits,Grocery,3,266.12,798.36,Faisalabad,EasyPaisa
ORD03911,CUST0021,Sana Malik,2026-01-31,Yoga Mat,Sports,5,2400.2,12001.0,Islamabad,EasyPaisa
ORD03912,CUST1033,Talha Malik,2026-07-15,Shoes,Clothing,8,24085.04,192680.32,Islamabad,Cash
ORD03913,CUST1377,Huzaifa Ali,2026-05-27,Coffee Maker,Home & Kitchen,3,8806.02,26418.06,Lahore,Debit Card
ORD03914,CUST1827,Sara Khan,2026-03-10,Microwave,Home & Kitchen,3,37887.83,113663.49,Sialkot,EasyPaisa
ORD03915,CUST1355,Sana Malik,2026-04-27,Skin Cream,Beauty,8,2656.48,21251.84,Faisalabad,Debit Card
ORD03916,CUST0966,Fatima Ahmed,2025-03-12,Shampoo,Beauty,5,3162.09,15810.45,Lahore,Cash
ORD03917,CUST0014,Zainab Ali,2026-03-02,Face Wash,Beauty,4,2305.11,9220.44,Sialkot,JazzCash
ORD03918,CUST0856,Fatima Ahmed,2026-08-19,Shoes,Clothing,2,10323.17,20646.34,Peshawar,Credit Card
ORD03919,CUST2163,Sana Malik,2025-10-13,Skin Cream,Beauty,3,817.03,2451.09,Faisalabad,JazzCash
ORD03920,CUST0487,Usman Malik,2026-02-21,Face Wash,Beauty,6,1554.83,9328.98,Multan,JazzCash
ORD03921,CUST0255,Maryam Ahmed,2025-09-03,Lipstick,Beauty,3,976.36,2929.08,Lahore,Bank Transfer
ORD03922,CUST0951,Hamza Shah,2025-11-20,Tea,Grocery,1,851.96,851.96,Peshawar,Cash
ORD03923,CUST1017,Ahmed Raza,2025-09-05,Jeans,Clothing,5,5421.82,27109.1,Rawalpindi,JazzCash
ORD03924,CUST2200,Sara Khan,2025-03-11,Cricket Bat,Sports,8,20785.38,166283.04,Islamabad,Debit Card
ORD03925,CUST0771,Usman Malik,2026-03-05,Coffee Maker,Home & Kitchen,6,27060.71,162364.26,Karachi,Credit Card
ORD03926,CUST2231,Hassan Ali,2026-05-19,Football,Sports,1,2863.09,2863.09,Gujranwala,JazzCash
ORD03927,CUST1307,Sana Malik,2025-03-21,Perfume,Beauty,7,18357.99,128505.93,Multan,EasyPaisa
ORD03928,CUST1449,Sara Khan,2025-08-26,Shampoo,Beauty,7,2089.44,14626.08,Multan,Bank Transfer
ORD03929,CUST2257,Saad Khan,2025-06-19,Blender,Home & Kitchen,1,11797.51,11797.51,Islamabad,Debit Card
ORD03930,CUST2393,Ahmed Raza,2026-03-20,T-Shirt,Clothing,7,4764.94,33354.58,Multan,EasyPaisa
ORD03931,CUST2199,Saad Khan,2025-06-29,Coffee Maker,Home & Kitchen,5,20554.63,102773.15,Islamabad,Bank Transfer
ORD03932,CUST0632,Ahmed Raza,2025-12-03,Shampoo,Beauty,1,1902.12,1902.12,Rawalpindi,Cash
ORD03933,CUST2214,Huzaifa Ali,2026-09-24,Cricket Bat,Sports,3,21474.17,64422.51,Quetta,Cash
ORD03934,CUST0852,Sara Khan,2025-01-18,Cricket Bat,Sports,3,7611.38,22834.14,Peshawar,EasyPaisa
ORD03935,CUST2233,Hira Shah,2026-05-08,Tea,Grocery,8,414.1,3312.8,Islamabad,JazzCash
ORD03936,CUST1896,Hira Shah,2026-06-26,Shampoo,Beauty,3,1139.84,3419.52,Lahore,Bank Transfer
ORD03937,CUST2299,Ayesha Khan,2026-04-05,Jeans,Clothing,8,2540.9,20327.2,Faisalabad,JazzCash
ORD03938,CUST0933,Ayesha Khan,2026-07-04,Keyboard,Electronics,3,1576.16,4728.48,Faisalabad,Bank Transfer
ORD03939,CUST0995,Zainab Ali,2026-05-07,Cricket Ball,Sports,6,2126.53,12759.18,Peshawar,Credit Card
ORD03940,CUST0150,Ahmed Raza,2026-05-27,Jeans,Clothing,8,8082.06,64656.48,Faisalabad,Debit Card
ORD03941,CUST0250,Bilal Ahmed,2025-08-12,Jacket,Clothing,8,11430.37,91442.96,Quetta,Credit Card
ORD03942,CUST0093,Sana Malik,2026-04-04,Cricket Bat,Sports,6,6744.74,40468.44,Islamabad,Debit Card
ORD03943,CUST1402,Zainab Ali,2025-12-06,Mouse,Electronics,3,6033.11,18099.33,Faisalabad,JazzCash
ORD03944,CUST1843,Maryam Ahmed,2026-08-16,Skin Cream,Beauty,4,3823.71,15294.84,Lahore,Debit Card
ORD03945,CUST2392,Sara Khan,2026-01-04,Laptop,Electronics,2,144802.43,289604.86,Faisalabad,JazzCash
ORD03946,CUST1557,Danish Ahmed,2025-12-18,Running Shoes,Sports,7,8889.78,62228.46,Lahore,Debit Card
ORD03947,CUST2046,Ayesha Khan,2026-03-18,Dinner Set,Home & Kitchen,5,14739.25,73696.25,Rawalpindi,Credit Card
ORD03948,CUST1161,Huzaifa Ali,2025-06-16,Cricket Bat,Sports,2,16719.19,33438.38,Sialkot,Debit Card
ORD03949,CUST0044,Sara Khan,2025-01-30,Dinner Set,Home & Kitchen,8,11443.92,91551.36,Islamabad,Credit Card
ORD03950,CUST2429,Fatima Ahmed,2026-08-20,Yoga Mat,Sports,6,2308.85,13853.1,Islamabad,JazzCash
ORD03951,CUST2436,Zainab Ali,2026-07-23,Blender,Home & Kitchen,1,11346.47,11346.47,Rawalpindi,Cash
ORD03952,CUST1004,Abdullah Raza,2025-08-19,Smartphone,Electronics,1,171328.47,171328.47,Gujranwala,Cash
ORD03953,CUST1540,Bilal Ahmed,2025-04-04,Football,Sports,8,3068.61,24548.88,Gujranwala,Credit Card
ORD03954,CUST2246,Usman Malik,2025-11-25,Jacket,Clothing,1,9940.18,9940.18,Lahore,EasyPaisa
ORD03955,CUST0847,Maryam Ahmed,2025-08-12,Football,Sports,6,7653.2,45919.2,Faisalabad,Credit Card
ORD03956,CUST2012,Hassan Ali,2026-04-06,Coffee Maker,Home & Kitchen,3,17542.84,52628.52,Gujranwala,JazzCash
ORD03957,CUST1768,Danish Ahmed,2026-09-15,Tablet,Electronics,6,112600.22,675601.32,Multan,JazzCash
ORD03958,CUST2027,Zainab Ali,2025-12-28,Yoga Mat,Sports,5,4338.93,21694.65,Sialkot,Debit Card
ORD03959,CUST1404,Zainab Ali,2025-01-27,Skin Cream,Beauty,6,2294.67,13768.02,Rawalpindi,Bank Transfer
ORD03960,CUST0470,Sana Malik,2026-03-30,Running Shoes,Sports,2,6814.08,13628.16,Gujranwala,Debit Card
ORD03961,CUST1282,Bilal Ahmed,2025-06-14,Blender,Home & Kitchen,6,12268.96,73613.76,Multan,Credit Card
ORD03962,CUST1616,Zainab Ali,2025-03-18,Headphones,Electronics,3,27091.05,81273.15,Karachi,Cash
ORD03963,CUST1210,Sana Malik,2026-05-19,Face Wash,Beauty,6,731.33,4387.98,Multan,Credit Card
ORD03964,CUST1580,Danish Ahmed,2026-04-30,Mouse,Electronics,3,2272.47,6817.41,Faisalabad,JazzCash
ORD03965,CUST0233,Omar Farooq,2025-11-04,T-Shirt,Clothing,3,3148.99,9446.97,Multan,Bank Transfer
ORD03966,CUST1166,Sana Malik,2025-06-22,Jeans,Clothing,2,7202.72,14405.44,Lahore,Bank Transfer
ORD03967,CUST1187,Ali Khan,2025-08-28,Cricket Bat,Sports,7,15820.49,110743.43,Sialkot,Debit Card
ORD03968,CUST0159,Maham Raza,2026-07-19,Smartphone,Electronics,2,148568.62,297137.24,Islamabad,Debit Card
ORD03969,CUST1157,Talha Malik,2025-01-28,Biscuits,Grocery,1,129.25,129.25,Sialkot,Debit Card
ORD03970,CUST1331,Sana Malik,2025-06-07,Smartphone,Electronics,4,149073.97,596295.88,Peshawar,Cash
ORD03971,CUST0836,Sana Malik,2025-04-27,Smart Watch,Electronics,2,41001.78,82003.56,Rawalpindi,Debit Card
ORD03972,CUST2461,Danish Ahmed,2025-08-08,Shampoo,Beauty,4,1971.68,7886.72,Peshawar,Bank Transfer
ORD03973,CUST0761,Talha Malik,2025-03-31,Shoes,Clothing,7,12405.42,86837.94,Rawalpindi,Debit Card
ORD03974,CUST0678,Danish Ahmed,2025-01-27,T-Shirt,Clothing,3,4118.41,12355.23,Karachi,Bank Transfer
ORD03975,CUST0378,Sana Malik,2025-02-10,Cricket Bat,Sports,4,14055.02,56220.08,Sialkot,Debit Card
ORD03976,CUST2233,Saad Khan,2026-07-24,Perfume,Beauty,1,5348.32,5348.32,Karachi,EasyPaisa
ORD03977,CUST0772,Hamza Shah,2025-06-11,Cereal,Grocery,6,853.39,5120.34,Sialkot,Cash
ORD03978,CUST0632,Usman Malik,2026-06-10,Yoga Mat,Sports,1,5344.3,5344.3,Rawalpindi,Credit Card
ORD03979,CUST1812,Bilal Ahmed,2025-04-07,Coffee Maker,Home & Kitchen,4,29177.19,116708.76,Rawalpindi,JazzCash
ORD03980,CUST1984,Usman Malik,2025-03-12,Running Shoes,Sports,5,14270.18,71350.9,Lahore,Bank Transfer
ORD03981,CUST0472,Saad Khan,2026-09-26,Hoodie,Clothing,2,9264.35,18528.7,Quetta,Debit Card
ORD03982,CUST0980,Omar Farooq,2025-04-25,Tablet,Electronics,1,101314.05,101314.05,Islamabad,Cash
ORD03983,CUST1507,Sara Khan,2026-08-30,Jacket,Clothing,5,17337.6,86688.0,Lahore,JazzCash
ORD03984,CUST1413,Ahmed Raza,2026-02-05,Tablet,Electronics,8,109436.59,875492.72,Quetta,JazzCash
ORD03985,CUST0927,Usman Malik,2025-06-05,Vacuum Cleaner,Home & Kitchen,8,21907.32,175258.56,Peshawar,Bank Transfer
ORD03986,CUST2064,Usman Malik,2026-05-25,T-Shirt,Clothing,4,2698.62,10794.48,Karachi,Bank Transfer
ORD03987,CUST0770,Abdullah Raza,2025-02-01,Football,Sports,8,3550.47,28403.76,Sialkot,JazzCash
ORD03988,CUST0056,Maham Raza,2025-01-24,T-Shirt,Clothing,8,2813.2,22505.6,Sialkot,EasyPaisa
ORD03989,CUST2477,Ayesha Khan,2026-02-11,Coffee Maker,Home & Kitchen,7,28021.94,196153.58,Islamabad,Credit Card
ORD03990,CUST1304,Saad Khan,2025-04-21,Shoes,Clothing,8,4303.83,34430.64,Lahore,Cash
ORD03991,CUST0199,Huzaifa Ali,2025-10-08,Lipstick,Beauty,2,3533.27,7066.54,Peshawar,Credit Card
ORD03992,CUST1664,Zainab Ali,2025-02-01,Jeans,Clothing,4,3905.32,15621.28,Gujranwala,JazzCash
ORD03993,CUST0997,Maryam Ahmed,2025-06-25,Air Fryer,Home & Kitchen,4,32278.75,129115.0,Multan,EasyPaisa
ORD03994,CUST0583,Saad Khan,2025-07-10,Football,Sports,8,6964.74,55717.92,Multan,EasyPaisa
ORD03995,CUST1459,Zainab Ali,2025-10-08,Cricket Bat,Sports,6,18089.73,108538.38,Karachi,Credit Card
ORD03996,CUST0880,Sana Malik,2025-01-25,Perfume,Beauty,7,18147.89,127035.23,Gujranwala,Credit Card
ORD03997,CUST2004,Omar Farooq,2026-07-15,Shoes,Clothing,4,13903.4,55613.6,Peshawar,EasyPaisa
ORD03998,CUST0070,Ahmed Raza,2026-06-29,Cricket Bat,Sports,4,6198.14,24792.56,Faisalabad,Bank Transfer
ORD03999,CUST1275,Sara Khan,2026-06-16,Shoes,Clothing,6,8617.4,51704.4,Peshawar,Debit Card
ORD04000,CUST1610,Ayesha Khan,2025-04-11,Lipstick,Beauty,5,3083.19,15415.95,Quetta,Cash
ORD04001,CUST1364,Maham Raza,2026-04-14,T-Shirt,Clothing,2,2721.23,5442.46,Islamabad,EasyPaisa
ORD04002,CUST1468,Saad Khan,2025-09-24,Sugar,Grocery,2,249.91,499.82,Faisalabad,Cash
ORD04003,CUST0326,Maham Raza,2025-09-17,Perfume,Beauty,5,4440.89,22204.45,Quetta,Credit Card
ORD04004,CUST0281,Usman Malik,2026-01-24,Perfume,Beauty,4,14867.84,59471.36,Peshawar,EasyPaisa
ORD04005,CUST0813,Hira Shah,2025-02-01,Rice,Grocery,7,306.09,2142.63,Karachi,Cash
ORD04006,CUST1400,Zainab Ali,2025-12-07,Skin Cream,Beauty,1,1415.46,1415.46,Faisalabad,JazzCash
ORD04007,CUST1011,Hira Shah,2026-05-28,Air Fryer,Home & Kitchen,7,16035.35,112247.45,Gujranwala,Debit Card
ORD04008,CUST0813,Sana Malik,2025-01-28,Shoes,Clothing,5,12945.69,64728.45,Faisalabad,Bank Transfer
ORD04009,CUST1451,Sara Khan,2026-08-04,Cricket Ball,Sports,6,1061.62,6369.72,Peshawar,Cash
ORD04010,CUST2462,Sara Khan,2025-04-05,Smartphone,Electronics,2,178833.81,357667.62,Islamabad,Credit Card
ORD04011,CUST1932,Fatima Ahmed,2026-08-25,Cooking Oil,Grocery,7,1456.46,10195.22,Islamabad,Bank Transfer
ORD04012,CUST1600,Saad Khan,2025-08-01,Keyboard,Electronics,8,10501.03,84008.24,Rawalpindi,EasyPaisa
ORD04013,CUST1331,Maryam Ahmed,2026-08-18,Vacuum Cleaner,Home & Kitchen,1,50374.66,50374.66,Lahore,EasyPaisa
ORD04014,CUST1478,Ahmed Raza,2026-02-21,Jacket,Clothing,2,4411.27,8822.54,Gujranwala,Cash
ORD04015,CUST0986,Fatima Ahmed,2025-01-20,Smartphone,Electronics,5,88838.81,444194.05,Gujranwala,Bank Transfer
ORD04016,CUST0139,Ali Khan,2026-04-20,Dinner Set,Home & Kitchen,8,8352.16,66817.28,Peshawar,Credit Card
ORD04017,CUST1249,Hassan Ali,2025-05-08,Biscuits,Grocery,6,132.68,796.08,Sialkot,Debit Card
ORD04018,CUST2360,Zainab Ali,2026-03-15,Air Fryer,Home & Kitchen,7,26100.3,182702.1,Faisalabad,Credit Card
ORD04019,CUST1783,Bilal Ahmed,2025-12-29,Keyboard,Electronics,8,9391.52,75132.16,Quetta,Debit Card
ORD04020,CUST1700,Usman Malik,2025-04-25,Hoodie,Clothing,1,2558.14,2558.14,Quetta,Credit Card
ORD04021,CUST2397,Hassan Ali,2025-11-23,Air Fryer,Home & Kitchen,5,22602.02,113010.1,Rawalpindi,Debit Card
ORD04022,CUST0934,Hassan Ali,2026-07-19,Football,Sports,4,6804.75,27219.0,Peshawar,Debit Card
ORD04023,CUST0218,Usman Malik,2025-02-17,Yoga Mat,Sports,2,4030.2,8060.4,Quetta,Cash
ORD04024,CUST1163,Zainab Ali,2025-05-09,Biscuits,Grocery,2,291.49,582.98,Quetta,JazzCash
ORD04025,CUST2320,Sana Malik,2025-10-05,Keyboard,Electronics,1,9253.58,9253.58,Gujranwala,Debit Card
ORD04026,CUST1005,Zainab Ali,2025-06-27,Keyboard,Electronics,5,11170.52,55852.6,Multan,Credit Card
ORD04027,CUST2191,Talha Malik,2025-06-23,Face Wash,Beauty,8,2099.77,16798.16,Multan,JazzCash
ORD04028,CUST0198,Bilal Ahmed,2025-08-02,Running Shoes,Sports,2,16049.34,32098.68,Peshawar,Debit Card
ORD04029,CUST0340,Zainab Ali,2025-04-09,Tea,Grocery,8,873.49,6987.92,Gujranwala,EasyPaisa
ORD04030,CUST2138,Danish Ahmed,2025-02-08,T-Shirt,Clothing,8,4376.01,35008.08,Faisalabad,Cash
ORD04031,CUST1707,Hamza Shah,2025-04-29,Football,Sports,2,4669.67,9339.34,Karachi,Debit Card
ORD04032,CUST2387,Saad Khan,2025-04-16,Tea,Grocery,2,529.12,1058.24,Rawalpindi,Cash
ORD04033,CUST1237,Talha Malik,2025-06-26,Lipstick,Beauty,5,1771.34,8856.7,Rawalpindi,Bank Transfer
ORD04034,CUST0988,Talha Malik,2025-07-09,Yoga Mat,Sports,6,5586.23,33517.38,Quetta,Debit Card
ORD04035,CUST2296,Huzaifa Ali,2026-04-26,Lipstick,Beauty,1,2104.72,2104.72,Karachi,Bank Transfer
ORD04036,CUST0643,Usman Malik,2025-04-08,Jacket,Clothing,6,7391.51,44349.06,Gujranwala,Cash
ORD04037,CUST2342,Abdullah Raza,2026-05-10,Face Wash,Beauty,7,2387.38,16711.66,Lahore,EasyPaisa
ORD04038,CUST2217,Sara Khan,2025-06-01,Cereal,Grocery,1,846.45,846.45,Multan,Bank Transfer
ORD04039,CUST0259,Sara Khan,2026-04-16,Hoodie,Clothing,6,9945.63,59673.78,Faisalabad,JazzCash
ORD04040,CUST0057,Omar Farooq,2025-01-02,Yoga Mat,Sports,2,1667.99,3335.98,Quetta,Cash
ORD04041,CUST0192,Ayesha Khan,2026-04-03,Yoga Mat,Sports,1,5213.9,5213.9,Quetta,EasyPaisa
ORD04042,CUST2376,Ayesha Khan,2026-03-22,Smart Watch,Electronics,7,30260.55,211823.85,Islamabad,Cash
ORD04043,CUST2067,Fatima Ahmed,2025-10-07,Cereal,Grocery,4,438.64,1754.56,Sialkot,Credit Card
ORD04044,CUST1804,Sara Khan,2026-07-08,Running Shoes,Sports,5,14325.87,71629.35,Islamabad,EasyPaisa
ORD04045,CUST1102,Zainab Ali,2025-10-21,Tea,Grocery,8,353.34,2826.72,Peshawar,Debit Card
ORD04046,CUST1132,Usman Malik,2026-01-05,Cooking Oil,Grocery,7,927.07,6489.49,Sialkot,EasyPaisa
ORD04047,CUST1953,Abdullah Raza,2026-05-26,Hoodie,Clothing,5,3272.22,16361.1,Multan,Cash
ORD04048,CUST0250,Hassan Ali,2025-06-02,Smartphone,Electronics,3,72636.35,217909.05,Peshawar,Credit Card
ORD04049,CUST0888,Bilal Ahmed,2025-03-01,Biscuits,Grocery,4,297.92,1191.68,Peshawar,Bank Transfer
ORD04050,CUST0913,Ayesha Khan,2026-03-30,Air Fryer,Home & Kitchen,6,15952.1,95712.6,Lahore,EasyPaisa
ORD04051,CUST0161,Hira Shah,2025-09-22,Football,Sports,8,7994.12,63952.96,Rawalpindi,Debit Card
ORD04052,CUST1114,Maryam Ahmed,2025-06-02,Headphones,Electronics,3,16660.86,49982.58,Peshawar,Bank Transfer
ORD04053,CUST0820,Talha Malik,2026-07-26,Tea,Grocery,6,409.95,2459.7,Sialkot,EasyPaisa
ORD04054,CUST1637,Sara Khan,2025-08-03,Laptop,Electronics,6,199621.94,1197731.64,Sialkot,Credit Card
ORD04055,CUST1057,Bilal Ahmed,2025-08-11,Jeans,Clothing,4,5701.69,22806.76,Islamabad,EasyPaisa
ORD04056,CUST0573,Ayesha Khan,2026-04-22,Vacuum Cleaner,Home & Kitchen,4,33011.11,132044.44,Quetta,Bank Transfer
ORD04057,CUST0145,Ayesha Khan,2025-04-15,Jeans,Clothing,4,4690.62,18762.48,Rawalpindi,Bank Transfer
ORD04058,CUST2226,Abdullah Raza,2025-01-08,Cereal,Grocery,1,1168.86,1168.86,Faisalabad,Credit Card
ORD04059,CUST1826,Ali Khan,2025-07-29,Cricket Bat,Sports,1,8521.63,8521.63,Faisalabad,Credit Card
ORD04060,CUST2202,Saad Khan,2025-05-07,Jeans,Clothing,4,8264.78,33059.12,Rawalpindi,EasyPaisa
ORD04061,CUST1475,Talha Malik,2025-05-11,Air Fryer,Home & Kitchen,2,21168.34,42336.68,Gujranwala,Bank Transfer
ORD04062,CUST2427,Saad Khan,2025-04-14,Tablet,Electronics,8,66474.0,531792.0,Multan,Bank Transfer
ORD04063,CUST1580,Huzaifa Ali,2026-08-09,Football,Sports,7,4603.87,32227.09,Lahore,Bank Transfer
ORD04064,CUST1239,Bilal Ahmed,2025-11-11,Running Shoes,Sports,6,10211.64,61269.84,Karachi,Debit Card
ORD04065,CUST0645,Sara Khan,2026-04-20,Cereal,Grocery,4,1166.4,4665.6,Faisalabad,Cash
ORD04066,CUST2468,Sara Khan,2025-07-22,Microwave,Home & Kitchen,8,40825.23,326601.84,Gujranwala,EasyPaisa
ORD04067,CUST2278,Omar Farooq,2026-06-23,Dinner Set,Home & Kitchen,3,7266.85,21800.55,Sialkot,Cash
ORD04068,CUST0892,Omar Farooq,2026-06-15,Hoodie,Clothing,8,5926.11,47408.88,Karachi,Bank Transfer
ORD04069,CUST2089,Maham Raza,2026-09-01,Blender,Home & Kitchen,2,8094.29,16188.58,Sialkot,Bank Transfer
ORD04070,CUST0524,Zainab Ali,2025-01-31,Tea,Grocery,2,1018.08,2036.16,Lahore,JazzCash
ORD04071,CUST1652,Maryam Ahmed,2025-02-07,Sugar,Grocery,7,369.24,2584.68,Rawalpindi,Debit Card
ORD04072,CUST2364,Huzaifa Ali,2026-08-05,Sugar,Grocery,5,267.76,1338.8,Peshawar,Credit Card
ORD04073,CUST0947,Saad Khan,2025-01-01,Hoodie,Clothing,2,6876.81,13753.62,Multan,Credit Card
ORD04074,CUST0626,Hamza Shah,2025-06-22,Microwave,Home & Kitchen,7,45408.52,317859.64,Multan,Debit Card
ORD04075,CUST0844,Abdullah Raza,2025-10-30,Lipstick,Beauty,8,1347.05,10776.4,Peshawar,Credit Card
ORD04076,CUST1184,Ali Khan,2026-09-03,Skin Cream,Beauty,6,1805.84,10835.04,Rawalpindi,EasyPaisa
ORD04077,CUST1484,Sara Khan,2026-03-01,Shampoo,Beauty,5,1529.12,7645.6,Multan,Credit Card
ORD04078,CUST0129,Ahmed Raza,2025-08-11,Headphones,Electronics,8,4100.71,32805.68,Islamabad,Bank Transfer
ORD04079,CUST1558,Hira Shah,2025-07-28,Laptop,Electronics,8,189193.59,1513548.72,Rawalpindi,Bank Transfer
ORD04080,CUST0840,Hassan Ali,2026-04-18,Cricket Bat,Sports,7,10720.33,75042.31,Islamabad,Bank Transfer
ORD04081,CUST2312,Omar Farooq,2025-10-02,Jacket,Clothing,8,16853.74,134829.92,Sialkot,Cash
ORD04082,CUST0508,Ahmed Raza,2026-08-18,Cereal,Grocery,2,830.58,1661.16,Sialkot,Cash
ORD04083,CUST1812,Omar Farooq,2025-01-24,Dinner Set,Home & Kitchen,7,12310.36,86172.52,Islamabad,JazzCash
ORD04084,CUST2339,Omar Farooq,2026-07-26,Air Fryer,Home & Kitchen,8,33251.42,266011.36,Quetta,EasyPaisa
ORD04085,CUST1984,Sara Khan,2025-04-04,Dinner Set,Home & Kitchen,5,9809.08,49045.4,Lahore,EasyPaisa
ORD04086,CUST1700,Sana Malik,2025-04-10,Football,Sports,8,5396.56,43172.48,Multan,Bank Transfer
ORD04087,CUST1012,Fatima Ahmed,2026-05-18,Perfume,Beauty,6,2753.38,16520.28,Peshawar,JazzCash
ORD04088,CUST0958,Huzaifa Ali,2025-08-07,Shampoo,Beauty,8,1339.33,10714.64,Quetta,EasyPaisa
ORD04089,CUST2053,Abdullah Raza,2025-05-14,Keyboard,Electronics,6,9595.43,57572.58,Lahore,Bank Transfer
ORD04090,CUST0784,Maryam Ahmed,2026-07-21,Coffee Maker,Home & Kitchen,2,17045.09,34090.18,Gujranwala,Debit Card
ORD04091,CUST1121,Ayesha Khan,2026-04-01,Running Shoes,Sports,4,13293.4,53173.6,Faisalabad,Debit Card
ORD04092,CUST0878,Saad Khan,2026-09-26,Smart Watch,Electronics,6,37776.45,226658.7,Lahore,JazzCash
ORD04093,CUST2096,Abdullah Raza,2025-02-16,Jacket,Clothing,4,4808.61,19234.44,Sialkot,Bank Transfer
ORD04094,CUST0911,Sana Malik,2025-09-29,Tea,Grocery,3,653.95,1961.85,Rawalpindi,Debit Card
ORD04095,CUST0460,Hassan Ali,2025-07-01,Dinner Set,Home & Kitchen,6,10491.21,62947.26,Karachi,Bank Transfer
ORD04096,CUST1851,Usman Malik,2026-06-01,Coffee Maker,Home & Kitchen,4,7740.45,30961.8,Lahore,EasyPaisa
ORD04097,CUST1191,Hira Shah,2026-03-06,Perfume,Beauty,5,6167.6,30838.0,Peshawar,Cash
ORD04098,CUST1649,Fatima Ahmed,2026-05-04,Dinner Set,Home & Kitchen,4,16838.1,67352.4,Quetta,Debit Card
ORD04099,CUST1746,Usman Malik,2025-03-25,Sugar,Grocery,2,333.66,667.32,Islamabad,Credit Card
ORD04100,CUST1660,Zainab Ali,2026-08-12,Mouse,Electronics,4,3233.81,12935.24,Multan,EasyPaisa
ORD04101,CUST0182,Ahmed Raza,2026-07-31,Cereal,Grocery,2,952.98,1905.96,Faisalabad,Cash
ORD04102,CUST1528,Bilal Ahmed,2025-08-10,Dinner Set,Home & Kitchen,4,13634.85,54539.4,Gujranwala,JazzCash
ORD04103,CUST1286,Zainab Ali,2026-06-12,Running Shoes,Sports,4,4026.66,16106.64,Lahore,Cash
ORD04104,CUST2125,Ali Khan,2025-07-17,Hoodie,Clothing,8,5040.52,40324.16,Karachi,Cash
ORD04105,CUST0388,Huzaifa Ali,2026-04-22,Smartphone,Electronics,6,157612.91,945677.46,Karachi,Debit Card
ORD04106,CUST1210,Danish Ahmed,2026-09-05,Perfume,Beauty,2,9233.42,18466.84,Sialkot,EasyPaisa
ORD04107,CUST1460,Zainab Ali,2025-02-07,Smartphone,Electronics,6,166568.83,999412.98,Karachi,EasyPaisa
ORD04108,CUST1687,Huzaifa Ali,2026-08-14,Keyboard,Electronics,4,10036.28,40145.12,Quetta,Cash
ORD04109,CUST1979,Ali Khan,2025-03-20,Lipstick,Beauty,8,3282.34,26258.72,Gujranwala,Cash
ORD04110,CUST0836,Hassan Ali,2026-09-04,Cricket Ball,Sports,3,1720.64,5161.92,Gujranwala,Bank Transfer
ORD04111,CUST1731,Usman Malik,2026-09-07,Blender,Home & Kitchen,2,11375.14,22750.28,Islamabad,EasyPaisa
ORD04112,CUST1145,Abdullah Raza,2025-07-19,Jeans,Clothing,2,7783.07,15566.14,Multan,Credit Card
ORD04113,CUST0214,Omar Farooq,2025-02-12,T-Shirt,Clothing,5,3337.64,16688.2,Quetta,Bank Transfer
ORD04114,CUST0633,Maryam Ahmed,2026-01-30,Headphones,Electronics,6,16140.73,96844.38,Faisalabad,EasyPaisa
ORD04115,CUST1698,Bilal Ahmed,2025-07-05,Headphones,Electronics,2,13484.23,26968.46,Lahore,Bank Transfer
ORD04116,CUST1759,Zainab Ali,2025-03-17,T-Shirt,Clothing,6,4979.77,29878.62,Quetta,Bank Transfer
ORD04117,CUST0260,Huzaifa Ali,2025-02-19,Smartphone,Electronics,7,42075.95,294531.65,Karachi,Cash
ORD04118,CUST2494,Ayesha Khan,2026-09-22,Cricket Bat,Sports,4,21996.55,87986.2,Rawalpindi,Cash
ORD04119,CUST0556,Ahmed Raza,2026-08-18,Jacket,Clothing,8,9000.48,72003.84,Peshawar,Credit Card
ORD04120,CUST1764,Huzaifa Ali,2026-09-07,T-Shirt,Clothing,6,4204.71,25228.26,Gujranwala,Bank Transfer
ORD04121,CUST2338,Hira Shah,2025-04-21,Perfume,Beauty,7,17301.82,121112.74,Gujranwala,Cash
ORD04122,CUST0267,Bilal Ahmed,2025-04-02,Air Fryer,Home & Kitchen,3,12709.36,38128.08,Lahore,Credit Card
ORD04123,CUST0423,Huzaifa Ali,2025-10-08,Rice,Grocery,7,535.38,3747.66,Lahore,Debit Card
ORD04124,CUST2217,Usman Malik,2025-02-13,Vacuum Cleaner,Home & Kitchen,7,50831.09,355817.63,Sialkot,JazzCash
ORD04125,CUST1741,Abdullah Raza,2025-10-07,Tablet,Electronics,4,23814.11,95256.44,Multan,Debit Card
ORD04126,CUST0048,Abdullah Raza,2026-02-18,Dinner Set,Home & Kitchen,1,18004.5,18004.5,Multan,EasyPaisa
ORD04127,CUST1395,Hira Shah,2025-09-26,Headphones,Electronics,8,25261.63,202093.04,Peshawar,EasyPaisa
ORD04128,CUST0167,Talha Malik,2026-08-09,Face Wash,Beauty,6,2210.64,13263.84,Faisalabad,Credit Card
ORD04129,CUST0066,Sana Malik,2026-09-26,Shampoo,Beauty,3,826.7,2480.1,Sialkot,Debit Card
ORD04130,CUST1296,Omar Farooq,2025-07-03,Cereal,Grocery,7,887.37,6211.59,Gujranwala,Debit Card
ORD04131,CUST1415,Omar Farooq,2026-09-07,Sugar,Grocery,2,338.19,676.38,Lahore,Cash
ORD04132,CUST1923,Sana Malik,2025-05-07,Tea,Grocery,7,745.83,5220.81,Peshawar,EasyPaisa
ORD04133,CUST0531,Danish Ahmed,2026-02-01,Dinner Set,Home & Kitchen,3,18506.19,55518.57,Quetta,JazzCash
ORD04134,CUST2213,Hira Shah,2025-05-21,Laptop,Electronics,7,206539.89,1445779.23,Peshawar,Cash
ORD04135,CUST1639,Huzaifa Ali,2025-10-04,Jacket,Clothing,3,12354.7,37064.1,Sialkot,Bank Transfer
ORD04136,CUST1622,Maham Raza,2025-05-08,Running Shoes,Sports,1,14145.45,14145.45,Peshawar,Credit Card
ORD04137,CUST0648,Usman Malik,2025-02-15,Cereal,Grocery,5,940.18,4700.9,Multan,JazzCash
ORD04138,CUST0607,Fatima Ahmed,2025-11-27,Jeans,Clothing,3,3063.79,9191.37,Islamabad,Credit Card
ORD04139,CUST0003,Saad Khan,2025-02-04,Microwave,Home & Kitchen,7,28930.27,202511.89,Multan,Bank Transfer
ORD04140,CUST1854,Hassan Ali,2025-03-06,Skin Cream,Beauty,7,2028.27,14197.89,Karachi,Debit Card
ORD04141,CUST0933,Zainab Ali,2026-01-04,Tablet,Electronics,1,97271.47,97271.47,Rawalpindi,Cash
ORD04142,CUST0069,Zainab Ali,2026-02-28,T-Shirt,Clothing,6,3157.13,18942.78,Sialkot,EasyPaisa
ORD04143,CUST0520,Hamza Shah,2025-06-03,Jacket,Clothing,4,13294.34,53177.36,Lahore,EasyPaisa
ORD04144,CUST0927,Hamza Shah,2025-09-22,Smartphone,Electronics,5,167810.3,839051.5,Faisalabad,Bank Transfer
ORD04145,CUST1989,Saad Khan,2026-07-06,Football,Sports,1,3326.74,3326.74,Rawalpindi,Debit Card
ORD04146,CUST2424,Huzaifa Ali,2026-05-09,Cricket Bat,Sports,8,17980.11,143840.88,Islamabad,Bank Transfer
ORD04147,CUST1750,Saad Khan,2025-04-28,Blender,Home & Kitchen,2,14832.22,29664.44,Islamabad,Credit Card
ORD04148,CUST0447,Ali Khan,2026-05-30,Smartphone,Electronics,2,101273.36,202546.72,Lahore,Bank Transfer
ORD04149,CUST1673,Maham Raza,2025-06-16,Lipstick,Beauty,5,1027.11,5135.55,Quetta,EasyPaisa
ORD04150,CUST2065,Talha Malik,2026-01-06,Lipstick,Beauty,6,3337.69,20026.14,Quetta,Debit Card
ORD04151,CUST2141,Huzaifa Ali,2026-05-30,Microwave,Home & Kitchen,5,31344.37,156721.85,Islamabad,Credit Card
ORD04152,CUST1274,Sana Malik,2025-11-19,Running Shoes,Sports,3,21303.27,63909.81,Islamabad,Credit Card
ORD04153,CUST1909,Saad Khan,2025-03-11,Cricket Ball,Sports,2,905.2,1810.4,Gujranwala,Credit Card
ORD04154,CUST1378,Maham Raza,2025-09-15,Perfume,Beauty,4,8294.58,33178.32,Rawalpindi,EasyPaisa
ORD04155,CUST0030,Fatima Ahmed,2025-06-12,Yoga Mat,Sports,8,1933.44,15467.52,Quetta,JazzCash
ORD04156,CUST2181,Bilal Ahmed,2025-02-15,Sugar,Grocery,7,244.92,1714.44,Gujranwala,EasyPaisa
ORD04157,CUST0530,Ahmed Raza,2025-03-22,Tea,Grocery,8,588.86,4710.88,Quetta,Debit Card
ORD04158,CUST2276,Maham Raza,2026-02-04,T-Shirt,Clothing,4,3799.25,15197.0,Sialkot,Credit Card
ORD04159,CUST0526,Hamza Shah,2026-02-10,Tablet,Electronics,3,97713.56,293140.68,Lahore,JazzCash
ORD04160,CUST1079,Ayesha Khan,2025-09-21,Vacuum Cleaner,Home & Kitchen,2,55431.51,110863.02,Lahore,Bank Transfer
ORD04161,CUST1173,Maham Raza,2025-10-12,Laptop,Electronics,2,214948.49,429896.98,Islamabad,EasyPaisa
ORD04162,CUST1278,Fatima Ahmed,2026-04-18,Lipstick,Beauty,6,3759.81,22558.86,Rawalpindi,Credit Card
ORD04163,CUST0502,Maham Raza,2025-04-10,Smart Watch,Electronics,8,36827.87,294622.96,Rawalpindi,Credit Card
ORD04164,CUST1771,Danish Ahmed,2025-06-18,Jacket,Clothing,8,14996.87,119974.96,Quetta,Cash
ORD04165,CUST0927,Sana Malik,2025-11-06,Laptop,Electronics,4,205000.95,820003.8,Faisalabad,EasyPaisa
ORD04166,CUST1694,Usman Malik,2026-07-19,Lipstick,Beauty,6,1775.04,10650.24,Gujranwala,EasyPaisa
ORD04167,CUST1653,Ahmed Raza,2026-06-09,Perfume,Beauty,8,17162.72,137301.76,Islamabad,Cash
ORD04168,CUST1046,Omar Farooq,2026-09-14,Dinner Set,Home & Kitchen,8,13452.21,107617.68,Quetta,JazzCash
ORD04169,CUST0185,Omar Farooq,2026-08-21,Hoodie,Clothing,5,3456.73,17283.65,Rawalpindi,Cash
ORD04170,CUST2281,Ahmed Raza,2025-09-28,Jeans,Clothing,6,3710.41,22262.46,Quetta,Cash
ORD04171,CUST2152,Omar Farooq,2025-11-16,Coffee Maker,Home & Kitchen,2,11755.01,23510.02,Peshawar,EasyPaisa
ORD04172,CUST0027,Maryam Ahmed,2025-09-19,Tea,Grocery,8,713.85,5710.8,Lahore,Credit Card
ORD04173,CUST0052,Ali Khan,2026-02-16,Sugar,Grocery,6,252.78,1516.68,Quetta,JazzCash
ORD04174,CUST0742,Huzaifa Ali,2025-05-04,Cricket Bat,Sports,3,6565.19,19695.57,Islamabad,Cash
ORD04175,CUST0676,Talha Malik,2026-07-05,Face Wash,Beauty,7,2646.79,18527.53,Gujranwala,Debit Card
ORD04176,CUST0844,Omar Farooq,2026-09-06,Cooking Oil,Grocery,4,926.66,3706.64,Lahore,Debit Card
ORD04177,CUST0681,Ahmed Raza,2026-08-07,Cricket Ball,Sports,7,1787.69,12513.83,Peshawar,JazzCash
ORD04178,CUST1444,Ayesha Khan,2026-07-11,Running Shoes,Sports,5,4681.69,23408.45,Karachi,Credit Card
ORD04179,CUST1393,Saad Khan,2025-07-30,Jacket,Clothing,5,13148.05,65740.25,Faisalabad,EasyPaisa
ORD04180,CUST1440,Hamza Shah,2026-03-20,Perfume,Beauty,5,4468.14,22340.7,Islamabad,Debit Card
ORD04181,CUST1916,Huzaifa Ali,2025-08-29,T-Shirt,Clothing,7,1310.54,9173.78,Karachi,JazzCash
ORD04182,CUST1034,Saad Khan,2026-01-21,Football,Sports,4,3495.04,13980.16,Karachi,Cash
ORD04183,CUST2263,Maham Raza,2026-01-06,Running Shoes,Sports,6,19258.84,115553.04,Sialkot,Debit Card
ORD04184,CUST0809,Hamza Shah,2026-08-11,T-Shirt,Clothing,8,3566.13,28529.04,Rawalpindi,JazzCash
ORD04185,CUST2003,Hira Shah,2025-07-01,Shoes,Clothing,8,10401.99,83215.92,Quetta,JazzCash
ORD04186,CUST0859,Maham Raza,2026-08-05,Lipstick,Beauty,6,2166.84,13001.04,Gujranwala,JazzCash
ORD04187,CUST1989,Fatima Ahmed,2025-04-02,Smartphone,Electronics,5,154184.62,770923.1,Sialkot,Cash
ORD04188,CUST2230,Sana Malik,2026-07-15,Shampoo,Beauty,1,1238.17,1238.17,Islamabad,JazzCash
ORD04189,CUST1664,Hamza Shah,2026-05-17,Cooking Oil,Grocery,1,691.99,691.99,Multan,Cash
ORD04190,CUST0436,Zainab Ali,2026-09-17,Laptop,Electronics,4,83499.26,333997.04,Faisalabad,EasyPaisa
ORD04191,CUST1029,Talha Malik,2026-02-27,Tablet,Electronics,4,48305.89,193223.56,Sialkot,Credit Card
ORD04192,CUST0011,Saad Khan,2025-03-31,Tablet,Electronics,1,119282.29,119282.29,Peshawar,Cash
ORD04193,CUST2470,Abdullah Raza,2025-11-16,Tea,Grocery,1,1042.97,1042.97,Karachi,Debit Card
ORD04194,CUST1861,Danish Ahmed,2026-01-26,Cooking Oil,Grocery,1,1030.32,1030.32,Sialkot,JazzCash
ORD04195,CUST0150,Abdullah Raza,2025-07-05,Cereal,Grocery,8,654.28,5234.24,Peshawar,Cash
ORD04196,CUST0743,Sara Khan,2026-04-15,Mouse,Electronics,4,2104.82,8419.28,Faisalabad,Credit Card
ORD04197,CUST2318,Maryam Ahmed,2026-08-05,Cricket Bat,Sports,7,4256.97,29798.79,Islamabad,Debit Card
ORD04198,CUST1483,Maryam Ahmed,2026-01-08,Dinner Set,Home & Kitchen,2,19746.86,39493.72,Sialkot,Credit Card
ORD04199,CUST1375,Sana Malik,2025-04-29,Shoes,Clothing,2,13271.91,26543.82,Sialkot,Cash
ORD04200,CUST0019,Abdullah Raza,2026-02-28,Cereal,Grocery,3,949.05,2847.15,Peshawar,EasyPaisa
ORD04201,CUST0144,Saad Khan,2025-03-06,Coffee Maker,Home & Kitchen,7,18692.88,130850.16,Multan,Bank Transfer
ORD04202,CUST1551,Talha Malik,2026-05-28,Lipstick,Beauty,6,1201.63,7209.78,Sialkot,Debit Card
ORD04203,CUST1113,Talha Malik,2025-10-08,Jeans,Clothing,7,8953.59,62675.13,Lahore,Credit Card
ORD04204,CUST1738,Maham Raza,2026-05-20,Cooking Oil,Grocery,7,650.38,4552.66,Sialkot,JazzCash
ORD04205,CUST1578,Danish Ahmed,2026-02-01,Vacuum Cleaner,Home & Kitchen,8,30065.04,240520.32,Faisalabad,EasyPaisa
ORD04206,CUST1449,Ayesha Khan,2025-12-24,Cricket Ball,Sports,2,2444.89,4889.78,Faisalabad,JazzCash
ORD04207,CUST0097,Maham Raza,2025-09-17,Air Fryer,Home & Kitchen,3,26898.81,80696.43,Rawalpindi,JazzCash
ORD04208,CUST1118,Saad Khan,2026-07-27,Cooking Oil,Grocery,1,1100.52,1100.52,Sialkot,JazzCash
ORD04209,CUST0111,Ayesha Khan,2025-12-07,Microwave,Home & Kitchen,5,38533.85,192669.25,Quetta,Debit Card
ORD04210,CUST2151,Ali Khan,2026-05-09,Dinner Set,Home & Kitchen,1,17870.39,17870.39,Multan,Credit Card
ORD04211,CUST2378,Omar Farooq,2026-02-17,Face Wash,Beauty,6,996.8,5980.8,Islamabad,Bank Transfer
ORD04212,CUST2150,Ahmed Raza,2025-11-07,Perfume,Beauty,7,6834.31,47840.17,Faisalabad,Cash
ORD04213,CUST0358,Maham Raza,2025-10-09,Cooking Oil,Grocery,1,958.6,958.6,Lahore,Bank Transfer
ORD04214,CUST1288,Hamza Shah,2025-01-31,Cooking Oil,Grocery,5,676.68,3383.4,Lahore,Bank Transfer
ORD04215,CUST1852,Abdullah Raza,2026-06-30,Shoes,Clothing,4,10941.21,43764.84,Peshawar,Credit Card
ORD04216,CUST1750,Fatima Ahmed,2025-10-15,Jacket,Clothing,8,16943.35,135546.8,Peshawar,JazzCash
ORD04217,CUST0806,Abdullah Raza,2026-05-13,Football,Sports,3,3109.66,9328.98,Sialkot,JazzCash
ORD04218,CUST2358,Sana Malik,2025-02-24,Blender,Home & Kitchen,3,9363.77,28091.31,Karachi,Cash
ORD04219,CUST0184,Talha Malik,2026-03-23,Laptop,Electronics,8,102227.07,817816.56,Gujranwala,Cash
ORD04220,CUST2121,Fatima Ahmed,2025-11-03,Yoga Mat,Sports,7,2639.49,18476.43,Sialkot,JazzCash
ORD04221,CUST0805,Ayesha Khan,2026-06-15,Biscuits,Grocery,4,208.46,833.84,Lahore,JazzCash
ORD04222,CUST1521,Fatima Ahmed,2026-04-03,Tablet,Electronics,6,45161.12,270966.72,Quetta,EasyPaisa
ORD04223,CUST0752,Sara Khan,2025-12-19,Face Wash,Beauty,1,2637.53,2637.53,Lahore,Credit Card
ORD04224,CUST1773,Talha Malik,2025-12-09,Rice,Grocery,8,649.41,5195.28,Lahore,JazzCash
ORD04225,CUST2457,Hassan Ali,2025-06-13,Keyboard,Electronics,2,10384.45,20768.9,Rawalpindi,Bank Transfer
ORD04226,CUST0769,Talha Malik,2025-05-11,Rice,Grocery,2,724.48,1448.96,Quetta,Debit Card
ORD04227,CUST0849,Ayesha Khan,2025-04-15,Dinner Set,Home & Kitchen,5,14313.73,71568.65,Quetta,JazzCash
ORD04228,CUST2371,Usman Malik,2026-05-17,Lipstick,Beauty,1,531.44,531.44,Lahore,Bank Transfer
ORD04229,CUST1095,Ahmed Raza,2026-03-14,Cereal,Grocery,1,799.7,799.7,Quetta,Cash
ORD04230,CUST2175,Fatima Ahmed,2026-03-28,Biscuits,Grocery,5,101.25,506.25,Gujranwala,Credit Card
ORD04231,CUST0873,Sara Khan,2026-04-19,Smartphone,Electronics,6,64417.31,386503.86,Multan,Bank Transfer
ORD04232,CUST0530,Talha Malik,2025-09-26,Vacuum Cleaner,Home & Kitchen,5,45527.7,227638.5,Islamabad,EasyPaisa
ORD04233,CUST2270,Saad Khan,2026-04-08,Smart Watch,Electronics,2,5395.64,10791.28,Rawalpindi,Bank Transfer
ORD04234,CUST2018,Saad Khan,2026-03-15,Tea,Grocery,2,521.13,1042.26,Multan,Bank Transfer
ORD04235,CUST0171,Huzaifa Ali,2025-10-01,Skin Cream,Beauty,5,4263.11,21315.55,Gujranwala,Bank Transfer
ORD04236,CUST0819,Hassan Ali,2025-01-25,Shampoo,Beauty,4,3489.89,13959.56,Lahore,JazzCash
ORD04237,CUST1734,Danish Ahmed,2025-06-08,Cricket Ball,Sports,6,1371.43,8228.58,Sialkot,Cash
ORD04238,CUST0534,Danish Ahmed,2025-02-08,Keyboard,Electronics,4,5296.83,21187.32,Sialkot,Bank Transfer
ORD04239,CUST2460,Hassan Ali,2025-01-22,Lipstick,Beauty,4,1833.84,7335.36,Rawalpindi,Debit Card
ORD04240,CUST0121,Maryam Ahmed,2025-09-08,Tea,Grocery,1,538.26,538.26,Sialkot,Bank Transfer
ORD04241,CUST0738,Maryam Ahmed,2025-03-03,Perfume,Beauty,5,16556.8,82784.0,Rawalpindi,Credit Card
ORD04242,CUST0383,Huzaifa Ali,2025-08-09,Laptop,Electronics,6,96274.51,577647.06,Multan,Cash
ORD04243,CUST0574,Ahmed Raza,2026-06-29,Tablet,Electronics,2,32802.28,65604.56,Peshawar,EasyPaisa
ORD04244,CUST2321,Ayesha Khan,2025-02-03,T-Shirt,Clothing,2,2343.63,4687.26,Lahore,Debit Card
ORD04245,CUST2115,Maham Raza,2025-08-11,Dinner Set,Home & Kitchen,8,8606.16,68849.28,Quetta,JazzCash
ORD04246,CUST1350,Zainab Ali,2025-10-05,Lipstick,Beauty,3,3597.42,10792.26,Rawalpindi,EasyPaisa
ORD04247,CUST0596,Omar Farooq,2026-05-13,Tablet,Electronics,3,105802.13,317406.39,Gujranwala,Credit Card
ORD04248,CUST2067,Zainab Ali,2025-04-11,Tea,Grocery,6,1066.76,6400.56,Islamabad,Debit Card
ORD04249,CUST2155,Usman Malik,2026-06-25,Vacuum Cleaner,Home & Kitchen,7,36016.71,252116.97,Multan,Debit Card
ORD04250,CUST1734,Danish Ahmed,2026-08-12,Perfume,Beauty,2,6764.37,13528.74,Multan,Debit Card
ORD04251,CUST1387,Ali Khan,2025-04-16,Vacuum Cleaner,Home & Kitchen,7,37581.36,263069.52,Faisalabad,EasyPaisa
ORD04252,CUST0125,Saad Khan,2025-11-30,Shampoo,Beauty,2,2297.09,4594.18,Sialkot,Credit Card
ORD04253,CUST0973,Zainab Ali,2025-02-12,Cricket Ball,Sports,5,1076.21,5381.05,Lahore,JazzCash
ORD04254,CUST2464,Omar Farooq,2025-12-27,Biscuits,Grocery,6,282.57,1695.42,Multan,Debit Card
ORD04255,CUST0550,Bilal Ahmed,2026-06-04,Skin Cream,Beauty,1,1034.55,1034.55,Quetta,JazzCash
ORD04256,CUST2020,Fatima Ahmed,2026-05-24,Air Fryer,Home & Kitchen,8,22281.65,178253.2,Multan,EasyPaisa
ORD04257,CUST0889,Saad Khan,2025-05-10,Jacket,Clothing,2,7974.21,15948.42,Quetta,Credit Card
ORD04258,CUST2442,Talha Malik,2026-05-10,Vacuum Cleaner,Home & Kitchen,4,41405.76,165623.04,Sialkot,Cash
ORD04259,CUST1492,Danish Ahmed,2025-12-05,Headphones,Electronics,5,4208.42,21042.1,Faisalabad,EasyPaisa
ORD04260,CUST1087,Hamza Shah,2026-04-18,Dinner Set,Home & Kitchen,7,15007.82,105054.74,Peshawar,JazzCash
ORD04261,CUST2002,Hamza Shah,2026-03-08,Jeans,Clothing,6,6905.34,41432.04,Islamabad,Debit Card
ORD04262,CUST1845,Sara Khan,2025-06-22,Dinner Set,Home & Kitchen,1,7535.95,7535.95,Quetta,Debit Card
ORD04263,CUST0627,Talha Malik,2025-06-08,Perfume,Beauty,2,9073.07,18146.14,Islamabad,Bank Transfer
ORD04264,CUST1507,Hamza Shah,2025-10-17,Sugar,Grocery,2,240.11,480.22,Rawalpindi,Debit Card
ORD04265,CUST1389,Sana Malik,2025-02-27,Headphones,Electronics,1,27426.06,27426.06,Multan,Debit Card
ORD04266,CUST1378,Maham Raza,2025-12-31,Face Wash,Beauty,6,2475.76,14854.56,Peshawar,Credit Card
ORD04267,CUST1528,Talha Malik,2025-07-28,Headphones,Electronics,4,29782.82,119131.28,Peshawar,JazzCash
ORD04268,CUST1236,Abdullah Raza,2025-01-08,Perfume,Beauty,6,12308.59,73851.54,Karachi,Cash
ORD04269,CUST0823,Usman Malik,2025-10-28,Lipstick,Beauty,1,3156.96,3156.96,Quetta,Cash
ORD04270,CUST0383,Abdullah Raza,2025-06-12,Air Fryer,Home & Kitchen,6,27651.33,165907.98,Quetta,EasyPaisa
ORD04271,CUST0994,Usman Malik,2025-02-17,Jeans,Clothing,7,5041.3,35289.1,Peshawar,Cash
ORD04272,CUST0361,Ahmed Raza,2025-01-26,Skin Cream,Beauty,6,4809.36,28856.16,Multan,Debit Card
ORD04273,CUST1514,Omar Farooq,2025-04-21,Face Wash,Beauty,2,1993.04,3986.08,Islamabad,Cash
ORD04274,CUST0778,Ayesha Khan,2026-09-18,Shoes,Clothing,1,9270.78,9270.78,Rawalpindi,EasyPaisa
ORD04275,CUST0010,Ayesha Khan,2025-07-09,Cooking Oil,Grocery,1,999.77,999.77,Gujranwala,EasyPaisa
ORD04276,CUST2181,Danish Ahmed,2026-07-28,Running Shoes,Sports,2,14893.96,29787.92,Rawalpindi,EasyPaisa
ORD04277,CUST0407,Sara Khan,2026-06-17,Air Fryer,Home & Kitchen,8,33909.61,271276.88,Quetta,JazzCash
ORD04278,CUST0033,Huzaifa Ali,2025-05-19,Cooking Oil,Grocery,5,1247.73,6238.65,Rawalpindi,Debit Card
ORD04279,CUST1782,Sana Malik,2026-02-19,Perfume,Beauty,3,5747.9,17243.7,Quetta,Debit Card
ORD04280,CUST1897,Huzaifa Ali,2025-09-21,Shoes,Clothing,1,9752.99,9752.99,Rawalpindi,Bank Transfer
ORD04281,CUST0982,Maryam Ahmed,2026-02-21,Shoes,Clothing,7,16183.96,113287.72,Sialkot,Bank Transfer
ORD04282,CUST1239,Fatima Ahmed,2026-03-31,Dinner Set,Home & Kitchen,8,5486.79,43894.32,Sialkot,EasyPaisa
ORD04283,CUST1254,Fatima Ahmed,2025-04-01,Jacket,Clothing,8,9434.39,75475.12,Peshawar,EasyPaisa
ORD04284,CUST0377,Zainab Ali,2025-09-13,Hoodie,Clothing,6,7124.53,42747.18,Multan,JazzCash
ORD04285,CUST1144,Ali Khan,2026-09-22,Tea,Grocery,4,888.24,3552.96,Islamabad,Bank Transfer
ORD04286,CUST2414,Hira Shah,2025-10-02,Biscuits,Grocery,7,239.75,1678.25,Peshawar,JazzCash
ORD04287,CUST0746,Bilal Ahmed,2026-07-05,Yoga Mat,Sports,2,1319.38,2638.76,Sialkot,Credit Card
ORD04288,CUST0761,Ahmed Raza,2025-05-21,Jeans,Clothing,8,4230.88,33847.04,Rawalpindi,JazzCash
ORD04289,CUST1585,Usman Malik,2025-02-24,Jeans,Clothing,5,5658.81,28294.05,Rawalpindi,EasyPaisa
ORD04290,CUST2054,Ayesha Khan,2026-05-23,Sugar,Grocery,6,379.98,2279.88,Lahore,Debit Card
ORD04291,CUST1636,Maham Raza,2026-04-06,Air Fryer,Home & Kitchen,6,25434.8,152608.8,Quetta,EasyPaisa
ORD04292,CUST1382,Usman Malik,2025-12-28,Biscuits,Grocery,1,219.25,219.25,Islamabad,JazzCash
ORD04293,CUST2465,Fatima Ahmed,2025-09-19,Running Shoes,Sports,5,17684.83,88424.15,Rawalpindi,JazzCash
ORD04294,CUST0440,Fatima Ahmed,2026-02-25,Jeans,Clothing,6,5534.8,33208.8,Peshawar,Debit Card
ORD04295,CUST0252,Sana Malik,2025-02-13,Jacket,Clothing,3,15194.91,45584.73,Islamabad,Cash
ORD04296,CUST0409,Maham Raza,2026-04-12,Yoga Mat,Sports,5,3156.47,15782.35,Islamabad,Cash
ORD04297,CUST2162,Maham Raza,2026-08-09,Jacket,Clothing,2,5159.51,10319.02,Lahore,Debit Card
ORD04298,CUST1297,Huzaifa Ali,2025-08-18,Tea,Grocery,4,864.61,3458.44,Multan,Cash
ORD04299,CUST0762,Abdullah Raza,2025-07-10,Perfume,Beauty,4,13453.39,53813.56,Gujranwala,JazzCash
ORD04300,CUST2007,Abdullah Raza,2025-07-10,Sugar,Grocery,4,327.55,1310.2,Lahore,Debit Card
ORD04301,CUST1648,Ahmed Raza,2025-01-02,Jeans,Clothing,2,3828.96,7657.92,Gujranwala,EasyPaisa
ORD04302,CUST1490,Bilal Ahmed,2025-02-09,Keyboard,Electronics,1,10146.48,10146.48,Islamabad,EasyPaisa
ORD04303,CUST2378,Sara Khan,2025-10-30,Smart Watch,Electronics,8,15690.85,125526.8,Multan,EasyPaisa
ORD04304,CUST0078,Hassan Ali,2026-04-30,Perfume,Beauty,3,8340.67,25022.01,Multan,EasyPaisa
ORD04305,CUST0883,Zainab Ali,2025-10-24,Lipstick,Beauty,2,834.89,1669.78,Gujranwala,Credit Card
ORD04306,CUST1963,Maham Raza,2026-05-11,Tablet,Electronics,1,114217.63,114217.63,Karachi,Credit Card
ORD04307,CUST0446,Hira Shah,2025-05-24,Headphones,Electronics,3,4612.29,13836.87,Gujranwala,EasyPaisa
ORD04308,CUST0452,Sana Malik,2026-04-16,Tea,Grocery,4,605.24,2420.96,Quetta,Credit Card
ORD04309,CUST0518,Maryam Ahmed,2026-09-17,T-Shirt,Clothing,2,2276.99,4553.98,Faisalabad,Credit Card
ORD04310,CUST1631,Ahmed Raza,2025-12-26,Smartphone,Electronics,7,89134.0,623938.0,Islamabad,Credit Card
ORD04311,CUST1392,Saad Khan,2025-12-31,Shoes,Clothing,7,4901.85,34312.95,Lahore,JazzCash
ORD04312,CUST0614,Sara Khan,2025-12-13,Jacket,Clothing,6,10351.65,62109.9,Quetta,Credit Card
ORD04313,CUST0590,Maryam Ahmed,2025-02-28,Keyboard,Electronics,8,4040.52,32324.16,Multan,Cash
ORD04314,CUST2253,Talha Malik,2026-03-24,Laptop,Electronics,6,230066.68,1380400.08,Lahore,JazzCash
ORD04315,CUST0729,Usman Malik,2025-03-14,Perfume,Beauty,2,8086.12,16172.24,Gujranwala,Cash
ORD04316,CUST0987,Maham Raza,2025-07-04,Sugar,Grocery,4,367.38,1469.52,Rawalpindi,EasyPaisa
ORD04317,CUST2170,Sana Malik,2025-10-07,Jeans,Clothing,6,2608.54,15651.24,Sialkot,Bank Transfer
ORD04318,CUST1938,Ahmed Raza,2025-12-05,Blender,Home & Kitchen,7,16321.35,114249.45,Quetta,EasyPaisa
ORD04319,CUST0931,Ahmed Raza,2026-06-25,Microwave,Home & Kitchen,2,22648.97,45297.94,Islamabad,Debit Card
ORD04320,CUST1370,Zainab Ali,2026-06-26,Shoes,Clothing,7,18034.89,126244.23,Karachi,EasyPaisa
ORD04321,CUST0266,Zainab Ali,2025-03-12,Smartphone,Electronics,5,136715.34,683576.7,Faisalabad,EasyPaisa
ORD04322,CUST2486,Ayesha Khan,2025-02-21,Perfume,Beauty,2,16133.51,32267.02,Rawalpindi,Debit Card
ORD04323,CUST0832,Ayesha Khan,2026-03-03,Tea,Grocery,4,951.06,3804.24,Lahore,Debit Card
ORD04324,CUST1907,Ahmed Raza,2025-07-18,Cereal,Grocery,5,1249.47,6247.35,Lahore,EasyPaisa
ORD04325,CUST1847,Maryam Ahmed,2025-08-27,Shampoo,Beauty,5,946.6,4733.0,Lahore,Bank Transfer
ORD04326,CUST1105,Maryam Ahmed,2025-01-11,Cricket Bat,Sports,8,5109.63,40877.04,Lahore,Cash
ORD04327,CUST0918,Omar Farooq,2026-07-20,Jacket,Clothing,3,13852.69,41558.07,Sialkot,Bank Transfer
ORD04328,CUST2168,Hamza Shah,2026-01-25,Rice,Grocery,6,496.99,2981.94,Quetta,JazzCash
ORD04329,CUST0387,Talha Malik,2026-09-11,Lipstick,Beauty,6,1812.42,10874.52,Rawalpindi,Bank Transfer
ORD04330,CUST1422,Maham Raza,2025-02-28,Face Wash,Beauty,2,576.32,1152.64,Sialkot,Cash
ORD04331,CUST0302,Talha Malik,2025-09-11,Biscuits,Grocery,4,242.27,969.08,Sialkot,Credit Card
ORD04332,CUST2467,Fatima Ahmed,2026-06-16,Tea,Grocery,1,879.22,879.22,Faisalabad,Cash
ORD04333,CUST0612,Zainab Ali,2025-12-30,Tea,Grocery,5,933.79,4668.95,Sialkot,Credit Card
ORD04334,CUST1511,Ali Khan,2026-01-27,Coffee Maker,Home & Kitchen,8,7493.45,59947.6,Sialkot,Debit Card
ORD04335,CUST1313,Sara Khan,2026-07-05,Cooking Oil,Grocery,8,1369.35,10954.8,Islamabad,Bank Transfer
ORD04336,CUST0107,Bilal Ahmed,2026-02-25,Cricket Bat,Sports,3,12903.67,38711.01,Peshawar,Bank Transfer
ORD04337,CUST0109,Danish Ahmed,2025-05-01,Laptop,Electronics,1,171000.34,171000.34,Rawalpindi,JazzCash
ORD04338,CUST0015,Huzaifa Ali,2026-08-09,Smart Watch,Electronics,5,30974.12,154870.6,Karachi,Bank Transfer
ORD04339,CUST2047,Hira Shah,2025-05-20,Rice,Grocery,4,276.94,1107.76,Islamabad,EasyPaisa
ORD04340,CUST2011,Talha Malik,2026-04-22,Tablet,Electronics,8,112906.67,903253.36,Lahore,Cash
ORD04341,CUST2075,Bilal Ahmed,2026-01-30,Vacuum Cleaner,Home & Kitchen,3,41490.13,124470.39,Karachi,Cash
ORD04342,CUST1778,Ali Khan,2025-11-10,Shampoo,Beauty,7,1837.73,12864.11,Quetta,JazzCash
ORD04343,CUST2306,Hamza Shah,2026-02-04,Jacket,Clothing,6,17464.57,104787.42,Sialkot,Credit Card
ORD04344,CUST1509,Hira Shah,2025-07-29,T-Shirt,Clothing,2,2545.58,5091.16,Rawalpindi,Bank Transfer
ORD04345,CUST0184,Ahmed Raza,2025-12-27,Lipstick,Beauty,3,3289.78,9869.34,Quetta,Debit Card
ORD04346,CUST1705,Talha Malik,2026-06-22,Headphones,Electronics,5,15341.83,76709.15,Rawalpindi,Debit Card
ORD04347,CUST2035,Fatima Ahmed,2026-05-17,Perfume,Beauty,2,12142.44,24284.88,Gujranwala,JazzCash
ORD04348,CUST1365,Huzaifa Ali,2026-01-18,Coffee Maker,Home & Kitchen,4,17375.92,69503.68,Faisalabad,Credit Card
ORD04349,CUST0727,Maham Raza,2025-05-08,Face Wash,Beauty,8,1432.11,11456.88,Islamabad,Cash
ORD04350,CUST1745,Abdullah Raza,2025-09-18,Smart Watch,Electronics,7,13005.88,91041.16,Karachi,Credit Card
ORD04351,CUST1722,Abdullah Raza,2026-08-06,Sugar,Grocery,2,177.98,355.96,Sialkot,Credit Card
ORD04352,CUST0313,Ayesha Khan,2025-08-06,Jacket,Clothing,1,7345.66,7345.66,Gujranwala,JazzCash
ORD04353,CUST0544,Saad Khan,2026-06-28,Face Wash,Beauty,7,599.01,4193.07,Quetta,Debit Card
ORD04354,CUST1735,Hassan Ali,2025-07-02,Jeans,Clothing,6,4641.26,27847.56,Lahore,Credit Card
ORD04355,CUST1967,Saad Khan,2025-09-17,Shampoo,Beauty,8,2849.1,22792.8,Karachi,Cash
ORD04356,CUST1509,Hamza Shah,2025-10-25,Hoodie,Clothing,4,3682.33,14729.32,Quetta,Credit Card
ORD04357,CUST0906,Usman Malik,2026-08-16,Face Wash,Beauty,3,2501.61,7504.83,Quetta,Bank Transfer
ORD04358,CUST2326,Fatima Ahmed,2025-09-08,Biscuits,Grocery,1,157.88,157.88,Quetta,Debit Card
ORD04359,CUST1977,Abdullah Raza,2026-05-22,Football,Sports,8,3555.73,28445.84,Karachi,JazzCash
ORD04360,CUST0868,Sana Malik,2025-11-05,Microwave,Home & Kitchen,3,20373.25,61119.75,Multan,Credit Card
ORD04361,CUST1354,Talha Malik,2025-03-12,Microwave,Home & Kitchen,2,34092.94,68185.88,Multan,Cash
ORD04362,CUST0206,Danish Ahmed,2025-06-11,Face Wash,Beauty,8,2749.83,21998.64,Faisalabad,EasyPaisa
ORD04363,CUST1529,Maryam Ahmed,2026-08-29,Keyboard,Electronics,7,9765.79,68360.53,Multan,JazzCash
ORD04364,CUST0412,Sara Khan,2026-08-14,Hoodie,Clothing,4,4424.37,17697.48,Gujranwala,JazzCash
ORD04365,CUST0068,Hira Shah,2025-11-29,Rice,Grocery,6,693.62,4161.72,Sialkot,Debit Card
ORD04366,CUST0435,Ahmed Raza,2025-09-30,Hoodie,Clothing,5,7324.12,36620.6,Karachi,Cash
ORD04367,CUST0791,Maham Raza,2025-09-24,Microwave,Home & Kitchen,8,45459.44,363675.52,Faisalabad,EasyPaisa
ORD04368,CUST2149,Usman Malik,2025-04-20,T-Shirt,Clothing,1,4699.13,4699.13,Gujranwala,EasyPaisa
ORD04369,CUST0638,Abdullah Raza,2025-08-08,Yoga Mat,Sports,2,3078.29,6156.58,Rawalpindi,Debit Card
ORD04370,CUST0318,Hamza Shah,2026-05-30,Tea,Grocery,5,489.12,2445.6,Karachi,Debit Card
ORD04371,CUST1877,Maham Raza,2025-11-03,Running Shoes,Sports,4,4789.26,19157.04,Peshawar,Cash
ORD04372,CUST0661,Hira Shah,2025-10-21,Football,Sports,7,7159.22,50114.54,Islamabad,Debit Card
ORD04373,CUST0729,Hamza Shah,2025-01-04,Air Fryer,Home & Kitchen,3,18528.14,55584.42,Rawalpindi,Debit Card
ORD04374,CUST1024,Abdullah Raza,2025-05-28,Cricket Ball,Sports,3,2086.09,6258.27,Faisalabad,Cash
ORD04375,CUST0939,Fatima Ahmed,2025-10-30,Rice,Grocery,4,662.91,2651.64,Peshawar,JazzCash
ORD04376,CUST1935,Ahmed Raza,2025-09-23,Mouse,Electronics,6,5294.4,31766.4,Lahore,JazzCash
ORD04377,CUST1809,Abdullah Raza,2025-02-22,Mouse,Electronics,2,6498.15,12996.3,Multan,Cash
ORD04378,CUST0350,Hassan Ali,2025-09-23,Cooking Oil,Grocery,2,837.3,1674.6,Lahore,Credit Card
ORD04379,CUST1636,Usman Malik,2025-12-13,Jacket,Clothing,8,12863.51,102908.08,Peshawar,EasyPaisa
ORD04380,CUST2166,Zainab Ali,2025-03-29,Smart Watch,Electronics,5,18497.4,92487.0,Faisalabad,Cash
ORD04381,CUST1474,Ali Khan,2026-02-06,Jeans,Clothing,7,6881.72,48172.04,Islamabad,EasyPaisa
ORD04382,CUST1766,Zainab Ali,2025-12-03,Dinner Set,Home & Kitchen,2,16801.99,33603.98,Gujranwala,Cash
ORD04383,CUST2248,Hassan Ali,2026-04-30,Cereal,Grocery,6,1073.89,6443.34,Sialkot,Cash
ORD04384,CUST0731,Hassan Ali,2026-08-30,Cricket Ball,Sports,5,855.36,4276.8,Karachi,EasyPaisa
ORD04385,CUST2337,Abdullah Raza,2025-06-13,Keyboard,Electronics,5,8698.52,43492.6,Sialkot,Debit Card
ORD04386,CUST0345,Omar Farooq,2025-01-08,Perfume,Beauty,5,7578.38,37891.9,Gujranwala,Debit Card
ORD04387,CUST0496,Sana Malik,2026-08-18,Running Shoes,Sports,4,22926.89,91707.56,Islamabad,JazzCash
ORD04388,CUST0126,Hamza Shah,2025-06-16,Microwave,Home & Kitchen,2,18183.09,36366.18,Quetta,Debit Card
ORD04389,CUST1786,Danish Ahmed,2025-11-11,Smartphone,Electronics,5,33004.37,165021.85,Gujranwala,EasyPaisa
ORD04390,CUST0304,Huzaifa Ali,2026-07-11,Lipstick,Beauty,5,1911.36,9556.8,Islamabad,JazzCash
ORD04391,CUST1340,Danish Ahmed,2026-04-14,Hoodie,Clothing,7,3434.68,24042.76,Karachi,JazzCash
ORD04392,CUST0784,Bilal Ahmed,2025-11-17,Air Fryer,Home & Kitchen,2,27958.52,55917.04,Karachi,EasyPaisa
ORD04393,CUST0253,Saad Khan,2025-07-15,Football,Sports,2,7300.8,14601.6,Multan,Credit Card
ORD04394,CUST1188,Hassan Ali,2025-08-30,T-Shirt,Clothing,3,2565.35,7696.05,Gujranwala,Debit Card
ORD04395,CUST1617,Hassan Ali,2025-09-15,Football,Sports,3,6227.23,18681.69,Peshawar,JazzCash
ORD04396,CUST0572,Zainab Ali,2025-01-11,Keyboard,Electronics,3,4048.31,12144.93,Rawalpindi,Debit Card
ORD04397,CUST1836,Talha Malik,2025-02-10,Jeans,Clothing,8,5989.83,47918.64,Peshawar,Cash
ORD04398,CUST2193,Talha Malik,2026-08-28,Microwave,Home & Kitchen,4,37810.54,151242.16,Peshawar,Bank Transfer
ORD04399,CUST0550,Usman Malik,2026-05-14,Sugar,Grocery,8,225.6,1804.8,Lahore,JazzCash
ORD04400,CUST0084,Ayesha Khan,2025-02-23,Cricket Ball,Sports,5,856.96,4284.8,Rawalpindi,Bank Transfer
ORD04401,CUST2451,Talha Malik,2025-01-20,Mouse,Electronics,2,3466.67,6933.34,Islamabad,Debit Card
ORD04402,CUST1419,Sana Malik,2026-03-19,Cooking Oil,Grocery,3,844.67,2534.01,Karachi,JazzCash
ORD04403,CUST0729,Talha Malik,2026-08-31,Yoga Mat,Sports,4,3963.05,15852.2,Peshawar,Bank Transfer
ORD04404,CUST0900,Huzaifa Ali,2025-07-09,Cricket Bat,Sports,6,15780.46,94682.76,Karachi,EasyPaisa
ORD04405,CUST0682,Maryam Ahmed,2025-07-16,Hoodie,Clothing,7,6824.19,47769.33,Gujranwala,Bank Transfer
ORD04406,CUST0740,Ayesha Khan,2025-10-08,Biscuits,Grocery,1,55.34,55.34,Multan,JazzCash
ORD04407,CUST0964,Usman Malik,2026-08-16,Cricket Bat,Sports,6,4739.61,28437.66,Karachi,Bank Transfer
ORD04408,CUST0784,Zainab Ali,2025-03-24,Cereal,Grocery,3,1036.46,3109.38,Rawalpindi,Debit Card
ORD04409,CUST1923,Ali Khan,2025-01-08,Running Shoes,Sports,6,19118.21,114709.26,Quetta,JazzCash
ORD04410,CUST1158,Abdullah Raza,2026-08-03,Blender,Home & Kitchen,5,14401.79,72008.95,Sialkot,EasyPaisa
ORD04411,CUST2067,Sara Khan,2026-01-22,Cooking Oil,Grocery,8,1282.24,10257.92,Peshawar,Credit Card
ORD04412,CUST2371,Maham Raza,2025-11-30,Smartphone,Electronics,1,109759.28,109759.28,Karachi,EasyPaisa
ORD04413,CUST0702,Hassan Ali,2025-10-12,Dinner Set,Home & Kitchen,6,8471.58,50829.48,Multan,EasyPaisa
ORD04414,CUST1342,Danish Ahmed,2025-02-05,Air Fryer,Home & Kitchen,4,14318.9,57275.6,Karachi,Debit Card
ORD04415,CUST0450,Hamza Shah,2025-12-29,Blender,Home & Kitchen,4,12563.86,50255.44,Lahore,EasyPaisa
ORD04416,CUST1757,Ayesha Khan,2025-08-24,Sugar,Grocery,2,227.16,454.32,Peshawar,Debit Card
ORD04417,CUST1032,Usman Malik,2025-02-01,Yoga Mat,Sports,6,1049.08,6294.48,Quetta,Credit Card
ORD04418,CUST1720,Talha Malik,2025-05-18,Cooking Oil,Grocery,5,640.67,3203.35,Gujranwala,JazzCash
ORD04419,CUST2233,Hamza Shah,2025-08-10,Keyboard,Electronics,3,3586.58,10759.74,Islamabad,EasyPaisa
ORD04420,CUST1259,Maryam Ahmed,2025-12-28,Headphones,Electronics,4,4236.03,16944.12,Multan,Credit Card
ORD04421,CUST2382,Sara Khan,2025-11-21,Laptop,Electronics,8,232568.43,1860547.44,Rawalpindi,JazzCash
ORD04422,CUST0431,Ali Khan,2025-09-02,T-Shirt,Clothing,4,1533.18,6132.72,Gujranwala,EasyPaisa
ORD04423,CUST1370,Abdullah Raza,2026-03-19,Cooking Oil,Grocery,1,1473.99,1473.99,Faisalabad,Bank Transfer
ORD04424,CUST0077,Ayesha Khan,2026-06-06,Laptop,Electronics,2,112277.75,224555.5,Peshawar,Debit Card
ORD04425,CUST0529,Usman Malik,2025-02-15,Shampoo,Beauty,1,2674.26,2674.26,Gujranwala,Credit Card
ORD04426,CUST0358,Maryam Ahmed,2026-07-12,Blender,Home & Kitchen,1,14183.48,14183.48,Lahore,Credit Card
ORD04427,CUST2254,Talha Malik,2026-03-11,Shampoo,Beauty,2,3420.29,6840.58,Gujranwala,JazzCash
ORD04428,CUST2327,Danish Ahmed,2025-10-16,Cricket Bat,Sports,2,7041.77,14083.54,Sialkot,JazzCash
ORD04429,CUST0769,Sana Malik,2025-10-14,Smartphone,Electronics,1,128034.68,128034.68,Quetta,Debit Card
ORD04430,CUST0178,Sara Khan,2025-04-17,Jeans,Clothing,3,4494.11,13482.33,Multan,Cash
ORD04431,CUST0269,Ali Khan,2025-01-02,Mouse,Electronics,7,949.84,6648.88,Faisalabad,Cash
ORD04432,CUST1865,Abdullah Raza,2025-12-08,T-Shirt,Clothing,6,2090.77,12544.62,Faisalabad,Credit Card
ORD04433,CUST0951,Danish Ahmed,2025-05-11,Keyboard,Electronics,3,6459.76,19379.28,Multan,JazzCash
ORD04434,CUST1548,Usman Malik,2026-05-16,Running Shoes,Sports,2,6740.01,13480.02,Gujranwala,EasyPaisa
ORD04435,CUST1735,Talha Malik,2026-05-18,Skin Cream,Beauty,8,3083.56,24668.48,Quetta,Debit Card
ORD04436,CUST0528,Omar Farooq,2025-03-20,Smartphone,Electronics,8,102515.66,820125.28,Sialkot,EasyPaisa
ORD04437,CUST1870,Hassan Ali,2026-09-22,Smart Watch,Electronics,4,43838.46,175353.84,Lahore,Debit Card
ORD04438,CUST0479,Abdullah Raza,2026-01-05,Lipstick,Beauty,5,1286.89,6434.45,Faisalabad,Debit Card
ORD04439,CUST0915,Fatima Ahmed,2026-04-13,Vacuum Cleaner,Home & Kitchen,2,37558.11,75116.22,Karachi,EasyPaisa
ORD04440,CUST0165,Ayesha Khan,2025-11-16,Perfume,Beauty,7,11226.05,78582.35,Karachi,Debit Card
ORD04441,CUST0435,Huzaifa Ali,2026-08-06,Tea,Grocery,4,759.0,3036.0,Multan,Credit Card
ORD04442,CUST1143,Sana Malik,2026-01-06,Running Shoes,Sports,1,19126.15,19126.15,Sialkot,Credit Card
ORD04443,CUST1296,Fatima Ahmed,2026-08-01,Hoodie,Clothing,2,3870.25,7740.5,Lahore,JazzCash
ORD04444,CUST0035,Bilal Ahmed,2026-04-13,Hoodie,Clothing,7,4855.1,33985.7,Lahore,Bank Transfer
ORD04445,CUST1879,Huzaifa Ali,2025-07-21,Cereal,Grocery,6,482.17,2893.02,Faisalabad,Credit Card
ORD04446,CUST1379,Ayesha Khan,2025-12-23,Keyboard,Electronics,6,10900.93,65405.58,Multan,Debit Card
ORD04447,CUST1917,Saad Khan,2026-04-12,Blender,Home & Kitchen,7,10852.28,75965.96,Gujranwala,EasyPaisa
ORD04448,CUST0129,Ahmed Raza,2025-04-19,Face Wash,Beauty,3,2110.86,6332.58,Quetta,Credit Card
ORD04449,CUST1272,Talha Malik,2026-09-26,Football,Sports,1,7516.18,7516.18,Karachi,Cash
ORD04450,CUST2015,Huzaifa Ali,2026-01-11,Jacket,Clothing,8,9635.45,77083.6,Lahore,Debit Card
ORD04451,CUST1752,Sara Khan,2026-07-20,Laptop,Electronics,5,241461.57,1207307.85,Quetta,Cash
ORD04452,CUST1776,Bilal Ahmed,2025-06-02,Lipstick,Beauty,5,1399.89,6999.45,Faisalabad,Debit Card
ORD04453,CUST0337,Hamza Shah,2026-04-27,Rice,Grocery,7,632.64,4428.48,Lahore,Cash
ORD04454,CUST0993,Hassan Ali,2025-08-25,Lipstick,Beauty,1,2131.7,2131.7,Multan,JazzCash
ORD04455,CUST0120,Maryam Ahmed,2025-08-18,Keyboard,Electronics,5,4495.29,22476.45,Rawalpindi,Credit Card
ORD04456,CUST2461,Ahmed Raza,2025-09-20,Coffee Maker,Home & Kitchen,8,22166.36,177330.88,Rawalpindi,Bank Transfer
ORD04457,CUST0415,Maryam Ahmed,2026-06-10,Tablet,Electronics,4,99809.49,399237.96,Quetta,EasyPaisa
ORD04458,CUST1655,Abdullah Raza,2025-09-25,Skin Cream,Beauty,3,4714.04,14142.12,Islamabad,Debit Card
ORD04459,CUST0785,Ahmed Raza,2025-04-18,Rice,Grocery,2,405.38,810.76,Karachi,EasyPaisa
ORD04460,CUST1083,Maham Raza,2025-03-27,Tea,Grocery,4,520.55,2082.2,Peshawar,Debit Card
ORD04461,CUST1505,Danish Ahmed,2026-04-20,Smart Watch,Electronics,3,36485.66,109456.98,Karachi,JazzCash
ORD04462,CUST1110,Omar Farooq,2026-04-17,Laptop,Electronics,4,114231.49,456925.96,Islamabad,Debit Card
ORD04463,CUST0861,Hira Shah,2025-12-05,Cereal,Grocery,1,915.9,915.9,Islamabad,Debit Card
ORD04464,CUST0300,Zainab Ali,2025-05-07,Keyboard,Electronics,4,8553.42,34213.68,Faisalabad,Cash
ORD04465,CUST0114,Hira Shah,2025-05-21,Football,Sports,1,2238.03,2238.03,Lahore,JazzCash
ORD04466,CUST0136,Maham Raza,2025-02-24,Smartphone,Electronics,4,139235.83,556943.32,Islamabad,Credit Card
ORD04467,CUST1793,Ayesha Khan,2026-03-11,Keyboard,Electronics,3,4747.57,14242.71,Multan,Credit Card
ORD04468,CUST0492,Hamza Shah,2026-03-11,Shampoo,Beauty,6,2542.35,15254.1,Peshawar,Cash
ORD04469,CUST0581,Sara Khan,2025-10-04,Cricket Ball,Sports,5,1836.15,9180.75,Karachi,EasyPaisa
ORD04470,CUST2193,Bilal Ahmed,2025-11-21,Air Fryer,Home & Kitchen,8,19235.42,153883.36,Peshawar,EasyPaisa
ORD04471,CUST2378,Sana Malik,2025-10-04,Hoodie,Clothing,2,5265.58,10531.16,Lahore,Credit Card
ORD04472,CUST0943,Maham Raza,2026-08-31,Jeans,Clothing,6,3766.55,22599.3,Gujranwala,Cash
ORD04473,CUST2081,Saad Khan,2025-06-25,Cricket Bat,Sports,6,23878.14,143268.84,Lahore,Debit Card
ORD04474,CUST2083,Usman Malik,2026-05-25,Mouse,Electronics,1,4370.03,4370.03,Sialkot,Bank Transfer
ORD04475,CUST1208,Bilal Ahmed,2025-09-23,Running Shoes,Sports,6,20974.2,125845.2,Multan,Credit Card
ORD04476,CUST1977,Fatima Ahmed,2026-05-16,Vacuum Cleaner,Home & Kitchen,8,46555.44,372443.52,Faisalabad,Debit Card
ORD04477,CUST1254,Sara Khan,2025-02-04,Lipstick,Beauty,4,1425.9,5703.6,Faisalabad,Cash
ORD04478,CUST1220,Huzaifa Ali,2026-02-04,Headphones,Electronics,3,2739.5,8218.5,Peshawar,Credit Card
ORD04479,CUST2036,Maryam Ahmed,2025-08-01,Running Shoes,Sports,6,11647.24,69883.44,Sialkot,Credit Card
ORD04480,CUST0085,Abdullah Raza,2026-01-24,Shampoo,Beauty,5,3219.32,16096.6,Karachi,Credit Card
ORD04481,CUST1917,Hassan Ali,2025-01-25,Laptop,Electronics,5,229471.53,1147357.65,Multan,Debit Card
ORD04482,CUST0380,Sara Khan,2025-02-14,Vacuum Cleaner,Home & Kitchen,7,23915.2,167406.4,Lahore,EasyPaisa
ORD04483,CUST0128,Maryam Ahmed,2026-04-25,Face Wash,Beauty,5,853.34,4266.7,Sialkot,Credit Card
ORD04484,CUST1216,Omar Farooq,2026-05-04,Cooking Oil,Grocery,2,860.57,1721.14,Karachi,Bank Transfer
ORD04485,CUST0947,Abdullah Raza,2025-03-02,Rice,Grocery,6,369.68,2218.08,Faisalabad,Credit Card
ORD04486,CUST0634,Maryam Ahmed,2025-10-01,Yoga Mat,Sports,5,3542.58,17712.9,Gujranwala,EasyPaisa
ORD04487,CUST0372,Talha Malik,2026-03-14,Microwave,Home & Kitchen,4,39941.73,159766.92,Sialkot,Debit Card
ORD04488,CUST2477,Maham Raza,2025-11-10,Lipstick,Beauty,6,3040.68,18244.08,Sialkot,Debit Card
ORD04489,CUST1838,Omar Farooq,2025-06-27,Cereal,Grocery,2,957.78,1915.56,Karachi,JazzCash
ORD04490,CUST0437,Saad Khan,2026-03-26,Cricket Ball,Sports,3,1862.11,5586.33,Rawalpindi,Credit Card
ORD04491,CUST2457,Omar Farooq,2025-08-07,Jacket,Clothing,3,16631.29,49893.87,Peshawar,Bank Transfer
ORD04492,CUST1109,Ali Khan,2026-02-23,Shoes,Clothing,8,11524.18,92193.44,Faisalabad,Cash
ORD04493,CUST0407,Usman Malik,2026-01-11,Vacuum Cleaner,Home & Kitchen,6,56535.7,339214.2,Islamabad,EasyPaisa
ORD04494,CUST1435,Ali Khan,2025-01-17,Cooking Oil,Grocery,2,1004.64,2009.28,Islamabad,Bank Transfer
ORD04495,CUST1954,Sana Malik,2025-02-08,Hoodie,Clothing,3,7888.44,23665.32,Multan,EasyPaisa
ORD04496,CUST1721,Talha Malik,2026-03-29,Microwave,Home & Kitchen,3,43380.53,130141.59,Quetta,Debit Card
ORD04497,CUST0889,Ayesha Khan,2025-09-29,Jeans,Clothing,6,6562.18,39373.08,Quetta,Credit Card
ORD04498,CUST1714,Abdullah Raza,2026-09-15,Cricket Bat,Sports,4,18739.93,74959.72,Islamabad,Cash
ORD04499,CUST0006,Talha Malik,2026-01-24,Blender,Home & Kitchen,3,5533.84,16601.52,Quetta,Credit Card
ORD04500,CUST1579,Abdullah Raza,2026-06-19,Tablet,Electronics,5,39371.0,196855.0,Peshawar,Debit Card
ORD04501,CUST1019,Hamza Shah,2026-05-03,Shoes,Clothing,6,4502.23,27013.38,Lahore,Debit Card
ORD04502,CUST2278,Maryam Ahmed,2025-03-09,T-Shirt,Clothing,4,3329.2,13316.8,Rawalpindi,Cash
ORD04503,CUST0859,Ayesha Khan,2026-05-03,Yoga Mat,Sports,1,5940.72,5940.72,Quetta,JazzCash
ORD04504,CUST1128,Usman Malik,2025-07-17,T-Shirt,Clothing,8,4933.14,39465.12,Faisalabad,EasyPaisa
ORD04505,CUST1529,Danish Ahmed,2026-04-10,Blender,Home & Kitchen,3,16618.41,49855.23,Lahore,EasyPaisa
ORD04506,CUST2489,Ahmed Raza,2025-01-01,Shoes,Clothing,1,14970.43,14970.43,Quetta,Credit Card
ORD04507,CUST0642,Hamza Shah,2025-03-29,T-Shirt,Clothing,8,3330.95,26647.6,Gujranwala,EasyPaisa
ORD04508,CUST1694,Ahmed Raza,2026-08-07,Air Fryer,Home & Kitchen,6,16139.72,96838.32,Islamabad,Credit Card
ORD04509,CUST0471,Maryam Ahmed,2025-12-26,T-Shirt,Clothing,8,4288.87,34310.96,Multan,JazzCash
ORD04510,CUST2257,Saad Khan,2025-01-15,Perfume,Beauty,4,5959.76,23839.04,Gujranwala,Cash
ORD04511,CUST1905,Zainab Ali,2025-03-10,Rice,Grocery,5,737.29,3686.45,Lahore,Credit Card
ORD04512,CUST0193,Maryam Ahmed,2025-01-25,Cricket Ball,Sports,4,743.53,2974.12,Gujranwala,Bank Transfer
ORD04513,CUST1985,Zainab Ali,2026-06-13,Lipstick,Beauty,6,2227.69,13366.14,Multan,Bank Transfer
ORD04514,CUST1388,Abdullah Raza,2026-08-25,Shampoo,Beauty,1,3353.53,3353.53,Karachi,Debit Card
ORD04515,CUST1017,Hira Shah,2025-06-30,Blender,Home & Kitchen,8,8856.79,70854.32,Peshawar,EasyPaisa
ORD04516,CUST2055,Sara Khan,2025-07-02,Vacuum Cleaner,Home & Kitchen,8,32700.57,261604.56,Multan,Cash
ORD04517,CUST1264,Ayesha Khan,2025-02-10,Perfume,Beauty,3,7540.57,22621.71,Gujranwala,Debit Card
ORD04518,CUST0599,Hamza Shah,2026-02-15,Cricket Ball,Sports,5,2326.61,11633.05,Quetta,JazzCash
ORD04519,CUST0825,Abdullah Raza,2026-09-12,Vacuum Cleaner,Home & Kitchen,5,23702.05,118510.25,Faisalabad,Cash
ORD04520,CUST1051,Ahmed Raza,2026-04-05,Cereal,Grocery,7,1227.37,8591.59,Quetta,EasyPaisa
ORD04521,CUST2093,Maham Raza,2026-08-01,Yoga Mat,Sports,7,4360.08,30520.56,Gujranwala,Debit Card
ORD04522,CUST1620,Sara Khan,2025-02-25,Tea,Grocery,2,858.53,1717.06,Quetta,Bank Transfer
ORD04523,CUST1834,Danish Ahmed,2026-06-01,Shoes,Clothing,2,9373.33,18746.66,Rawalpindi,Bank Transfer
ORD04524,CUST1862,Talha Malik,2025-08-10,Lipstick,Beauty,6,2382.91,14297.46,Lahore,Cash
ORD04525,CUST1090,Maham Raza,2026-03-18,Jacket,Clothing,2,12049.87,24099.74,Sialkot,EasyPaisa
ORD04526,CUST0060,Fatima Ahmed,2026-07-14,Jacket,Clothing,8,17750.47,142003.76,Quetta,Cash
ORD04527,CUST1412,Usman Malik,2026-02-03,Blender,Home & Kitchen,4,11272.15,45088.6,Gujranwala,JazzCash
ORD04528,CUST2415,Bilal Ahmed,2026-03-19,Coffee Maker,Home & Kitchen,3,25086.47,75259.41,Lahore,Credit Card
ORD04529,CUST2033,Hamza Shah,2025-12-17,Cricket Bat,Sports,4,13331.7,53326.8,Islamabad,Debit Card
ORD04530,CUST1021,Ali Khan,2025-06-08,Sugar,Grocery,2,397.56,795.12,Lahore,EasyPaisa
ORD04531,CUST0472,Maham Raza,2026-08-25,Coffee Maker,Home & Kitchen,6,22173.83,133042.98,Rawalpindi,Credit Card
ORD04532,CUST0081,Ali Khan,2026-01-25,Cricket Ball,Sports,7,863.26,6042.82,Sialkot,EasyPaisa
ORD04533,CUST2203,Omar Farooq,2026-05-18,Football,Sports,6,7190.5,43143.0,Peshawar,Bank Transfer
ORD04534,CUST0829,Fatima Ahmed,2025-02-01,Perfume,Beauty,4,14711.21,58844.84,Karachi,Credit Card
ORD04535,CUST2410,Saad Khan,2025-05-09,Running Shoes,Sports,4,11105.93,44423.72,Multan,JazzCash
ORD04536,CUST0114,Talha Malik,2026-03-28,Yoga Mat,Sports,8,2334.84,18678.72,Lahore,JazzCash
ORD04537,CUST1139,Ayesha Khan,2025-04-12,Laptop,Electronics,7,159769.54,1118386.78,Rawalpindi,JazzCash
ORD04538,CUST1266,Sana Malik,2026-05-15,Laptop,Electronics,2,211108.13,422216.26,Rawalpindi,JazzCash
ORD04539,CUST2064,Maryam Ahmed,2025-09-02,Lipstick,Beauty,7,788.57,5519.99,Peshawar,Credit Card
ORD04540,CUST0026,Zainab Ali,2025-11-05,Tablet,Electronics,8,109203.51,873628.08,Faisalabad,Debit Card
ORD04541,CUST2209,Talha Malik,2025-10-25,Lipstick,Beauty,3,2001.79,6005.37,Faisalabad,Cash
ORD04542,CUST0261,Fatima Ahmed,2025-08-28,Microwave,Home & Kitchen,6,33649.05,201894.3,Karachi,Bank Transfer
ORD04543,CUST1714,Omar Farooq,2025-06-27,Yoga Mat,Sports,8,3515.57,28124.56,Faisalabad,Bank Transfer
ORD04544,CUST0840,Ayesha Khan,2025-05-20,Face Wash,Beauty,3,705.39,2116.17,Sialkot,EasyPaisa
ORD04545,CUST1889,Hamza Shah,2025-01-15,Face Wash,Beauty,1,806.68,806.68,Rawalpindi,Credit Card
ORD04546,CUST1060,Maham Raza,2026-06-08,Football,Sports,5,3381.54,16907.7,Peshawar,JazzCash
ORD04547,CUST1904,Hira Shah,2025-04-24,Rice,Grocery,5,449.86,2249.3,Peshawar,Cash
ORD04548,CUST0347,Hamza Shah,2026-08-14,Air Fryer,Home & Kitchen,4,21606.86,86427.44,Peshawar,Bank Transfer
ORD04549,CUST1844,Hira Shah,2026-05-19,Cricket Ball,Sports,7,1241.17,8688.19,Multan,JazzCash
ORD04550,CUST1615,Ahmed Raza,2026-05-08,Running Shoes,Sports,5,12082.2,60411.0,Gujranwala,Debit Card
ORD04551,CUST2401,Sara Khan,2025-05-24,T-Shirt,Clothing,6,3100.51,18603.06,Faisalabad,Debit Card
ORD04552,CUST1178,Abdullah Raza,2025-03-05,Microwave,Home & Kitchen,6,20259.51,121557.06,Sialkot,EasyPaisa
ORD04553,CUST1918,Maham Raza,2025-05-28,Lipstick,Beauty,8,2352.27,18818.16,Faisalabad,Bank Transfer
ORD04554,CUST2270,Maham Raza,2025-03-20,Microwave,Home & Kitchen,7,23331.56,163320.92,Lahore,JazzCash
ORD04555,CUST2156,Sara Khan,2025-08-26,Face Wash,Beauty,8,1987.28,15898.24,Faisalabad,Cash
ORD04556,CUST1700,Sara Khan,2025-11-09,Headphones,Electronics,3,24511.17,73533.51,Rawalpindi,EasyPaisa
ORD04557,CUST1013,Ahmed Raza,2025-09-21,Smartphone,Electronics,2,50145.2,100290.4,Rawalpindi,Cash
ORD04558,CUST0082,Usman Malik,2025-09-05,Face Wash,Beauty,4,2999.56,11998.24,Karachi,Cash
ORD04559,CUST1031,Saad Khan,2025-12-29,Shampoo,Beauty,7,2538.89,17772.23,Gujranwala,Debit Card
ORD04560,CUST1186,Maham Raza,2025-05-17,Dinner Set,Home & Kitchen,6,11970.44,71822.64,Islamabad,EasyPaisa
ORD04561,CUST1688,Danish Ahmed,2025-07-17,Rice,Grocery,5,438.98,2194.9,Quetta,Debit Card
ORD04562,CUST0299,Maryam Ahmed,2025-11-21,Coffee Maker,Home & Kitchen,4,23272.76,93091.04,Sialkot,EasyPaisa
ORD04563,CUST1345,Maham Raza,2025-09-05,Hoodie,Clothing,2,5922.07,11844.14,Peshawar,JazzCash
ORD04564,CUST2223,Abdullah Raza,2025-07-28,Lipstick,Beauty,4,3906.82,15627.28,Multan,Bank Transfer
ORD04565,CUST1901,Huzaifa Ali,2025-03-11,Yoga Mat,Sports,5,3186.82,15934.1,Islamabad,Debit Card
ORD04566,CUST2389,Hamza Shah,2026-09-07,Running Shoes,Sports,2,22983.12,45966.24,Peshawar,Credit Card
ORD04567,CUST1725,Hassan Ali,2026-04-27,Coffee Maker,Home & Kitchen,5,28488.24,142441.2,Sialkot,Credit Card
ORD04568,CUST1768,Saad Khan,2025-05-21,Cereal,Grocery,5,1429.44,7147.2,Multan,Cash
ORD04569,CUST2313,Danish Ahmed,2026-05-08,Biscuits,Grocery,7,164.39,1150.73,Lahore,Cash
ORD04570,CUST2486,Ahmed Raza,2025-03-20,Smartphone,Electronics,8,126521.74,1012173.92,Sialkot,Debit Card
ORD04571,CUST1861,Hassan Ali,2026-07-07,Cricket Bat,Sports,4,21407.06,85628.24,Karachi,Credit Card
ORD04572,CUST2344,Ahmed Raza,2025-03-19,Mouse,Electronics,6,6995.28,41971.68,Faisalabad,Debit Card
ORD04573,CUST1709,Hassan Ali,2025-10-05,Running Shoes,Sports,5,7601.96,38009.8,Islamabad,Cash
ORD04574,CUST0966,Danish Ahmed,2025-08-11,Headphones,Electronics,7,11756.0,82292.0,Rawalpindi,Bank Transfer
ORD04575,CUST0539,Hira Shah,2025-07-13,Blender,Home & Kitchen,5,11785.01,58925.05,Islamabad,Debit Card
ORD04576,CUST0963,Ahmed Raza,2025-01-15,Hoodie,Clothing,5,3185.08,15925.4,Quetta,Debit Card
ORD04577,CUST1121,Hassan Ali,2025-03-09,Dinner Set,Home & Kitchen,5,16107.48,80537.4,Lahore,Credit Card
ORD04578,CUST1999,Fatima Ahmed,2025-02-20,Dinner Set,Home & Kitchen,6,8760.41,52562.46,Multan,Cash
ORD04579,CUST2112,Ahmed Raza,2025-07-08,Yoga Mat,Sports,4,2061.79,8247.16,Sialkot,Bank Transfer
ORD04580,CUST1086,Fatima Ahmed,2025-05-24,Skin Cream,Beauty,1,4102.23,4102.23,Lahore,Debit Card
ORD04581,CUST1984,Hamza Shah,2026-04-25,T-Shirt,Clothing,1,1291.38,1291.38,Gujranwala,Credit Card
ORD04582,CUST2003,Talha Malik,2025-05-13,Jacket,Clothing,4,13836.46,55345.84,Rawalpindi,JazzCash
ORD04583,CUST0266,Maryam Ahmed,2026-02-12,Tea,Grocery,8,608.83,4870.64,Islamabad,JazzCash
ORD04584,CUST1270,Huzaifa Ali,2025-11-25,Coffee Maker,Home & Kitchen,6,28781.31,172687.86,Karachi,Debit Card
ORD04585,CUST1754,Hamza Shah,2026-02-21,Rice,Grocery,7,348.85,2441.95,Multan,Bank Transfer
ORD04586,CUST1091,Hassan Ali,2026-09-14,Hoodie,Clothing,3,4128.67,12386.01,Quetta,Bank Transfer
ORD04587,CUST0242,Hamza Shah,2025-12-21,Mouse,Electronics,2,1799.62,3599.24,Rawalpindi,Debit Card
ORD04588,CUST1936,Danish Ahmed,2025-06-11,Jeans,Clothing,7,6201.06,43407.42,Gujranwala,EasyPaisa
ORD04589,CUST1939,Omar Farooq,2026-04-03,Cricket Ball,Sports,5,1508.49,7542.45,Rawalpindi,Bank Transfer
ORD04590,CUST1843,Hamza Shah,2025-08-15,Perfume,Beauty,1,17048.56,17048.56,Sialkot,Cash
ORD04591,CUST1486,Zainab Ali,2026-08-04,Shoes,Clothing,4,10626.02,42504.08,Quetta,Bank Transfer
ORD04592,CUST1727,Hassan Ali,2025-04-02,Tablet,Electronics,2,100204.12,200408.24,Islamabad,Cash
ORD04593,CUST0364,Ahmed Raza,2026-09-05,Running Shoes,Sports,6,21983.87,131903.22,Lahore,Bank Transfer
ORD04594,CUST1607,Fatima Ahmed,2025-08-09,Air Fryer,Home & Kitchen,5,16360.56,81802.8,Faisalabad,Debit Card
ORD04595,CUST0381,Fatima Ahmed,2026-08-26,Jeans,Clothing,7,7366.87,51568.09,Islamabad,Credit Card
ORD04596,CUST0677,Maryam Ahmed,2025-06-03,Football,Sports,8,5605.01,44840.08,Peshawar,Bank Transfer
ORD04597,CUST0193,Saad Khan,2026-06-05,Face Wash,Beauty,8,1297.85,10382.8,Quetta,EasyPaisa
ORD04598,CUST0895,Omar Farooq,2026-09-09,Vacuum Cleaner,Home & Kitchen,1,36708.17,36708.17,Gujranwala,Debit Card
ORD04599,CUST1733,Omar Farooq,2025-03-03,T-Shirt,Clothing,1,1254.21,1254.21,Islamabad,Debit Card
ORD04600,CUST1355,Sana Malik,2026-04-02,Lipstick,Beauty,8,2758.86,22070.88,Peshawar,Debit Card
ORD04601,CUST1266,Maryam Ahmed,2026-07-21,Lipstick,Beauty,3,922.08,2766.24,Lahore,Credit Card
ORD04602,CUST0753,Sana Malik,2025-08-14,Air Fryer,Home & Kitchen,4,30478.78,121915.12,Peshawar,Debit Card
ORD04603,CUST1369,Sana Malik,2025-03-08,Running Shoes,Sports,5,21969.08,109845.4,Peshawar,Bank Transfer
ORD04604,CUST0836,Zainab Ali,2026-05-22,Jacket,Clothing,6,5695.22,34171.32,Karachi,EasyPaisa
ORD04605,CUST2331,Hira Shah,2026-02-10,Blender,Home & Kitchen,8,15238.9,121911.2,Multan,Bank Transfer
ORD04606,CUST1687,Ali Khan,2025-12-02,Shampoo,Beauty,7,3248.05,22736.35,Lahore,Bank Transfer
ORD04607,CUST0747,Abdullah Raza,2025-06-07,Jeans,Clothing,6,5410.07,32460.42,Peshawar,Bank Transfer
ORD04608,CUST0036,Abdullah Raza,2025-04-01,Dinner Set,Home & Kitchen,3,8100.59,24301.77,Islamabad,Credit Card
ORD04609,CUST1447,Talha Malik,2025-12-13,Jacket,Clothing,5,5296.14,26480.7,Sialkot,Bank Transfer
ORD04610,CUST1986,Hira Shah,2025-08-24,Vacuum Cleaner,Home & Kitchen,3,23908.21,71724.63,Peshawar,Cash
ORD04611,CUST0877,Ahmed Raza,2025-11-11,Blender,Home & Kitchen,7,8701.62,60911.34,Islamabad,EasyPaisa
ORD04612,CUST0636,Hassan Ali,2026-05-14,Rice,Grocery,4,549.82,2199.28,Sialkot,EasyPaisa
ORD04613,CUST0609,Sana Malik,2026-01-06,T-Shirt,Clothing,4,1261.34,5045.36,Rawalpindi,EasyPaisa
ORD04614,CUST0357,Sana Malik,2025-02-03,Jeans,Clothing,6,6447.81,38686.86,Sialkot,JazzCash
ORD04615,CUST2424,Zainab Ali,2026-03-19,Hoodie,Clothing,8,4452.25,35618.0,Rawalpindi,EasyPaisa
ORD04616,CUST2044,Hira Shah,2025-10-29,Smart Watch,Electronics,4,23713.51,94854.04,Quetta,Bank Transfer
ORD04617,CUST0639,Sana Malik,2026-06-02,Perfume,Beauty,8,3380.21,27041.68,Faisalabad,JazzCash
ORD04618,CUST0910,Sara Khan,2026-07-30,Sugar,Grocery,5,244.32,1221.6,Lahore,Bank Transfer
ORD04619,CUST0651,Maham Raza,2026-06-02,Shampoo,Beauty,7,1210.05,8470.35,Lahore,EasyPaisa
ORD04620,CUST0677,Abdullah Raza,2026-03-14,Air Fryer,Home & Kitchen,6,25323.47,151940.82,Quetta,Credit Card
ORD04621,CUST0585,Zainab Ali,2025-08-04,Sugar,Grocery,3,291.39,874.17,Quetta,Bank Transfer
ORD04622,CUST2214,Danish Ahmed,2026-02-27,Shoes,Clothing,5,8391.05,41955.25,Islamabad,JazzCash
ORD04623,CUST0789,Ayesha Khan,2025-07-01,Keyboard,Electronics,8,8661.25,69290.0,Faisalabad,Bank Transfer
ORD04624,CUST1448,Hamza Shah,2025-02-17,Coffee Maker,Home & Kitchen,2,16572.31,33144.62,Faisalabad,EasyPaisa
ORD04625,CUST2103,Hira Shah,2026-01-23,Running Shoes,Sports,1,5825.62,5825.62,Islamabad,EasyPaisa
ORD04626,CUST0694,Fatima Ahmed,2026-09-23,Lipstick,Beauty,8,3152.13,25217.04,Faisalabad,EasyPaisa
ORD04627,CUST2131,Sara Khan,2025-03-27,Blender,Home & Kitchen,6,14800.85,88805.1,Sialkot,Bank Transfer
ORD04628,CUST1119,Ahmed Raza,2025-11-03,Coffee Maker,Home & Kitchen,4,25400.05,101600.2,Gujranwala,EasyPaisa
ORD04629,CUST0114,Hamza Shah,2026-07-12,Jeans,Clothing,4,8147.38,32589.52,Peshawar,EasyPaisa
ORD04630,CUST0280,Bilal Ahmed,2026-08-23,Cricket Bat,Sports,7,8892.81,62249.67,Rawalpindi,JazzCash
ORD04631,CUST2258,Ali Khan,2026-09-17,Biscuits,Grocery,4,292.36,1169.44,Karachi,Bank Transfer
ORD04632,CUST1580,Omar Farooq,2025-03-20,Jeans,Clothing,1,8547.47,8547.47,Karachi,EasyPaisa
ORD04633,CUST2376,Hamza Shah,2025-09-04,Microwave,Home & Kitchen,3,18994.54,56983.62,Multan,Credit Card
ORD04634,CUST0889,Usman Malik,2026-02-09,T-Shirt,Clothing,4,4727.09,18908.36,Faisalabad,Cash
ORD04635,CUST0187,Hassan Ali,2026-05-12,Skin Cream,Beauty,3,1462.96,4388.88,Rawalpindi,Cash
ORD04636,CUST0144,Hamza Shah,2025-07-11,Skin Cream,Beauty,8,4635.1,37080.8,Islamabad,EasyPaisa
ORD04637,CUST1870,Talha Malik,2025-04-11,Dinner Set,Home & Kitchen,4,4290.69,17162.76,Multan,JazzCash
ORD04638,CUST2384,Usman Malik,2025-04-18,Perfume,Beauty,1,2636.54,2636.54,Quetta,JazzCash
ORD04639,CUST1266,Saad Khan,2025-10-29,Microwave,Home & Kitchen,3,44266.52,132799.56,Rawalpindi,Debit Card
ORD04640,CUST1527,Usman Malik,2025-04-27,Hoodie,Clothing,8,9322.53,74580.24,Multan,Debit Card
ORD04641,CUST1906,Ahmed Raza,2025-04-27,Running Shoes,Sports,2,10393.34,20786.68,Gujranwala,JazzCash
ORD04642,CUST1043,Ahmed Raza,2025-02-03,Smartphone,Electronics,3,99808.07,299424.21,Lahore,EasyPaisa
ORD04643,CUST2327,Hamza Shah,2025-10-17,Hoodie,Clothing,4,2572.53,10290.12,Islamabad,Credit Card
ORD04644,CUST1535,Danish Ahmed,2025-01-26,T-Shirt,Clothing,1,2645.67,2645.67,Rawalpindi,Credit Card
ORD04645,CUST1435,Hassan Ali,2025-05-23,Vacuum Cleaner,Home & Kitchen,4,18423.59,73694.36,Quetta,JazzCash
ORD04646,CUST0362,Ayesha Khan,2025-06-17,Jacket,Clothing,1,6065.78,6065.78,Karachi,Cash
ORD04647,CUST2168,Omar Farooq,2025-06-19,Sugar,Grocery,5,291.0,1455.0,Islamabad,JazzCash
ORD04648,CUST1827,Saad Khan,2026-02-15,Cereal,Grocery,2,429.23,858.46,Karachi,Cash
ORD04649,CUST2449,Ali Khan,2025-05-19,Sugar,Grocery,7,348.67,2440.69,Islamabad,Debit Card
ORD04650,CUST0694,Sara Khan,2025-09-20,Tablet,Electronics,7,38880.2,272161.4,Quetta,Credit Card
ORD04651,CUST1980,Zainab Ali,2025-03-27,Smartphone,Electronics,5,51523.05,257615.25,Rawalpindi,Bank Transfer
ORD04652,CUST0809,Usman Malik,2026-01-05,Tablet,Electronics,1,114542.38,114542.38,Sialkot,EasyPaisa
ORD04653,CUST1833,Zainab Ali,2025-01-29,Blender,Home & Kitchen,6,5788.43,34730.58,Multan,Cash
ORD04654,CUST1193,Sara Khan,2026-07-15,Shampoo,Beauty,3,2055.22,6165.66,Quetta,JazzCash
ORD04655,CUST1852,Danish Ahmed,2026-03-23,Smartphone,Electronics,5,146158.71,730793.55,Quetta,Cash
ORD04656,CUST1842,Hira Shah,2025-01-25,Football,Sports,4,5134.36,20537.44,Faisalabad,Bank Transfer
ORD04657,CUST1343,Ali Khan,2025-11-26,Blender,Home & Kitchen,4,9416.65,37666.6,Karachi,JazzCash
ORD04658,CUST0564,Huzaifa Ali,2025-09-06,Shoes,Clothing,8,6673.95,53391.6,Islamabad,EasyPaisa
ORD04659,CUST0045,Maham Raza,2025-05-14,Laptop,Electronics,4,222415.15,889660.6,Karachi,Cash
ORD04660,CUST1750,Omar Farooq,2025-01-29,T-Shirt,Clothing,5,4340.38,21701.9,Peshawar,EasyPaisa
ORD04661,CUST0121,Hassan Ali,2026-01-08,Laptop,Electronics,1,229443.09,229443.09,Faisalabad,Cash
ORD04662,CUST1945,Usman Malik,2025-10-07,Tea,Grocery,8,357.79,2862.32,Karachi,JazzCash
ORD04663,CUST2322,Sara Khan,2026-03-27,Keyboard,Electronics,6,5625.21,33751.26,Gujranwala,EasyPaisa
ORD04664,CUST1043,Ahmed Raza,2025-06-17,Cooking Oil,Grocery,2,1130.76,2261.52,Quetta,Bank Transfer
ORD04665,CUST0329,Ayesha Khan,2026-07-11,Yoga Mat,Sports,5,1126.2,5631.0,Gujranwala,Bank Transfer
ORD04666,CUST1124,Zainab Ali,2025-04-13,Perfume,Beauty,2,12607.11,25214.22,Peshawar,JazzCash
ORD04667,CUST2394,Zainab Ali,2025-03-14,Running Shoes,Sports,7,13759.16,96314.12,Islamabad,Debit Card
ORD04668,CUST0160,Abdullah Raza,2026-05-11,Lipstick,Beauty,2,3082.28,6164.56,Islamabad,Cash
ORD04669,CUST1912,Ahmed Raza,2026-05-10,Sugar,Grocery,2,226.61,453.22,Islamabad,Credit Card
ORD04670,CUST0943,Sana Malik,2025-12-25,Cricket Bat,Sports,5,15212.61,76063.05,Quetta,EasyPaisa
ORD04671,CUST0777,Bilal Ahmed,2025-11-27,Shoes,Clothing,3,13129.87,39389.61,Lahore,EasyPaisa
ORD04672,CUST1097,Saad Khan,2026-06-29,Vacuum Cleaner,Home & Kitchen,3,41462.52,124387.56,Sialkot,EasyPaisa
ORD04673,CUST1879,Hassan Ali,2025-06-28,Cooking Oil,Grocery,8,860.76,6886.08,Sialkot,EasyPaisa
ORD04674,CUST0066,Hassan Ali,2026-04-29,Jeans,Clothing,6,6586.03,39516.18,Faisalabad,Cash
ORD04675,CUST0801,Danish Ahmed,2026-03-10,Face Wash,Beauty,7,1938.32,13568.24,Gujranwala,Debit Card
ORD04676,CUST1864,Ayesha Khan,2025-05-19,Tea,Grocery,5,780.34,3901.7,Sialkot,EasyPaisa
ORD04677,CUST0537,Ayesha Khan,2025-12-22,Jacket,Clothing,7,14119.71,98837.97,Sialkot,Cash
ORD04678,CUST0681,Bilal Ahmed,2026-02-19,Skin Cream,Beauty,8,2490.12,19920.96,Quetta,Credit Card
ORD04679,CUST1600,Hassan Ali,2025-01-04,Microwave,Home & Kitchen,5,44573.95,222869.75,Lahore,Cash
ORD04680,CUST0478,Fatima Ahmed,2025-03-02,Sugar,Grocery,5,198.61,993.05,Islamabad,Cash
ORD04681,CUST0726,Sara Khan,2025-12-18,Coffee Maker,Home & Kitchen,5,22863.41,114317.05,Rawalpindi,JazzCash
ORD04682,CUST0799,Maham Raza,2025-08-11,Hoodie,Clothing,3,6674.54,20023.62,Quetta,Cash
ORD04683,CUST1256,Omar Farooq,2025-05-01,Air Fryer,Home & Kitchen,6,18125.92,108755.52,Faisalabad,Debit Card
ORD04684,CUST1087,Abdullah Raza,2025-12-14,T-Shirt,Clothing,8,1494.49,11955.92,Faisalabad,Debit Card
ORD04685,CUST0332,Huzaifa Ali,2025-06-20,Shampoo,Beauty,5,1986.35,9931.75,Gujranwala,Bank Transfer
ORD04686,CUST0974,Saad Khan,2026-01-23,Microwave,Home & Kitchen,5,45401.39,227006.95,Karachi,Debit Card
ORD04687,CUST1119,Talha Malik,2026-02-22,Smartphone,Electronics,2,121726.27,243452.54,Sialkot,Credit Card
ORD04688,CUST2443,Saad Khan,2026-08-24,Vacuum Cleaner,Home & Kitchen,3,32432.78,97298.34,Quetta,Credit Card
ORD04689,CUST2164,Talha Malik,2025-08-08,Coffee Maker,Home & Kitchen,6,23754.12,142524.72,Multan,Bank Transfer
ORD04690,CUST1904,Zainab Ali,2025-03-04,Perfume,Beauty,1,8802.34,8802.34,Karachi,Debit Card
ORD04691,CUST1967,Abdullah Raza,2025-10-12,Vacuum Cleaner,Home & Kitchen,4,18388.25,73553.0,Islamabad,Bank Transfer
ORD04692,CUST0703,Fatima Ahmed,2026-07-26,T-Shirt,Clothing,8,2490.5,19924.0,Multan,Bank Transfer
ORD04693,CUST1029,Hira Shah,2025-05-24,T-Shirt,Clothing,2,1297.7,2595.4,Faisalabad,Credit Card
ORD04694,CUST1264,Omar Farooq,2025-06-22,Running Shoes,Sports,7,15236.53,106655.71,Lahore,Bank Transfer
ORD04695,CUST1724,Abdullah Raza,2026-03-12,Tablet,Electronics,1,83190.44,83190.44,Peshawar,Cash
ORD04696,CUST1827,Sana Malik,2025-09-06,Football,Sports,7,3954.53,27681.71,Sialkot,Cash
ORD04697,CUST0152,Hira Shah,2026-09-05,T-Shirt,Clothing,8,3171.72,25373.76,Multan,Cash
ORD04698,CUST0343,Maham Raza,2026-03-25,Rice,Grocery,5,717.23,3586.15,Sialkot,Cash
ORD04699,CUST0569,Omar Farooq,2025-01-03,Laptop,Electronics,6,232070.54,1392423.24,Karachi,JazzCash
ORD04700,CUST1969,Hassan Ali,2025-07-11,Laptop,Electronics,1,233759.34,233759.34,Gujranwala,EasyPaisa
ORD04701,CUST0463,Hassan Ali,2025-05-17,Lipstick,Beauty,4,3262.21,13048.84,Lahore,EasyPaisa
ORD04702,CUST1524,Ahmed Raza,2025-05-25,Rice,Grocery,5,395.35,1976.75,Quetta,EasyPaisa
ORD04703,CUST1071,Hassan Ali,2026-06-02,Sugar,Grocery,8,304.47,2435.76,Lahore,Cash
ORD04704,CUST0559,Fatima Ahmed,2025-10-04,Football,Sports,5,3358.46,16792.3,Peshawar,Cash
ORD04705,CUST1011,Huzaifa Ali,2025-06-23,Running Shoes,Sports,8,8679.6,69436.8,Peshawar,Cash
ORD04706,CUST1320,Danish Ahmed,2026-06-16,Cricket Ball,Sports,3,1657.63,4972.89,Sialkot,Debit Card
ORD04707,CUST2007,Danish Ahmed,2025-08-07,Tea,Grocery,7,893.73,6256.11,Gujranwala,Credit Card
ORD04708,CUST1958,Abdullah Raza,2026-05-26,Face Wash,Beauty,6,571.79,3430.74,Quetta,Bank Transfer
ORD04709,CUST1817,Sara Khan,2026-02-04,Skin Cream,Beauty,4,4349.06,17396.24,Lahore,JazzCash
ORD04710,CUST2403,Omar Farooq,2026-01-13,Vacuum Cleaner,Home & Kitchen,1,43158.06,43158.06,Sialkot,Debit Card
ORD04711,CUST0942,Abdullah Raza,2025-10-15,Yoga Mat,Sports,1,1516.88,1516.88,Lahore,Credit Card
ORD04712,CUST1457,Huzaifa Ali,2026-06-28,Coffee Maker,Home & Kitchen,3,24067.72,72203.16,Peshawar,EasyPaisa
ORD04713,CUST1717,Omar Farooq,2026-09-25,Running Shoes,Sports,1,12936.23,12936.23,Multan,Debit Card
ORD04714,CUST1992,Zainab Ali,2025-01-18,Running Shoes,Sports,7,23051.24,161358.68,Karachi,Credit Card
ORD04715,CUST1596,Hassan Ali,2025-05-13,Laptop,Electronics,5,85948.48,429742.4,Islamabad,JazzCash
ORD04716,CUST0096,Bilal Ahmed,2026-06-24,Vacuum Cleaner,Home & Kitchen,2,27857.05,55714.1,Faisalabad,Debit Card
ORD04717,CUST0960,Zainab Ali,2026-09-14,Shampoo,Beauty,6,776.57,4659.42,Peshawar,Debit Card
ORD04718,CUST1928,Maryam Ahmed,2025-09-08,Jacket,Clothing,5,6204.69,31023.45,Sialkot,Debit Card
ORD04719,CUST1322,Maryam Ahmed,2026-01-07,Mouse,Electronics,7,4020.29,28142.03,Rawalpindi,JazzCash
ORD04720,CUST1353,Usman Malik,2025-06-08,Dinner Set,Home & Kitchen,6,16998.69,101992.14,Islamabad,Credit Card
ORD04721,CUST1876,Abdullah Raza,2026-03-06,Vacuum Cleaner,Home & Kitchen,5,39786.42,198932.1,Lahore,Cash
ORD04722,CUST1968,Abdullah Raza,2025-06-11,Running Shoes,Sports,3,20914.13,62742.39,Islamabad,EasyPaisa
ORD04723,CUST0664,Omar Farooq,2025-12-02,Dinner Set,Home & Kitchen,7,14970.44,104793.08,Sialkot,JazzCash
ORD04724,CUST0247,Ayesha Khan,2025-05-26,Tea,Grocery,1,910.78,910.78,Gujranwala,Debit Card
ORD04725,CUST1075,Usman Malik,2026-07-28,Blender,Home & Kitchen,1,10689.54,10689.54,Multan,EasyPaisa
ORD04726,CUST1700,Abdullah Raza,2025-05-27,Football,Sports,5,7618.74,38093.7,Multan,JazzCash
ORD04727,CUST0827,Danish Ahmed,2025-03-12,Microwave,Home & Kitchen,6,44789.01,268734.06,Quetta,JazzCash
ORD04728,CUST0289,Sana Malik,2026-03-04,Cricket Bat,Sports,5,10341.61,51708.05,Islamabad,Bank Transfer
ORD04729,CUST2094,Maham Raza,2025-03-02,Cereal,Grocery,5,584.34,2921.7,Islamabad,Cash
ORD04730,CUST0283,Saad Khan,2025-03-20,Cooking Oil,Grocery,7,704.49,4931.43,Sialkot,JazzCash
ORD04731,CUST0736,Hira Shah,2026-06-18,Lipstick,Beauty,3,1160.99,3482.97,Multan,EasyPaisa
ORD04732,CUST0420,Danish Ahmed,2025-10-21,Jeans,Clothing,1,6995.03,6995.03,Karachi,JazzCash
ORD04733,CUST1005,Omar Farooq,2025-02-19,Mouse,Electronics,7,7167.04,50169.28,Rawalpindi,Cash
ORD04734,CUST1235,Ayesha Khan,2026-06-26,Shampoo,Beauty,2,1446.44,2892.88,Peshawar,Bank Transfer
ORD04735,CUST0816,Usman Malik,2026-09-12,Rice,Grocery,1,615.73,615.73,Rawalpindi,JazzCash
ORD04736,CUST0129,Abdullah Raza,2025-03-10,Skin Cream,Beauty,3,907.6,2722.8,Rawalpindi,JazzCash
ORD04737,CUST1875,Maryam Ahmed,2026-05-26,Cereal,Grocery,7,1474.08,10318.56,Quetta,Credit Card
ORD04738,CUST1275,Maham Raza,2026-01-22,Tea,Grocery,8,988.72,7909.76,Multan,Debit Card
ORD04739,CUST2066,Hamza Shah,2025-09-14,Dinner Set,Home & Kitchen,4,18170.0,72680.0,Sialkot,Debit Card
ORD04740,CUST0207,Bilal Ahmed,2025-04-21,Cricket Ball,Sports,2,904.08,1808.16,Peshawar,EasyPaisa
ORD04741,CUST0202,Huzaifa Ali,2025-08-29,Hoodie,Clothing,4,4863.51,19454.04,Sialkot,Bank Transfer
ORD04742,CUST0843,Maham Raza,2025-03-26,Jeans,Clothing,4,6992.46,27969.84,Karachi,Debit Card
ORD04743,CUST0094,Bilal Ahmed,2026-04-21,Yoga Mat,Sports,1,2574.5,2574.5,Peshawar,Debit Card
ORD04744,CUST1580,Maryam Ahmed,2025-01-15,Headphones,Electronics,7,6311.9,44183.3,Faisalabad,Bank Transfer
ORD04745,CUST1253,Saad Khan,2025-11-01,Tablet,Electronics,2,83224.2,166448.4,Quetta,JazzCash
ORD04746,CUST2304,Ayesha Khan,2025-10-20,T-Shirt,Clothing,7,4743.67,33205.69,Faisalabad,Bank Transfer
ORD04747,CUST0224,Hassan Ali,2025-09-13,Shoes,Clothing,8,18339.79,146718.32,Sialkot,Debit Card
ORD04748,CUST1413,Hassan Ali,2025-06-22,Headphones,Electronics,8,18086.6,144692.8,Lahore,Credit Card
ORD04749,CUST1893,Hamza Shah,2026-04-10,Jacket,Clothing,4,11101.46,44405.84,Islamabad,Debit Card
ORD04750,CUST2415,Sana Malik,2026-08-29,Face Wash,Beauty,2,1842.53,3685.06,Sialkot,Debit Card
ORD04751,CUST0276,Abdullah Raza,2026-08-20,Headphones,Electronics,6,21164.2,126985.2,Faisalabad,Debit Card
ORD04752,CUST1030,Zainab Ali,2026-03-19,Cereal,Grocery,5,1499.75,7498.75,Islamabad,Credit Card
ORD04753,CUST0696,Sana Malik,2026-01-15,Perfume,Beauty,2,3028.02,6056.04,Islamabad,Bank Transfer
ORD04754,CUST1048,Talha Malik,2025-12-05,Lipstick,Beauty,6,2234.3,13405.8,Lahore,Cash
ORD04755,CUST1420,Ahmed Raza,2026-09-06,Skin Cream,Beauty,8,2720.68,21765.44,Karachi,Bank Transfer
ORD04756,CUST0936,Sara Khan,2026-09-23,Coffee Maker,Home & Kitchen,1,17382.82,17382.82,Quetta,Credit Card
ORD04757,CUST0115,Ahmed Raza,2026-05-31,Cricket Ball,Sports,3,2307.4,6922.2,Faisalabad,Bank Transfer
ORD04758,CUST0989,Fatima Ahmed,2026-05-23,Headphones,Electronics,1,15797.84,15797.84,Peshawar,Cash
ORD04759,CUST1221,Ali Khan,2025-08-15,Cricket Bat,Sports,2,5328.61,10657.22,Quetta,EasyPaisa
ORD04760,CUST1099,Maham Raza,2026-01-30,Face Wash,Beauty,2,2504.73,5009.46,Quetta,Debit Card
ORD04761,CUST0825,Bilal Ahmed,2026-05-30,Shoes,Clothing,3,10596.84,31790.52,Gujranwala,JazzCash
ORD04762,CUST1455,Ahmed Raza,2025-04-03,Cereal,Grocery,6,1389.02,8334.12,Peshawar,JazzCash
ORD04763,CUST0450,Zainab Ali,2026-04-25,Skin Cream,Beauty,6,1002.02,6012.12,Multan,JazzCash
ORD04764,CUST2293,Abdullah Raza,2026-03-01,Running Shoes,Sports,7,5699.97,39899.79,Faisalabad,Cash
ORD04765,CUST1028,Sara Khan,2026-02-02,Face Wash,Beauty,4,1551.44,6205.76,Lahore,Debit Card
ORD04766,CUST0294,Ayesha Khan,2025-04-30,Shampoo,Beauty,7,1509.39,10565.73,Rawalpindi,EasyPaisa
ORD04767,CUST1069,Maham Raza,2025-05-15,Coffee Maker,Home & Kitchen,3,29635.58,88906.74,Karachi,EasyPaisa
ORD04768,CUST2431,Bilal Ahmed,2025-03-10,Jacket,Clothing,7,9528.97,66702.79,Karachi,Credit Card
ORD04769,CUST2286,Hira Shah,2025-11-16,Running Shoes,Sports,8,22974.36,183794.88,Sialkot,JazzCash
ORD04770,CUST0350,Abdullah Raza,2025-07-22,Shampoo,Beauty,7,2124.22,14869.54,Peshawar,Credit Card
ORD04771,CUST0840,Hira Shah,2025-09-24,Tablet,Electronics,1,36203.63,36203.63,Sialkot,Credit Card
ORD04772,CUST1026,Bilal Ahmed,2026-03-09,Jacket,Clothing,2,15391.85,30783.7,Rawalpindi,Cash
ORD04773,CUST0041,Hamza Shah,2026-08-24,Smartphone,Electronics,7,99814.91,698704.37,Quetta,JazzCash
ORD04774,CUST2058,Sara Khan,2026-08-08,T-Shirt,Clothing,2,4061.95,8123.9,Rawalpindi,JazzCash
ORD04775,CUST0927,Hira Shah,2025-12-21,Football,Sports,6,6939.56,41637.36,Lahore,JazzCash
ORD04776,CUST1427,Sara Khan,2025-07-13,Jeans,Clothing,7,3752.21,26265.47,Quetta,Credit Card
ORD04777,CUST1186,Hassan Ali,2026-02-05,Cricket Ball,Sports,6,1480.66,8883.96,Sialkot,EasyPaisa
ORD04778,CUST0145,Omar Farooq,2025-01-09,Blender,Home & Kitchen,5,5024.27,25121.35,Islamabad,JazzCash
ORD04779,CUST2146,Hassan Ali,2025-11-12,T-Shirt,Clothing,3,2028.41,6085.23,Quetta,Debit Card
ORD04780,CUST0940,Zainab Ali,2025-05-11,Running Shoes,Sports,6,8347.39,50084.34,Peshawar,Cash
ORD04781,CUST0995,Huzaifa Ali,2025-01-14,Smart Watch,Electronics,3,25594.08,76782.24,Lahore,Bank Transfer
ORD04782,CUST1692,Bilal Ahmed,2026-06-02,Cereal,Grocery,6,1173.93,7043.58,Karachi,EasyPaisa
ORD04783,CUST0385,Hassan Ali,2025-04-16,Microwave,Home & Kitchen,2,47391.31,94782.62,Gujranwala,Cash
ORD04784,CUST1603,Sara Khan,2025-08-03,Sugar,Grocery,1,348.79,348.79,Peshawar,JazzCash
ORD04785,CUST0718,Saad Khan,2026-05-07,Shoes,Clothing,5,17320.5,86602.5,Karachi,Bank Transfer
ORD04786,CUST2112,Fatima Ahmed,2026-08-19,Jeans,Clothing,6,5191.95,31151.7,Multan,Cash
ORD04787,CUST0202,Hassan Ali,2026-09-18,Jeans,Clothing,8,8851.66,70813.28,Sialkot,Debit Card
ORD04788,CUST1414,Omar Farooq,2025-08-12,Mouse,Electronics,6,2419.39,14516.34,Karachi,Bank Transfer
ORD04789,CUST1836,Zainab Ali,2025-05-10,Jeans,Clothing,6,7118.21,42709.26,Peshawar,JazzCash
ORD04790,CUST0224,Maham Raza,2025-09-13,Smart Watch,Electronics,1,30254.38,30254.38,Peshawar,EasyPaisa
ORD04791,CUST1631,Zainab Ali,2025-05-09,Biscuits,Grocery,2,65.4,130.8,Islamabad,Debit Card
ORD04792,CUST1457,Hassan Ali,2026-05-28,Shampoo,Beauty,2,2906.9,5813.8,Sialkot,EasyPaisa
ORD04793,CUST0303,Zainab Ali,2025-01-05,Hoodie,Clothing,3,6270.89,18812.67,Karachi,Debit Card
ORD04794,CUST2353,Usman Malik,2025-10-02,Lipstick,Beauty,7,2046.01,14322.07,Rawalpindi,JazzCash
ORD04795,CUST1696,Maham Raza,2026-03-28,Football,Sports,6,4153.36,24920.16,Islamabad,EasyPaisa
ORD04796,CUST2325,Zainab Ali,2025-04-22,Jeans,Clothing,7,7070.4,49492.8,Faisalabad,Bank Transfer
ORD04797,CUST1249,Huzaifa Ali,2026-07-31,Perfume,Beauty,3,18063.98,54191.94,Faisalabad,EasyPaisa
ORD04798,CUST1877,Talha Malik,2025-11-24,Microwave,Home & Kitchen,5,39468.89,197344.45,Peshawar,JazzCash
ORD04799,CUST1393,Ali Khan,2025-12-18,Keyboard,Electronics,7,10754.81,75283.67,Lahore,Bank Transfer
ORD04800,CUST1817,Saad Khan,2026-02-14,Perfume,Beauty,6,14705.19,88231.14,Rawalpindi,Credit Card
ORD04801,CUST0772,Hira Shah,2026-08-29,Hoodie,Clothing,6,7727.24,46363.44,Lahore,Cash
ORD04802,CUST1701,Hira Shah,2025-02-01,Shampoo,Beauty,8,852.18,6817.44,Karachi,EasyPaisa
ORD04803,CUST2019,Huzaifa Ali,2026-06-28,Vacuum Cleaner,Home & Kitchen,1,25338.33,25338.33,Lahore,JazzCash
ORD04804,CUST0880,Huzaifa Ali,2025-08-17,T-Shirt,Clothing,1,3741.98,3741.98,Gujranwala,Cash
ORD04805,CUST1953,Sara Khan,2026-02-10,Smartphone,Electronics,7,26768.02,187376.14,Rawalpindi,JazzCash
ORD04806,CUST1210,Fatima Ahmed,2025-08-17,T-Shirt,Clothing,8,1957.5,15660.0,Gujranwala,Credit Card
ORD04807,CUST0413,Abdullah Raza,2026-04-17,Tea,Grocery,1,678.47,678.47,Lahore,Debit Card
ORD04808,CUST0794,Abdullah Raza,2025-10-21,Cereal,Grocery,8,1342.83,10742.64,Peshawar,JazzCash
ORD04809,CUST0825,Danish Ahmed,2026-04-07,Rice,Grocery,7,424.71,2972.97,Rawalpindi,Cash
ORD04810,CUST1400,Fatima Ahmed,2026-08-28,Tea,Grocery,1,953.22,953.22,Peshawar,EasyPaisa
ORD04811,CUST1450,Saad Khan,2025-02-21,Yoga Mat,Sports,4,3475.77,13903.08,Gujranwala,JazzCash
ORD04812,CUST0870,Hamza Shah,2025-12-05,Perfume,Beauty,3,3517.33,10551.99,Islamabad,EasyPaisa
ORD04813,CUST1296,Fatima Ahmed,2025-05-11,Shoes,Clothing,7,21460.64,150224.48,Quetta,EasyPaisa
ORD04814,CUST0212,Sana Malik,2026-06-13,Keyboard,Electronics,6,1842.99,11057.94,Lahore,Cash
ORD04815,CUST1913,Ali Khan,2026-09-15,Coffee Maker,Home & Kitchen,6,9809.45,58856.7,Lahore,Cash
ORD04816,CUST0859,Saad Khan,2026-04-07,Smart Watch,Electronics,1,31860.91,31860.91,Gujranwala,Debit Card
ORD04817,CUST2033,Sana Malik,2025-11-13,Coffee Maker,Home & Kitchen,4,17143.64,68574.56,Rawalpindi,JazzCash
ORD04818,CUST2476,Fatima Ahmed,2026-07-22,Face Wash,Beauty,1,2550.7,2550.7,Karachi,Credit Card
ORD04819,CUST0278,Saad Khan,2026-05-25,Smart Watch,Electronics,7,26245.17,183716.19,Rawalpindi,Credit Card
ORD04820,CUST0516,Huzaifa Ali,2025-10-28,Smartphone,Electronics,6,173653.8,1041922.8,Faisalabad,Bank Transfer
ORD04821,CUST0355,Abdullah Raza,2025-04-17,Cricket Bat,Sports,2,10886.16,21772.32,Lahore,Credit Card
ORD04822,CUST1204,Hassan Ali,2026-08-15,Dinner Set,Home & Kitchen,1,8803.71,8803.71,Sialkot,Debit Card
ORD04823,CUST0149,Ayesha Khan,2026-08-27,Mouse,Electronics,8,2106.38,16851.04,Islamabad,Credit Card
ORD04824,CUST1595,Sara Khan,2026-04-25,Skin Cream,Beauty,7,3751.76,26262.32,Lahore,Bank Transfer
ORD04825,CUST0828,Sana Malik,2025-03-14,Cooking Oil,Grocery,6,1341.54,8049.24,Lahore,Bank Transfer
ORD04826,CUST0893,Huzaifa Ali,2026-07-18,Hoodie,Clothing,8,7089.21,56713.68,Quetta,Debit Card
ORD04827,CUST2163,Hamza Shah,2025-01-22,Vacuum Cleaner,Home & Kitchen,4,46487.47,185949.88,Gujranwala,Credit Card
ORD04828,CUST0035,Hassan Ali,2026-04-04,Cooking Oil,Grocery,4,661.08,2644.32,Peshawar,JazzCash
ORD04829,CUST0502,Maham Raza,2026-04-29,Hoodie,Clothing,1,3751.33,3751.33,Faisalabad,EasyPaisa
ORD04830,CUST0432,Usman Malik,2025-08-17,Smart Watch,Electronics,4,18028.16,72112.64,Quetta,EasyPaisa
ORD04831,CUST1853,Talha Malik,2026-02-20,Rice,Grocery,8,437.62,3500.96,Karachi,EasyPaisa
ORD04832,CUST0933,Ahmed Raza,2025-02-04,Hoodie,Clothing,3,6645.04,19935.12,Islamabad,EasyPaisa
ORD04833,CUST1465,Saad Khan,2025-02-04,Tea,Grocery,5,1023.44,5117.2,Sialkot,Credit Card
ORD04834,CUST1794,Talha Malik,2026-01-23,T-Shirt,Clothing,1,1995.01,1995.01,Gujranwala,JazzCash
ORD04835,CUST2446,Talha Malik,2025-09-30,Smart Watch,Electronics,3,39876.55,119629.65,Islamabad,JazzCash
ORD04836,CUST0776,Hira Shah,2025-03-07,Air Fryer,Home & Kitchen,8,29264.93,234119.44,Faisalabad,EasyPaisa
ORD04837,CUST1267,Zainab Ali,2025-04-08,Sugar,Grocery,6,387.01,2322.06,Rawalpindi,JazzCash
ORD04838,CUST2123,Huzaifa Ali,2025-11-01,Microwave,Home & Kitchen,5,29374.21,146871.05,Islamabad,Debit Card
ORD04839,CUST2133,Maham Raza,2025-04-26,Shoes,Clothing,1,17403.29,17403.29,Karachi,Cash
ORD04840,CUST0952,Huzaifa Ali,2025-09-13,Tablet,Electronics,8,93581.33,748650.64,Multan,Cash
ORD04841,CUST0152,Maham Raza,2026-05-22,Coffee Maker,Home & Kitchen,7,16839.97,117879.79,Lahore,Bank Transfer
ORD04842,CUST0859,Usman Malik,2026-06-01,Biscuits,Grocery,4,52.31,209.24,Sialkot,Credit Card
ORD04843,CUST1987,Zainab Ali,2025-07-01,Coffee Maker,Home & Kitchen,1,14443.05,14443.05,Gujranwala,JazzCash
ORD04844,CUST1544,Omar Farooq,2025-12-19,Smartphone,Electronics,5,167869.68,839348.4,Rawalpindi,Credit Card
ORD04845,CUST0567,Fatima Ahmed,2026-01-04,Skin Cream,Beauty,5,1348.14,6740.7,Multan,JazzCash
ORD04846,CUST2173,Bilal Ahmed,2026-04-27,Tablet,Electronics,6,27713.03,166278.18,Peshawar,Credit Card
ORD04847,CUST1104,Bilal Ahmed,2025-06-20,Skin Cream,Beauty,4,732.49,2929.96,Quetta,Cash
ORD04848,CUST2095,Hira Shah,2025-06-14,Rice,Grocery,7,615.8,4310.6,Sialkot,JazzCash
ORD04849,CUST1923,Ali Khan,2025-08-09,Cricket Ball,Sports,3,1462.8,4388.4,Rawalpindi,Bank Transfer
ORD04850,CUST2295,Maryam Ahmed,2026-04-26,Shampoo,Beauty,5,2489.21,12446.05,Islamabad,JazzCash
ORD04851,CUST0635,Hassan Ali,2025-05-06,Perfume,Beauty,4,12488.96,49955.84,Sialkot,Debit Card
ORD04852,CUST0572,Saad Khan,2025-08-17,Mouse,Electronics,3,6518.14,19554.42,Lahore,JazzCash
ORD04853,CUST2056,Maham Raza,2025-04-08,Jacket,Clothing,5,7369.14,36845.7,Faisalabad,Debit Card
ORD04854,CUST2207,Saad Khan,2025-11-22,Air Fryer,Home & Kitchen,3,13481.76,40445.28,Rawalpindi,Cash
ORD04855,CUST1648,Ayesha Khan,2025-12-22,Blender,Home & Kitchen,4,5665.16,22660.64,Lahore,Credit Card
ORD04856,CUST1337,Sana Malik,2025-07-15,Hoodie,Clothing,8,3629.97,29039.76,Sialkot,Cash
ORD04857,CUST1815,Hamza Shah,2026-01-04,Coffee Maker,Home & Kitchen,7,20330.16,142311.12,Peshawar,EasyPaisa
ORD04858,CUST0606,Maham Raza,2025-07-19,Lipstick,Beauty,2,2789.86,5579.72,Lahore,EasyPaisa
ORD04859,CUST1286,Hira Shah,2026-07-04,Cooking Oil,Grocery,7,1350.43,9453.01,Faisalabad,Bank Transfer
ORD04860,CUST2205,Hassan Ali,2026-06-21,Jacket,Clothing,1,10135.56,10135.56,Rawalpindi,Cash
ORD04861,CUST2133,Danish Ahmed,2025-07-01,Face Wash,Beauty,8,2627.6,21020.8,Faisalabad,JazzCash
ORD04862,CUST1625,Omar Farooq,2025-03-21,Cereal,Grocery,4,634.82,2539.28,Rawalpindi,Cash
ORD04863,CUST0646,Hira Shah,2026-04-26,Shampoo,Beauty,2,1723.59,3447.18,Islamabad,EasyPaisa
ORD04864,CUST2494,Ahmed Raza,2025-11-16,Smartphone,Electronics,7,171425.73,1199980.11,Gujranwala,Debit Card
ORD04865,CUST1775,Ayesha Khan,2025-04-03,Running Shoes,Sports,2,9907.04,19814.08,Faisalabad,Bank Transfer
ORD04866,CUST0390,Ahmed Raza,2025-08-23,Cricket Bat,Sports,1,21885.85,21885.85,Karachi,JazzCash
ORD04867,CUST0589,Saad Khan,2025-07-03,Cooking Oil,Grocery,7,1268.6,8880.2,Faisalabad,Debit Card
ORD04868,CUST1357,Maryam Ahmed,2026-07-01,Air Fryer,Home & Kitchen,1,13664.52,13664.52,Sialkot,JazzCash
ORD04869,CUST0427,Ali Khan,2025-03-19,Jeans,Clothing,6,8317.92,49907.52,Gujranwala,Debit Card
ORD04870,CUST0180,Ahmed Raza,2026-03-01,Lipstick,Beauty,7,779.3,5455.1,Islamabad,JazzCash
ORD04871,CUST1812,Fatima Ahmed,2025-04-17,Tablet,Electronics,1,61883.9,61883.9,Sialkot,Bank Transfer
ORD04872,CUST0550,Sana Malik,2026-01-24,Microwave,Home & Kitchen,2,34355.6,68711.2,Faisalabad,Cash
ORD04873,CUST2230,Sana Malik,2026-07-13,Headphones,Electronics,8,13193.69,105549.52,Multan,JazzCash
ORD04874,CUST0230,Hassan Ali,2025-12-24,Jeans,Clothing,7,8409.65,58867.55,Faisalabad,Credit Card
ORD04875,CUST1042,Ali Khan,2025-09-30,Hoodie,Clothing,6,6791.77,40750.62,Quetta,Cash
ORD04876,CUST2113,Maham Raza,2025-06-25,Keyboard,Electronics,8,11212.55,89700.4,Lahore,Credit Card
ORD04877,CUST1777,Maryam Ahmed,2026-03-12,T-Shirt,Clothing,1,4963.78,4963.78,Karachi,Debit Card
ORD04878,CUST0500,Talha Malik,2025-07-23,Shampoo,Beauty,4,1278.56,5114.24,Karachi,Debit Card
ORD04879,CUST0271,Hassan Ali,2025-09-19,Biscuits,Grocery,6,240.09,1440.54,Sialkot,EasyPaisa
ORD04880,CUST0024,Hassan Ali,2025-06-10,Cricket Bat,Sports,3,9439.55,28318.65,Gujranwala,Bank Transfer
ORD04881,CUST2085,Abdullah Raza,2025-02-18,Perfume,Beauty,3,8739.41,26218.23,Multan,Credit Card
ORD04882,CUST0015,Hamza Shah,2026-07-15,Mouse,Electronics,7,3971.51,27800.57,Islamabad,JazzCash
ORD04883,CUST0234,Talha Malik,2025-12-02,Lipstick,Beauty,1,1081.86,1081.86,Rawalpindi,Bank Transfer
ORD04884,CUST2461,Sana Malik,2025-08-26,Jacket,Clothing,2,14497.7,28995.4,Rawalpindi,Cash
ORD04885,CUST1027,Danish Ahmed,2026-05-14,Jeans,Clothing,3,4874.94,14624.82,Peshawar,Credit Card
ORD04886,CUST0194,Ayesha Khan,2025-10-30,Hoodie,Clothing,5,4227.65,21138.25,Quetta,Bank Transfer
ORD04887,CUST2303,Maham Raza,2025-06-08,Tea,Grocery,5,531.2,2656.0,Gujranwala,Cash
ORD04888,CUST0394,Sana Malik,2025-09-18,Jeans,Clothing,7,8904.71,62332.97,Gujranwala,JazzCash
ORD04889,CUST1308,Ali Khan,2026-06-12,Cricket Bat,Sports,1,21248.74,21248.74,Multan,Cash
ORD04890,CUST1371,Abdullah Raza,2025-04-19,Vacuum Cleaner,Home & Kitchen,8,38002.09,304016.72,Lahore,Debit Card
ORD04891,CUST2000,Hassan Ali,2026-04-23,Smart Watch,Electronics,4,10010.29,40041.16,Karachi,Cash
ORD04892,CUST1928,Abdullah Raza,2025-09-21,Perfume,Beauty,5,10957.79,54788.95,Rawalpindi,EasyPaisa
ORD04893,CUST1030,Ali Khan,2026-05-12,Keyboard,Electronics,2,2253.09,4506.18,Lahore,Credit Card
ORD04894,CUST1623,Zainab Ali,2026-06-27,Cricket Ball,Sports,5,1213.09,6065.45,Quetta,Credit Card
ORD04895,CUST1545,Ali Khan,2026-02-19,Tea,Grocery,7,1002.66,7018.62,Quetta,Credit Card
ORD04896,CUST1925,Fatima Ahmed,2025-10-27,Shoes,Clothing,1,11325.8,11325.8,Karachi,Credit Card
ORD04897,CUST1788,Saad Khan,2025-07-17,Smart Watch,Electronics,1,9224.95,9224.95,Sialkot,Credit Card
ORD04898,CUST2399,Sana Malik,2026-07-01,Face Wash,Beauty,3,1388.98,4166.94,Lahore,Debit Card
ORD04899,CUST1648,Ali Khan,2025-04-30,Hoodie,Clothing,6,4353.0,26118.0,Islamabad,JazzCash
ORD04900,CUST0543,Sara Khan,2026-01-18,Shampoo,Beauty,8,2001.14,16009.12,Peshawar,EasyPaisa
ORD04901,CUST1751,Omar Farooq,2025-04-12,Dinner Set,Home & Kitchen,4,18965.14,75860.56,Peshawar,JazzCash
ORD04902,CUST2268,Usman Malik,2025-09-25,Perfume,Beauty,3,10548.83,31646.49,Rawalpindi,Debit Card
ORD04903,CUST2498,Saad Khan,2025-06-10,Shoes,Clothing,5,11480.42,57402.1,Rawalpindi,EasyPaisa
ORD04904,CUST2456,Maham Raza,2025-09-04,T-Shirt,Clothing,6,1994.93,11969.58,Islamabad,Bank Transfer
ORD04905,CUST0741,Danish Ahmed,2025-07-12,Running Shoes,Sports,6,4877.1,29262.6,Gujranwala,JazzCash
ORD04906,CUST0345,Fatima Ahmed,2025-04-06,Jacket,Clothing,1,13867.42,13867.42,Sialkot,EasyPaisa
ORD04907,CUST2005,Omar Farooq,2025-10-06,Cereal,Grocery,6,735.04,4410.24,Quetta,JazzCash
ORD04908,CUST1709,Maryam Ahmed,2026-08-13,Tablet,Electronics,1,96085.11,96085.11,Gujranwala,Cash
ORD04909,CUST2356,Talha Malik,2025-12-11,Shampoo,Beauty,7,1657.32,11601.24,Quetta,Credit Card
ORD04910,CUST1028,Ali Khan,2025-07-25,Lipstick,Beauty,1,829.32,829.32,Multan,JazzCash
ORD04911,CUST2126,Ali Khan,2025-02-22,Shoes,Clothing,2,14911.56,29823.12,Faisalabad,Cash
ORD04912,CUST1139,Omar Farooq,2026-03-16,Running Shoes,Sports,6,24293.9,145763.4,Lahore,JazzCash
ORD04913,CUST0280,Sara Khan,2026-04-10,Cricket Bat,Sports,8,20712.57,165700.56,Sialkot,EasyPaisa
ORD04914,CUST0949,Sara Khan,2025-07-05,Headphones,Electronics,8,11307.55,90460.4,Rawalpindi,Debit Card
ORD04915,CUST2278,Sara Khan,2026-03-27,Laptop,Electronics,6,75768.92,454613.52,Quetta,Cash
ORD04916,CUST2250,Usman Malik,2025-06-13,Shoes,Clothing,8,10209.22,81673.76,Gujranwala,Credit Card
ORD04917,CUST2188,Saad Khan,2026-07-30,Perfume,Beauty,8,5409.31,43274.48,Multan,Bank Transfer
ORD04918,CUST0106,Saad Khan,2026-02-19,Jacket,Clothing,2,12084.33,24168.66,Faisalabad,Cash
ORD04919,CUST0792,Maryam Ahmed,2026-01-12,Cricket Ball,Sports,6,1854.77,11128.62,Rawalpindi,Cash
ORD04920,CUST0508,Saad Khan,2025-07-28,Cricket Ball,Sports,7,929.01,6503.07,Multan,Debit Card
ORD04921,CUST0505,Sara Khan,2026-05-20,Lipstick,Beauty,1,3898.3,3898.3,Sialkot,Debit Card
ORD04922,CUST1252,Ali Khan,2025-10-05,Dinner Set,Home & Kitchen,2,15359.78,30719.56,Lahore,Cash
ORD04923,CUST1681,Ahmed Raza,2026-01-14,Cricket Ball,Sports,8,572.42,4579.36,Islamabad,Credit Card
ORD04924,CUST1821,Danish Ahmed,2025-02-11,Laptop,Electronics,5,200785.28,1003926.4,Quetta,Credit Card
ORD04925,CUST2302,Saad Khan,2025-06-30,Lipstick,Beauty,3,2334.19,7002.57,Multan,Bank Transfer
ORD04926,CUST1060,Abdullah Raza,2025-10-01,Microwave,Home & Kitchen,4,32510.47,130041.88,Quetta,EasyPaisa
ORD04927,CUST2444,Talha Malik,2025-04-28,Yoga Mat,Sports,6,1746.01,10476.06,Rawalpindi,JazzCash
ORD04928,CUST1825,Maham Raza,2025-10-10,Cereal,Grocery,6,1306.41,7838.46,Gujranwala,JazzCash
ORD04929,CUST0246,Zainab Ali,2025-03-10,Face Wash,Beauty,8,2886.87,23094.96,Rawalpindi,EasyPaisa
ORD04930,CUST2030,Maryam Ahmed,2026-03-17,Cricket Bat,Sports,1,10801.34,10801.34,Karachi,EasyPaisa
ORD04931,CUST1948,Sana Malik,2025-04-20,Microwave,Home & Kitchen,1,40870.89,40870.89,Rawalpindi,Bank Transfer
ORD04932,CUST1545,Ahmed Raza,2025-12-25,Tablet,Electronics,3,26126.75,78380.25,Lahore,Debit Card
ORD04933,CUST2025,Maryam Ahmed,2026-02-11,Smartphone,Electronics,7,164558.88,1151912.16,Multan,Credit Card
ORD04934,CUST2358,Maryam Ahmed,2026-04-04,Rice,Grocery,3,490.8,1472.4,Karachi,JazzCash
ORD04935,CUST1682,Sana Malik,2025-01-10,Cooking Oil,Grocery,6,1241.29,7447.74,Islamabad,Bank Transfer
ORD04936,CUST0863,Saad Khan,2025-10-29,Cooking Oil,Grocery,1,1069.47,1069.47,Gujranwala,Bank Transfer
ORD04937,CUST1629,Bilal Ahmed,2026-04-18,Headphones,Electronics,7,27482.3,192376.1,Islamabad,JazzCash
ORD04938,CUST0295,Hira Shah,2025-09-10,Smartphone,Electronics,5,139427.6,697138.0,Rawalpindi,EasyPaisa
ORD04939,CUST1977,Bilal Ahmed,2025-10-07,Tablet,Electronics,7,71027.51,497192.57,Multan,JazzCash
ORD04940,CUST0646,Ahmed Raza,2026-06-09,Mouse,Electronics,8,2835.87,22686.96,Rawalpindi,JazzCash
ORD04941,CUST1438,Ahmed Raza,2025-11-24,Perfume,Beauty,2,9338.67,18677.34,Islamabad,JazzCash
ORD04942,CUST0384,Bilal Ahmed,2025-08-20,Smartphone,Electronics,8,64891.78,519134.24,Islamabad,Bank Transfer
ORD04943,CUST1799,Sara Khan,2026-01-29,Mouse,Electronics,7,6660.38,46622.66,Peshawar,Debit Card
ORD04944,CUST1138,Hassan Ali,2025-07-03,Vacuum Cleaner,Home & Kitchen,4,15191.46,60765.84,Karachi,Bank Transfer
ORD04945,CUST0683,Saad Khan,2025-08-18,Biscuits,Grocery,6,119.39,716.34,Peshawar,Cash
ORD04946,CUST0278,Ayesha Khan,2026-07-22,Biscuits,Grocery,6,216.38,1298.28,Gujranwala,Cash
ORD04947,CUST1549,Maryam Ahmed,2025-08-17,Coffee Maker,Home & Kitchen,2,12160.08,24320.16,Gujranwala,Bank Transfer
ORD04948,CUST0547,Sara Khan,2026-01-17,Lipstick,Beauty,6,1538.14,9228.84,Karachi,Debit Card
ORD04949,CUST2039,Ali Khan,2026-01-10,Laptop,Electronics,6,149284.14,895704.84,Multan,Credit Card
ORD04950,CUST2019,Fatima Ahmed,2026-06-29,Shampoo,Beauty,7,704.74,4933.18,Faisalabad,Cash
ORD04951,CUST1303,Huzaifa Ali,2025-06-27,Jeans,Clothing,7,4733.87,33137.09,Peshawar,EasyPaisa
ORD04952,CUST0144,Hira Shah,2025-01-26,Shoes,Clothing,7,8423.2,58962.4,Islamabad,Debit Card
ORD04953,CUST2406,Maryam Ahmed,2026-05-10,Cricket Ball,Sports,2,625.82,1251.64,Multan,Cash
ORD04954,CUST1371,Omar Farooq,2026-08-26,Face Wash,Beauty,5,1686.55,8432.75,Karachi,Credit Card
ORD04955,CUST2171,Ali Khan,2025-12-09,Cooking Oil,Grocery,5,767.12,3835.6,Karachi,EasyPaisa
ORD04956,CUST1102,Sara Khan,2025-07-22,Sugar,Grocery,2,321.93,643.86,Karachi,JazzCash
ORD04957,CUST1768,Zainab Ali,2025-06-02,Vacuum Cleaner,Home & Kitchen,6,31951.82,191710.92,Rawalpindi,Credit Card
ORD04958,CUST0161,Saad Khan,2026-04-06,Jeans,Clothing,5,8004.54,40022.7,Karachi,Cash
ORD04959,CUST2388,Maryam Ahmed,2025-06-21,Tablet,Electronics,2,72802.55,145605.1,Karachi,EasyPaisa
ORD04960,CUST1833,Sana Malik,2025-09-10,Skin Cream,Beauty,5,1871.62,9358.1,Gujranwala,Bank Transfer
ORD04961,CUST0451,Talha Malik,2026-06-12,Football,Sports,7,6761.73,47332.11,Sialkot,Credit Card
ORD04962,CUST2110,Huzaifa Ali,2025-11-28,Keyboard,Electronics,1,1649.15,1649.15,Sialkot,EasyPaisa
ORD04963,CUST0495,Fatima Ahmed,2026-07-14,Tablet,Electronics,1,105276.37,105276.37,Lahore,Credit Card
ORD04964,CUST0137,Huzaifa Ali,2025-12-15,Jacket,Clothing,1,13973.58,13973.58,Karachi,Bank Transfer
ORD04965,CUST2123,Sara Khan,2025-12-16,Football,Sports,4,3704.17,14816.68,Sialkot,EasyPaisa
ORD04966,CUST0281,Hamza Shah,2025-08-30,Keyboard,Electronics,2,3435.97,6871.94,Peshawar,Bank Transfer
ORD04967,CUST0308,Hassan Ali,2025-05-21,Biscuits,Grocery,1,125.87,125.87,Faisalabad,JazzCash
ORD04968,CUST0471,Bilal Ahmed,2026-06-02,Sugar,Grocery,3,343.94,1031.82,Multan,EasyPaisa
ORD04969,CUST1873,Fatima Ahmed,2025-02-22,Face Wash,Beauty,3,1491.35,4474.05,Sialkot,EasyPaisa
ORD04970,CUST0307,Hassan Ali,2026-09-06,Shampoo,Beauty,6,2295.89,13775.34,Peshawar,Cash
ORD04971,CUST1064,Sara Khan,2025-03-22,Face Wash,Beauty,4,501.22,2004.88,Multan,JazzCash
ORD04972,CUST1601,Maham Raza,2026-03-06,Cricket Ball,Sports,2,1490.87,2981.74,Quetta,EasyPaisa
ORD04973,CUST1415,Ahmed Raza,2026-08-12,Football,Sports,5,2872.03,14360.15,Faisalabad,Credit Card
ORD04974,CUST0412,Hira Shah,2025-10-25,Skin Cream,Beauty,7,3604.27,25229.89,Faisalabad,Debit Card
ORD04975,CUST0534,Bilal Ahmed,2025-07-14,Smart Watch,Electronics,6,20424.77,122548.62,Rawalpindi,Cash
ORD04976,CUST1044,Hamza Shah,2026-01-30,Cooking Oil,Grocery,8,1493.22,11945.76,Islamabad,JazzCash
ORD04977,CUST2008,Fatima Ahmed,2026-01-07,Smartphone,Electronics,6,128772.7,772636.2,Multan,EasyPaisa
ORD04978,CUST2065,Omar Farooq,2025-11-27,Rice,Grocery,1,527.19,527.19,Sialkot,Credit Card
ORD04979,CUST1144,Bilal Ahmed,2025-10-05,Blender,Home & Kitchen,6,11735.02,70410.12,Quetta,EasyPaisa
ORD04980,CUST0705,Ali Khan,2026-08-27,Shampoo,Beauty,2,2237.34,4474.68,Peshawar,EasyPaisa
ORD04981,CUST1518,Danish Ahmed,2025-07-02,Tea,Grocery,4,642.8,2571.2,Peshawar,Credit Card
ORD04982,CUST1698,Huzaifa Ali,2025-09-03,Sugar,Grocery,3,322.08,966.24,Rawalpindi,Cash
ORD04983,CUST2181,Omar Farooq,2025-05-06,Shoes,Clothing,5,10490.04,52450.2,Sialkot,Bank Transfer
ORD04984,CUST0135,Hassan Ali,2026-07-29,Shampoo,Beauty,8,3399.23,27193.84,Islamabad,EasyPaisa
ORD04985,CUST0110,Sara Khan,2025-03-24,Laptop,Electronics,8,224960.86,1799686.88,Islamabad,EasyPaisa
ORD04986,CUST1584,Abdullah Raza,2025-05-17,Air Fryer,Home & Kitchen,1,31953.58,31953.58,Faisalabad,Debit Card
ORD04987,CUST0392,Sana Malik,2025-10-12,Cooking Oil,Grocery,4,1276.95,5107.8,Rawalpindi,EasyPaisa
ORD04988,CUST0507,Saad Khan,2025-09-02,Laptop,Electronics,3,203737.15,611211.45,Peshawar,Bank Transfer
ORD04989,CUST1729,Talha Malik,2026-03-11,Running Shoes,Sports,1,24292.97,24292.97,Faisalabad,JazzCash
ORD04990,CUST0326,Ahmed Raza,2025-04-10,Cereal,Grocery,1,1098.22,1098.22,Faisalabad,Cash
ORD04991,CUST2285,Hassan Ali,2026-04-25,Face Wash,Beauty,4,1773.24,7092.96,Peshawar,Cash
ORD04992,CUST1417,Ayesha Khan,2026-05-03,Keyboard,Electronics,8,7235.7,57885.6,Rawalpindi,Bank Transfer
ORD04993,CUST0926,Danish Ahmed,2026-08-29,Microwave,Home & Kitchen,4,22264.02,89056.08,Islamabad,Credit Card
ORD04994,CUST1848,Hassan Ali,2026-05-04,Microwave,Home & Kitchen,8,29522.67,236181.36,Quetta,JazzCash
ORD04995,CUST0676,Hamza Shah,2025-02-19,Air Fryer,Home & Kitchen,6,22255.73,133534.38,Gujranwala,EasyPaisa
ORD04996,CUST1266,Sara Khan,2026-06-23,Microwave,Home & Kitchen,5,20983.5,104917.5,Lahore,Credit Card
ORD04997,CUST1623,Huzaifa Ali,2026-08-20,Running Shoes,Sports,4,7981.69,31926.76,Quetta,EasyPaisa
ORD04998,CUST1893,Zainab Ali,2025-10-20,Shampoo,Beauty,1,1111.4,1111.4,Sialkot,EasyPaisa
ORD04999,CUST1945,Ahmed Raza,2026-04-03,Jacket,Clothing,5,13287.42,66437.1,Peshawar,EasyPaisa
ORD05000,CUST1395,Ayesha Khan,2026-06-23,Cricket Bat,Sports,3,18014.33,54042.99,Islamabad,Bank Transfer
ORD05001,CUST1669,Usman Malik,2025-11-14,Football,Sports,6,2476.39,14858.34,Peshawar,Bank Transfer
ORD05002,CUST1824,Maryam Ahmed,2026-02-26,Running Shoes,Sports,5,16433.11,82165.55,Gujranwala,Bank Transfer
ORD05003,CUST1697,Usman Malik,2025-08-09,Smart Watch,Electronics,7,44746.57,313225.99,Rawalpindi,EasyPaisa
ORD05004,CUST0554,Usman Malik,2026-08-23,Dinner Set,Home & Kitchen,6,15498.35,92990.1,Karachi,Bank Transfer
ORD05005,CUST1361,Ahmed Raza,2025-08-24,Shampoo,Beauty,3,2770.14,8310.42,Karachi,EasyPaisa
ORD05006,CUST1731,Bilal Ahmed,2026-08-08,Coffee Maker,Home & Kitchen,8,11916.58,95332.64,Peshawar,Bank Transfer
ORD05007,CUST1197,Abdullah Raza,2025-12-28,Hoodie,Clothing,7,9364.54,65551.78,Sialkot,JazzCash
ORD05008,CUST0630,Bilal Ahmed,2026-07-22,Running Shoes,Sports,8,15974.04,127792.32,Lahore,Cash
ORD05009,CUST1047,Hassan Ali,2025-04-10,Perfume,Beauty,1,2906.72,2906.72,Gujranwala,JazzCash
ORD05010,CUST1310,Usman Malik,2025-07-06,Running Shoes,Sports,7,16519.16,115634.12,Multan,JazzCash
ORD05011,CUST0176,Abdullah Raza,2026-08-20,Dinner Set,Home & Kitchen,5,9443.12,47215.6,Peshawar,JazzCash
ORD05012,CUST0033,Ali Khan,2026-06-08,Keyboard,Electronics,1,8821.5,8821.5,Faisalabad,Bank Transfer
ORD05013,CUST0642,Hassan Ali,2025-10-07,Dinner Set,Home & Kitchen,3,15114.14,45342.42,Quetta,Bank Transfer
ORD05014,CUST1432,Bilal Ahmed,2026-03-10,Cricket Ball,Sports,7,2253.14,15771.98,Sialkot,Debit Card
ORD05015,CUST1871,Hamza Shah,2025-04-28,Face Wash,Beauty,6,2633.7,15802.2,Sialkot,JazzCash
ORD05016,CUST0843,Ayesha Khan,2025-09-20,Jacket,Clothing,4,4895.24,19580.96,Multan,Credit Card
ORD05017,CUST2039,Maryam Ahmed,2026-05-11,Sugar,Grocery,8,243.28,1946.24,Rawalpindi,Debit Card
ORD05018,CUST1975,Zainab Ali,2026-06-29,Cricket Bat,Sports,6,11536.06,69216.36,Lahore,Credit Card
ORD05019,CUST0378,Fatima Ahmed,2026-09-06,Football,Sports,8,1558.99,12471.92,Lahore,JazzCash
ORD05020,CUST0123,Sara Khan,2026-06-07,Rice,Grocery,3,596.25,1788.75,Karachi,Bank Transfer
ORD05021,CUST1610,Sara Khan,2026-02-08,Skin Cream,Beauty,5,851.49,4257.45,Sialkot,JazzCash
ORD05022,CUST0491,Hassan Ali,2026-04-16,Cricket Ball,Sports,2,1449.13,2898.26,Faisalabad,Credit Card
ORD05023,CUST0894,Bilal Ahmed,2025-02-21,Coffee Maker,Home & Kitchen,4,16733.49,66933.96,Multan,Credit Card
ORD05024,CUST1335,Huzaifa Ali,2026-01-07,Biscuits,Grocery,3,142.93,428.79,Quetta,Bank Transfer
ORD05025,CUST1944,Huzaifa Ali,2025-01-11,Running Shoes,Sports,6,14282.03,85692.18,Karachi,Bank Transfer
ORD05026,CUST1219,Maryam Ahmed,2026-09-02,Keyboard,Electronics,4,6741.8,26967.2,Peshawar,Debit Card
ORD05027,CUST1552,Usman Malik,2025-07-07,Running Shoes,Sports,2,19732.45,39464.9,Faisalabad,EasyPaisa
ORD05028,CUST0440,Abdullah Raza,2025-08-31,Yoga Mat,Sports,7,2023.05,14161.35,Peshawar,Credit Card
ORD05029,CUST0914,Abdullah Raza,2025-09-19,Tea,Grocery,5,655.02,3275.1,Lahore,EasyPaisa
ORD05030,CUST1643,Omar Farooq,2026-02-07,Blender,Home & Kitchen,6,13184.11,79104.66,Lahore,Cash
ORD05031,CUST0221,Maham Raza,2025-05-01,Running Shoes,Sports,3,8217.88,24653.64,Karachi,JazzCash
ORD05032,CUST1231,Saad Khan,2025-02-26,Blender,Home & Kitchen,8,10789.33,86314.64,Karachi,Cash
ORD05033,CUST1010,Danish Ahmed,2026-05-03,Jacket,Clothing,4,14712.07,58848.28,Peshawar,Debit Card
ORD05034,CUST1299,Abdullah Raza,2026-09-02,Shoes,Clothing,3,23282.1,69846.3,Gujranwala,JazzCash
ORD05035,CUST1477,Sana Malik,2025-12-09,Sugar,Grocery,1,267.2,267.2,Gujranwala,EasyPaisa
ORD05036,CUST2479,Hira Shah,2026-08-25,Perfume,Beauty,3,10798.56,32395.68,Sialkot,EasyPaisa
ORD05037,CUST0039,Ahmed Raza,2026-05-05,Tablet,Electronics,3,49244.14,147732.42,Islamabad,EasyPaisa
ORD05038,CUST0528,Hira Shah,2025-08-06,Jeans,Clothing,2,7543.55,15087.1,Gujranwala,EasyPaisa
ORD05039,CUST0642,Usman Malik,2025-01-21,Shoes,Clothing,7,20938.16,146567.12,Rawalpindi,JazzCash
ORD05040,CUST1975,Usman Malik,2026-05-27,Skin Cream,Beauty,6,1934.65,11607.9,Islamabad,Bank Transfer
ORD05041,CUST0259,Abdullah Raza,2026-01-19,Perfume,Beauty,3,11710.26,35130.78,Multan,JazzCash
ORD05042,CUST2286,Danish Ahmed,2025-12-11,Headphones,Electronics,6,14482.66,86895.96,Islamabad,Credit Card
ORD05043,CUST1324,Huzaifa Ali,2026-07-14,Jacket,Clothing,3,9061.44,27184.32,Quetta,Bank Transfer
ORD05044,CUST0024,Bilal Ahmed,2025-07-19,Mouse,Electronics,7,7915.9,55411.3,Islamabad,EasyPaisa
ORD05045,CUST1462,Bilal Ahmed,2025-08-30,Cricket Bat,Sports,4,16383.76,65535.04,Gujranwala,JazzCash
ORD05046,CUST1437,Danish Ahmed,2025-07-18,Skin Cream,Beauty,6,2840.77,17044.62,Peshawar,Debit Card
ORD05047,CUST1090,Sara Khan,2026-05-26,Cooking Oil,Grocery,5,910.54,4552.7,Faisalabad,Bank Transfer
ORD05048,CUST1006,Hamza Shah,2026-06-17,Air Fryer,Home & Kitchen,3,12778.06,38334.18,Lahore,Cash
ORD05049,CUST2238,Ahmed Raza,2026-06-23,Shampoo,Beauty,1,2705.33,2705.33,Gujranwala,JazzCash
ORD05050,CUST1387,Huzaifa Ali,2025-01-27,Coffee Maker,Home & Kitchen,6,24020.8,144124.8,Karachi,Bank Transfer
ORD05051,CUST2303,Huzaifa Ali,2025-01-02,Tablet,Electronics,2,72978.01,145956.02,Peshawar,JazzCash
ORD05052,CUST2047,Sara Khan,2025-09-17,Lipstick,Beauty,5,3313.0,16565.0,Karachi,EasyPaisa
ORD05053,CUST0795,Hira Shah,2026-01-21,Shoes,Clothing,7,14690.59,102834.13,Faisalabad,JazzCash
ORD05054,CUST1820,Maryam Ahmed,2025-11-04,Microwave,Home & Kitchen,4,47952.72,191810.88,Faisalabad,Bank Transfer
ORD05055,CUST2365,Bilal Ahmed,2026-05-07,Lipstick,Beauty,4,3909.23,15636.92,Islamabad,Bank Transfer
ORD05056,CUST0003,Hassan Ali,2025-12-20,Cooking Oil,Grocery,2,1002.0,2004.0,Rawalpindi,JazzCash
ORD05057,CUST1181,Zainab Ali,2025-09-08,Microwave,Home & Kitchen,8,35581.29,284650.32,Lahore,Debit Card
ORD05058,CUST0016,Fatima Ahmed,2025-11-24,T-Shirt,Clothing,1,3481.09,3481.09,Quetta,Credit Card
ORD05059,CUST2438,Usman Malik,2025-06-17,Rice,Grocery,7,593.37,4153.59,Faisalabad,Debit Card
ORD05060,CUST0066,Abdullah Raza,2026-01-22,Lipstick,Beauty,7,2078.14,14546.98,Gujranwala,Bank Transfer
ORD05061,CUST1221,Talha Malik,2026-03-26,Dinner Set,Home & Kitchen,2,5837.62,11675.24,Rawalpindi,JazzCash
ORD05062,CUST2160,Maham Raza,2026-06-26,Tea,Grocery,8,484.49,3875.92,Gujranwala,JazzCash
ORD05063,CUST1855,Hamza Shah,2026-01-06,Dinner Set,Home & Kitchen,6,15960.13,95760.78,Rawalpindi,Cash
ORD05064,CUST2462,Hira Shah,2025-09-28,Yoga Mat,Sports,5,3676.1,18380.5,Karachi,JazzCash
ORD05065,CUST1028,Talha Malik,2026-05-06,Hoodie,Clothing,6,4901.0,29406.0,Quetta,JazzCash
ORD05066,CUST0581,Ayesha Khan,2025-03-23,Microwave,Home & Kitchen,3,32034.82,96104.46,Gujranwala,Debit Card
ORD05067,CUST0334,Huzaifa Ali,2025-03-16,Lipstick,Beauty,7,2055.31,14387.17,Sialkot,EasyPaisa
ORD05068,CUST0768,Danish Ahmed,2025-05-10,Tea,Grocery,4,635.98,2543.92,Lahore,Bank Transfer
ORD05069,CUST1175,Maham Raza,2025-11-24,Laptop,Electronics,1,128263.72,128263.72,Karachi,JazzCash
ORD05070,CUST0133,Zainab Ali,2025-10-19,Shoes,Clothing,6,10085.86,60515.16,Sialkot,Cash
ORD05071,CUST1675,Bilal Ahmed,2025-10-25,Face Wash,Beauty,3,1193.12,3579.36,Quetta,Cash
ORD05072,CUST1665,Zainab Ali,2025-02-26,Jeans,Clothing,4,6465.44,25861.76,Rawalpindi,Credit Card
ORD05073,CUST1935,Zainab Ali,2026-09-20,Microwave,Home & Kitchen,6,46057.04,276342.24,Sialkot,Bank Transfer
ORD05074,CUST0762,Hamza Shah,2026-05-31,Perfume,Beauty,3,12480.63,37441.89,Sialkot,JazzCash
ORD05075,CUST1928,Saad Khan,2025-11-30,Smart Watch,Electronics,8,24603.47,196827.76,Gujranwala,Credit Card
ORD05076,CUST1014,Ahmed Raza,2026-03-12,Running Shoes,Sports,8,24668.87,197350.96,Sialkot,JazzCash
ORD05077,CUST1577,Sara Khan,2026-03-24,Cooking Oil,Grocery,4,1081.04,4324.16,Lahore,EasyPaisa
ORD05078,CUST1335,Zainab Ali,2026-05-31,Cereal,Grocery,8,1026.32,8210.56,Lahore,Cash
ORD05079,CUST1818,Bilal Ahmed,2025-02-17,Cricket Ball,Sports,6,1054.88,6329.28,Sialkot,JazzCash
ORD05080,CUST0071,Maryam Ahmed,2025-03-25,Hoodie,Clothing,1,9210.37,9210.37,Sialkot,Credit Card
ORD05081,CUST1457,Bilal Ahmed,2026-02-19,Cricket Bat,Sports,3,18174.19,54522.57,Quetta,EasyPaisa
ORD05082,CUST1363,Danish Ahmed,2025-01-17,Jacket,Clothing,4,8055.09,32220.36,Faisalabad,Bank Transfer
ORD05083,CUST0278,Maryam Ahmed,2025-05-04,Keyboard,Electronics,8,5187.9,41503.2,Quetta,Debit Card
ORD05084,CUST1139,Zainab Ali,2025-06-18,Hoodie,Clothing,8,6633.59,53068.72,Gujranwala,Cash
ORD05085,CUST2073,Saad Khan,2025-02-05,Yoga Mat,Sports,8,4932.62,39460.96,Faisalabad,Cash
ORD05086,CUST0010,Maham Raza,2026-07-18,Tea,Grocery,4,940.66,3762.64,Rawalpindi,Bank Transfer
ORD05087,CUST1792,Saad Khan,2025-05-26,Tea,Grocery,8,856.73,6853.84,Rawalpindi,EasyPaisa
ORD05088,CUST0337,Omar Farooq,2025-12-24,Blender,Home & Kitchen,1,15002.51,15002.51,Lahore,JazzCash
ORD05089,CUST2191,Hamza Shah,2025-05-12,Lipstick,Beauty,2,2069.52,4139.04,Multan,JazzCash
ORD05090,CUST1981,Saad Khan,2025-07-07,Face Wash,Beauty,1,1881.98,1881.98,Multan,Credit Card
ORD05091,CUST1183,Abdullah Raza,2025-04-25,Biscuits,Grocery,3,269.36,808.08,Islamabad,Debit Card
ORD05092,CUST0011,Sara Khan,2025-09-05,Smartphone,Electronics,8,98335.74,786685.92,Rawalpindi,EasyPaisa
ORD05093,CUST0884,Ahmed Raza,2026-06-28,Mouse,Electronics,6,7693.22,46159.32,Peshawar,EasyPaisa
ORD05094,CUST2114,Hamza Shah,2026-03-12,Vacuum Cleaner,Home & Kitchen,4,56459.78,225839.12,Peshawar,JazzCash
ORD05095,CUST1695,Ahmed Raza,2025-12-11,Jeans,Clothing,7,5982.25,41875.75,Peshawar,JazzCash
ORD05096,CUST1458,Maryam Ahmed,2026-08-01,Tea,Grocery,6,1196.11,7176.66,Rawalpindi,Bank Transfer
ORD05097,CUST1811,Talha Malik,2025-11-23,Air Fryer,Home & Kitchen,1,14311.12,14311.12,Islamabad,Debit Card
ORD05098,CUST2057,Huzaifa Ali,2026-06-30,Tablet,Electronics,6,23909.92,143459.52,Karachi,Cash
ORD05099,CUST1834,Bilal Ahmed,2026-06-26,Yoga Mat,Sports,6,5559.73,33358.38,Rawalpindi,Debit Card
ORD05100,CUST0611,Ahmed Raza,2026-04-29,Biscuits,Grocery,6,122.99,737.94,Gujranwala,Cash
ORD05101,CUST0351,Maham Raza,2025-10-21,Jacket,Clothing,1,17176.79,17176.79,Lahore,JazzCash
ORD05102,CUST1553,Ali Khan,2026-02-20,Cricket Ball,Sports,2,1659.71,3319.42,Gujranwala,Bank Transfer
ORD05103,CUST1407,Maham Raza,2025-03-30,Headphones,Electronics,2,23579.49,47158.98,Peshawar,JazzCash
ORD05104,CUST1805,Maham Raza,2025-10-10,Smartphone,Electronics,1,125425.08,125425.08,Lahore,Cash
ORD05105,CUST1233,Ahmed Raza,2026-07-20,Mouse,Electronics,6,6770.67,40624.02,Gujranwala,EasyPaisa
ORD05106,CUST2338,Danish Ahmed,2026-02-20,Jeans,Clothing,1,6570.26,6570.26,Lahore,Bank Transfer
ORD05107,CUST1361,Sara Khan,2025-09-05,Tea,Grocery,5,846.28,4231.4,Multan,Bank Transfer
ORD05108,CUST0865,Huzaifa Ali,2026-02-08,Yoga Mat,Sports,4,5727.17,22908.68,Rawalpindi,JazzCash
ORD05109,CUST1487,Zainab Ali,2025-11-08,Coffee Maker,Home & Kitchen,3,10222.41,30667.23,Gujranwala,Bank Transfer
ORD05110,CUST1432,Usman Malik,2025-08-30,Headphones,Electronics,4,3555.49,14221.96,Faisalabad,Bank Transfer
ORD05111,CUST1015,Danish Ahmed,2026-02-16,Cricket Bat,Sports,7,8733.96,61137.72,Lahore,Cash
ORD05112,CUST2248,Ali Khan,2026-08-29,Football,Sports,4,3189.02,12756.08,Faisalabad,Bank Transfer
ORD05113,CUST0679,Zainab Ali,2026-05-23,Yoga Mat,Sports,7,5338.9,37372.3,Karachi,Debit Card
ORD05114,CUST0209,Abdullah Raza,2026-03-25,Keyboard,Electronics,2,7541.21,15082.42,Sialkot,EasyPaisa
ORD05115,CUST2053,Hamza Shah,2026-08-28,Cooking Oil,Grocery,1,573.52,573.52,Peshawar,JazzCash
ORD05116,CUST2235,Sana Malik,2025-08-24,Skin Cream,Beauty,1,1141.38,1141.38,Peshawar,EasyPaisa
ORD05117,CUST0224,Hamza Shah,2026-01-09,Keyboard,Electronics,2,3396.65,6793.3,Peshawar,Debit Card
ORD05118,CUST1515,Maryam Ahmed,2025-06-07,Air Fryer,Home & Kitchen,7,33332.04,233324.28,Rawalpindi,Cash
ORD05119,CUST1808,Hira Shah,2025-05-11,Jacket,Clothing,2,7066.5,14133.0,Sialkot,EasyPaisa
ORD05120,CUST1453,Talha Malik,2026-08-22,Sugar,Grocery,3,193.05,579.15,Sialkot,Debit Card
ORD05121,CUST2071,Danish Ahmed,2026-08-01,Tea,Grocery,1,627.47,627.47,Quetta,Cash
ORD05122,CUST2032,Hamza Shah,2025-12-11,Cooking Oil,Grocery,2,1152.03,2304.06,Peshawar,Cash
ORD05123,CUST1035,Maryam Ahmed,2025-09-29,Microwave,Home & Kitchen,2,30244.95,60489.9,Karachi,JazzCash
ORD05124,CUST1516,Hassan Ali,2025-04-18,Blender,Home & Kitchen,5,16026.14,80130.7,Peshawar,Debit Card
ORD05125,CUST1697,Danish Ahmed,2026-09-06,Air Fryer,Home & Kitchen,3,27690.3,83070.9,Faisalabad,Bank Transfer
ORD05126,CUST1897,Huzaifa Ali,2025-08-13,Air Fryer,Home & Kitchen,2,13985.16,27970.32,Lahore,Debit Card
ORD05127,CUST0086,Danish Ahmed,2025-05-19,Skin Cream,Beauty,7,2785.96,19501.72,Rawalpindi,EasyPaisa
ORD05128,CUST0675,Sana Malik,2025-11-30,Shoes,Clothing,7,8423.67,58965.69,Islamabad,JazzCash
ORD05129,CUST0496,Sana Malik,2025-10-16,Running Shoes,Sports,8,4051.04,32408.32,Peshawar,Debit Card
ORD05130,CUST0780,Maham Raza,2025-05-07,Blender,Home & Kitchen,7,15357.85,107504.95,Rawalpindi,Debit Card
ORD05131,CUST2282,Omar Farooq,2025-03-30,Jacket,Clothing,7,8945.1,62615.7,Islamabad,JazzCash
ORD05132,CUST1048,Hamza Shah,2026-07-01,Cricket Bat,Sports,4,21284.68,85138.72,Multan,Debit Card
ORD05133,CUST0543,Maham Raza,2025-10-07,Mouse,Electronics,6,864.04,5184.24,Islamabad,JazzCash
ORD05134,CUST1122,Saad Khan,2026-06-07,Blender,Home & Kitchen,1,9781.28,9781.28,Islamabad,Bank Transfer
ORD05135,CUST1603,Omar Farooq,2025-06-04,Headphones,Electronics,2,6799.74,13599.48,Rawalpindi,Debit Card
ORD05136,CUST2169,Hamza Shah,2026-05-16,Keyboard,Electronics,4,8471.57,33886.28,Rawalpindi,Credit Card
ORD05137,CUST0634,Sara Khan,2025-09-07,Sugar,Grocery,4,189.59,758.36,Islamabad,JazzCash
ORD05138,CUST1376,Saad Khan,2026-03-21,Cereal,Grocery,5,872.5,4362.5,Gujranwala,Cash
ORD05139,CUST1206,Abdullah Raza,2026-04-14,Shampoo,Beauty,8,2810.72,22485.76,Islamabad,EasyPaisa
ORD05140,CUST0825,Sara Khan,2025-03-16,Air Fryer,Home & Kitchen,4,25963.23,103852.92,Quetta,Debit Card
ORD05141,CUST2067,Fatima Ahmed,2026-02-23,Running Shoes,Sports,7,7296.65,51076.55,Sialkot,Cash
ORD05142,CUST2054,Omar Farooq,2026-03-26,Cricket Ball,Sports,7,959.82,6718.74,Islamabad,Cash
ORD05143,CUST1982,Maryam Ahmed,2025-04-20,T-Shirt,Clothing,4,2707.96,10831.84,Sialkot,Cash
ORD05144,CUST2188,Ayesha Khan,2026-07-22,Microwave,Home & Kitchen,4,27677.03,110708.12,Rawalpindi,Credit Card
ORD05145,CUST0065,Hamza Shah,2026-06-09,Keyboard,Electronics,2,4848.43,9696.86,Peshawar,JazzCash
ORD05146,CUST1735,Bilal Ahmed,2025-09-13,Dinner Set,Home & Kitchen,3,17084.87,51254.61,Gujranwala,Cash
ORD05147,CUST0295,Hamza Shah,2025-07-18,Mouse,Electronics,6,5098.34,30590.04,Multan,Debit Card
ORD05148,CUST1986,Ayesha Khan,2026-01-04,Cricket Bat,Sports,2,15394.09,30788.18,Faisalabad,Cash
ORD05149,CUST1747,Ali Khan,2026-01-22,Dinner Set,Home & Kitchen,1,16855.48,16855.48,Gujranwala,JazzCash
ORD05150,CUST1187,Hira Shah,2025-03-03,Jeans,Clothing,6,7152.21,42913.26,Lahore,Credit Card
ORD05151,CUST2026,Huzaifa Ali,2025-11-15,Cereal,Grocery,3,592.05,1776.15,Sialkot,Credit Card
ORD05152,CUST0407,Ayesha Khan,2026-03-13,Jacket,Clothing,3,5466.72,16400.16,Multan,Cash
ORD05153,CUST0317,Zainab Ali,2025-02-03,Cooking Oil,Grocery,5,565.06,2825.3,Quetta,EasyPaisa
ORD05154,CUST0557,Danish Ahmed,2026-02-09,Lipstick,Beauty,1,3731.3,3731.3,Gujranwala,Cash
ORD05155,CUST0754,Sara Khan,2025-12-29,Smart Watch,Electronics,8,44953.29,359626.32,Gujranwala,JazzCash
ORD05156,CUST2263,Usman Malik,2026-03-05,Tea,Grocery,4,344.66,1378.64,Peshawar,EasyPaisa
ORD05157,CUST0926,Talha Malik,2026-03-30,Cricket Bat,Sports,1,5501.63,5501.63,Rawalpindi,Cash
ORD05158,CUST2370,Ali Khan,2025-07-22,Lipstick,Beauty,5,789.65,3948.25,Rawalpindi,EasyPaisa
ORD05159,CUST0214,Zainab Ali,2025-01-27,Smart Watch,Electronics,3,40746.42,122239.26,Peshawar,Credit Card
ORD05160,CUST2018,Sana Malik,2025-10-19,Rice,Grocery,3,515.31,1545.93,Gujranwala,Debit Card
ORD05161,CUST0947,Hassan Ali,2025-03-06,Running Shoes,Sports,3,17097.73,51293.19,Quetta,Credit Card
ORD05162,CUST2442,Omar Farooq,2025-06-06,Perfume,Beauty,3,18070.76,54212.28,Islamabad,Credit Card
ORD05163,CUST1049,Ahmed Raza,2025-12-02,Lipstick,Beauty,3,2847.17,8541.51,Karachi,Debit Card
ORD05164,CUST1507,Sana Malik,2026-05-17,Face Wash,Beauty,5,1876.67,9383.35,Rawalpindi,Bank Transfer
ORD05165,CUST2459,Fatima Ahmed,2026-01-05,Smart Watch,Electronics,5,26480.2,132401.0,Quetta,EasyPaisa
ORD05166,CUST1756,Omar Farooq,2025-10-04,Laptop,Electronics,3,155599.35,466798.05,Peshawar,JazzCash
ORD05167,CUST1498,Ali Khan,2026-01-04,Skin Cream,Beauty,6,1741.38,10448.28,Faisalabad,Debit Card
ORD05168,CUST0056,Talha Malik,2025-02-09,Face Wash,Beauty,6,1849.16,11094.96,Quetta,Cash
ORD05169,CUST1818,Bilal Ahmed,2025-04-29,Skin Cream,Beauty,4,933.11,3732.44,Karachi,Bank Transfer
ORD05170,CUST2050,Ali Khan,2026-08-25,Mouse,Electronics,6,2434.55,14607.3,Faisalabad,Credit Card
ORD05171,CUST2379,Sara Khan,2026-03-07,Jeans,Clothing,6,3214.94,19289.64,Faisalabad,Cash
ORD05172,CUST0372,Danish Ahmed,2025-02-01,Laptop,Electronics,7,85011.3,595079.1,Rawalpindi,Credit Card
ORD05173,CUST0714,Hira Shah,2025-06-20,Microwave,Home & Kitchen,7,18228.31,127598.17,Lahore,Bank Transfer
ORD05174,CUST0535,Hira Shah,2025-10-10,Face Wash,Beauty,7,693.15,4852.05,Peshawar,Credit Card
ORD05175,CUST2252,Bilal Ahmed,2025-02-23,T-Shirt,Clothing,5,2640.73,13203.65,Rawalpindi,Cash
ORD05176,CUST2467,Abdullah Raza,2025-05-04,Laptop,Electronics,8,155564.57,1244516.56,Faisalabad,Debit Card
ORD05177,CUST2473,Abdullah Raza,2025-04-23,Cereal,Grocery,6,675.05,4050.3,Multan,Cash
ORD05178,CUST1363,Sara Khan,2025-01-06,Perfume,Beauty,1,12965.29,12965.29,Quetta,Credit Card
ORD05179,CUST1495,Danish Ahmed,2025-08-20,Cricket Ball,Sports,7,814.6,5702.2,Multan,Cash
ORD05180,CUST0449,Ayesha Khan,2025-09-28,Sugar,Grocery,3,209.66,628.98,Lahore,Credit Card
ORD05181,CUST0401,Ahmed Raza,2026-05-06,Cricket Bat,Sports,7,20738.29,145168.03,Peshawar,JazzCash
ORD05182,CUST2381,Hassan Ali,2025-10-29,Vacuum Cleaner,Home & Kitchen,3,34054.41,102163.23,Rawalpindi,Debit Card
ORD05183,CUST2376,Ahmed Raza,2025-11-05,Sugar,Grocery,2,260.95,521.9,Multan,JazzCash
ORD05184,CUST2032,Danish Ahmed,2025-05-12,Headphones,Electronics,3,11771.1,35313.3,Sialkot,JazzCash
ORD05185,CUST2159,Maryam Ahmed,2025-11-20,Cricket Ball,Sports,2,826.43,1652.86,Gujranwala,EasyPaisa
ORD05186,CUST2269,Ayesha Khan,2026-02-15,Yoga Mat,Sports,2,3973.88,7947.76,Karachi,JazzCash
ORD05187,CUST0274,Fatima Ahmed,2025-04-06,Tablet,Electronics,2,106576.92,213153.84,Islamabad,Bank Transfer
ORD05188,CUST1251,Sara Khan,2026-01-09,Blender,Home & Kitchen,5,7043.78,35218.9,Quetta,Credit Card
ORD05189,CUST1925,Fatima Ahmed,2025-03-18,Keyboard,Electronics,8,11319.95,90559.6,Karachi,EasyPaisa
ORD05190,CUST1301,Ahmed Raza,2025-11-14,Keyboard,Electronics,6,5803.6,34821.6,Gujranwala,Debit Card
ORD05191,CUST0031,Hamza Shah,2025-09-18,Cereal,Grocery,4,1295.83,5183.32,Karachi,JazzCash
ORD05192,CUST0845,Ahmed Raza,2025-04-17,Rice,Grocery,7,503.83,3526.81,Karachi,Cash
ORD05193,CUST2140,Usman Malik,2025-04-03,Cricket Bat,Sports,4,12942.57,51770.28,Quetta,Credit Card
ORD05194,CUST1560,Maham Raza,2026-08-25,Smartphone,Electronics,8,174545.51,1396364.08,Peshawar,Debit Card
ORD05195,CUST1191,Bilal Ahmed,2025-11-21,Laptop,Electronics,2,81457.24,162914.48,Peshawar,Bank Transfer
ORD05196,CUST0609,Sana Malik,2026-07-21,Keyboard,Electronics,8,10890.6,87124.8,Karachi,Cash
ORD05197,CUST0286,Hamza Shah,2025-11-07,Tea,Grocery,3,485.2,1455.6,Faisalabad,JazzCash
ORD05198,CUST1126,Saad Khan,2025-05-28,Air Fryer,Home & Kitchen,7,27154.2,190079.4,Islamabad,Credit Card
ORD05199,CUST0301,Usman Malik,2025-05-10,T-Shirt,Clothing,5,3648.04,18240.2,Peshawar,EasyPaisa
ORD05200,CUST1385,Danish Ahmed,2025-04-11,Coffee Maker,Home & Kitchen,6,8260.73,49564.38,Islamabad,Credit Card
ORD05201,CUST0265,Talha Malik,2025-05-31,Vacuum Cleaner,Home & Kitchen,6,34015.63,204093.78,Faisalabad,JazzCash
ORD05202,CUST1775,Fatima Ahmed,2025-04-11,Air Fryer,Home & Kitchen,4,16331.47,65325.88,Sialkot,Debit Card
ORD05203,CUST0424,Hamza Shah,2025-10-22,Headphones,Electronics,6,3427.65,20565.9,Rawalpindi,JazzCash
ORD05204,CUST0992,Hamza Shah,2026-03-12,Football,Sports,5,7553.76,37768.8,Lahore,JazzCash
ORD05205,CUST2194,Sara Khan,2026-05-11,Skin Cream,Beauty,1,4345.67,4345.67,Sialkot,Bank Transfer
ORD05206,CUST0457,Huzaifa Ali,2025-02-24,Cricket Ball,Sports,7,1405.74,9840.18,Gujranwala,Credit Card
ORD05207,CUST1162,Talha Malik,2025-10-12,Tablet,Electronics,6,30647.77,183886.62,Faisalabad,JazzCash
ORD05208,CUST2494,Talha Malik,2026-01-16,Jeans,Clothing,4,4238.52,16954.08,Rawalpindi,JazzCash
ORD05209,CUST1476,Bilal Ahmed,2026-05-30,Lipstick,Beauty,7,620.5,4343.5,Multan,Credit Card
ORD05210,CUST0200,Fatima Ahmed,2025-11-24,Keyboard,Electronics,8,9990.83,79926.64,Lahore,EasyPaisa
ORD05211,CUST1342,Danish Ahmed,2026-06-15,Shoes,Clothing,2,3407.91,6815.82,Peshawar,EasyPaisa
ORD05212,CUST1469,Hassan Ali,2026-09-28,Lipstick,Beauty,1,1440.33,1440.33,Sialkot,Cash
ORD05213,CUST2454,Maham Raza,2025-02-03,Vacuum Cleaner,Home & Kitchen,6,50452.9,302717.4,Quetta,EasyPaisa
ORD05214,CUST0628,Hira Shah,2026-04-03,Hoodie,Clothing,5,3005.66,15028.3,Peshawar,EasyPaisa
ORD05215,CUST0316,Sara Khan,2025-10-22,Headphones,Electronics,3,28523.97,85571.91,Karachi,Cash
ORD05216,CUST0728,Talha Malik,2026-01-26,Shampoo,Beauty,1,3099.32,3099.32,Gujranwala,Bank Transfer
ORD05217,CUST2058,Omar Farooq,2026-02-08,Perfume,Beauty,1,11434.14,11434.14,Karachi,Cash
ORD05218,CUST0572,Huzaifa Ali,2026-09-10,T-Shirt,Clothing,6,2949.33,17695.98,Islamabad,Credit Card
ORD05219,CUST1599,Talha Malik,2025-12-04,Jeans,Clothing,3,8711.21,26133.63,Quetta,Credit Card
ORD05220,CUST1410,Sara Khan,2026-06-16,Blender,Home & Kitchen,4,15719.33,62877.32,Karachi,JazzCash
ORD05221,CUST0777,Fatima Ahmed,2025-04-05,Shoes,Clothing,5,18384.69,91923.45,Islamabad,JazzCash
ORD05222,CUST2015,Ayesha Khan,2025-11-20,Running Shoes,Sports,4,7961.21,31844.84,Quetta,Debit Card
ORD05223,CUST0049,Danish Ahmed,2025-06-04,T-Shirt,Clothing,5,3769.69,18848.45,Faisalabad,Credit Card
ORD05224,CUST0459,Maham Raza,2025-09-25,Headphones,Electronics,8,18832.76,150662.08,Gujranwala,JazzCash
ORD05225,CUST1403,Ahmed Raza,2025-05-27,Smart Watch,Electronics,5,33356.36,166781.8,Multan,EasyPaisa
ORD05226,CUST1492,Maham Raza,2026-08-12,Jacket,Clothing,1,7167.15,7167.15,Gujranwala,JazzCash
ORD05227,CUST1210,Hassan Ali,2026-02-09,Biscuits,Grocery,4,250.18,1000.72,Quetta,Credit Card
ORD05228,CUST2133,Hamza Shah,2025-08-16,Biscuits,Grocery,3,137.06,411.18,Peshawar,Bank Transfer
ORD05229,CUST1314,Hamza Shah,2025-09-03,Smartphone,Electronics,2,115364.28,230728.56,Karachi,Bank Transfer
ORD05230,CUST0438,Ali Khan,2025-02-21,Football,Sports,4,3055.97,12223.88,Quetta,Debit Card
ORD05231,CUST1066,Hira Shah,2025-07-02,Jacket,Clothing,1,17237.55,17237.55,Sialkot,Debit Card
ORD05232,CUST0865,Bilal Ahmed,2025-06-24,Shampoo,Beauty,2,2663.25,5326.5,Islamabad,Credit Card
ORD05233,CUST2146,Zainab Ali,2025-09-13,Jeans,Clothing,8,8391.27,67130.16,Quetta,Cash
ORD05234,CUST1967,Ali Khan,2025-09-12,Yoga Mat,Sports,2,2522.03,5044.06,Gujranwala,Debit Card
ORD05235,CUST0695,Hamza Shah,2026-05-07,Lipstick,Beauty,4,3855.76,15423.04,Rawalpindi,Cash
ORD05236,CUST0222,Saad Khan,2026-01-20,Cereal,Grocery,3,1009.28,3027.84,Lahore,EasyPaisa
ORD05237,CUST0950,Usman Malik,2025-04-20,Face Wash,Beauty,6,1615.93,9695.58,Quetta,EasyPaisa
ORD05238,CUST0013,Omar Farooq,2026-07-08,Air Fryer,Home & Kitchen,4,28430.49,113721.96,Quetta,Bank Transfer
ORD05239,CUST0506,Hamza Shah,2026-07-11,Vacuum Cleaner,Home & Kitchen,4,34695.19,138780.76,Rawalpindi,Credit Card
ORD05240,CUST0693,Sana Malik,2026-02-10,Rice,Grocery,5,619.13,3095.65,Multan,Debit Card
ORD05241,CUST0064,Zainab Ali,2025-01-16,Blender,Home & Kitchen,8,10715.08,85720.64,Rawalpindi,Debit Card
ORD05242,CUST1081,Huzaifa Ali,2025-07-29,Vacuum Cleaner,Home & Kitchen,3,57449.67,172349.01,Karachi,Bank Transfer
ORD05243,CUST0952,Saad Khan,2026-08-02,Mouse,Electronics,3,4480.45,13441.35,Multan,Cash
ORD05244,CUST2267,Hassan Ali,2026-08-29,Hoodie,Clothing,8,4602.49,36819.92,Multan,EasyPaisa
ORD05245,CUST1521,Sara Khan,2025-03-13,Cereal,Grocery,8,789.52,6316.16,Faisalabad,Cash
ORD05246,CUST0067,Hira Shah,2026-04-02,Microwave,Home & Kitchen,1,24923.68,24923.68,Peshawar,JazzCash
ORD05247,CUST0955,Usman Malik,2025-08-07,Running Shoes,Sports,7,5277.93,36945.51,Karachi,EasyPaisa
ORD05248,CUST2418,Zainab Ali,2025-04-17,Keyboard,Electronics,2,6022.86,12045.72,Multan,Bank Transfer
ORD05249,CUST0468,Omar Farooq,2025-07-30,T-Shirt,Clothing,8,3460.89,27687.12,Faisalabad,Bank Transfer
ORD05250,CUST0035,Omar Farooq,2026-04-23,Smartphone,Electronics,2,100588.24,201176.48,Quetta,EasyPaisa
ORD05251,CUST2379,Bilal Ahmed,2026-07-06,Cricket Bat,Sports,2,3604.59,7209.18,Lahore,Cash
ORD05252,CUST0590,Hamza Shah,2026-05-04,Air Fryer,Home & Kitchen,1,23899.27,23899.27,Peshawar,Credit Card
ORD05253,CUST1223,Sara Khan,2025-05-11,Coffee Maker,Home & Kitchen,5,29396.81,146984.05,Gujranwala,Debit Card
ORD05254,CUST1740,Zainab Ali,2025-03-04,Cooking Oil,Grocery,6,647.43,3884.58,Islamabad,EasyPaisa
ORD05255,CUST1807,Danish Ahmed,2026-01-29,Yoga Mat,Sports,4,1120.39,4481.56,Karachi,Credit Card
ORD05256,CUST1416,Talha Malik,2025-02-05,Mouse,Electronics,3,4042.13,12126.39,Gujranwala,Bank Transfer
ORD05257,CUST0046,Huzaifa Ali,2025-11-25,Perfume,Beauty,6,17324.36,103946.16,Karachi,EasyPaisa
ORD05258,CUST1319,Sara Khan,2025-10-12,Lipstick,Beauty,5,2388.62,11943.1,Multan,Bank Transfer
ORD05259,CUST1080,Sana Malik,2026-04-03,Cereal,Grocery,2,1166.72,2333.44,Islamabad,Cash
ORD05260,CUST1516,Zainab Ali,2025-03-28,Air Fryer,Home & Kitchen,6,13277.23,79663.38,Peshawar,JazzCash
ORD05261,CUST0480,Hira Shah,2025-02-19,Blender,Home & Kitchen,3,12331.7,36995.1,Quetta,Debit Card
ORD05262,CUST0294,Ayesha Khan,2025-01-25,Skin Cream,Beauty,1,3622.08,3622.08,Faisalabad,Bank Transfer
ORD05263,CUST0214,Hira Shah,2026-07-06,Tablet,Electronics,6,107312.7,643876.2,Quetta,Cash
ORD05264,CUST1472,Sana Malik,2026-03-20,Perfume,Beauty,5,17250.82,86254.1,Gujranwala,Debit Card
ORD05265,CUST0093,Sana Malik,2025-02-08,Laptop,Electronics,5,72439.26,362196.3,Peshawar,Debit Card
ORD05266,CUST0865,Sana Malik,2026-06-26,Air Fryer,Home & Kitchen,7,26335.21,184346.47,Gujranwala,JazzCash
ORD05267,CUST2260,Abdullah Raza,2025-10-16,Microwave,Home & Kitchen,1,29561.01,29561.01,Sialkot,Credit Card
ORD05268,CUST1729,Ahmed Raza,2026-03-31,Coffee Maker,Home & Kitchen,6,16774.98,100649.88,Karachi,Credit Card
ORD05269,CUST0366,Saad Khan,2025-03-23,Perfume,Beauty,6,14691.91,88151.46,Karachi,Credit Card
ORD05270,CUST0725,Maham Raza,2025-12-28,Football,Sports,7,6652.03,46564.21,Lahore,EasyPaisa
ORD05271,CUST0093,Sana Malik,2026-09-09,Football,Sports,6,3892.88,23357.28,Rawalpindi,Cash
ORD05272,CUST1052,Usman Malik,2026-05-25,Blender,Home & Kitchen,2,10709.5,21419.0,Peshawar,Bank Transfer
ORD05273,CUST0773,Hamza Shah,2026-02-01,Coffee Maker,Home & Kitchen,8,28836.33,230690.64,Lahore,Bank Transfer
ORD05274,CUST1879,Hira Shah,2026-08-21,Jeans,Clothing,2,7053.83,14107.66,Quetta,Cash
ORD05275,CUST1693,Saad Khan,2025-04-13,Jacket,Clothing,7,8302.05,58114.35,Faisalabad,Debit Card
ORD05276,CUST2069,Danish Ahmed,2026-01-10,Coffee Maker,Home & Kitchen,5,20655.43,103277.15,Islamabad,Debit Card
ORD05277,CUST2083,Usman Malik,2025-07-09,Cricket Ball,Sports,4,668.0,2672.0,Karachi,Credit Card
ORD05278,CUST2440,Hassan Ali,2026-05-20,Cereal,Grocery,5,539.69,2698.45,Sialkot,JazzCash
ORD05279,CUST1227,Saad Khan,2025-09-30,Cricket Ball,Sports,2,2458.27,4916.54,Sialkot,Debit Card
ORD05280,CUST1392,Huzaifa Ali,2026-01-29,Laptop,Electronics,5,173397.85,866989.25,Faisalabad,JazzCash
ORD05281,CUST2061,Talha Malik,2026-07-28,Hoodie,Clothing,5,3660.0,18300.0,Gujranwala,Cash
ORD05282,CUST1956,Sara Khan,2026-02-11,Running Shoes,Sports,8,19790.82,158326.56,Faisalabad,EasyPaisa
ORD05283,CUST1017,Fatima Ahmed,2025-11-26,Cooking Oil,Grocery,1,952.76,952.76,Islamabad,Debit Card
ORD05284,CUST1735,Bilal Ahmed,2025-05-06,Smart Watch,Electronics,8,8984.63,71877.04,Gujranwala,EasyPaisa
ORD05285,CUST1742,Hira Shah,2026-03-19,Tea,Grocery,8,697.39,5579.12,Lahore,Bank Transfer
ORD05286,CUST0671,Hira Shah,2026-01-09,Perfume,Beauty,4,12795.73,51182.92,Faisalabad,Credit Card
ORD05287,CUST1837,Sara Khan,2025-04-26,Dinner Set,Home & Kitchen,4,14525.14,58100.56,Sialkot,JazzCash
ORD05288,CUST1305,Abdullah Raza,2026-04-04,Smart Watch,Electronics,7,36741.99,257193.93,Karachi,Cash
ORD05289,CUST2422,Sara Khan,2025-08-06,Cricket Ball,Sports,7,2191.43,15340.01,Quetta,Cash
ORD05290,CUST1972,Hamza Shah,2026-05-04,Cricket Ball,Sports,8,2211.44,17691.52,Faisalabad,Cash
ORD05291,CUST0553,Maham Raza,2025-02-26,Coffee Maker,Home & Kitchen,8,26455.02,211640.16,Lahore,Bank Transfer
ORD05292,CUST1156,Ahmed Raza,2025-09-20,Tablet,Electronics,5,56852.79,284263.95,Sialkot,Bank Transfer
ORD05293,CUST1517,Hira Shah,2025-05-16,Skin Cream,Beauty,6,2079.05,12474.3,Rawalpindi,JazzCash
ORD05294,CUST1379,Zainab Ali,2026-01-01,Air Fryer,Home & Kitchen,5,33477.23,167386.15,Quetta,JazzCash
ORD05295,CUST0753,Ali Khan,2025-10-06,Running Shoes,Sports,6,8420.96,50525.76,Multan,Cash
ORD05296,CUST0658,Talha Malik,2026-04-06,Shampoo,Beauty,1,3360.84,3360.84,Quetta,Credit Card
ORD05297,CUST2279,Talha Malik,2026-06-04,Face Wash,Beauty,6,1687.01,10122.06,Lahore,Bank Transfer
ORD05298,CUST1652,Ali Khan,2026-03-13,Skin Cream,Beauty,3,4961.2,14883.6,Rawalpindi,JazzCash
ORD05299,CUST1783,Sana Malik,2026-04-21,Biscuits,Grocery,3,185.08,555.24,Faisalabad,EasyPaisa
ORD05300,CUST1477,Ahmed Raza,2025-07-21,Hoodie,Clothing,5,9718.12,48590.6,Lahore,JazzCash
ORD05301,CUST0918,Talha Malik,2025-12-30,Lipstick,Beauty,7,3306.89,23148.23,Quetta,JazzCash
ORD05302,CUST0435,Sara Khan,2026-05-18,Yoga Mat,Sports,5,2280.24,11401.2,Faisalabad,EasyPaisa
ORD05303,CUST2384,Zainab Ali,2026-03-15,Smart Watch,Electronics,4,9467.85,37871.4,Lahore,Bank Transfer
ORD05304,CUST0148,Hamza Shah,2025-12-19,Cooking Oil,Grocery,3,843.11,2529.33,Peshawar,EasyPaisa
ORD05305,CUST0254,Talha Malik,2026-06-27,Tablet,Electronics,8,62709.17,501673.36,Sialkot,EasyPaisa
ORD05306,CUST2146,Usman Malik,2025-01-22,Jeans,Clothing,1,2847.56,2847.56,Rawalpindi,Credit Card
ORD05307,CUST0855,Talha Malik,2025-05-25,Cricket Ball,Sports,1,2149.65,2149.65,Faisalabad,Credit Card
ORD05308,CUST1153,Hamza Shah,2025-10-13,Shoes,Clothing,3,15632.8,46898.4,Gujranwala,Cash
ORD05309,CUST0483,Hamza Shah,2026-09-18,Keyboard,Electronics,6,5483.02,32898.12,Islamabad,EasyPaisa
ORD05310,CUST0280,Hamza Shah,2025-09-11,Coffee Maker,Home & Kitchen,1,27725.57,27725.57,Gujranwala,Credit Card
ORD05311,CUST1781,Maham Raza,2025-09-27,Lipstick,Beauty,2,3977.24,7954.48,Sialkot,Debit Card
ORD05312,CUST0945,Abdullah Raza,2025-07-13,Laptop,Electronics,1,187634.4,187634.4,Lahore,Debit Card
ORD05313,CUST1040,Bilal Ahmed,2026-08-17,Lipstick,Beauty,7,3943.52,27604.64,Rawalpindi,EasyPaisa
ORD05314,CUST1464,Sana Malik,2026-05-09,Microwave,Home & Kitchen,4,35843.98,143375.92,Islamabad,EasyPaisa
ORD05315,CUST0989,Sana Malik,2026-05-06,Shampoo,Beauty,8,1716.23,13729.84,Gujranwala,Bank Transfer
ORD05316,CUST1838,Talha Malik,2025-07-03,Blender,Home & Kitchen,1,14556.45,14556.45,Islamabad,Bank Transfer
ORD05317,CUST0649,Maham Raza,2026-02-15,Headphones,Electronics,2,18325.01,36650.02,Lahore,Debit Card
ORD05318,CUST2484,Bilal Ahmed,2026-09-25,Microwave,Home & Kitchen,8,23054.09,184432.72,Faisalabad,Bank Transfer
ORD05319,CUST0589,Hira Shah,2026-04-23,Cricket Ball,Sports,4,1851.15,7404.6,Gujranwala,Bank Transfer
ORD05320,CUST2157,Abdullah Raza,2026-06-07,Cereal,Grocery,4,936.16,3744.64,Faisalabad,EasyPaisa
ORD05321,CUST0679,Saad Khan,2026-03-30,Mouse,Electronics,7,2034.56,14241.92,Quetta,JazzCash
ORD05322,CUST0342,Ahmed Raza,2026-09-24,Coffee Maker,Home & Kitchen,7,25134.41,175940.87,Faisalabad,Cash
ORD05323,CUST1545,Danish Ahmed,2026-09-04,Sugar,Grocery,3,326.24,978.72,Peshawar,Debit Card
ORD05324,CUST0903,Usman Malik,2026-05-13,Jacket,Clothing,6,5404.65,32427.9,Gujranwala,Cash
ORD05325,CUST0033,Maryam Ahmed,2025-03-21,T-Shirt,Clothing,5,2285.51,11427.55,Karachi,EasyPaisa
ORD05326,CUST1018,Maryam Ahmed,2025-09-13,Smartphone,Electronics,5,117246.98,586234.9,Lahore,Credit Card
ORD05327,CUST1621,Ayesha Khan,2025-10-26,Tea,Grocery,2,694.02,1388.04,Multan,Debit Card
ORD05328,CUST0259,Usman Malik,2025-08-03,Laptop,Electronics,6,174839.17,1049035.02,Lahore,Cash
ORD05329,CUST1815,Ayesha Khan,2026-02-10,Cricket Ball,Sports,6,1522.31,9133.86,Karachi,Credit Card
ORD05330,CUST1128,Abdullah Raza,2026-04-18,Rice,Grocery,2,631.92,1263.84,Rawalpindi,Cash
ORD05331,CUST0956,Ali Khan,2026-05-27,Tea,Grocery,1,673.37,673.37,Islamabad,Cash
ORD05332,CUST2440,Talha Malik,2025-08-30,Running Shoes,Sports,4,8475.31,33901.24,Lahore,Cash
ORD05333,CUST0704,Sara Khan,2026-08-03,Laptop,Electronics,5,188895.19,944475.95,Islamabad,Cash
ORD05334,CUST0064,Ali Khan,2025-09-25,Skin Cream,Beauty,3,4367.21,13101.63,Peshawar,Cash
ORD05335,CUST1747,Hira Shah,2026-08-31,Hoodie,Clothing,5,5359.51,26797.55,Lahore,Credit Card
ORD05336,CUST1399,Huzaifa Ali,2025-09-13,Cricket Ball,Sports,5,2210.35,11051.75,Lahore,Debit Card
ORD05337,CUST1241,Zainab Ali,2025-02-03,Rice,Grocery,1,285.28,285.28,Lahore,Cash
ORD05338,CUST2344,Zainab Ali,2025-04-26,Vacuum Cleaner,Home & Kitchen,2,25909.05,51818.1,Sialkot,Bank Transfer
ORD05339,CUST1664,Danish Ahmed,2026-05-09,Rice,Grocery,3,706.79,2120.37,Rawalpindi,Bank Transfer
ORD05340,CUST0204,Zainab Ali,2026-03-04,Coffee Maker,Home & Kitchen,7,29923.87,209467.09,Faisalabad,EasyPaisa
ORD05341,CUST0034,Fatima Ahmed,2025-12-25,Coffee Maker,Home & Kitchen,8,10442.39,83539.12,Islamabad,Credit Card
ORD05342,CUST2420,Fatima Ahmed,2026-02-01,Coffee Maker,Home & Kitchen,1,26893.03,26893.03,Gujranwala,JazzCash
ORD05343,CUST1057,Hamza Shah,2025-12-12,Mouse,Electronics,8,6048.14,48385.12,Gujranwala,Credit Card
ORD05344,CUST2301,Huzaifa Ali,2025-11-04,Sugar,Grocery,2,177.34,354.68,Karachi,JazzCash
ORD05345,CUST2325,Talha Malik,2025-03-19,Tablet,Electronics,1,116450.96,116450.96,Multan,Debit Card
ORD05346,CUST2247,Hira Shah,2026-05-19,Rice,Grocery,7,556.16,3893.12,Multan,Cash
ORD05347,CUST1143,Bilal Ahmed,2025-11-03,Air Fryer,Home & Kitchen,2,28884.8,57769.6,Sialkot,Debit Card
ORD05348,CUST2207,Ahmed Raza,2026-06-27,Shoes,Clothing,1,13861.07,13861.07,Multan,Cash
ORD05349,CUST2097,Sara Khan,2026-03-25,Tablet,Electronics,4,101913.94,407655.76,Islamabad,JazzCash
ORD05350,CUST1202,Bilal Ahmed,2025-02-14,Shampoo,Beauty,8,3145.52,25164.16,Faisalabad,Cash
ORD05351,CUST0614,Ali Khan,2025-10-29,Cereal,Grocery,2,1019.78,2039.56,Quetta,JazzCash
ORD05352,CUST1758,Huzaifa Ali,2025-02-15,Yoga Mat,Sports,1,1392.98,1392.98,Karachi,Debit Card
ORD05353,CUST0925,Danish Ahmed,2025-06-07,Shoes,Clothing,8,10918.84,87350.72,Quetta,JazzCash
ORD05354,CUST1031,Hamza Shah,2025-11-17,Cereal,Grocery,1,515.25,515.25,Quetta,Cash
ORD05355,CUST0057,Usman Malik,2026-03-19,Blender,Home & Kitchen,8,5380.85,43046.8,Quetta,Debit Card
ORD05356,CUST1839,Talha Malik,2025-01-06,Keyboard,Electronics,1,9297.18,9297.18,Gujranwala,Debit Card
ORD05357,CUST1871,Sara Khan,2026-01-07,Hoodie,Clothing,6,4629.61,27777.66,Karachi,EasyPaisa
ORD05358,CUST1776,Sara Khan,2025-02-16,Running Shoes,Sports,8,23340.52,186724.16,Quetta,Credit Card
ORD05359,CUST2267,Ayesha Khan,2025-07-01,Football,Sports,3,5426.73,16280.19,Faisalabad,EasyPaisa
ORD05360,CUST1485,Hassan Ali,2025-04-24,Tablet,Electronics,3,40530.16,121590.48,Quetta,Credit Card
ORD05361,CUST1732,Maryam Ahmed,2025-07-20,Cricket Ball,Sports,4,1744.32,6977.28,Faisalabad,Bank Transfer
ORD05362,CUST0185,Maham Raza,2025-06-24,Smart Watch,Electronics,2,32114.81,64229.62,Sialkot,EasyPaisa
ORD05363,CUST2185,Huzaifa Ali,2026-08-29,Air Fryer,Home & Kitchen,7,27825.7,194779.9,Lahore,Cash
ORD05364,CUST0250,Huzaifa Ali,2025-05-13,Jeans,Clothing,7,4724.57,33071.99,Rawalpindi,JazzCash
ORD05365,CUST1466,Talha Malik,2025-06-02,Keyboard,Electronics,1,1652.85,1652.85,Lahore,Cash
ORD05366,CUST0987,Maryam Ahmed,2026-02-12,Cereal,Grocery,1,585.24,585.24,Lahore,Credit Card
ORD05367,CUST0505,Hira Shah,2025-11-22,Air Fryer,Home & Kitchen,2,26238.26,52476.52,Quetta,JazzCash
ORD05368,CUST1663,Maham Raza,2026-08-10,Headphones,Electronics,3,21895.25,65685.75,Gujranwala,JazzCash
ORD05369,CUST1474,Ayesha Khan,2025-05-16,Cricket Bat,Sports,1,11486.73,11486.73,Peshawar,EasyPaisa
ORD05370,CUST0607,Hassan Ali,2026-09-26,Cooking Oil,Grocery,1,1426.13,1426.13,Multan,Debit Card
ORD05371,CUST1099,Ali Khan,2026-02-01,Blender,Home & Kitchen,1,15465.94,15465.94,Sialkot,JazzCash
ORD05372,CUST2195,Omar Farooq,2025-04-10,Lipstick,Beauty,8,3367.83,26942.64,Faisalabad,Cash
ORD05373,CUST1322,Huzaifa Ali,2026-02-03,Laptop,Electronics,7,185149.94,1296049.58,Faisalabad,EasyPaisa
ORD05374,CUST0024,Fatima Ahmed,2025-01-28,Microwave,Home & Kitchen,4,45252.8,181011.2,Peshawar,Cash
ORD05375,CUST2186,Danish Ahmed,2025-01-02,Jacket,Clothing,7,15711.58,109981.06,Quetta,Cash
ORD05376,CUST1528,Danish Ahmed,2026-04-27,Tea,Grocery,4,808.71,3234.84,Lahore,Debit Card
ORD05377,CUST2272,Ayesha Khan,2025-11-19,Coffee Maker,Home & Kitchen,1,27322.29,27322.29,Lahore,Debit Card
ORD05378,CUST1866,Sara Khan,2025-06-13,Rice,Grocery,1,319.57,319.57,Faisalabad,Debit Card
ORD05379,CUST0205,Hamza Shah,2025-11-25,Smartphone,Electronics,1,25679.37,25679.37,Sialkot,EasyPaisa
ORD05380,CUST2221,Saad Khan,2025-08-03,Coffee Maker,Home & Kitchen,8,14553.27,116426.16,Lahore,EasyPaisa
ORD05381,CUST0656,Saad Khan,2026-01-27,Microwave,Home & Kitchen,1,33510.88,33510.88,Islamabad,EasyPaisa
ORD05382,CUST0917,Hassan Ali,2025-11-19,Blender,Home & Kitchen,6,10777.36,64664.16,Lahore,Debit Card
ORD05383,CUST1310,Maham Raza,2025-03-16,Cricket Bat,Sports,6,24165.24,144991.44,Lahore,Cash
ORD05384,CUST0377,Maryam Ahmed,2025-03-24,Jacket,Clothing,8,6198.02,49584.16,Gujranwala,EasyPaisa
ORD05385,CUST1481,Hamza Shah,2025-01-14,Cereal,Grocery,6,1236.85,7421.1,Rawalpindi,EasyPaisa
ORD05386,CUST2101,Ali Khan,2025-03-31,Football,Sports,5,7202.06,36010.3,Multan,Bank Transfer
ORD05387,CUST0014,Talha Malik,2025-01-23,Mouse,Electronics,3,2884.35,8653.05,Faisalabad,Bank Transfer
ORD05388,CUST1357,Sara Khan,2025-03-11,Tablet,Electronics,6,93497.64,560985.84,Sialkot,EasyPaisa
ORD05389,CUST1668,Danish Ahmed,2026-04-30,Jeans,Clothing,3,7714.42,23143.26,Islamabad,JazzCash
ORD05390,CUST0927,Saad Khan,2026-04-04,Skin Cream,Beauty,5,4541.14,22705.7,Quetta,EasyPaisa
ORD05391,CUST0730,Omar Farooq,2026-01-14,T-Shirt,Clothing,3,3355.93,10067.79,Sialkot,Cash
ORD05392,CUST0186,Maryam Ahmed,2026-02-26,Rice,Grocery,4,451.83,1807.32,Karachi,Credit Card
ORD05393,CUST1217,Danish Ahmed,2026-09-17,Blender,Home & Kitchen,4,7646.61,30586.44,Karachi,Credit Card
ORD05394,CUST0909,Sara Khan,2026-08-05,Cricket Ball,Sports,2,1570.4,3140.8,Peshawar,EasyPaisa
ORD05395,CUST1434,Omar Farooq,2026-03-14,Microwave,Home & Kitchen,4,31781.74,127126.96,Karachi,Bank Transfer
ORD05396,CUST1724,Huzaifa Ali,2026-01-17,Vacuum Cleaner,Home & Kitchen,5,58592.78,292963.9,Karachi,Debit Card
ORD05397,CUST1203,Hira Shah,2025-04-22,Mouse,Electronics,6,4709.96,28259.76,Rawalpindi,Bank Transfer
ORD05398,CUST0935,Ayesha Khan,2026-02-25,Smart Watch,Electronics,8,22909.85,183278.8,Lahore,Credit Card
ORD05399,CUST0910,Saad Khan,2025-09-04,T-Shirt,Clothing,4,2268.53,9074.12,Gujranwala,Bank Transfer
ORD05400,CUST0595,Zainab Ali,2025-01-05,T-Shirt,Clothing,7,3713.38,25993.66,Lahore,EasyPaisa
ORD05401,CUST0100,Sana Malik,2025-01-06,Cricket Bat,Sports,5,13904.5,69522.5,Rawalpindi,EasyPaisa
ORD05402,CUST0165,Talha Malik,2026-04-24,Sugar,Grocery,5,257.19,1285.95,Islamabad,JazzCash
ORD05403,CUST2074,Danish Ahmed,2026-05-04,Keyboard,Electronics,6,3182.02,19092.12,Peshawar,JazzCash
ORD05404,CUST1989,Omar Farooq,2025-07-30,Shoes,Clothing,6,14076.24,84457.44,Gujranwala,Cash
ORD05405,CUST0778,Ahmed Raza,2025-07-26,Skin Cream,Beauty,3,4897.24,14691.72,Sialkot,JazzCash
ORD05406,CUST1902,Talha Malik,2025-10-29,Laptop,Electronics,3,179567.05,538701.15,Lahore,Bank Transfer
ORD05407,CUST0428,Ali Khan,2025-05-22,Running Shoes,Sports,7,11600.68,81204.76,Sialkot,EasyPaisa
ORD05408,CUST2161,Hassan Ali,2026-04-17,Running Shoes,Sports,7,21629.4,151405.8,Gujranwala,Bank Transfer
ORD05409,CUST0057,Hira Shah,2025-01-12,Football,Sports,7,7215.84,50510.88,Peshawar,EasyPaisa
ORD05410,CUST2409,Ahmed Raza,2026-05-14,Yoga Mat,Sports,3,1316.48,3949.44,Faisalabad,Bank Transfer
ORD05411,CUST1322,Saad Khan,2026-01-22,Jacket,Clothing,5,6406.02,32030.1,Lahore,JazzCash
ORD05412,CUST1170,Hamza Shah,2025-06-10,Perfume,Beauty,3,14358.27,43074.81,Sialkot,EasyPaisa
ORD05413,CUST0170,Huzaifa Ali,2025-05-07,Biscuits,Grocery,4,160.72,642.88,Lahore,EasyPaisa
ORD05414,CUST2237,Maham Raza,2026-09-25,Jacket,Clothing,1,11822.71,11822.71,Faisalabad,Debit Card
ORD05415,CUST2188,Ayesha Khan,2025-10-06,Lipstick,Beauty,1,2428.43,2428.43,Rawalpindi,Debit Card
ORD05416,CUST1585,Ahmed Raza,2025-05-19,Tea,Grocery,8,785.27,6282.16,Islamabad,Cash
ORD05417,CUST1731,Sara Khan,2026-03-09,T-Shirt,Clothing,1,3745.87,3745.87,Faisalabad,Cash
ORD05418,CUST0912,Ali Khan,2025-11-07,Vacuum Cleaner,Home & Kitchen,8,42262.82,338102.56,Gujranwala,JazzCash
ORD05419,CUST2147,Hassan Ali,2026-04-01,Yoga Mat,Sports,4,1043.07,4172.28,Multan,Bank Transfer
ORD05420,CUST2161,Talha Malik,2026-06-23,Shoes,Clothing,7,5352.14,37464.98,Lahore,Debit Card
ORD05421,CUST2214,Hamza Shah,2026-05-14,Tablet,Electronics,6,98651.94,591911.64,Rawalpindi,Bank Transfer
ORD05422,CUST0685,Hamza Shah,2025-10-18,Running Shoes,Sports,2,8206.02,16412.04,Quetta,Bank Transfer
ORD05423,CUST2434,Danish Ahmed,2026-05-08,Coffee Maker,Home & Kitchen,5,29590.25,147951.25,Faisalabad,Bank Transfer
ORD05424,CUST2231,Hassan Ali,2026-05-24,Microwave,Home & Kitchen,2,24284.59,48569.18,Quetta,Credit Card
ORD05425,CUST1781,Bilal Ahmed,2026-02-23,Football,Sports,8,3787.07,30296.56,Lahore,EasyPaisa
ORD05426,CUST1124,Hira Shah,2026-06-18,Blender,Home & Kitchen,8,16980.64,135845.12,Faisalabad,Cash
ORD05427,CUST1582,Bilal Ahmed,2026-02-21,Tablet,Electronics,5,64221.79,321108.95,Karachi,EasyPaisa
ORD05428,CUST1405,Bilal Ahmed,2026-03-14,Lipstick,Beauty,6,2288.49,13730.94,Multan,Debit Card
ORD05429,CUST1729,Hira Shah,2026-07-30,Cricket Ball,Sports,6,799.38,4796.28,Quetta,Credit Card
ORD05430,CUST0664,Bilal Ahmed,2026-04-20,Face Wash,Beauty,1,1931.38,1931.38,Peshawar,JazzCash
ORD05431,CUST1288,Fatima Ahmed,2025-04-12,Shampoo,Beauty,1,726.65,726.65,Karachi,Credit Card
ORD05432,CUST1668,Huzaifa Ali,2026-07-25,Face Wash,Beauty,4,1595.73,6382.92,Gujranwala,Credit Card
ORD05433,CUST2482,Saad Khan,2026-07-04,Hoodie,Clothing,4,3512.19,14048.76,Peshawar,Credit Card
ORD05434,CUST2053,Sara Khan,2026-03-10,Jacket,Clothing,5,13056.59,65282.95,Islamabad,EasyPaisa
ORD05435,CUST1477,Hira Shah,2025-08-21,Sugar,Grocery,1,395.74,395.74,Multan,JazzCash
ORD05436,CUST2010,Usman Malik,2025-07-25,Vacuum Cleaner,Home & Kitchen,5,39958.87,199794.35,Faisalabad,EasyPaisa
ORD05437,CUST0017,Hira Shah,2026-01-10,Shoes,Clothing,4,6204.49,24817.96,Lahore,Cash
ORD05438,CUST1169,Hira Shah,2026-02-27,Football,Sports,7,2466.2,17263.4,Lahore,EasyPaisa
ORD05439,CUST0343,Ali Khan,2026-08-04,Rice,Grocery,1,406.61,406.61,Lahore,EasyPaisa
ORD05440,CUST1392,Sana Malik,2025-11-13,Headphones,Electronics,6,13286.27,79717.62,Rawalpindi,Cash
ORD05441,CUST0534,Talha Malik,2026-02-14,Laptop,Electronics,5,155422.67,777113.35,Faisalabad,Bank Transfer
ORD05442,CUST0741,Bilal Ahmed,2025-11-19,Cricket Bat,Sports,1,20696.68,20696.68,Multan,Bank Transfer
ORD05443,CUST0232,Talha Malik,2025-07-22,Yoga Mat,Sports,8,3853.06,30824.48,Rawalpindi,Credit Card
ORD05444,CUST2333,Hamza Shah,2026-02-14,Headphones,Electronics,6,29776.0,178656.0,Lahore,Bank Transfer
ORD05445,CUST0484,Talha Malik,2025-03-09,Rice,Grocery,7,594.96,4164.72,Karachi,Credit Card
ORD05446,CUST0138,Ali Khan,2026-01-02,Cricket Ball,Sports,3,501.86,1505.58,Peshawar,Debit Card
ORD05447,CUST1005,Sana Malik,2025-09-21,Jeans,Clothing,7,8861.85,62032.95,Sialkot,Bank Transfer
ORD05448,CUST1459,Ahmed Raza,2026-03-18,Vacuum Cleaner,Home & Kitchen,3,33625.38,100876.14,Multan,Credit Card
ORD05449,CUST0335,Sara Khan,2025-03-23,Coffee Maker,Home & Kitchen,5,27441.58,137207.9,Lahore,Credit Card
ORD05450,CUST2251,Huzaifa Ali,2025-07-16,Shampoo,Beauty,6,2633.25,15799.5,Quetta,Debit Card
ORD05451,CUST2310,Hassan Ali,2025-11-21,Dinner Set,Home & Kitchen,8,14229.04,113832.32,Lahore,Debit Card
ORD05452,CUST2169,Hassan Ali,2025-06-17,Football,Sports,6,5875.19,35251.14,Rawalpindi,Cash
ORD05453,CUST0084,Ayesha Khan,2025-08-25,Headphones,Electronics,5,27899.87,139499.35,Islamabad,EasyPaisa
ORD05454,CUST0931,Ayesha Khan,2025-10-22,Sugar,Grocery,5,326.23,1631.15,Islamabad,EasyPaisa
ORD05455,CUST1756,Talha Malik,2026-06-22,Cricket Ball,Sports,8,1190.1,9520.8,Faisalabad,Bank Transfer
ORD05456,CUST0531,Fatima Ahmed,2026-04-11,Tablet,Electronics,8,119711.66,957693.28,Peshawar,Bank Transfer
ORD05457,CUST0421,Abdullah Raza,2025-10-30,Dinner Set,Home & Kitchen,4,11693.23,46772.92,Lahore,JazzCash
ORD05458,CUST0132,Danish Ahmed,2025-01-23,Cereal,Grocery,2,1387.68,2775.36,Sialkot,JazzCash
ORD05459,CUST2081,Hassan Ali,2026-09-21,Shampoo,Beauty,3,1445.54,4336.62,Sialkot,EasyPaisa
ORD05460,CUST0497,Bilal Ahmed,2025-05-15,T-Shirt,Clothing,5,2641.23,13206.15,Gujranwala,Credit Card
ORD05461,CUST0738,Sana Malik,2025-02-21,Tea,Grocery,8,755.33,6042.64,Gujranwala,EasyPaisa
ORD05462,CUST2310,Abdullah Raza,2026-04-26,Laptop,Electronics,6,131629.72,789778.32,Sialkot,Cash
ORD05463,CUST1437,Hira Shah,2025-09-28,Dinner Set,Home & Kitchen,4,15894.07,63576.28,Multan,Cash
ORD05464,CUST0838,Fatima Ahmed,2025-10-21,Cricket Bat,Sports,4,24865.81,99463.24,Faisalabad,Cash
ORD05465,CUST0887,Usman Malik,2026-03-01,Running Shoes,Sports,1,18527.31,18527.31,Rawalpindi,EasyPaisa
ORD05466,CUST1843,Huzaifa Ali,2025-11-27,Dinner Set,Home & Kitchen,4,14375.48,57501.92,Faisalabad,Debit Card
ORD05467,CUST0640,Saad Khan,2025-05-07,Perfume,Beauty,4,15492.47,61969.88,Islamabad,Cash
ORD05468,CUST1264,Bilal Ahmed,2026-02-07,Football,Sports,3,6661.96,19985.88,Karachi,Bank Transfer
ORD05469,CUST2268,Saad Khan,2026-05-23,Perfume,Beauty,5,8088.38,40441.9,Sialkot,Credit Card
ORD05470,CUST0239,Maham Raza,2026-05-15,Cereal,Grocery,1,1468.75,1468.75,Lahore,JazzCash
ORD05471,CUST0534,Hira Shah,2026-02-16,Smart Watch,Electronics,1,19841.07,19841.07,Rawalpindi,Credit Card
ORD05472,CUST0533,Sara Khan,2025-07-27,Sugar,Grocery,5,194.83,974.15,Multan,JazzCash
ORD05473,CUST2152,Ahmed Raza,2026-09-13,T-Shirt,Clothing,8,4839.57,38716.56,Faisalabad,Bank Transfer
ORD05474,CUST2476,Saad Khan,2026-03-28,Rice,Grocery,4,514.69,2058.76,Quetta,JazzCash
ORD05475,CUST2413,Danish Ahmed,2026-09-28,Cricket Ball,Sports,4,826.16,3304.64,Peshawar,Credit Card
ORD05476,CUST1136,Fatima Ahmed,2026-01-06,Biscuits,Grocery,5,251.38,1256.9,Karachi,Bank Transfer
ORD05477,CUST2330,Bilal Ahmed,2026-04-09,Skin Cream,Beauty,6,3596.6,21579.6,Gujranwala,Credit Card
ORD05478,CUST1718,Maham Raza,2025-04-14,Cooking Oil,Grocery,1,1242.37,1242.37,Karachi,Debit Card
ORD05479,CUST1829,Huzaifa Ali,2025-10-18,Skin Cream,Beauty,8,2048.73,16389.84,Quetta,Cash
ORD05480,CUST0839,Usman Malik,2025-07-17,Vacuum Cleaner,Home & Kitchen,4,29917.18,119668.72,Quetta,EasyPaisa
ORD05481,CUST2028,Zainab Ali,2025-11-02,T-Shirt,Clothing,4,4213.32,16853.28,Peshawar,Cash
ORD05482,CUST1478,Ahmed Raza,2026-01-24,Lipstick,Beauty,8,3123.04,24984.32,Islamabad,Cash
ORD05483,CUST2043,Saad Khan,2025-06-25,Mouse,Electronics,1,946.89,946.89,Peshawar,Debit Card
ORD05484,CUST1901,Ahmed Raza,2026-06-19,Yoga Mat,Sports,6,4855.56,29133.36,Lahore,Debit Card
ORD05485,CUST2101,Ahmed Raza,2025-08-21,Keyboard,Electronics,6,2814.98,16889.88,Peshawar,Credit Card
ORD05486,CUST2032,Hira Shah,2025-08-09,Smart Watch,Electronics,6,33007.07,198042.42,Sialkot,Credit Card
ORD05487,CUST1176,Hira Shah,2026-05-25,Hoodie,Clothing,3,6007.48,18022.44,Islamabad,Credit Card
ORD05488,CUST0797,Usman Malik,2025-11-21,Biscuits,Grocery,8,219.08,1752.64,Karachi,Bank Transfer
ORD05489,CUST2016,Bilal Ahmed,2026-07-06,Microwave,Home & Kitchen,4,39386.68,157546.72,Lahore,JazzCash
ORD05490,CUST1228,Fatima Ahmed,2025-11-14,Coffee Maker,Home & Kitchen,2,20859.61,41719.22,Sialkot,Debit Card
ORD05491,CUST1293,Abdullah Raza,2025-10-04,Smart Watch,Electronics,7,33259.23,232814.61,Peshawar,Credit Card
ORD05492,CUST2354,Bilal Ahmed,2025-01-07,Cricket Ball,Sports,5,1838.26,9191.3,Quetta,JazzCash
ORD05493,CUST1696,Saad Khan,2025-08-23,Football,Sports,8,6984.68,55877.44,Multan,Cash
ORD05494,CUST0640,Maham Raza,2026-07-09,Running Shoes,Sports,2,5234.63,10469.26,Karachi,Bank Transfer
ORD05495,CUST2177,Sara Khan,2025-04-02,Mouse,Electronics,4,1019.73,4078.92,Quetta,Credit Card
ORD05496,CUST1138,Maham Raza,2025-10-08,Headphones,Electronics,2,12266.03,24532.06,Peshawar,JazzCash
ORD05497,CUST1542,Ali Khan,2026-04-16,Smart Watch,Electronics,7,21327.28,149290.96,Karachi,Bank Transfer
ORD05498,CUST0007,Usman Malik,2025-10-06,Blender,Home & Kitchen,4,14312.94,57251.76,Lahore,Credit Card
ORD05499,CUST1246,Maryam Ahmed,2026-01-23,Cereal,Grocery,8,809.24,6473.92,Multan,JazzCash
ORD05500,CUST0571,Abdullah Raza,2025-07-17,Running Shoes,Sports,8,11617.82,92942.56,Quetta,JazzCash
ORD05501,CUST1775,Saad Khan,2025-01-03,Blender,Home & Kitchen,6,14938.68,89632.08,Multan,EasyPaisa
ORD05502,CUST0999,Ahmed Raza,2025-09-05,Mouse,Electronics,3,6216.66,18649.98,Sialkot,Debit Card
ORD05503,CUST0096,Sara Khan,2026-05-12,Cereal,Grocery,5,604.4,3022.0,Karachi,JazzCash
ORD05504,CUST0052,Zainab Ali,2025-08-14,Microwave,Home & Kitchen,8,45192.46,361539.68,Rawalpindi,Debit Card
ORD05505,CUST0288,Sara Khan,2026-06-25,Hoodie,Clothing,8,6973.08,55784.64,Islamabad,EasyPaisa
ORD05506,CUST1441,Ahmed Raza,2025-04-25,T-Shirt,Clothing,7,4751.3,33259.1,Quetta,Cash
ORD05507,CUST0224,Ayesha Khan,2026-09-11,Headphones,Electronics,7,13447.18,94130.26,Peshawar,JazzCash
ORD05508,CUST0490,Maryam Ahmed,2025-05-02,Tablet,Electronics,5,77618.0,388090.0,Sialkot,Bank Transfer
ORD05509,CUST0426,Danish Ahmed,2025-07-27,Running Shoes,Sports,7,13304.37,93130.59,Sialkot,Debit Card
ORD05510,CUST2251,Maryam Ahmed,2025-02-19,Sugar,Grocery,7,158.07,1106.49,Faisalabad,EasyPaisa
ORD05511,CUST2095,Ayesha Khan,2026-09-12,Rice,Grocery,3,724.65,2173.95,Lahore,EasyPaisa
ORD05512,CUST1853,Abdullah Raza,2026-04-26,Running Shoes,Sports,5,15362.17,76810.85,Gujranwala,EasyPaisa
ORD05513,CUST1427,Danish Ahmed,2026-04-12,Face Wash,Beauty,4,1139.91,4559.64,Peshawar,EasyPaisa
ORD05514,CUST1831,Fatima Ahmed,2025-07-01,Running Shoes,Sports,7,15295.72,107070.04,Gujranwala,Credit Card
ORD05515,CUST1804,Usman Malik,2026-08-07,Cricket Bat,Sports,1,3268.62,3268.62,Multan,Debit Card
ORD05516,CUST0474,Omar Farooq,2025-01-17,Tea,Grocery,6,831.37,4988.22,Rawalpindi,JazzCash
ORD05517,CUST1342,Hira Shah,2025-03-09,Cooking Oil,Grocery,2,1226.82,2453.64,Quetta,Bank Transfer
ORD05518,CUST0748,Sana Malik,2026-07-02,Perfume,Beauty,3,7347.91,22043.73,Peshawar,Debit Card
ORD05519,CUST1721,Zainab Ali,2025-03-23,Perfume,Beauty,8,13712.47,109699.76,Lahore,EasyPaisa
ORD05520,CUST1531,Abdullah Raza,2025-04-19,Vacuum Cleaner,Home & Kitchen,4,43794.38,175177.52,Peshawar,Bank Transfer
ORD05521,CUST0484,Danish Ahmed,2025-08-17,Shoes,Clothing,2,24634.64,49269.28,Karachi,Debit Card
ORD05522,CUST2377,Ali Khan,2026-01-26,Smart Watch,Electronics,4,34085.03,136340.12,Lahore,Debit Card
ORD05523,CUST1153,Danish Ahmed,2025-11-09,Biscuits,Grocery,7,62.04,434.28,Faisalabad,Cash
ORD05524,CUST0403,Danish Ahmed,2025-12-03,Vacuum Cleaner,Home & Kitchen,2,51243.45,102486.9,Rawalpindi,EasyPaisa
ORD05525,CUST0658,Sara Khan,2025-03-16,Microwave,Home & Kitchen,2,33824.44,67648.88,Gujranwala,EasyPaisa
ORD05526,CUST1732,Saad Khan,2025-02-21,Laptop,Electronics,7,182253.56,1275774.92,Karachi,Debit Card
ORD05527,CUST0394,Hamza Shah,2026-02-03,Blender,Home & Kitchen,7,10575.69,74029.83,Quetta,JazzCash
ORD05528,CUST0009,Sara Khan,2025-06-17,Cricket Bat,Sports,5,21375.71,106878.55,Quetta,Cash
ORD05529,CUST0630,Fatima Ahmed,2026-07-22,Perfume,Beauty,6,8490.01,50940.06,Lahore,Debit Card
ORD05530,CUST0724,Sana Malik,2026-05-11,Lipstick,Beauty,6,2195.85,13175.1,Lahore,Cash
ORD05531,CUST2130,Sara Khan,2025-03-08,T-Shirt,Clothing,6,1949.72,11698.32,Karachi,JazzCash
ORD05532,CUST0624,Sana Malik,2025-07-02,Dinner Set,Home & Kitchen,7,12934.18,90539.26,Sialkot,Debit Card
ORD05533,CUST1108,Abdullah Raza,2026-09-17,Running Shoes,Sports,2,12806.24,25612.48,Multan,EasyPaisa
ORD05534,CUST2346,Ahmed Raza,2026-09-06,Jeans,Clothing,2,8970.13,17940.26,Karachi,Cash
ORD05535,CUST0594,Maryam Ahmed,2025-05-18,Shoes,Clothing,5,8112.92,40564.6,Quetta,Bank Transfer
ORD05536,CUST1732,Saad Khan,2025-06-19,Rice,Grocery,5,542.33,2711.65,Islamabad,Credit Card
ORD05537,CUST1140,Fatima Ahmed,2025-07-23,Shampoo,Beauty,5,2750.05,13750.25,Gujranwala,Credit Card
ORD05538,CUST0495,Zainab Ali,2025-05-01,Smartphone,Electronics,1,106001.08,106001.08,Multan,JazzCash
ORD05539,CUST0421,Omar Farooq,2026-01-15,Biscuits,Grocery,2,119.12,238.24,Sialkot,EasyPaisa
ORD05540,CUST0839,Talha Malik,2025-06-10,Air Fryer,Home & Kitchen,4,30537.65,122150.6,Multan,Cash
ORD05541,CUST1896,Zainab Ali,2025-05-01,Face Wash,Beauty,4,2024.48,8097.92,Islamabad,Debit Card
ORD05542,CUST0593,Hamza Shah,2025-09-15,Jeans,Clothing,4,3456.85,13827.4,Rawalpindi,EasyPaisa
ORD05543,CUST1791,Hassan Ali,2025-11-30,Vacuum Cleaner,Home & Kitchen,7,36714.9,257004.3,Gujranwala,Cash
ORD05544,CUST0051,Sara Khan,2025-01-20,Cooking Oil,Grocery,6,1386.48,8318.88,Faisalabad,Bank Transfer
ORD05545,CUST2124,Hassan Ali,2025-11-09,Air Fryer,Home & Kitchen,1,28569.92,28569.92,Sialkot,Debit Card
ORD05546,CUST1553,Hassan Ali,2026-06-16,Headphones,Electronics,3,26092.78,78278.34,Multan,Bank Transfer
ORD05547,CUST0776,Maryam Ahmed,2026-08-14,Dinner Set,Home & Kitchen,3,11050.97,33152.91,Lahore,JazzCash
ORD05548,CUST1559,Ali Khan,2025-08-11,Jacket,Clothing,8,16165.07,129320.56,Gujranwala,Cash
ORD05549,CUST0589,Omar Farooq,2026-03-05,Air Fryer,Home & Kitchen,3,24385.32,73155.96,Karachi,JazzCash
ORD05550,CUST1516,Omar Farooq,2025-03-28,Tea,Grocery,2,1064.27,2128.54,Islamabad,Bank Transfer
ORD05551,CUST0391,Sana Malik,2025-11-04,Cereal,Grocery,4,426.9,1707.6,Quetta,JazzCash
ORD05552,CUST1998,Usman Malik,2025-08-05,Coffee Maker,Home & Kitchen,7,26577.23,186040.61,Rawalpindi,JazzCash
ORD05553,CUST0128,Zainab Ali,2026-06-22,Skin Cream,Beauty,1,3009.65,3009.65,Rawalpindi,EasyPaisa
ORD05554,CUST0615,Ayesha Khan,2025-06-30,Hoodie,Clothing,2,9512.73,19025.46,Sialkot,JazzCash
ORD05555,CUST1994,Hira Shah,2025-07-19,Coffee Maker,Home & Kitchen,6,22822.45,136934.7,Faisalabad,Debit Card
ORD05556,CUST0634,Hassan Ali,2026-01-28,Blender,Home & Kitchen,6,7060.92,42365.52,Islamabad,Cash
ORD05557,CUST1102,Bilal Ahmed,2025-09-20,Face Wash,Beauty,7,2462.32,17236.24,Sialkot,EasyPaisa
ORD05558,CUST0308,Huzaifa Ali,2026-04-04,Running Shoes,Sports,1,6562.5,6562.5,Peshawar,Cash
ORD05559,CUST2453,Fatima Ahmed,2026-09-12,Running Shoes,Sports,4,15976.32,63905.28,Multan,Cash
ORD05560,CUST0623,Danish Ahmed,2026-06-16,Headphones,Electronics,4,20595.64,82382.56,Islamabad,Cash
ORD05561,CUST1254,Hassan Ali,2025-01-16,Cooking Oil,Grocery,7,1474.36,10320.52,Quetta,EasyPaisa
ORD05562,CUST1006,Sara Khan,2025-02-28,Vacuum Cleaner,Home & Kitchen,2,37291.42,74582.84,Rawalpindi,Bank Transfer
ORD05563,CUST0722,Zainab Ali,2026-03-02,Tablet,Electronics,6,57660.39,345962.34,Lahore,Bank Transfer
ORD05564,CUST0878,Zainab Ali,2025-05-24,Lipstick,Beauty,2,2647.25,5294.5,Islamabad,EasyPaisa
ORD05565,CUST2108,Saad Khan,2026-07-16,Skin Cream,Beauty,1,3342.14,3342.14,Peshawar,Cash
ORD05566,CUST0408,Sana Malik,2026-04-17,Perfume,Beauty,1,4105.84,4105.84,Sialkot,Bank Transfer
ORD05567,CUST1696,Saad Khan,2025-09-08,Jeans,Clothing,1,7075.94,7075.94,Lahore,EasyPaisa
ORD05568,CUST1115,Omar Farooq,2025-09-25,Cricket Ball,Sports,5,2463.12,12315.6,Quetta,Credit Card
ORD05569,CUST2031,Sara Khan,2026-05-22,Mouse,Electronics,7,2228.51,15599.57,Rawalpindi,EasyPaisa
ORD05570,CUST0225,Sana Malik,2026-06-01,T-Shirt,Clothing,2,3917.39,7834.78,Rawalpindi,EasyPaisa
ORD05571,CUST2000,Zainab Ali,2026-08-07,Vacuum Cleaner,Home & Kitchen,8,25831.09,206648.72,Peshawar,EasyPaisa
ORD05572,CUST0135,Usman Malik,2026-07-24,Cricket Ball,Sports,2,853.15,1706.3,Gujranwala,Bank Transfer
ORD05573,CUST0430,Hamza Shah,2025-08-22,Tea,Grocery,2,716.39,1432.78,Islamabad,JazzCash
ORD05574,CUST0031,Omar Farooq,2026-02-01,Dinner Set,Home & Kitchen,5,15068.05,75340.25,Lahore,Credit Card
ORD05575,CUST2162,Hamza Shah,2026-05-17,Cricket Bat,Sports,2,5351.54,10703.08,Quetta,Cash
ORD05576,CUST1290,Saad Khan,2026-05-21,Microwave,Home & Kitchen,3,40504.02,121512.06,Gujranwala,EasyPaisa
ORD05577,CUST0684,Ali Khan,2026-09-18,Mouse,Electronics,6,1371.36,8228.16,Peshawar,Credit Card
ORD05578,CUST0534,Maryam Ahmed,2025-12-19,Mouse,Electronics,7,2684.33,18790.31,Islamabad,JazzCash
ORD05579,CUST2355,Maham Raza,2025-01-10,Smart Watch,Electronics,2,40527.71,81055.42,Rawalpindi,Cash
ORD05580,CUST2466,Hassan Ali,2026-04-16,Laptop,Electronics,2,245243.1,490486.2,Multan,Cash
ORD05581,CUST0799,Huzaifa Ali,2025-06-09,Shoes,Clothing,3,22083.71,66251.13,Lahore,Cash
ORD05582,CUST2318,Huzaifa Ali,2025-01-31,Shoes,Clothing,3,24009.78,72029.34,Karachi,EasyPaisa
ORD05583,CUST1588,Usman Malik,2026-02-02,Blender,Home & Kitchen,5,5971.74,29858.7,Rawalpindi,JazzCash
ORD05584,CUST0149,Sana Malik,2025-06-10,Headphones,Electronics,8,16121.61,128972.88,Multan,Cash
ORD05585,CUST0839,Maham Raza,2026-03-21,Yoga Mat,Sports,1,5779.62,5779.62,Rawalpindi,Credit Card
ORD05586,CUST1726,Bilal Ahmed,2025-07-11,Jacket,Clothing,7,4381.11,30667.77,Multan,Cash
ORD05587,CUST0490,Talha Malik,2026-01-22,Tablet,Electronics,5,104308.29,521541.45,Rawalpindi,Cash
ORD05588,CUST0848,Ayesha Khan,2025-04-13,Vacuum Cleaner,Home & Kitchen,6,18357.82,110146.92,Islamabad,Cash
ORD05589,CUST0614,Sana Malik,2026-08-24,Lipstick,Beauty,1,2050.96,2050.96,Lahore,JazzCash
ORD05590,CUST2323,Sara Khan,2025-12-13,Blender,Home & Kitchen,4,13290.43,53161.72,Peshawar,Debit Card
ORD05591,CUST0923,Saad Khan,2026-01-29,Jeans,Clothing,4,6162.52,24650.08,Multan,JazzCash
ORD05592,CUST1312,Saad Khan,2026-08-26,Microwave,Home & Kitchen,2,25081.12,50162.24,Lahore,Bank Transfer
ORD05593,CUST1606,Bilal Ahmed,2025-04-15,Laptop,Electronics,5,213173.42,1065867.1,Peshawar,JazzCash
ORD05594,CUST2128,Ayesha Khan,2026-03-17,Blender,Home & Kitchen,5,6202.8,31014.0,Karachi,Debit Card
ORD05595,CUST2366,Fatima Ahmed,2025-08-19,Tea,Grocery,1,304.9,304.9,Multan,Debit Card
ORD05596,CUST0241,Hamza Shah,2025-06-15,Shampoo,Beauty,5,1726.68,8633.4,Gujranwala,Cash
ORD05597,CUST0009,Hamza Shah,2025-06-23,Yoga Mat,Sports,4,1106.28,4425.12,Peshawar,Debit Card
ORD05598,CUST0065,Danish Ahmed,2026-02-20,Smart Watch,Electronics,1,25892.07,25892.07,Karachi,JazzCash
ORD05599,CUST2370,Hassan Ali,2025-05-03,Blender,Home & Kitchen,6,10933.69,65602.14,Peshawar,JazzCash
ORD05600,CUST1644,Hamza Shah,2025-10-15,Cereal,Grocery,1,789.75,789.75,Peshawar,Bank Transfer
ORD05601,CUST2475,Sara Khan,2025-07-20,Jeans,Clothing,5,6878.66,34393.3,Multan,JazzCash
ORD05602,CUST0042,Bilal Ahmed,2025-06-18,Skin Cream,Beauty,8,4275.99,34207.92,Lahore,Debit Card
ORD05603,CUST1571,Zainab Ali,2025-08-21,Lipstick,Beauty,1,781.16,781.16,Rawalpindi,Debit Card
ORD05604,CUST1194,Bilal Ahmed,2025-09-16,Sugar,Grocery,2,338.02,676.04,Quetta,Cash
ORD05605,CUST0893,Usman Malik,2025-12-12,Yoga Mat,Sports,5,5678.03,28390.15,Faisalabad,Debit Card
ORD05606,CUST0595,Danish Ahmed,2025-02-20,Shampoo,Beauty,1,1629.88,1629.88,Lahore,JazzCash
ORD05607,CUST1291,Sara Khan,2025-07-20,Yoga Mat,Sports,8,2750.46,22003.68,Faisalabad,Credit Card
ORD05608,CUST1691,Usman Malik,2025-07-28,Cereal,Grocery,5,552.9,2764.5,Lahore,EasyPaisa
ORD05609,CUST1325,Ahmed Raza,2025-09-25,Smart Watch,Electronics,3,25828.31,77484.93,Gujranwala,Cash
ORD05610,CUST0169,Bilal Ahmed,2026-03-29,Vacuum Cleaner,Home & Kitchen,5,34377.28,171886.4,Rawalpindi,JazzCash
ORD05611,CUST1753,Ali Khan,2025-03-02,Headphones,Electronics,8,10629.05,85032.4,Islamabad,Credit Card
ORD05612,CUST0771,Fatima Ahmed,2025-03-24,Microwave,Home & Kitchen,4,28740.04,114960.16,Karachi,JazzCash
ORD05613,CUST1419,Sana Malik,2026-08-13,Cooking Oil,Grocery,1,1493.96,1493.96,Karachi,JazzCash
ORD05614,CUST1014,Maryam Ahmed,2026-02-02,Air Fryer,Home & Kitchen,2,27616.25,55232.5,Sialkot,Cash
ORD05615,CUST0466,Maryam Ahmed,2026-07-21,Dinner Set,Home & Kitchen,3,8290.59,24871.77,Rawalpindi,EasyPaisa
ORD05616,CUST0424,Ali Khan,2026-09-26,Jeans,Clothing,7,7408.43,51859.01,Gujranwala,Credit Card
ORD05617,CUST0447,Bilal Ahmed,2026-03-21,Lipstick,Beauty,6,2781.03,16686.18,Lahore,JazzCash
ORD05618,CUST1541,Fatima Ahmed,2026-05-07,Coffee Maker,Home & Kitchen,7,13388.86,93722.02,Quetta,EasyPaisa
ORD05619,CUST1072,Maham Raza,2026-07-23,Coffee Maker,Home & Kitchen,1,10900.18,10900.18,Lahore,Bank Transfer
ORD05620,CUST2350,Abdullah Raza,2025-09-11,Football,Sports,5,5717.01,28585.05,Sialkot,Credit Card
ORD05621,CUST1770,Hamza Shah,2026-06-11,Coffee Maker,Home & Kitchen,3,27304.1,81912.3,Lahore,Credit Card
ORD05622,CUST0977,Saad Khan,2025-09-14,Shampoo,Beauty,2,2423.06,4846.12,Islamabad,Debit Card
ORD05623,CUST2219,Sara Khan,2025-07-10,Cricket Ball,Sports,4,781.91,3127.64,Multan,EasyPaisa
ORD05624,CUST2168,Ahmed Raza,2026-07-31,Smart Watch,Electronics,2,35502.13,71004.26,Multan,Credit Card
ORD05625,CUST0798,Ali Khan,2025-12-13,Face Wash,Beauty,1,2523.3,2523.3,Peshawar,JazzCash
ORD05626,CUST0930,Huzaifa Ali,2025-02-24,T-Shirt,Clothing,4,3989.02,15956.08,Gujranwala,Debit Card
ORD05627,CUST1646,Abdullah Raza,2026-04-21,Laptop,Electronics,8,202771.96,1622175.68,Islamabad,Bank Transfer
ORD05628,CUST1346,Ali Khan,2025-01-18,Football,Sports,2,5280.89,10561.78,Quetta,Cash
ORD05629,CUST1202,Sana Malik,2026-05-12,Lipstick,Beauty,6,622.51,3735.06,Multan,Bank Transfer
ORD05630,CUST1013,Saad Khan,2025-11-13,Blender,Home & Kitchen,2,16045.61,32091.22,Quetta,JazzCash
ORD05631,CUST0477,Zainab Ali,2025-09-09,Cooking Oil,Grocery,5,1052.3,5261.5,Multan,JazzCash
ORD05632,CUST2307,Hira Shah,2025-06-17,Sugar,Grocery,8,302.07,2416.56,Islamabad,Bank Transfer
ORD05633,CUST0686,Fatima Ahmed,2025-08-12,Cooking Oil,Grocery,8,664.06,5312.48,Rawalpindi,JazzCash
ORD05634,CUST0166,Zainab Ali,2026-08-08,Smartphone,Electronics,2,129840.37,259680.74,Peshawar,JazzCash
ORD05635,CUST0258,Ayesha Khan,2025-09-29,Vacuum Cleaner,Home & Kitchen,2,51259.01,102518.02,Faisalabad,Credit Card
ORD05636,CUST2365,Saad Khan,2025-06-03,Headphones,Electronics,4,13422.33,53689.32,Quetta,JazzCash
ORD05637,CUST1451,Usman Malik,2025-02-04,Yoga Mat,Sports,7,1429.25,10004.75,Sialkot,Cash
ORD05638,CUST0974,Sara Khan,2025-07-10,Rice,Grocery,5,338.08,1690.4,Rawalpindi,JazzCash
ORD05639,CUST2188,Ahmed Raza,2025-09-13,Vacuum Cleaner,Home & Kitchen,8,44771.29,358170.32,Karachi,Credit Card
ORD05640,CUST0308,Omar Farooq,2025-10-22,Smart Watch,Electronics,4,44811.99,179247.96,Multan,Bank Transfer
ORD05641,CUST0586,Sara Khan,2026-07-30,Cereal,Grocery,7,531.25,3718.75,Karachi,Cash
ORD05642,CUST0699,Ali Khan,2026-01-26,Keyboard,Electronics,8,11987.48,95899.84,Quetta,Credit Card
ORD05643,CUST1279,Hamza Shah,2025-12-19,Coffee Maker,Home & Kitchen,4,19389.59,77558.36,Faisalabad,Debit Card
ORD05644,CUST0264,Hamza Shah,2025-07-18,Coffee Maker,Home & Kitchen,8,27028.89,216231.12,Peshawar,EasyPaisa
ORD05645,CUST0948,Talha Malik,2026-02-17,Shampoo,Beauty,7,2318.12,16226.84,Lahore,Cash
ORD05646,CUST2248,Omar Farooq,2025-08-17,Skin Cream,Beauty,5,4518.45,22592.25,Lahore,Cash
ORD05647,CUST0427,Hira Shah,2026-06-04,Dinner Set,Home & Kitchen,8,14686.33,117490.64,Multan,JazzCash
ORD05648,CUST0281,Saad Khan,2025-09-28,Smart Watch,Electronics,1,26180.6,26180.6,Sialkot,Cash
ORD05649,CUST2277,Saad Khan,2025-07-09,Cricket Bat,Sports,7,9188.64,64320.48,Islamabad,JazzCash
ORD05650,CUST2233,Maryam Ahmed,2025-02-04,Headphones,Electronics,7,8143.7,57005.9,Rawalpindi,JazzCash
ORD05651,CUST2115,Usman Malik,2025-04-06,T-Shirt,Clothing,4,2195.25,8781.0,Rawalpindi,JazzCash
ORD05652,CUST0029,Sana Malik,2026-06-17,Jeans,Clothing,4,6331.57,25326.28,Multan,Cash
ORD05653,CUST2326,Hamza Shah,2025-10-11,Cricket Bat,Sports,4,3072.28,12289.12,Karachi,JazzCash
ORD05654,CUST0810,Huzaifa Ali,2026-05-04,Coffee Maker,Home & Kitchen,3,16485.64,49456.92,Peshawar,EasyPaisa
ORD05655,CUST0661,Talha Malik,2025-05-15,Smartphone,Electronics,8,161057.37,1288458.96,Gujranwala,Cash
ORD05656,CUST0760,Maham Raza,2026-08-17,Perfume,Beauty,4,8866.13,35464.52,Gujranwala,EasyPaisa
ORD05657,CUST1629,Talha Malik,2025-07-24,T-Shirt,Clothing,2,4743.59,9487.18,Karachi,JazzCash
ORD05658,CUST1940,Saad Khan,2025-03-16,Keyboard,Electronics,5,4004.48,20022.4,Quetta,JazzCash
ORD05659,CUST0059,Talha Malik,2026-09-05,Smartphone,Electronics,5,104189.51,520947.55,Islamabad,JazzCash
ORD05660,CUST1387,Ali Khan,2025-01-04,Cricket Ball,Sports,2,1561.51,3123.02,Rawalpindi,EasyPaisa
ORD05661,CUST2176,Saad Khan,2025-06-27,Headphones,Electronics,2,15721.23,31442.46,Rawalpindi,JazzCash
ORD05662,CUST0915,Ahmed Raza,2026-08-04,Face Wash,Beauty,6,2004.34,12026.04,Gujranwala,Credit Card
ORD05663,CUST1744,Abdullah Raza,2025-10-08,Shoes,Clothing,2,17217.46,34434.92,Multan,Credit Card
ORD05664,CUST2116,Bilal Ahmed,2026-08-28,Shampoo,Beauty,7,1310.75,9175.25,Rawalpindi,Credit Card
ORD05665,CUST1698,Hamza Shah,2026-06-08,Headphones,Electronics,5,7103.31,35516.55,Karachi,Debit Card
ORD05666,CUST0213,Hira Shah,2025-08-25,Cereal,Grocery,3,1314.6,3943.8,Quetta,EasyPaisa
ORD05667,CUST2013,Ahmed Raza,2026-01-30,Laptop,Electronics,5,192251.03,961255.15,Karachi,Debit Card
ORD05668,CUST1208,Maryam Ahmed,2025-09-19,Football,Sports,1,7016.95,7016.95,Karachi,Credit Card
ORD05669,CUST1168,Huzaifa Ali,2025-05-12,Smart Watch,Electronics,7,13061.84,91432.88,Quetta,Debit Card
ORD05670,CUST2231,Huzaifa Ali,2026-04-05,Shampoo,Beauty,4,1767.81,7071.24,Peshawar,Bank Transfer
ORD05671,CUST1881,Sara Khan,2026-04-08,Headphones,Electronics,3,27983.38,83950.14,Lahore,Bank Transfer
ORD05672,CUST0984,Sara Khan,2025-03-09,Cooking Oil,Grocery,6,1111.22,6667.32,Gujranwala,EasyPaisa
ORD05673,CUST0305,Sara Khan,2025-10-26,Perfume,Beauty,8,9966.26,79730.08,Sialkot,EasyPaisa
ORD05674,CUST0999,Ayesha Khan,2026-02-19,Vacuum Cleaner,Home & Kitchen,7,24868.69,174080.83,Quetta,Bank Transfer
ORD05675,CUST0907,Zainab Ali,2025-12-29,Coffee Maker,Home & Kitchen,5,24964.29,124821.45,Quetta,JazzCash
ORD05676,CUST0566,Danish Ahmed,2026-07-31,Cereal,Grocery,6,945.56,5673.36,Faisalabad,Debit Card
ORD05677,CUST1195,Sana Malik,2026-03-27,Face Wash,Beauty,4,1535.0,6140.0,Gujranwala,EasyPaisa
ORD05678,CUST1156,Bilal Ahmed,2025-02-08,Jeans,Clothing,7,7430.79,52015.53,Faisalabad,Debit Card
ORD05679,CUST0255,Bilal Ahmed,2026-05-24,Blender,Home & Kitchen,7,7371.4,51599.8,Karachi,JazzCash
ORD05680,CUST0445,Ali Khan,2026-02-12,Face Wash,Beauty,2,2044.62,4089.24,Rawalpindi,JazzCash
ORD05681,CUST1196,Ali Khan,2026-08-27,Running Shoes,Sports,3,8374.78,25124.34,Rawalpindi,EasyPaisa
ORD05682,CUST0369,Hassan Ali,2025-09-19,Football,Sports,8,3476.13,27809.04,Peshawar,EasyPaisa
ORD05683,CUST1307,Hamza Shah,2025-11-23,Perfume,Beauty,7,11468.88,80282.16,Lahore,EasyPaisa
ORD05684,CUST2032,Saad Khan,2025-01-04,Rice,Grocery,8,588.1,4704.8,Rawalpindi,EasyPaisa
ORD05685,CUST0682,Talha Malik,2025-02-03,T-Shirt,Clothing,5,2092.66,10463.3,Multan,EasyPaisa
ORD05686,CUST1653,Maham Raza,2025-03-09,Microwave,Home & Kitchen,1,29486.9,29486.9,Quetta,Debit Card
ORD05687,CUST0609,Huzaifa Ali,2025-08-06,Air Fryer,Home & Kitchen,7,22919.9,160439.3,Karachi,Cash
ORD05688,CUST1616,Ahmed Raza,2025-12-16,Running Shoes,Sports,1,18062.4,18062.4,Multan,Debit Card
ORD05689,CUST0209,Abdullah Raza,2025-04-29,Cooking Oil,Grocery,5,1023.37,5116.85,Peshawar,Cash
ORD05690,CUST1672,Usman Malik,2025-04-30,Keyboard,Electronics,7,6031.7,42221.9,Multan,Credit Card
ORD05691,CUST1202,Sana Malik,2025-06-18,Headphones,Electronics,1,12907.83,12907.83,Multan,JazzCash
ORD05692,CUST0347,Sana Malik,2026-06-07,Lipstick,Beauty,2,2958.33,5916.66,Rawalpindi,Credit Card
ORD05693,CUST1877,Zainab Ali,2025-12-03,Running Shoes,Sports,8,22202.99,177623.92,Multan,Debit Card
ORD05694,CUST0740,Sara Khan,2025-10-02,Rice,Grocery,4,461.48,1845.92,Lahore,Debit Card
ORD05695,CUST2491,Abdullah Raza,2025-11-14,Jeans,Clothing,3,8161.98,24485.94,Peshawar,EasyPaisa
ORD05696,CUST1910,Zainab Ali,2026-06-11,Sugar,Grocery,2,331.48,662.96,Gujranwala,EasyPaisa
ORD05697,CUST1717,Ayesha Khan,2025-07-17,Tablet,Electronics,1,30797.96,30797.96,Faisalabad,EasyPaisa
ORD05698,CUST0496,Abdullah Raza,2026-02-04,Tea,Grocery,3,600.28,1800.84,Rawalpindi,JazzCash
ORD05699,CUST0854,Ali Khan,2026-09-14,Perfume,Beauty,3,17654.02,52962.06,Sialkot,Bank Transfer
ORD05700,CUST0348,Omar Farooq,2025-06-17,Cricket Ball,Sports,2,1088.61,2177.22,Faisalabad,Bank Transfer
ORD05701,CUST1948,Hassan Ali,2025-02-11,Air Fryer,Home & Kitchen,1,31122.18,31122.18,Multan,JazzCash
ORD05702,CUST1563,Omar Farooq,2025-02-28,Biscuits,Grocery,4,171.28,685.12,Peshawar,Debit Card
ORD05703,CUST1517,Hamza Shah,2025-03-17,Biscuits,Grocery,8,293.8,2350.4,Lahore,Debit Card
ORD05704,CUST1556,Talha Malik,2026-05-10,Smartphone,Electronics,8,86835.02,694680.16,Sialkot,Debit Card
ORD05705,CUST2464,Hira Shah,2025-10-05,Face Wash,Beauty,3,2358.46,7075.38,Quetta,Credit Card
ORD05706,CUST1346,Maryam Ahmed,2025-11-18,Rice,Grocery,8,574.14,4593.12,Sialkot,Cash
ORD05707,CUST1082,Ali Khan,2025-12-09,T-Shirt,Clothing,5,4382.44,21912.2,Islamabad,EasyPaisa
ORD05708,CUST0834,Huzaifa Ali,2025-11-02,Yoga Mat,Sports,5,5417.01,27085.05,Gujranwala,Credit Card
ORD05709,CUST0965,Hira Shah,2025-05-04,Biscuits,Grocery,5,161.72,808.6,Peshawar,JazzCash
ORD05710,CUST0034,Saad Khan,2026-09-09,Dinner Set,Home & Kitchen,7,12334.5,86341.5,Quetta,EasyPaisa
ORD05711,CUST0501,Huzaifa Ali,2025-11-01,Cooking Oil,Grocery,2,1064.85,2129.7,Rawalpindi,Debit Card
ORD05712,CUST0217,Sana Malik,2026-09-17,Perfume,Beauty,5,15552.99,77764.95,Faisalabad,Debit Card
ORD05713,CUST0565,Maham Raza,2026-04-09,Tea,Grocery,1,467.63,467.63,Faisalabad,Debit Card
ORD05714,CUST0250,Danish Ahmed,2025-03-07,Vacuum Cleaner,Home & Kitchen,7,21775.27,152426.89,Multan,Debit Card
ORD05715,CUST0225,Maryam Ahmed,2025-10-11,Cereal,Grocery,8,579.42,4635.36,Multan,Cash
ORD05716,CUST0030,Ayesha Khan,2026-01-26,Face Wash,Beauty,5,2027.38,10136.9,Quetta,EasyPaisa
ORD05717,CUST1287,Sara Khan,2025-08-22,Hoodie,Clothing,1,9554.71,9554.71,Gujranwala,EasyPaisa
ORD05718,CUST1525,Huzaifa Ali,2026-07-28,Perfume,Beauty,1,14329.38,14329.38,Quetta,JazzCash
ORD05719,CUST0121,Hamza Shah,2026-01-02,Rice,Grocery,8,739.86,5918.88,Rawalpindi,EasyPaisa
ORD05720,CUST1613,Maryam Ahmed,2025-11-27,Yoga Mat,Sports,3,2077.46,6232.38,Sialkot,JazzCash
ORD05721,CUST0377,Talha Malik,2025-09-08,Cricket Ball,Sports,7,2046.4,14324.8,Quetta,Cash
ORD05722,CUST2161,Sara Khan,2026-03-27,Lipstick,Beauty,7,1134.54,7941.78,Karachi,JazzCash
ORD05723,CUST2188,Hamza Shah,2025-08-01,Jeans,Clothing,7,7476.42,52334.94,Rawalpindi,Cash
ORD05724,CUST1242,Danish Ahmed,2025-05-13,Jeans,Clothing,7,7337.45,51362.15,Gujranwala,JazzCash
ORD05725,CUST1501,Fatima Ahmed,2026-02-11,Blender,Home & Kitchen,7,12930.54,90513.78,Sialkot,JazzCash
ORD05726,CUST1217,Fatima Ahmed,2026-02-08,Rice,Grocery,4,677.75,2711.0,Rawalpindi,Debit Card
ORD05727,CUST1905,Hira Shah,2025-04-22,Shampoo,Beauty,3,1433.07,4299.21,Islamabad,Cash
ORD05728,CUST1023,Fatima Ahmed,2026-06-28,Perfume,Beauty,3,17337.27,52011.81,Gujranwala,Credit Card
ORD05729,CUST1456,Ayesha Khan,2025-01-20,Perfume,Beauty,3,18549.65,55648.95,Peshawar,Debit Card
ORD05730,CUST1747,Danish Ahmed,2026-06-22,Tablet,Electronics,7,83298.45,583089.15,Peshawar,EasyPaisa
ORD05731,CUST0771,Usman Malik,2025-08-12,Laptop,Electronics,3,236929.64,710788.92,Multan,Credit Card
ORD05732,CUST1869,Zainab Ali,2025-11-17,Blender,Home & Kitchen,2,17344.74,34689.48,Gujranwala,Bank Transfer
ORD05733,CUST2119,Sara Khan,2026-03-10,Vacuum Cleaner,Home & Kitchen,8,51068.56,408548.48,Karachi,Bank Transfer
ORD05734,CUST0927,Ayesha Khan,2025-09-05,Shoes,Clothing,4,12879.43,51517.72,Multan,JazzCash
ORD05735,CUST2259,Fatima Ahmed,2025-04-06,Shampoo,Beauty,1,3223.07,3223.07,Faisalabad,Debit Card
ORD05736,CUST0718,Abdullah Raza,2026-03-01,Sugar,Grocery,2,390.79,781.58,Multan,Cash
ORD05737,CUST0319,Huzaifa Ali,2025-08-07,Running Shoes,Sports,1,9908.18,9908.18,Faisalabad,Cash
ORD05738,CUST1510,Bilal Ahmed,2026-02-22,Running Shoes,Sports,3,22642.64,67927.92,Rawalpindi,Debit Card
ORD05739,CUST1760,Usman Malik,2025-10-16,Running Shoes,Sports,6,11758.55,70551.3,Islamabad,Bank Transfer
ORD05740,CUST1864,Hassan Ali,2026-02-26,Smartphone,Electronics,5,142930.77,714653.85,Peshawar,Debit Card
ORD05741,CUST2465,Hamza Shah,2026-06-07,Vacuum Cleaner,Home & Kitchen,3,17330.99,51992.97,Faisalabad,Bank Transfer
ORD05742,CUST0738,Zainab Ali,2025-09-26,Jacket,Clothing,6,17749.12,106494.72,Peshawar,Credit Card
ORD05743,CUST2094,Usman Malik,2026-05-24,Lipstick,Beauty,1,3321.36,3321.36,Rawalpindi,EasyPaisa
ORD05744,CUST1003,Fatima Ahmed,2025-03-16,Vacuum Cleaner,Home & Kitchen,6,35457.91,212747.46,Lahore,JazzCash
ORD05745,CUST1534,Huzaifa Ali,2025-01-19,Cricket Ball,Sports,6,1736.88,10421.28,Islamabad,Bank Transfer
ORD05746,CUST1711,Maham Raza,2025-10-03,Blender,Home & Kitchen,6,14856.76,89140.56,Karachi,Credit Card
ORD05747,CUST0393,Danish Ahmed,2025-04-22,Headphones,Electronics,7,19462.61,136238.27,Multan,EasyPaisa
ORD05748,CUST0977,Ali Khan,2025-12-03,Cooking Oil,Grocery,3,1139.18,3417.54,Rawalpindi,Cash
ORD05749,CUST2441,Fatima Ahmed,2025-08-22,Dinner Set,Home & Kitchen,5,8365.95,41829.75,Faisalabad,Credit Card
ORD05750,CUST0251,Abdullah Raza,2025-01-18,Perfume,Beauty,5,14539.22,72696.1,Islamabad,Bank Transfer
ORD05751,CUST2295,Talha Malik,2026-04-29,T-Shirt,Clothing,1,3384.97,3384.97,Rawalpindi,Cash
ORD05752,CUST0983,Fatima Ahmed,2025-02-08,Vacuum Cleaner,Home & Kitchen,1,23502.72,23502.72,Rawalpindi,Credit Card
ORD05753,CUST0103,Zainab Ali,2025-05-26,Yoga Mat,Sports,7,1795.29,12567.03,Multan,Bank Transfer
ORD05754,CUST2069,Sana Malik,2025-06-01,Vacuum Cleaner,Home & Kitchen,7,30578.64,214050.48,Sialkot,JazzCash
ORD05755,CUST0900,Ayesha Khan,2026-07-14,Coffee Maker,Home & Kitchen,8,25323.13,202585.04,Sialkot,Credit Card
ORD05756,CUST0121,Abdullah Raza,2025-03-15,Skin Cream,Beauty,4,4023.38,16093.52,Multan,Cash
ORD05757,CUST1802,Saad Khan,2026-07-15,Skin Cream,Beauty,8,2886.39,23091.12,Islamabad,EasyPaisa
ORD05758,CUST0738,Saad Khan,2026-05-09,Keyboard,Electronics,6,10388.06,62328.36,Rawalpindi,EasyPaisa
ORD05759,CUST2468,Huzaifa Ali,2026-07-29,Biscuits,Grocery,2,99.64,199.28,Peshawar,Debit Card
ORD05760,CUST0073,Maryam Ahmed,2026-02-18,Yoga Mat,Sports,5,5286.04,26430.2,Faisalabad,Debit Card
ORD05761,CUST0015,Omar Farooq,2026-04-24,Cooking Oil,Grocery,7,1169.31,8185.17,Islamabad,JazzCash
ORD05762,CUST2132,Maryam Ahmed,2026-01-01,Smart Watch,Electronics,8,37289.33,298314.64,Multan,Cash
ORD05763,CUST1990,Zainab Ali,2025-02-05,Skin Cream,Beauty,3,4443.94,13331.82,Islamabad,Cash
ORD05764,CUST1178,Omar Farooq,2026-04-19,Coffee Maker,Home & Kitchen,1,25242.44,25242.44,Sialkot,Cash
ORD05765,CUST2028,Omar Farooq,2026-05-07,Running Shoes,Sports,5,21343.53,106717.65,Sialkot,Credit Card
ORD05766,CUST0054,Talha Malik,2025-10-03,Smartphone,Electronics,5,71170.18,355850.9,Rawalpindi,Bank Transfer
ORD05767,CUST0277,Hassan Ali,2025-05-04,Smart Watch,Electronics,1,24351.45,24351.45,Lahore,Credit Card
ORD05768,CUST1035,Bilal Ahmed,2026-02-09,Sugar,Grocery,2,377.45,754.9,Peshawar,Cash
ORD05769,CUST1981,Usman Malik,2025-10-09,Running Shoes,Sports,7,12717.29,89021.03,Lahore,JazzCash
ORD05770,CUST1400,Sara Khan,2026-03-30,Yoga Mat,Sports,3,2099.38,6298.14,Multan,Credit Card
ORD05771,CUST0047,Ali Khan,2025-07-17,Football,Sports,2,5034.1,10068.2,Karachi,Bank Transfer
ORD05772,CUST0372,Zainab Ali,2025-07-02,Rice,Grocery,4,599.55,2398.2,Islamabad,EasyPaisa
ORD05773,CUST0285,Hira Shah,2025-10-30,Laptop,Electronics,8,221042.01,1768336.08,Peshawar,Bank Transfer
ORD05774,CUST1548,Ali Khan,2026-07-18,Cricket Ball,Sports,1,921.59,921.59,Faisalabad,Credit Card
ORD05775,CUST0870,Bilal Ahmed,2025-05-24,Face Wash,Beauty,8,741.06,5928.48,Faisalabad,JazzCash
ORD05776,CUST0157,Hira Shah,2025-04-29,Cricket Ball,Sports,8,2470.98,19767.84,Lahore,JazzCash
ORD05777,CUST1857,Saad Khan,2026-05-19,Headphones,Electronics,4,14991.08,59964.32,Gujranwala,EasyPaisa
ORD05778,CUST0246,Maryam Ahmed,2025-02-10,T-Shirt,Clothing,2,2171.42,4342.84,Islamabad,EasyPaisa
ORD05779,CUST2184,Ahmed Raza,2026-09-28,Smart Watch,Electronics,8,31428.12,251424.96,Karachi,Bank Transfer
ORD05780,CUST1112,Maryam Ahmed,2026-02-05,Headphones,Electronics,6,4176.22,25057.32,Peshawar,Bank Transfer
ORD05781,CUST1843,Abdullah Raza,2026-01-09,Dinner Set,Home & Kitchen,8,14076.71,112613.68,Lahore,Credit Card
ORD05782,CUST2413,Fatima Ahmed,2025-11-24,Cricket Bat,Sports,8,11766.23,94129.84,Quetta,EasyPaisa
ORD05783,CUST2168,Sana Malik,2026-05-10,Mouse,Electronics,4,7804.3,31217.2,Gujranwala,Bank Transfer
ORD05784,CUST0019,Sana Malik,2026-07-05,Tea,Grocery,1,446.01,446.01,Multan,Credit Card
ORD05785,CUST2231,Hassan Ali,2025-09-28,Jacket,Clothing,1,16277.68,16277.68,Lahore,JazzCash
ORD05786,CUST1432,Zainab Ali,2026-04-25,Laptop,Electronics,7,74221.93,519553.51,Faisalabad,JazzCash
ORD05787,CUST0367,Sara Khan,2025-10-25,Microwave,Home & Kitchen,7,43998.05,307986.35,Rawalpindi,EasyPaisa
ORD05788,CUST0829,Ahmed Raza,2025-05-25,Jacket,Clothing,8,5129.36,41034.88,Rawalpindi,Debit Card
ORD05789,CUST0923,Ayesha Khan,2026-02-02,Face Wash,Beauty,3,724.33,2172.99,Lahore,EasyPaisa
ORD05790,CUST0054,Huzaifa Ali,2026-07-21,Mouse,Electronics,5,7611.16,38055.8,Gujranwala,Bank Transfer
ORD05791,CUST2057,Ali Khan,2026-01-12,Cereal,Grocery,3,486.98,1460.94,Faisalabad,Debit Card
ORD05792,CUST1982,Bilal Ahmed,2026-04-21,Cricket Bat,Sports,6,4321.7,25930.2,Karachi,Cash
ORD05793,CUST0433,Ali Khan,2026-06-13,Shoes,Clothing,7,5354.39,37480.73,Sialkot,EasyPaisa
ORD05794,CUST1757,Ayesha Khan,2026-03-02,Mouse,Electronics,8,5548.45,44387.6,Multan,Credit Card
ORD05795,CUST0828,Maryam Ahmed,2026-05-11,Tablet,Electronics,7,35224.11,246568.77,Karachi,Cash
ORD05796,CUST1682,Saad Khan,2026-07-01,Headphones,Electronics,7,23532.81,164729.67,Peshawar,Debit Card
ORD05797,CUST1937,Ayesha Khan,2025-10-25,Cereal,Grocery,2,1314.61,2629.22,Multan,EasyPaisa
ORD05798,CUST1912,Sana Malik,2025-07-16,Coffee Maker,Home & Kitchen,6,19632.89,117797.34,Islamabad,Debit Card
ORD05799,CUST2388,Abdullah Raza,2026-07-06,Jacket,Clothing,7,10431.12,73017.84,Quetta,Bank Transfer
ORD05800,CUST1590,Hira Shah,2025-04-01,Cooking Oil,Grocery,6,1180.51,7083.06,Lahore,Credit Card
ORD05801,CUST0124,Hamza Shah,2026-05-07,Cricket Bat,Sports,4,24431.62,97726.48,Faisalabad,Bank Transfer
ORD05802,CUST1802,Usman Malik,2025-03-05,Football,Sports,6,7231.99,43391.94,Multan,Bank Transfer
ORD05803,CUST0577,Ayesha Khan,2025-08-16,Smart Watch,Electronics,7,29396.84,205777.88,Lahore,Bank Transfer
ORD05804,CUST2421,Sara Khan,2025-12-11,Coffee Maker,Home & Kitchen,3,27950.39,83851.17,Karachi,Bank Transfer
ORD05805,CUST0943,Saad Khan,2025-08-24,Tablet,Electronics,6,83863.3,503179.8,Faisalabad,Cash
ORD05806,CUST0759,Huzaifa Ali,2026-03-21,Cooking Oil,Grocery,1,1424.07,1424.07,Gujranwala,Cash
ORD05807,CUST0220,Omar Farooq,2026-02-12,Vacuum Cleaner,Home & Kitchen,7,46301.58,324111.06,Lahore,EasyPaisa
ORD05808,CUST0883,Fatima Ahmed,2026-06-19,Perfume,Beauty,2,8648.78,17297.56,Rawalpindi,Debit Card
ORD05809,CUST2161,Ahmed Raza,2026-03-22,Face Wash,Beauty,6,1518.53,9111.18,Gujranwala,JazzCash
ORD05810,CUST1996,Bilal Ahmed,2025-10-19,Biscuits,Grocery,4,207.25,829.0,Faisalabad,Bank Transfer
ORD05811,CUST0591,Hamza Shah,2026-02-01,Blender,Home & Kitchen,8,14149.82,113198.56,Gujranwala,JazzCash
ORD05812,CUST2048,Sana Malik,2025-10-20,Cricket Ball,Sports,7,982.83,6879.81,Islamabad,EasyPaisa
ORD05813,CUST2141,Talha Malik,2025-11-06,Cricket Bat,Sports,4,6081.3,24325.2,Lahore,EasyPaisa
ORD05814,CUST1723,Hassan Ali,2025-04-17,Cricket Bat,Sports,6,15841.42,95048.52,Gujranwala,Bank Transfer
ORD05815,CUST2156,Bilal Ahmed,2025-09-29,Perfume,Beauty,6,12238.54,73431.24,Peshawar,Credit Card
ORD05816,CUST0767,Zainab Ali,2025-04-15,Sugar,Grocery,4,376.44,1505.76,Gujranwala,Cash
ORD05817,CUST0914,Fatima Ahmed,2026-02-17,Hoodie,Clothing,7,9336.52,65355.64,Lahore,Debit Card
ORD05818,CUST1916,Sara Khan,2025-09-25,Smart Watch,Electronics,5,22692.96,113464.8,Multan,Bank Transfer
ORD05819,CUST1357,Hamza Shah,2026-06-13,Jeans,Clothing,7,4471.78,31302.46,Peshawar,EasyPaisa
ORD05820,CUST0428,Ayesha Khan,2026-04-18,T-Shirt,Clothing,2,3011.32,6022.64,Multan,Bank Transfer
ORD05821,CUST1068,Maryam Ahmed,2025-12-02,Cricket Bat,Sports,5,16837.63,84188.15,Lahore,Bank Transfer
ORD05822,CUST1801,Fatima Ahmed,2025-12-29,Cricket Ball,Sports,1,514.21,514.21,Multan,Bank Transfer
ORD05823,CUST2191,Maryam Ahmed,2025-11-16,Perfume,Beauty,7,10982.18,76875.26,Gujranwala,Debit Card
ORD05824,CUST0733,Maryam Ahmed,2025-05-02,Smartphone,Electronics,4,109571.73,438286.92,Peshawar,Cash
ORD05825,CUST2485,Sana Malik,2025-12-25,Biscuits,Grocery,4,243.26,973.04,Gujranwala,Credit Card
ORD05826,CUST1176,Huzaifa Ali,2025-05-10,Cricket Bat,Sports,6,23243.65,139461.9,Gujranwala,Cash
ORD05827,CUST1267,Hamza Shah,2025-09-12,Rice,Grocery,6,614.85,3689.1,Quetta,JazzCash
ORD05828,CUST0405,Hamza Shah,2025-09-26,Cricket Ball,Sports,2,1122.81,2245.62,Sialkot,Bank Transfer
ORD05829,CUST0911,Abdullah Raza,2026-04-19,Laptop,Electronics,5,187742.14,938710.7,Karachi,Bank Transfer
ORD05830,CUST2130,Fatima Ahmed,2025-11-17,Hoodie,Clothing,4,6298.34,25193.36,Faisalabad,EasyPaisa
ORD05831,CUST1945,Usman Malik,2026-04-15,Football,Sports,3,5882.3,17646.9,Islamabad,JazzCash
ORD05832,CUST2056,Zainab Ali,2026-01-30,Cereal,Grocery,6,515.62,3093.72,Rawalpindi,EasyPaisa
ORD05833,CUST1112,Talha Malik,2025-10-16,Mouse,Electronics,8,5052.63,40421.04,Sialkot,Debit Card
ORD05834,CUST2204,Danish Ahmed,2025-01-30,Smart Watch,Electronics,4,5079.67,20318.68,Islamabad,Credit Card
ORD05835,CUST2479,Danish Ahmed,2025-04-10,Perfume,Beauty,5,17588.74,87943.7,Peshawar,Debit Card
ORD05836,CUST1724,Fatima Ahmed,2026-04-21,Shampoo,Beauty,4,695.52,2782.08,Multan,Credit Card
ORD05837,CUST2150,Ali Khan,2025-05-13,Cereal,Grocery,8,750.88,6007.04,Islamabad,Credit Card
ORD05838,CUST0180,Ali Khan,2026-02-28,Lipstick,Beauty,3,1620.86,4862.58,Gujranwala,Cash
ORD05839,CUST2260,Saad Khan,2026-06-23,Dinner Set,Home & Kitchen,2,12700.0,25400.0,Lahore,Cash
ORD05840,CUST1869,Huzaifa Ali,2025-07-19,Cricket Bat,Sports,6,3001.12,18006.72,Islamabad,EasyPaisa
ORD05841,CUST0210,Omar Farooq,2025-06-08,Biscuits,Grocery,3,234.04,702.12,Lahore,JazzCash
ORD05842,CUST2340,Hassan Ali,2026-03-11,Laptop,Electronics,2,247308.3,494616.6,Islamabad,Credit Card
ORD05843,CUST0463,Maham Raza,2025-06-21,Yoga Mat,Sports,7,3336.89,23358.23,Faisalabad,Cash
ORD05844,CUST0011,Bilal Ahmed,2026-04-02,Vacuum Cleaner,Home & Kitchen,1,18049.28,18049.28,Quetta,Bank Transfer
ORD05845,CUST2289,Sara Khan,2025-06-08,Hoodie,Clothing,5,7473.65,37368.25,Rawalpindi,Debit Card
ORD05846,CUST0821,Huzaifa Ali,2026-02-04,Face Wash,Beauty,3,1265.88,3797.64,Sialkot,Bank Transfer
ORD05847,CUST1327,Maham Raza,2026-09-23,Lipstick,Beauty,5,2757.03,13785.15,Sialkot,Cash
ORD05848,CUST1473,Maham Raza,2025-09-03,Smart Watch,Electronics,4,10631.82,42527.28,Gujranwala,EasyPaisa
ORD05849,CUST0906,Fatima Ahmed,2026-06-12,Coffee Maker,Home & Kitchen,3,26440.36,79321.08,Peshawar,Bank Transfer
ORD05850,CUST0335,Danish Ahmed,2026-03-22,Hoodie,Clothing,2,8620.31,17240.62,Lahore,Debit Card
ORD05851,CUST0613,Abdullah Raza,2025-01-19,Dinner Set,Home & Kitchen,4,11812.0,47248.0,Peshawar,Cash
ORD05852,CUST1220,Usman Malik,2026-09-17,Vacuum Cleaner,Home & Kitchen,1,41333.39,41333.39,Peshawar,JazzCash
ORD05853,CUST0767,Maryam Ahmed,2025-02-13,Shampoo,Beauty,3,2418.93,7256.79,Sialkot,EasyPaisa
ORD05854,CUST0332,Usman Malik,2026-07-09,Perfume,Beauty,5,7309.67,36548.35,Gujranwala,EasyPaisa
ORD05855,CUST2114,Sana Malik,2025-12-12,Headphones,Electronics,5,19724.2,98621.0,Gujranwala,Bank Transfer
ORD05856,CUST2361,Hassan Ali,2025-02-15,Tea,Grocery,1,828.21,828.21,Peshawar,Credit Card
ORD05857,CUST0091,Talha Malik,2026-07-08,Skin Cream,Beauty,6,4871.68,29230.08,Islamabad,Cash
ORD05858,CUST1872,Ali Khan,2025-12-31,Smart Watch,Electronics,1,30509.38,30509.38,Karachi,EasyPaisa
ORD05859,CUST1317,Bilal Ahmed,2026-04-03,Tea,Grocery,6,1077.66,6465.96,Sialkot,Credit Card
ORD05860,CUST2049,Ali Khan,2026-03-08,Air Fryer,Home & Kitchen,6,34872.54,209235.24,Gujranwala,Debit Card
ORD05861,CUST1391,Huzaifa Ali,2025-04-17,Biscuits,Grocery,1,232.23,232.23,Karachi,Credit Card
ORD05862,CUST1202,Danish Ahmed,2025-07-11,Shoes,Clothing,5,21858.16,109290.8,Faisalabad,JazzCash
ORD05863,CUST2344,Ahmed Raza,2025-04-29,Football,Sports,6,1530.35,9182.1,Peshawar,Bank Transfer
ORD05864,CUST0208,Danish Ahmed,2026-03-12,Cooking Oil,Grocery,5,808.27,4041.35,Multan,JazzCash
ORD05865,CUST1963,Talha Malik,2026-06-30,Running Shoes,Sports,5,22848.33,114241.65,Faisalabad,JazzCash
ORD05866,CUST0871,Zainab Ali,2026-06-29,Cooking Oil,Grocery,1,1452.65,1452.65,Quetta,Credit Card
ORD05867,CUST0152,Sara Khan,2025-02-28,Yoga Mat,Sports,2,4016.09,8032.18,Rawalpindi,Debit Card
ORD05868,CUST0059,Fatima Ahmed,2026-06-02,Running Shoes,Sports,2,10455.29,20910.58,Islamabad,Cash
ORD05869,CUST2309,Talha Malik,2025-11-20,Cricket Bat,Sports,1,6451.55,6451.55,Multan,JazzCash
ORD05870,CUST0767,Saad Khan,2026-07-23,Jeans,Clothing,7,8896.57,62275.99,Quetta,JazzCash
ORD05871,CUST0569,Zainab Ali,2025-12-22,Coffee Maker,Home & Kitchen,6,15278.15,91668.9,Gujranwala,JazzCash
ORD05872,CUST1746,Hira Shah,2025-01-26,Shampoo,Beauty,6,3328.11,19968.66,Faisalabad,EasyPaisa
ORD05873,CUST2090,Talha Malik,2025-11-14,Biscuits,Grocery,7,91.95,643.65,Karachi,Credit Card
ORD05874,CUST1070,Hira Shah,2025-12-27,Laptop,Electronics,6,79675.14,478050.84,Faisalabad,Debit Card
ORD05875,CUST2397,Fatima Ahmed,2025-05-20,Jeans,Clothing,6,4357.14,26142.84,Gujranwala,Debit Card
ORD05876,CUST1524,Ahmed Raza,2025-11-15,Coffee Maker,Home & Kitchen,2,7139.22,14278.44,Multan,Bank Transfer
ORD05877,CUST0166,Sara Khan,2026-05-09,Running Shoes,Sports,4,8452.17,33808.68,Sialkot,Debit Card
ORD05878,CUST1614,Hamza Shah,2026-08-28,Football,Sports,2,7042.88,14085.76,Rawalpindi,EasyPaisa
ORD05879,CUST1427,Zainab Ali,2026-09-24,Running Shoes,Sports,6,21965.61,131793.66,Sialkot,Debit Card
ORD05880,CUST1009,Bilal Ahmed,2025-07-15,Jeans,Clothing,2,6236.63,12473.26,Faisalabad,Cash
ORD05881,CUST0332,Saad Khan,2025-03-31,Skin Cream,Beauty,8,2679.14,21433.12,Lahore,Cash
ORD05882,CUST0794,Hira Shah,2025-10-29,Running Shoes,Sports,8,13271.22,106169.76,Lahore,Debit Card
ORD05883,CUST0636,Maryam Ahmed,2026-09-11,Skin Cream,Beauty,6,4879.99,29279.94,Karachi,Debit Card
ORD05884,CUST1036,Danish Ahmed,2026-04-27,Shoes,Clothing,5,15615.72,78078.6,Rawalpindi,Bank Transfer
ORD05885,CUST1712,Usman Malik,2026-06-02,Coffee Maker,Home & Kitchen,4,15980.02,63920.08,Peshawar,Bank Transfer
ORD05886,CUST1570,Sana Malik,2026-04-16,Football,Sports,8,6053.97,48431.76,Multan,EasyPaisa
ORD05887,CUST1697,Zainab Ali,2025-03-25,Football,Sports,4,5007.83,20031.32,Islamabad,Bank Transfer
ORD05888,CUST1316,Omar Farooq,2025-01-29,Keyboard,Electronics,1,6193.76,6193.76,Karachi,Credit Card
ORD05889,CUST0255,Bilal Ahmed,2025-11-03,Rice,Grocery,8,453.78,3630.24,Gujranwala,Debit Card
ORD05890,CUST2348,Zainab Ali,2026-03-10,Dinner Set,Home & Kitchen,8,9877.64,79021.12,Multan,EasyPaisa
ORD05891,CUST0143,Talha Malik,2025-08-21,Keyboard,Electronics,2,3290.98,6581.96,Gujranwala,Credit Card
ORD05892,CUST2382,Sana Malik,2025-12-23,Cooking Oil,Grocery,4,609.2,2436.8,Karachi,Credit Card
ORD05893,CUST2388,Hassan Ali,2025-12-02,Cricket Bat,Sports,5,19828.32,99141.6,Rawalpindi,Credit Card
ORD05894,CUST1424,Zainab Ali,2025-10-23,Vacuum Cleaner,Home & Kitchen,3,38234.94,114704.82,Quetta,Cash
ORD05895,CUST1106,Omar Farooq,2026-04-22,Mouse,Electronics,3,3559.11,10677.33,Multan,Cash
ORD05896,CUST0549,Talha Malik,2025-07-25,Dinner Set,Home & Kitchen,7,6008.96,42062.72,Lahore,Credit Card
ORD05897,CUST2150,Usman Malik,2025-05-13,T-Shirt,Clothing,1,2965.75,2965.75,Lahore,JazzCash
ORD05898,CUST0952,Sana Malik,2026-02-02,Mouse,Electronics,8,5345.52,42764.16,Faisalabad,Credit Card
ORD05899,CUST1538,Omar Farooq,2025-07-05,Jacket,Clothing,1,13516.13,13516.13,Rawalpindi,Bank Transfer
ORD05900,CUST2427,Huzaifa Ali,2025-07-03,Coffee Maker,Home & Kitchen,7,13387.84,93714.88,Quetta,Cash
ORD05901,CUST1102,Ayesha Khan,2025-04-01,Jacket,Clothing,6,6110.47,36662.82,Multan,Cash
ORD05902,CUST1499,Ahmed Raza,2026-06-04,Cooking Oil,Grocery,7,1149.62,8047.34,Faisalabad,Bank Transfer
ORD05903,CUST0211,Bilal Ahmed,2026-02-02,Cricket Ball,Sports,3,1571.97,4715.91,Rawalpindi,Debit Card
ORD05904,CUST0146,Zainab Ali,2025-09-20,Vacuum Cleaner,Home & Kitchen,3,36176.22,108528.66,Multan,Credit Card
ORD05905,CUST0925,Danish Ahmed,2025-04-29,Mouse,Electronics,2,3720.37,7440.74,Lahore,Cash
ORD05906,CUST1491,Hassan Ali,2026-04-30,Air Fryer,Home & Kitchen,3,27088.53,81265.59,Rawalpindi,Debit Card
ORD05907,CUST2304,Ayesha Khan,2026-03-05,Smart Watch,Electronics,6,24672.59,148035.54,Rawalpindi,Debit Card
ORD05908,CUST2273,Usman Malik,2026-08-28,Air Fryer,Home & Kitchen,6,21242.44,127454.64,Gujranwala,Credit Card
ORD05909,CUST2171,Hira Shah,2025-11-01,Shampoo,Beauty,8,3160.58,25284.64,Sialkot,EasyPaisa
ORD05910,CUST0855,Omar Farooq,2026-05-16,Laptop,Electronics,6,227361.42,1364168.52,Gujranwala,Cash
ORD05911,CUST1591,Ali Khan,2026-02-20,Biscuits,Grocery,3,293.4,880.2,Sialkot,Bank Transfer
ORD05912,CUST0108,Hamza Shah,2026-01-15,Blender,Home & Kitchen,8,8951.77,71614.16,Quetta,Debit Card
ORD05913,CUST1324,Saad Khan,2025-12-22,Tablet,Electronics,7,61237.43,428662.01,Sialkot,EasyPaisa
ORD05914,CUST1626,Abdullah Raza,2026-07-02,Football,Sports,6,5695.92,34175.52,Quetta,Bank Transfer
ORD05915,CUST0745,Ahmed Raza,2025-10-24,Cricket Bat,Sports,3,6603.71,19811.13,Faisalabad,Credit Card
ORD05916,CUST0431,Ahmed Raza,2026-08-11,Laptop,Electronics,2,141873.35,283746.7,Peshawar,EasyPaisa
ORD05917,CUST0992,Zainab Ali,2026-01-26,Rice,Grocery,4,656.44,2625.76,Sialkot,Cash
ORD05918,CUST0631,Huzaifa Ali,2025-02-20,Football,Sports,3,6993.36,20980.08,Peshawar,Cash
ORD05919,CUST1105,Ali Khan,2025-05-04,Jeans,Clothing,7,3905.94,27341.58,Islamabad,Bank Transfer
ORD05920,CUST2436,Bilal Ahmed,2025-09-25,Air Fryer,Home & Kitchen,3,18852.77,56558.31,Islamabad,Debit Card
ORD05921,CUST0062,Ali Khan,2025-02-27,T-Shirt,Clothing,3,1764.92,5294.76,Karachi,Credit Card
ORD05922,CUST0660,Fatima Ahmed,2026-07-12,Shoes,Clothing,3,14581.38,43744.14,Rawalpindi,Debit Card
ORD05923,CUST0393,Ayesha Khan,2026-08-04,Keyboard,Electronics,8,7653.54,61228.32,Multan,Credit Card
ORD05924,CUST1986,Sara Khan,2025-04-30,Hoodie,Clothing,7,4920.36,34442.52,Islamabad,EasyPaisa
ORD05925,CUST2000,Hira Shah,2026-02-22,Vacuum Cleaner,Home & Kitchen,5,46334.98,231674.9,Faisalabad,Cash
ORD05926,CUST1487,Omar Farooq,2026-08-17,Skin Cream,Beauty,8,4433.26,35466.08,Peshawar,Cash
ORD05927,CUST0163,Danish Ahmed,2026-04-22,Blender,Home & Kitchen,1,12173.75,12173.75,Lahore,JazzCash
ORD05928,CUST0769,Hamza Shah,2026-05-12,Jeans,Clothing,3,4948.67,14846.01,Multan,JazzCash
ORD05929,CUST0811,Sara Khan,2026-05-17,Cereal,Grocery,2,580.25,1160.5,Islamabad,EasyPaisa
ORD05930,CUST1864,Omar Farooq,2026-04-07,Jacket,Clothing,8,8497.52,67980.16,Gujranwala,Bank Transfer
ORD05931,CUST0640,Usman Malik,2026-05-30,Cricket Bat,Sports,4,18206.6,72826.4,Faisalabad,JazzCash
ORD05932,CUST2172,Ayesha Khan,2025-06-14,Hoodie,Clothing,3,3699.84,11099.52,Rawalpindi,EasyPaisa
ORD05933,CUST0670,Omar Farooq,2025-06-30,Football,Sports,6,2779.51,16677.06,Multan,EasyPaisa
ORD05934,CUST1194,Ahmed Raza,2026-08-18,Headphones,Electronics,1,6475.07,6475.07,Karachi,Debit Card
ORD05935,CUST0760,Abdullah Raza,2025-06-14,Blender,Home & Kitchen,6,7233.01,43398.06,Islamabad,Debit Card
ORD05936,CUST2324,Ayesha Khan,2026-06-19,Coffee Maker,Home & Kitchen,1,17183.83,17183.83,Sialkot,Bank Transfer
ORD05937,CUST0775,Omar Farooq,2025-06-10,Jacket,Clothing,7,4484.48,31391.36,Quetta,Debit Card
ORD05938,CUST0960,Omar Farooq,2026-07-21,Tablet,Electronics,6,112314.48,673886.88,Gujranwala,JazzCash
ORD05939,CUST0089,Zainab Ali,2026-09-17,Skin Cream,Beauty,2,2270.41,4540.82,Rawalpindi,Cash
ORD05940,CUST2337,Maham Raza,2026-01-06,Shampoo,Beauty,8,1586.81,12694.48,Lahore,EasyPaisa
ORD05941,CUST0922,Hassan Ali,2025-05-13,Cricket Bat,Sports,8,10598.0,84784.0,Rawalpindi,Cash
ORD05942,CUST2284,Sara Khan,2025-03-13,Headphones,Electronics,7,2623.16,18362.12,Sialkot,Debit Card
ORD05943,CUST1911,Maham Raza,2025-10-19,Shampoo,Beauty,8,1742.07,13936.56,Islamabad,Bank Transfer
ORD05944,CUST1560,Maham Raza,2026-01-11,Perfume,Beauty,4,7205.35,28821.4,Lahore,EasyPaisa
ORD05945,CUST0003,Hassan Ali,2026-04-15,Running Shoes,Sports,3,15998.9,47996.7,Multan,Credit Card
ORD05946,CUST0453,Ahmed Raza,2025-04-16,Cricket Ball,Sports,5,2105.7,10528.5,Multan,Debit Card
ORD05947,CUST0586,Sara Khan,2025-03-15,Running Shoes,Sports,5,7736.73,38683.65,Peshawar,JazzCash
ORD05948,CUST1283,Abdullah Raza,2025-02-20,Cereal,Grocery,5,958.14,4790.7,Peshawar,Debit Card
ORD05949,CUST0699,Sana Malik,2025-10-01,Rice,Grocery,7,386.6,2706.2,Multan,Credit Card
ORD05950,CUST0922,Bilal Ahmed,2025-10-05,Cricket Bat,Sports,6,3516.17,21097.02,Peshawar,Bank Transfer
ORD05951,CUST0851,Talha Malik,2025-03-02,Tablet,Electronics,5,118854.47,594272.35,Karachi,Debit Card
ORD05952,CUST2494,Usman Malik,2025-02-14,Jacket,Clothing,2,6660.9,13321.8,Multan,Bank Transfer
ORD05953,CUST1496,Ayesha Khan,2026-09-26,Biscuits,Grocery,1,111.86,111.86,Karachi,Bank Transfer
ORD05954,CUST1130,Abdullah Raza,2026-02-16,Jeans,Clothing,3,8944.08,26832.24,Quetta,Debit Card
ORD05955,CUST1562,Sana Malik,2026-03-25,Biscuits,Grocery,7,165.89,1161.23,Faisalabad,Credit Card
ORD05956,CUST1912,Ali Khan,2025-02-07,Lipstick,Beauty,4,2695.39,10781.56,Quetta,EasyPaisa
ORD05957,CUST0448,Bilal Ahmed,2025-02-07,Keyboard,Electronics,2,1917.83,3835.66,Faisalabad,Debit Card
ORD05958,CUST0430,Hamza Shah,2025-05-12,Perfume,Beauty,5,9008.59,45042.95,Gujranwala,JazzCash
ORD05959,CUST1145,Fatima Ahmed,2025-01-27,Vacuum Cleaner,Home & Kitchen,1,41388.54,41388.54,Sialkot,Cash
ORD05960,CUST0695,Omar Farooq,2026-03-26,Keyboard,Electronics,1,11673.92,11673.92,Karachi,Bank Transfer
ORD05961,CUST2329,Danish Ahmed,2025-10-18,Dinner Set,Home & Kitchen,1,6767.81,6767.81,Rawalpindi,Cash
ORD05962,CUST0533,Usman Malik,2025-03-29,Running Shoes,Sports,5,10072.43,50362.15,Lahore,JazzCash
ORD05963,CUST0120,Maham Raza,2025-03-18,Keyboard,Electronics,4,10397.79,41591.16,Multan,Cash
ORD05964,CUST1297,Ahmed Raza,2026-07-17,T-Shirt,Clothing,8,2584.84,20678.72,Peshawar,JazzCash
ORD05965,CUST1095,Hamza Shah,2025-04-29,Mouse,Electronics,6,3900.7,23404.2,Faisalabad,EasyPaisa
ORD05966,CUST0087,Abdullah Raza,2026-02-17,Jacket,Clothing,6,17121.27,102727.62,Multan,Cash
ORD05967,CUST0212,Bilal Ahmed,2026-05-01,Vacuum Cleaner,Home & Kitchen,8,20921.56,167372.48,Karachi,Debit Card
ORD05968,CUST0501,Hamza Shah,2025-12-09,Hoodie,Clothing,2,5412.11,10824.22,Karachi,Bank Transfer
ORD05969,CUST1049,Omar Farooq,2025-04-09,Cooking Oil,Grocery,8,1365.02,10920.16,Multan,EasyPaisa
ORD05970,CUST1728,Zainab Ali,2025-04-18,Jacket,Clothing,7,5566.07,38962.49,Lahore,Bank Transfer
ORD05971,CUST1425,Omar Farooq,2025-11-22,Vacuum Cleaner,Home & Kitchen,3,54296.95,162890.85,Karachi,Bank Transfer
ORD05972,CUST0597,Ali Khan,2025-07-11,Headphones,Electronics,2,8001.88,16003.76,Quetta,Credit Card
ORD05973,CUST0725,Sana Malik,2025-11-25,Vacuum Cleaner,Home & Kitchen,5,16432.86,82164.3,Lahore,EasyPaisa
ORD05974,CUST1756,Abdullah Raza,2026-09-17,Lipstick,Beauty,1,3017.24,3017.24,Islamabad,Debit Card
ORD05975,CUST2386,Danish Ahmed,2025-01-16,Jeans,Clothing,2,5148.81,10297.62,Sialkot,Credit Card
ORD05976,CUST0242,Ali Khan,2025-10-03,Mouse,Electronics,2,7074.42,14148.84,Sialkot,EasyPaisa
ORD05977,CUST2406,Bilal Ahmed,2025-04-24,Yoga Mat,Sports,8,1571.32,12570.56,Islamabad,EasyPaisa
ORD05978,CUST1374,Abdullah Raza,2025-03-20,Lipstick,Beauty,5,3501.67,17508.35,Faisalabad,EasyPaisa
ORD05979,CUST1355,Ahmed Raza,2025-11-02,Jacket,Clothing,4,7705.64,30822.56,Islamabad,JazzCash
ORD05980,CUST2182,Sara Khan,2025-09-06,Tea,Grocery,8,880.3,7042.4,Sialkot,JazzCash
ORD05981,CUST1370,Usman Malik,2025-02-08,Tea,Grocery,2,793.83,1587.66,Islamabad,EasyPaisa
ORD05982,CUST1111,Omar Farooq,2025-06-01,Cricket Bat,Sports,8,18374.46,146995.68,Lahore,Bank Transfer
ORD05983,CUST1866,Maryam Ahmed,2026-01-30,Sugar,Grocery,4,267.69,1070.76,Gujranwala,Cash
ORD05984,CUST0221,Saad Khan,2025-09-15,Headphones,Electronics,3,2583.73,7751.19,Sialkot,Credit Card
ORD05985,CUST0398,Maham Raza,2025-07-15,Cricket Ball,Sports,4,666.49,2665.96,Quetta,EasyPaisa
ORD05986,CUST1579,Usman Malik,2026-03-19,T-Shirt,Clothing,4,3335.32,13341.28,Peshawar,Bank Transfer
ORD05987,CUST1333,Hamza Shah,2026-08-27,T-Shirt,Clothing,3,1512.91,4538.73,Islamabad,JazzCash
ORD05988,CUST1734,Hamza Shah,2026-08-24,Running Shoes,Sports,7,5216.86,36518.02,Karachi,Cash
ORD05989,CUST2327,Hassan Ali,2025-01-28,Shampoo,Beauty,4,604.77,2419.08,Quetta,JazzCash
ORD05990,CUST1710,Ayesha Khan,2026-06-26,Cooking Oil,Grocery,1,1257.41,1257.41,Rawalpindi,Credit Card
ORD05991,CUST1603,Hira Shah,2025-02-15,Skin Cream,Beauty,6,3487.14,20922.84,Peshawar,Bank Transfer
ORD05992,CUST0082,Saad Khan,2025-12-29,Sugar,Grocery,6,152.15,912.9,Lahore,Bank Transfer
ORD05993,CUST0219,Huzaifa Ali,2026-09-16,Tablet,Electronics,1,103147.83,103147.83,Rawalpindi,Cash
ORD05994,CUST2419,Saad Khan,2025-02-19,Cereal,Grocery,6,1084.09,6504.54,Lahore,Debit Card
ORD05995,CUST2397,Abdullah Raza,2025-03-21,Coffee Maker,Home & Kitchen,5,28346.91,141734.55,Faisalabad,Cash
ORD05996,CUST0198,Maham Raza,2026-02-06,Jacket,Clothing,2,6956.56,13913.12,Lahore,Bank Transfer
ORD05997,CUST1635,Usman Malik,2026-03-27,Hoodie,Clothing,1,7267.71,7267.71,Sialkot,Cash
ORD05998,CUST2198,Omar Farooq,2026-09-18,Yoga Mat,Sports,5,1547.79,7738.95,Peshawar,JazzCash
ORD05999,CUST0384,Maryam Ahmed,2025-05-18,Shampoo,Beauty,4,2368.75,9475.0,Quetta,Debit Card
ORD06000,CUST1798,Zainab Ali,2026-03-22,Perfume,Beauty,8,19546.46,156371.68,Multan,Cash
ORD06001,CUST0816,Hamza Shah,2025-12-14,Football,Sports,8,3314.0,26512.0,Multan,JazzCash
ORD06002,CUST1320,Ahmed Raza,2025-07-01,Vacuum Cleaner,Home & Kitchen,3,57284.46,171853.38,Gujranwala,Credit Card
ORD06003,CUST0242,Omar Farooq,2026-08-21,Lipstick,Beauty,4,625.22,2500.88,Peshawar,JazzCash
ORD06004,CUST1934,Maham Raza,2026-02-10,Dinner Set,Home & Kitchen,6,10869.55,65217.3,Rawalpindi,Debit Card
ORD06005,CUST0828,Danish Ahmed,2025-10-19,Tablet,Electronics,8,44833.3,358666.4,Islamabad,JazzCash
ORD06006,CUST2236,Ahmed Raza,2026-04-15,Smart Watch,Electronics,1,9186.15,9186.15,Lahore,Credit Card
ORD06007,CUST0013,Ayesha Khan,2025-04-29,Biscuits,Grocery,1,72.25,72.25,Islamabad,Cash
ORD06008,CUST1659,Ali Khan,2025-04-10,Face Wash,Beauty,5,2617.69,13088.45,Sialkot,Bank Transfer
ORD06009,CUST2131,Huzaifa Ali,2026-05-16,Perfume,Beauty,6,12594.05,75564.3,Multan,Cash
ORD06010,CUST1624,Fatima Ahmed,2026-05-26,Sugar,Grocery,1,171.09,171.09,Faisalabad,Debit Card
ORD06011,CUST0307,Sara Khan,2026-02-13,Perfume,Beauty,5,7412.19,37060.95,Islamabad,Credit Card
ORD06012,CUST1768,Hamza Shah,2025-05-16,Cricket Bat,Sports,8,24674.2,197393.6,Lahore,Debit Card
ORD06013,CUST1563,Ali Khan,2025-06-23,Vacuum Cleaner,Home & Kitchen,1,50622.4,50622.4,Islamabad,EasyPaisa
ORD06014,CUST1357,Abdullah Raza,2025-12-31,Cricket Ball,Sports,7,2202.85,15419.95,Islamabad,Cash
ORD06015,CUST2078,Hira Shah,2026-07-08,Yoga Mat,Sports,7,3938.76,27571.32,Faisalabad,EasyPaisa
ORD06016,CUST1443,Omar Farooq,2025-10-09,Face Wash,Beauty,8,2624.53,20996.24,Sialkot,Cash
ORD06017,CUST1806,Sara Khan,2026-07-24,Perfume,Beauty,5,5583.94,27919.7,Karachi,Bank Transfer
ORD06018,CUST0950,Hira Shah,2026-03-28,Air Fryer,Home & Kitchen,4,17865.38,71461.52,Lahore,EasyPaisa
ORD06019,CUST1917,Danish Ahmed,2025-08-17,Smart Watch,Electronics,6,18171.53,109029.18,Faisalabad,JazzCash
ORD06020,CUST0737,Abdullah Raza,2025-09-19,Cooking Oil,Grocery,4,604.69,2418.76,Lahore,Cash
ORD06021,CUST2201,Zainab Ali,2026-05-14,Jacket,Clothing,3,17054.8,51164.4,Islamabad,Credit Card
ORD06022,CUST0285,Hassan Ali,2025-11-21,Coffee Maker,Home & Kitchen,2,23662.24,47324.48,Karachi,JazzCash
ORD06023,CUST0364,Ali Khan,2025-02-15,Sugar,Grocery,7,333.79,2336.53,Peshawar,JazzCash
ORD06024,CUST0656,Sana Malik,2026-05-30,Dinner Set,Home & Kitchen,8,18169.79,145358.32,Islamabad,Bank Transfer
ORD06025,CUST0896,Huzaifa Ali,2026-08-14,Coffee Maker,Home & Kitchen,3,15292.26,45876.78,Multan,Debit Card
ORD06026,CUST1380,Ali Khan,2025-10-29,Football,Sports,5,5581.7,27908.5,Rawalpindi,EasyPaisa
ORD06027,CUST1545,Hira Shah,2025-09-17,Lipstick,Beauty,4,1177.73,4710.92,Sialkot,Cash
ORD06028,CUST2176,Hira Shah,2026-09-14,Perfume,Beauty,5,19981.68,99908.4,Lahore,Credit Card
ORD06029,CUST2277,Ayesha Khan,2025-07-07,Lipstick,Beauty,4,3277.8,13111.2,Karachi,Debit Card
ORD06030,CUST2462,Hamza Shah,2026-04-23,Cricket Bat,Sports,1,3487.51,3487.51,Sialkot,Cash
ORD06031,CUST1741,Ali Khan,2026-06-13,Vacuum Cleaner,Home & Kitchen,8,38708.61,309668.88,Karachi,Debit Card
ORD06032,CUST1136,Zainab Ali,2025-09-02,Smart Watch,Electronics,4,33431.48,133725.92,Karachi,Credit Card
ORD06033,CUST1120,Usman Malik,2025-12-22,Skin Cream,Beauty,5,1340.56,6702.8,Gujranwala,Credit Card
ORD06034,CUST2013,Sana Malik,2025-11-08,Shoes,Clothing,2,15321.49,30642.98,Islamabad,Debit Card
ORD06035,CUST2156,Bilal Ahmed,2025-08-16,Headphones,Electronics,5,24576.22,122881.1,Lahore,Credit Card
ORD06036,CUST1816,Saad Khan,2025-02-26,Shampoo,Beauty,1,2995.61,2995.61,Peshawar,JazzCash
ORD06037,CUST0779,Zainab Ali,2025-11-25,Tea,Grocery,1,600.64,600.64,Quetta,Bank Transfer
ORD06038,CUST1853,Omar Farooq,2026-02-06,Running Shoes,Sports,4,18972.57,75890.28,Rawalpindi,JazzCash
ORD06039,CUST1151,Usman Malik,2026-04-29,Tablet,Electronics,5,38076.36,190381.8,Multan,Cash
ORD06040,CUST1703,Usman Malik,2026-03-24,Cereal,Grocery,6,646.28,3877.68,Faisalabad,EasyPaisa
ORD06041,CUST1707,Sana Malik,2025-09-05,Cricket Bat,Sports,5,24136.27,120681.35,Gujranwala,Debit Card
ORD06042,CUST2030,Talha Malik,2026-01-06,Headphones,Electronics,8,17006.1,136048.8,Rawalpindi,Cash
ORD06043,CUST0328,Talha Malik,2025-01-31,Rice,Grocery,7,393.24,2752.68,Faisalabad,Cash
ORD06044,CUST2410,Bilal Ahmed,2025-03-04,Lipstick,Beauty,1,1573.01,1573.01,Multan,JazzCash
ORD06045,CUST1748,Bilal Ahmed,2026-09-07,Yoga Mat,Sports,6,4950.36,29702.16,Quetta,EasyPaisa
ORD06046,CUST1346,Fatima Ahmed,2026-01-27,Hoodie,Clothing,8,6054.01,48432.08,Lahore,Credit Card
ORD06047,CUST1160,Maham Raza,2025-05-05,Jacket,Clothing,8,17144.59,137156.72,Karachi,Credit Card
ORD06048,CUST2178,Hassan Ali,2025-05-11,Tea,Grocery,1,892.82,892.82,Peshawar,Debit Card
ORD06049,CUST0913,Hira Shah,2026-08-07,Running Shoes,Sports,3,24246.34,72739.02,Quetta,Debit Card
ORD06050,CUST1059,Ali Khan,2025-12-16,Cooking Oil,Grocery,5,954.28,4771.4,Rawalpindi,Debit Card
ORD06051,CUST1839,Maham Raza,2026-09-12,Skin Cream,Beauty,4,3950.74,15802.96,Sialkot,Debit Card
ORD06052,CUST0743,Ahmed Raza,2025-06-23,Microwave,Home & Kitchen,5,30777.93,153889.65,Sialkot,Debit Card
ORD06053,CUST1630,Maham Raza,2026-05-22,Rice,Grocery,5,432.43,2162.15,Gujranwala,Bank Transfer
ORD06054,CUST2303,Maryam Ahmed,2025-03-11,Cricket Bat,Sports,1,16427.35,16427.35,Peshawar,Bank Transfer
ORD06055,CUST0984,Saad Khan,2025-10-07,Face Wash,Beauty,1,2587.05,2587.05,Gujranwala,Debit Card
ORD06056,CUST1447,Saad Khan,2025-03-06,Cricket Bat,Sports,8,22055.29,176442.32,Rawalpindi,Debit Card
ORD06057,CUST1910,Ayesha Khan,2026-08-20,Cricket Ball,Sports,3,949.42,2848.26,Gujranwala,Debit Card
ORD06058,CUST0249,Bilal Ahmed,2025-10-15,Air Fryer,Home & Kitchen,3,32075.54,96226.62,Sialkot,Debit Card
ORD06059,CUST2152,Hira Shah,2026-06-12,Perfume,Beauty,7,7777.01,54439.07,Sialkot,Bank Transfer
ORD06060,CUST0817,Fatima Ahmed,2026-02-15,Skin Cream,Beauty,8,901.08,7208.64,Islamabad,JazzCash
ORD06061,CUST0457,Maham Raza,2025-04-17,Jacket,Clothing,8,10148.75,81190.0,Quetta,EasyPaisa
ORD06062,CUST1666,Hamza Shah,2025-12-16,Cooking Oil,Grocery,2,980.43,1960.86,Peshawar,Credit Card
ORD06063,CUST0352,Ayesha Khan,2026-05-01,Keyboard,Electronics,7,6632.28,46425.96,Gujranwala,Bank Transfer
ORD06064,CUST0309,Abdullah Raza,2025-08-09,Cooking Oil,Grocery,1,563.06,563.06,Karachi,JazzCash
ORD06065,CUST0695,Sana Malik,2026-03-11,Sugar,Grocery,2,366.78,733.56,Peshawar,EasyPaisa
ORD06066,CUST1611,Hassan Ali,2026-05-07,Yoga Mat,Sports,7,3613.61,25295.27,Karachi,EasyPaisa
ORD06067,CUST1056,Talha Malik,2025-05-09,Jeans,Clothing,3,4528.13,13584.39,Peshawar,Bank Transfer
ORD06068,CUST1608,Maryam Ahmed,2025-04-15,Lipstick,Beauty,8,2039.86,16318.88,Karachi,Bank Transfer
ORD06069,CUST2498,Bilal Ahmed,2026-04-17,Dinner Set,Home & Kitchen,6,14649.44,87896.64,Multan,JazzCash
ORD06070,CUST0620,Danish Ahmed,2025-11-20,Shampoo,Beauty,4,2606.38,10425.52,Gujranwala,Cash
ORD06071,CUST0913,Maryam Ahmed,2025-03-13,Mouse,Electronics,5,5265.65,26328.25,Rawalpindi,Debit Card
ORD06072,CUST0393,Usman Malik,2026-05-05,Air Fryer,Home & Kitchen,5,14957.26,74786.3,Multan,Debit Card
ORD06073,CUST0464,Abdullah Raza,2026-07-25,Face Wash,Beauty,2,2643.74,5287.48,Multan,Cash
ORD06074,CUST0107,Sara Khan,2026-04-07,Rice,Grocery,1,680.2,680.2,Quetta,JazzCash
ORD06075,CUST0859,Hamza Shah,2025-04-30,Running Shoes,Sports,4,24478.01,97912.04,Peshawar,Debit Card
ORD06076,CUST1213,Hassan Ali,2026-02-14,Microwave,Home & Kitchen,4,35713.17,142852.68,Multan,Debit Card
ORD06077,CUST0996,Hassan Ali,2025-09-08,Mouse,Electronics,6,2404.91,14429.46,Karachi,Cash
ORD06078,CUST1848,Zainab Ali,2026-02-18,Smartphone,Electronics,5,77281.33,386406.65,Sialkot,Cash
ORD06079,CUST1840,Talha Malik,2026-08-08,Dinner Set,Home & Kitchen,6,13420.21,80521.26,Lahore,Credit Card
ORD06080,CUST1756,Huzaifa Ali,2026-01-05,Keyboard,Electronics,1,9949.33,9949.33,Islamabad,Debit Card
ORD06081,CUST0887,Zainab Ali,2025-09-30,Face Wash,Beauty,2,966.53,1933.06,Faisalabad,Debit Card
ORD06082,CUST2091,Saad Khan,2026-09-23,Cooking Oil,Grocery,8,1285.6,10284.8,Rawalpindi,JazzCash
ORD06083,CUST1268,Abdullah Raza,2025-11-16,Lipstick,Beauty,5,1323.45,6617.25,Gujranwala,Cash
ORD06084,CUST1690,Maryam Ahmed,2025-05-16,Keyboard,Electronics,4,5739.96,22959.84,Rawalpindi,EasyPaisa
ORD06085,CUST0576,Abdullah Raza,2025-10-09,T-Shirt,Clothing,1,2632.63,2632.63,Faisalabad,Credit Card
ORD06086,CUST0717,Fatima Ahmed,2025-04-02,Skin Cream,Beauty,2,4414.26,8828.52,Quetta,Debit Card
ORD06087,CUST0695,Ahmed Raza,2026-07-09,Jacket,Clothing,8,4701.88,37615.04,Sialkot,EasyPaisa
ORD06088,CUST0387,Bilal Ahmed,2025-05-02,Cricket Bat,Sports,3,14058.07,42174.21,Lahore,Credit Card
ORD06089,CUST2441,Ahmed Raza,2026-08-25,Face Wash,Beauty,4,2308.24,9232.96,Karachi,Debit Card
ORD06090,CUST1221,Talha Malik,2025-12-24,Mouse,Electronics,6,5598.6,33591.6,Peshawar,Cash
ORD06091,CUST2101,Ahmed Raza,2026-02-02,Biscuits,Grocery,1,296.9,296.9,Rawalpindi,Cash
ORD06092,CUST1339,Fatima Ahmed,2025-01-07,Vacuum Cleaner,Home & Kitchen,1,58511.5,58511.5,Peshawar,EasyPaisa
ORD06093,CUST1124,Omar Farooq,2025-05-02,Laptop,Electronics,4,214693.74,858774.96,Rawalpindi,JazzCash
ORD06094,CUST0420,Hamza Shah,2025-07-10,Tablet,Electronics,4,69360.05,277440.2,Karachi,Debit Card
ORD06095,CUST0336,Talha Malik,2026-08-15,Dinner Set,Home & Kitchen,3,9317.97,27953.91,Sialkot,Bank Transfer
ORD06096,CUST0273,Ayesha Khan,2026-09-09,Smart Watch,Electronics,1,20157.09,20157.09,Peshawar,Debit Card
ORD06097,CUST0528,Ali Khan,2026-08-06,Headphones,Electronics,6,20194.66,121167.96,Multan,EasyPaisa
ORD06098,CUST2335,Ali Khan,2025-01-26,Dinner Set,Home & Kitchen,7,14151.66,99061.62,Karachi,JazzCash
ORD06099,CUST0888,Sara Khan,2025-12-15,Perfume,Beauty,2,4379.76,8759.52,Lahore,EasyPaisa
ORD06100,CUST0802,Fatima Ahmed,2026-01-08,Tea,Grocery,5,489.19,2445.95,Sialkot,JazzCash
ORD06101,CUST0478,Maham Raza,2025-02-04,Jeans,Clothing,7,2882.34,20176.38,Rawalpindi,Debit Card
ORD06102,CUST1770,Hassan Ali,2025-12-19,T-Shirt,Clothing,3,2563.49,7690.47,Faisalabad,Bank Transfer
ORD06103,CUST2441,Talha Malik,2025-11-04,Skin Cream,Beauty,1,3891.01,3891.01,Lahore,Debit Card
ORD06104,CUST1460,Hamza Shah,2025-11-27,Tea,Grocery,6,796.23,4777.38,Peshawar,EasyPaisa
ORD06105,CUST1364,Maryam Ahmed,2025-02-02,Cricket Bat,Sports,5,6585.64,32928.2,Faisalabad,Cash
ORD06106,CUST2322,Hamza Shah,2025-07-23,Keyboard,Electronics,6,7440.33,44641.98,Lahore,Credit Card
ORD06107,CUST2039,Maryam Ahmed,2026-02-14,Skin Cream,Beauty,7,1016.45,7115.15,Lahore,EasyPaisa
ORD06108,CUST1552,Saad Khan,2026-06-01,Cricket Ball,Sports,6,810.35,4862.1,Lahore,Debit Card
ORD06109,CUST0058,Ahmed Raza,2026-08-28,Cricket Bat,Sports,3,16334.36,49003.08,Gujranwala,Bank Transfer
ORD06110,CUST2212,Zainab Ali,2025-12-01,Yoga Mat,Sports,3,3934.85,11804.55,Quetta,EasyPaisa
ORD06111,CUST1959,Ali Khan,2025-07-16,Hoodie,Clothing,1,7862.91,7862.91,Rawalpindi,JazzCash
ORD06112,CUST1509,Huzaifa Ali,2025-02-22,Cooking Oil,Grocery,3,1251.52,3754.56,Gujranwala,JazzCash
ORD06113,CUST1872,Fatima Ahmed,2025-03-05,Shampoo,Beauty,4,2106.15,8424.6,Gujranwala,JazzCash
ORD06114,CUST2427,Maham Raza,2025-01-23,Perfume,Beauty,5,16566.17,82830.85,Karachi,Debit Card
ORD06115,CUST0414,Ayesha Khan,2026-07-21,Tablet,Electronics,2,25729.39,51458.78,Peshawar,Cash
ORD06116,CUST1466,Sana Malik,2026-06-12,Rice,Grocery,5,251.3,1256.5,Karachi,Bank Transfer
ORD06117,CUST0425,Ali Khan,2026-06-03,Cricket Bat,Sports,5,18004.41,90022.05,Sialkot,Debit Card
ORD06118,CUST2344,Hira Shah,2025-09-12,Cricket Ball,Sports,6,830.83,4984.98,Islamabad,Debit Card
ORD06119,CUST0637,Abdullah Raza,2025-04-14,Coffee Maker,Home & Kitchen,5,8801.3,44006.5,Gujranwala,JazzCash
ORD06120,CUST0782,Bilal Ahmed,2026-09-19,Laptop,Electronics,1,234054.85,234054.85,Karachi,Debit Card
ORD06121,CUST0449,Hamza Shah,2026-03-18,Hoodie,Clothing,8,4418.11,35344.88,Karachi,Debit Card
ORD06122,CUST1664,Zainab Ali,2026-09-06,Face Wash,Beauty,1,893.88,893.88,Islamabad,Bank Transfer
ORD06123,CUST2309,Sana Malik,2026-02-27,Rice,Grocery,7,322.44,2257.08,Gujranwala,Cash
ORD06124,CUST0849,Ayesha Khan,2025-06-18,Football,Sports,2,1512.0,3024.0,Lahore,Cash
ORD06125,CUST1511,Hira Shah,2025-12-12,Sugar,Grocery,7,294.93,2064.51,Quetta,Credit Card
ORD06126,CUST2069,Sana Malik,2026-02-02,Jeans,Clothing,4,6064.29,24257.16,Karachi,Debit Card
ORD06127,CUST2070,Ali Khan,2025-06-29,Jacket,Clothing,3,7941.71,23825.13,Quetta,Debit Card
ORD06128,CUST2099,Abdullah Raza,2025-07-24,Yoga Mat,Sports,6,4215.75,25294.5,Lahore,Debit Card
ORD06129,CUST2150,Usman Malik,2025-06-15,Yoga Mat,Sports,5,2836.07,14180.35,Peshawar,EasyPaisa
ORD06130,CUST0734,Usman Malik,2026-05-19,Shoes,Clothing,8,6352.9,50823.2,Lahore,Bank Transfer
ORD06131,CUST0207,Maham Raza,2025-05-06,Lipstick,Beauty,5,1147.59,5737.95,Sialkot,Cash
ORD06132,CUST1391,Zainab Ali,2026-01-18,Vacuum Cleaner,Home & Kitchen,2,35725.63,71451.26,Karachi,EasyPaisa
ORD06133,CUST1738,Fatima Ahmed,2025-06-21,Dinner Set,Home & Kitchen,6,9716.62,58299.72,Rawalpindi,Bank Transfer
ORD06134,CUST0526,Huzaifa Ali,2025-07-23,Microwave,Home & Kitchen,8,22407.29,179258.32,Faisalabad,Credit Card
ORD06135,CUST2191,Ahmed Raza,2026-08-04,Dinner Set,Home & Kitchen,3,11672.73,35018.19,Islamabad,Cash
ORD06136,CUST1573,Zainab Ali,2025-06-26,Hoodie,Clothing,8,3070.53,24564.24,Karachi,Bank Transfer
ORD06137,CUST1280,Zainab Ali,2025-02-03,Cricket Bat,Sports,3,18817.87,56453.61,Quetta,EasyPaisa
ORD06138,CUST0562,Maham Raza,2026-01-24,Smartphone,Electronics,6,41536.88,249221.28,Rawalpindi,Cash
ORD06139,CUST0900,Ali Khan,2025-03-08,T-Shirt,Clothing,5,4558.1,22790.5,Lahore,Cash
ORD06140,CUST1260,Hassan Ali,2025-11-06,Smartphone,Electronics,7,35216.29,246514.03,Karachi,Debit Card
ORD06141,CUST1376,Danish Ahmed,2026-01-16,Shoes,Clothing,1,17128.26,17128.26,Islamabad,Bank Transfer
ORD06142,CUST1751,Ahmed Raza,2025-05-10,Shoes,Clothing,1,24247.13,24247.13,Faisalabad,EasyPaisa
ORD06143,CUST2391,Saad Khan,2026-09-20,Sugar,Grocery,8,305.74,2445.92,Quetta,Bank Transfer
ORD06144,CUST0319,Usman Malik,2025-11-10,Jacket,Clothing,7,9639.83,67478.81,Rawalpindi,Debit Card
ORD06145,CUST1558,Maryam Ahmed,2025-10-24,Mouse,Electronics,7,4024.4,28170.8,Islamabad,Bank Transfer
ORD06146,CUST1683,Saad Khan,2026-08-02,Cereal,Grocery,4,843.17,3372.68,Lahore,Cash
ORD06147,CUST1287,Ahmed Raza,2026-05-27,Rice,Grocery,5,750.91,3754.55,Multan,Bank Transfer
ORD06148,CUST1981,Ali Khan,2025-05-28,Jeans,Clothing,2,2795.62,5591.24,Faisalabad,Credit Card
ORD06149,CUST0567,Omar Farooq,2025-08-30,Jacket,Clothing,4,17047.1,68188.4,Gujranwala,Cash
ORD06150,CUST1767,Hira Shah,2025-03-18,Microwave,Home & Kitchen,7,24790.26,173531.82,Sialkot,Bank Transfer
ORD06151,CUST1993,Ahmed Raza,2026-08-20,Tea,Grocery,7,910.39,6372.73,Quetta,Cash
ORD06152,CUST0451,Hamza Shah,2025-03-11,Smart Watch,Electronics,6,44840.49,269042.94,Multan,JazzCash
ORD06153,CUST2027,Hamza Shah,2025-07-21,Lipstick,Beauty,1,949.34,949.34,Multan,Bank Transfer
ORD06154,CUST1235,Bilal Ahmed,2026-02-16,Dinner Set,Home & Kitchen,3,10410.4,31231.2,Rawalpindi,JazzCash
ORD06155,CUST2379,Omar Farooq,2026-01-21,Jacket,Clothing,5,8744.86,43724.3,Quetta,Cash
ORD06156,CUST0106,Saad Khan,2025-12-21,Coffee Maker,Home & Kitchen,8,21879.88,175039.04,Lahore,Debit Card
ORD06157,CUST2166,Fatima Ahmed,2026-05-25,Running Shoes,Sports,2,17168.52,34337.04,Faisalabad,Debit Card
ORD06158,CUST2085,Danish Ahmed,2025-09-24,Laptop,Electronics,8,98106.75,784854.0,Faisalabad,Credit Card
ORD06159,CUST0840,Hira Shah,2026-09-15,Air Fryer,Home & Kitchen,8,33555.32,268442.56,Peshawar,JazzCash
ORD06160,CUST0479,Hamza Shah,2026-04-15,Tablet,Electronics,7,50955.83,356690.81,Gujranwala,EasyPaisa
ORD06161,CUST1805,Ayesha Khan,2026-05-17,Headphones,Electronics,3,4365.9,13097.7,Faisalabad,JazzCash
ORD06162,CUST1195,Maham Raza,2026-06-15,Tea,Grocery,8,829.31,6634.48,Islamabad,JazzCash
ORD06163,CUST2130,Hamza Shah,2026-06-13,Jeans,Clothing,2,6674.42,13348.84,Multan,JazzCash
ORD06164,CUST1373,Fatima Ahmed,2025-08-07,Tea,Grocery,2,1069.47,2138.94,Multan,Debit Card
ORD06165,CUST2463,Ahmed Raza,2026-04-17,Running Shoes,Sports,1,16540.62,16540.62,Quetta,JazzCash
ORD06166,CUST0863,Ali Khan,2025-12-12,Football,Sports,6,6910.76,41464.56,Lahore,Cash
ORD06167,CUST0620,Talha Malik,2025-04-17,Cooking Oil,Grocery,5,603.88,3019.4,Islamabad,Debit Card
ORD06168,CUST2271,Maham Raza,2026-08-12,Face Wash,Beauty,3,771.11,2313.33,Peshawar,JazzCash
ORD06169,CUST1401,Hassan Ali,2026-01-10,Cricket Bat,Sports,6,8683.32,52099.92,Multan,Cash
ORD06170,CUST1314,Bilal Ahmed,2026-03-18,Sugar,Grocery,6,222.18,1333.08,Peshawar,Debit Card
ORD06171,CUST2070,Bilal Ahmed,2025-06-08,Jacket,Clothing,5,7024.37,35121.85,Islamabad,Cash
ORD06172,CUST1714,Sana Malik,2025-01-04,Jeans,Clothing,2,2833.37,5666.74,Sialkot,JazzCash
ORD06173,CUST0253,Hamza Shah,2025-06-10,Headphones,Electronics,6,6953.14,41718.84,Faisalabad,EasyPaisa
ORD06174,CUST0950,Maryam Ahmed,2026-04-08,Sugar,Grocery,7,161.77,1132.39,Islamabad,Debit Card
ORD06175,CUST2347,Zainab Ali,2025-05-01,Laptop,Electronics,3,173243.99,519731.97,Peshawar,Bank Transfer
ORD06176,CUST0005,Sara Khan,2026-01-19,Face Wash,Beauty,1,2473.05,2473.05,Multan,Cash
ORD06177,CUST2216,Saad Khan,2025-12-10,Biscuits,Grocery,2,147.07,294.14,Faisalabad,Debit Card
ORD06178,CUST2378,Fatima Ahmed,2025-09-14,Cricket Ball,Sports,7,753.21,5272.47,Karachi,Cash
ORD06179,CUST2203,Abdullah Raza,2025-02-03,Football,Sports,3,6702.49,20107.47,Peshawar,JazzCash
ORD06180,CUST0589,Ayesha Khan,2026-02-26,Cereal,Grocery,1,437.5,437.5,Islamabad,Cash
ORD06181,CUST0511,Danish Ahmed,2025-11-19,Blender,Home & Kitchen,8,14054.85,112438.8,Peshawar,JazzCash
ORD06182,CUST1382,Saad Khan,2025-01-29,Face Wash,Beauty,7,2726.43,19085.01,Peshawar,Debit Card
ORD06183,CUST0730,Hassan Ali,2025-10-04,T-Shirt,Clothing,4,4807.42,19229.68,Lahore,JazzCash
ORD06184,CUST1874,Hassan Ali,2026-04-12,Tablet,Electronics,1,41698.84,41698.84,Islamabad,Credit Card
ORD06185,CUST2321,Omar Farooq,2026-06-03,Lipstick,Beauty,6,1388.29,8329.74,Peshawar,JazzCash
ORD06186,CUST0337,Talha Malik,2025-02-03,Microwave,Home & Kitchen,7,35303.59,247125.13,Peshawar,Bank Transfer
ORD06187,CUST2059,Saad Khan,2025-08-07,Running Shoes,Sports,8,18021.27,144170.16,Lahore,Cash
ORD06188,CUST0706,Abdullah Raza,2025-12-25,Laptop,Electronics,1,215178.64,215178.64,Islamabad,Credit Card
ORD06189,CUST0862,Maryam Ahmed,2025-06-01,Face Wash,Beauty,3,1410.27,4230.81,Quetta,Debit Card
ORD06190,CUST0992,Hassan Ali,2026-02-12,Tablet,Electronics,1,48652.35,48652.35,Faisalabad,Debit Card
ORD06191,CUST0142,Fatima Ahmed,2026-02-24,Skin Cream,Beauty,5,2416.23,12081.15,Karachi,Bank Transfer
ORD06192,CUST1274,Bilal Ahmed,2025-11-29,Shoes,Clothing,6,5306.26,31837.56,Quetta,EasyPaisa
ORD06193,CUST0542,Hamza Shah,2025-02-27,Jeans,Clothing,8,6781.48,54251.84,Faisalabad,Bank Transfer
ORD06194,CUST1940,Hira Shah,2025-11-16,Rice,Grocery,1,657.7,657.7,Karachi,Cash
ORD06195,CUST1204,Usman Malik,2025-09-27,Hoodie,Clothing,6,8929.76,53578.56,Sialkot,Bank Transfer
ORD06196,CUST1905,Ahmed Raza,2026-05-17,Mouse,Electronics,4,6532.67,26130.68,Islamabad,EasyPaisa
ORD06197,CUST0044,Omar Farooq,2025-12-05,Running Shoes,Sports,1,13626.44,13626.44,Multan,JazzCash
ORD06198,CUST1627,Fatima Ahmed,2025-10-08,Jeans,Clothing,3,8670.63,26011.89,Multan,JazzCash
ORD06199,CUST0349,Abdullah Raza,2025-03-30,Tablet,Electronics,6,73729.25,442375.5,Sialkot,Cash
ORD06200,CUST0763,Hira Shah,2025-06-30,Tea,Grocery,4,977.46,3909.84,Quetta,EasyPaisa
ORD06201,CUST1380,Hamza Shah,2026-06-05,Mouse,Electronics,8,1630.58,13044.64,Islamabad,Debit Card
ORD06202,CUST0317,Hira Shah,2026-08-19,Face Wash,Beauty,3,2203.92,6611.76,Sialkot,Debit Card
ORD06203,CUST1011,Huzaifa Ali,2025-12-23,Jeans,Clothing,3,3349.81,10049.43,Faisalabad,Cash
ORD06204,CUST0355,Talha Malik,2026-02-04,Lipstick,Beauty,8,1656.22,13249.76,Peshawar,Debit Card
ORD06205,CUST2134,Saad Khan,2026-01-08,Running Shoes,Sports,5,7397.73,36988.65,Rawalpindi,JazzCash
ORD06206,CUST1158,Ahmed Raza,2025-08-29,Rice,Grocery,4,524.81,2099.24,Gujranwala,Credit Card
ORD06207,CUST0461,Maham Raza,2026-02-06,Cricket Bat,Sports,4,13381.9,53527.6,Sialkot,Credit Card
ORD06208,CUST0097,Huzaifa Ali,2026-06-15,Sugar,Grocery,7,280.61,1964.27,Lahore,JazzCash
ORD06209,CUST0104,Ahmed Raza,2025-02-22,Shampoo,Beauty,4,1809.53,7238.12,Islamabad,Credit Card
ORD06210,CUST0065,Fatima Ahmed,2026-02-23,Tea,Grocery,4,312.17,1248.68,Quetta,Cash
ORD06211,CUST1854,Usman Malik,2025-08-16,Face Wash,Beauty,4,1900.79,7603.16,Faisalabad,Credit Card
ORD06212,CUST1842,Hassan Ali,2025-10-23,Football,Sports,8,2903.48,23227.84,Quetta,EasyPaisa
ORD06213,CUST2062,Danish Ahmed,2026-02-22,Hoodie,Clothing,3,3815.68,11447.04,Faisalabad,EasyPaisa
ORD06214,CUST1010,Ayesha Khan,2025-05-09,Air Fryer,Home & Kitchen,7,15629.47,109406.29,Peshawar,Bank Transfer
ORD06215,CUST1931,Hassan Ali,2025-01-31,Skin Cream,Beauty,5,1621.34,8106.7,Gujranwala,Cash
ORD06216,CUST0309,Saad Khan,2026-03-03,Shampoo,Beauty,2,2373.98,4747.96,Lahore,EasyPaisa
ORD06217,CUST0080,Danish Ahmed,2025-09-27,Perfume,Beauty,1,12996.48,12996.48,Rawalpindi,Credit Card
ORD06218,CUST1238,Zainab Ali,2025-10-03,Cereal,Grocery,3,594.69,1784.07,Islamabad,Credit Card
ORD06219,CUST2002,Ayesha Khan,2026-02-04,Tea,Grocery,3,842.06,2526.18,Islamabad,Bank Transfer
ORD06220,CUST1292,Maham Raza,2025-04-15,Running Shoes,Sports,3,7768.43,23305.29,Rawalpindi,Credit Card
ORD06221,CUST2370,Omar Farooq,2026-09-26,Blender,Home & Kitchen,7,15102.87,105720.09,Islamabad,EasyPaisa
ORD06222,CUST1386,Usman Malik,2026-02-09,Tea,Grocery,2,625.34,1250.68,Peshawar,Cash
ORD06223,CUST1332,Hamza Shah,2026-08-31,Lipstick,Beauty,5,1107.22,5536.1,Rawalpindi,Credit Card
ORD06224,CUST1902,Zainab Ali,2025-12-16,Lipstick,Beauty,1,1991.33,1991.33,Islamabad,Bank Transfer
ORD06225,CUST0270,Usman Malik,2026-05-06,Lipstick,Beauty,5,1882.9,9414.5,Gujranwala,Cash
ORD06226,CUST0792,Abdullah Raza,2025-06-08,Jeans,Clothing,8,6779.31,54234.48,Karachi,EasyPaisa
ORD06227,CUST1495,Ahmed Raza,2025-12-04,Football,Sports,7,4992.7,34948.9,Peshawar,Credit Card
ORD06228,CUST1550,Maryam Ahmed,2025-03-06,Biscuits,Grocery,6,223.77,1342.62,Peshawar,Bank Transfer
ORD06229,CUST1553,Sara Khan,2026-09-04,Air Fryer,Home & Kitchen,2,26261.2,52522.4,Sialkot,JazzCash
ORD06230,CUST1550,Fatima Ahmed,2025-07-22,Rice,Grocery,3,657.35,1972.05,Faisalabad,EasyPaisa
ORD06231,CUST1186,Ayesha Khan,2025-04-17,Yoga Mat,Sports,6,4964.86,29789.16,Quetta,Bank Transfer
ORD06232,CUST1216,Danish Ahmed,2025-06-08,Keyboard,Electronics,5,4323.71,21618.55,Karachi,JazzCash
ORD06233,CUST1923,Fatima Ahmed,2026-04-25,Shoes,Clothing,8,7345.7,58765.6,Faisalabad,Credit Card
ORD06234,CUST0538,Hamza Shah,2025-11-05,Jeans,Clothing,3,3141.97,9425.91,Sialkot,JazzCash
ORD06235,CUST1055,Maryam Ahmed,2025-08-27,Hoodie,Clothing,1,3194.83,3194.83,Rawalpindi,Cash
ORD06236,CUST1497,Huzaifa Ali,2026-08-29,Tea,Grocery,3,390.84,1172.52,Rawalpindi,Bank Transfer
ORD06237,CUST0690,Talha Malik,2025-08-29,Shampoo,Beauty,4,642.75,2571.0,Karachi,Cash
ORD06238,CUST0892,Zainab Ali,2025-03-31,Air Fryer,Home & Kitchen,6,16767.22,100603.32,Peshawar,Bank Transfer
ORD06239,CUST0319,Danish Ahmed,2026-03-27,Jacket,Clothing,2,17947.17,35894.34,Karachi,JazzCash
ORD06240,CUST0349,Maham Raza,2026-04-02,Jeans,Clothing,5,7438.05,37190.25,Faisalabad,Credit Card
ORD06241,CUST1240,Hamza Shah,2025-11-28,Hoodie,Clothing,3,9587.6,28762.8,Quetta,JazzCash
ORD06242,CUST1631,Huzaifa Ali,2025-02-03,Skin Cream,Beauty,3,4844.85,14534.55,Islamabad,EasyPaisa
ORD06243,CUST2258,Ahmed Raza,2025-12-16,Yoga Mat,Sports,5,5511.69,27558.45,Islamabad,EasyPaisa
ORD06244,CUST0410,Abdullah Raza,2026-08-10,Air Fryer,Home & Kitchen,7,22599.81,158198.67,Gujranwala,Cash
ORD06245,CUST2479,Omar Farooq,2026-09-04,Cereal,Grocery,5,593.59,2967.95,Karachi,Debit Card
ORD06246,CUST0821,Omar Farooq,2025-04-13,Microwave,Home & Kitchen,6,41348.83,248092.98,Gujranwala,JazzCash
ORD06247,CUST1582,Usman Malik,2025-10-25,Mouse,Electronics,8,2405.86,19246.88,Peshawar,Cash
ORD06248,CUST1855,Ali Khan,2025-08-20,Rice,Grocery,4,425.29,1701.16,Quetta,Bank Transfer
ORD06249,CUST2041,Fatima Ahmed,2025-05-11,Cricket Bat,Sports,2,11416.17,22832.34,Quetta,Cash
ORD06250,CUST0320,Hassan Ali,2025-09-03,Biscuits,Grocery,6,238.22,1429.32,Karachi,JazzCash
ORD06251,CUST1848,Bilal Ahmed,2026-02-02,Skin Cream,Beauty,1,2001.08,2001.08,Sialkot,JazzCash
ORD06252,CUST2272,Sara Khan,2025-04-02,Cooking Oil,Grocery,5,1354.05,6770.25,Islamabad,EasyPaisa
ORD06253,CUST1818,Huzaifa Ali,2026-01-22,T-Shirt,Clothing,2,3540.27,7080.54,Quetta,Debit Card
ORD06254,CUST1059,Ali Khan,2026-05-19,Yoga Mat,Sports,5,2925.63,14628.15,Karachi,EasyPaisa
ORD06255,CUST1372,Zainab Ali,2026-04-09,Jacket,Clothing,2,8823.28,17646.56,Lahore,Debit Card
ORD06256,CUST2218,Fatima Ahmed,2025-08-28,Rice,Grocery,5,488.95,2444.75,Lahore,Credit Card
ORD06257,CUST1378,Sana Malik,2026-05-04,Lipstick,Beauty,7,939.95,6579.65,Multan,JazzCash
ORD06258,CUST1057,Bilal Ahmed,2025-04-02,Biscuits,Grocery,5,208.06,1040.3,Multan,Bank Transfer
ORD06259,CUST0231,Omar Farooq,2026-02-23,Smart Watch,Electronics,4,19105.36,76421.44,Gujranwala,Debit Card
ORD06260,CUST0475,Omar Farooq,2025-07-14,Cricket Ball,Sports,3,820.93,2462.79,Islamabad,EasyPaisa
ORD06261,CUST0831,Maham Raza,2025-11-13,Lipstick,Beauty,4,2201.67,8806.68,Gujranwala,Bank Transfer
ORD06262,CUST1898,Maryam Ahmed,2026-09-14,Cricket Ball,Sports,2,1735.18,3470.36,Peshawar,Credit Card
ORD06263,CUST0607,Bilal Ahmed,2026-08-13,Shampoo,Beauty,7,2084.26,14589.82,Multan,Bank Transfer
ORD06264,CUST1725,Hira Shah,2025-07-20,Cricket Ball,Sports,7,953.16,6672.12,Islamabad,EasyPaisa
ORD06265,CUST1520,Omar Farooq,2026-03-24,Rice,Grocery,2,292.25,584.5,Multan,EasyPaisa
ORD06266,CUST0196,Sara Khan,2026-01-14,Air Fryer,Home & Kitchen,5,34476.29,172381.45,Sialkot,EasyPaisa
ORD06267,CUST1080,Huzaifa Ali,2026-09-14,Shampoo,Beauty,3,2057.4,6172.2,Peshawar,Credit Card
ORD06268,CUST2133,Zainab Ali,2025-06-04,Smart Watch,Electronics,8,27949.44,223595.52,Multan,Bank Transfer
ORD06269,CUST1226,Ayesha Khan,2026-09-24,Cricket Ball,Sports,4,742.8,2971.2,Karachi,Debit Card
ORD06270,CUST1034,Sana Malik,2025-12-31,Perfume,Beauty,2,7107.9,14215.8,Lahore,EasyPaisa
ORD06271,CUST0585,Huzaifa Ali,2025-11-15,Sugar,Grocery,3,360.66,1081.98,Multan,JazzCash
ORD06272,CUST1987,Maryam Ahmed,2025-06-12,Blender,Home & Kitchen,6,9020.09,54120.54,Lahore,Credit Card
ORD06273,CUST0949,Ahmed Raza,2026-01-25,Air Fryer,Home & Kitchen,7,33180.78,232265.46,Quetta,Bank Transfer
ORD06274,CUST0316,Ali Khan,2025-11-25,Biscuits,Grocery,8,252.98,2023.84,Sialkot,Cash
ORD06275,CUST0095,Talha Malik,2025-10-17,Cereal,Grocery,2,1121.15,2242.3,Islamabad,Credit Card
ORD06276,CUST0485,Usman Malik,2025-10-06,Coffee Maker,Home & Kitchen,1,9358.54,9358.54,Quetta,Cash
ORD06277,CUST2407,Bilal Ahmed,2025-02-23,Face Wash,Beauty,3,1908.97,5726.91,Multan,Cash
ORD06278,CUST2397,Maham Raza,2025-07-03,Cricket Bat,Sports,1,16600.06,16600.06,Lahore,Cash
ORD06279,CUST0723,Danish Ahmed,2026-04-02,Football,Sports,5,3475.03,17375.15,Sialkot,Cash
ORD06280,CUST0986,Talha Malik,2025-05-10,Cricket Ball,Sports,6,2498.44,14990.64,Gujranwala,Credit Card
ORD06281,CUST1967,Sana Malik,2025-12-20,Yoga Mat,Sports,8,1139.57,9116.56,Multan,JazzCash
ORD06282,CUST0802,Omar Farooq,2025-08-26,Shampoo,Beauty,7,1422.3,9956.1,Rawalpindi,Bank Transfer
ORD06283,CUST0272,Abdullah Raza,2025-12-17,Skin Cream,Beauty,7,4533.98,31737.86,Lahore,Credit Card
ORD06284,CUST0565,Sana Malik,2026-07-27,Cricket Ball,Sports,1,1622.91,1622.91,Karachi,Credit Card
ORD06285,CUST1044,Fatima Ahmed,2026-02-20,Laptop,Electronics,1,146003.03,146003.03,Sialkot,Cash
ORD06286,CUST0487,Talha Malik,2025-10-25,Jacket,Clothing,4,12943.52,51774.08,Quetta,Bank Transfer
ORD06287,CUST1860,Hamza Shah,2025-02-13,Cricket Bat,Sports,4,7485.58,29942.32,Gujranwala,Bank Transfer
ORD06288,CUST1569,Ali Khan,2025-04-05,T-Shirt,Clothing,3,3577.1,10731.3,Peshawar,Bank Transfer
ORD06289,CUST2164,Hira Shah,2025-03-10,Hoodie,Clothing,4,3737.22,14948.88,Quetta,Bank Transfer
ORD06290,CUST2229,Ahmed Raza,2025-01-28,Yoga Mat,Sports,2,1567.46,3134.92,Islamabad,Credit Card
ORD06291,CUST1965,Ali Khan,2026-08-15,Skin Cream,Beauty,7,1736.28,12153.96,Islamabad,Bank Transfer
ORD06292,CUST1466,Sara Khan,2025-09-03,Coffee Maker,Home & Kitchen,6,20987.42,125924.52,Faisalabad,Debit Card
ORD06293,CUST1196,Maryam Ahmed,2025-12-24,Football,Sports,4,7372.86,29491.44,Islamabad,EasyPaisa
ORD06294,CUST1255,Ali Khan,2025-06-16,Cooking Oil,Grocery,7,1091.83,7642.81,Islamabad,Credit Card
ORD06295,CUST0924,Usman Malik,2025-02-28,Shampoo,Beauty,3,3406.74,10220.22,Quetta,Bank Transfer
ORD06296,CUST2488,Ahmed Raza,2025-01-11,Dinner Set,Home & Kitchen,6,5204.85,31229.1,Sialkot,Bank Transfer
ORD06297,CUST0568,Saad Khan,2026-05-06,Keyboard,Electronics,6,3508.09,21048.54,Peshawar,EasyPaisa
ORD06298,CUST1569,Talha Malik,2025-01-26,Hoodie,Clothing,2,5049.93,10099.86,Rawalpindi,Credit Card
ORD06299,CUST0887,Sana Malik,2025-11-24,Hoodie,Clothing,7,3882.34,27176.38,Gujranwala,Bank Transfer
ORD06300,CUST1595,Hira Shah,2026-08-14,Mouse,Electronics,5,2081.64,10408.2,Gujranwala,EasyPaisa
ORD06301,CUST1414,Zainab Ali,2026-07-15,Face Wash,Beauty,6,1088.68,6532.08,Islamabad,Cash
ORD06302,CUST1271,Sana Malik,2026-01-08,Laptop,Electronics,2,192417.35,384834.7,Faisalabad,EasyPaisa
ORD06303,CUST1111,Ahmed Raza,2026-04-03,Coffee Maker,Home & Kitchen,1,20676.58,20676.58,Multan,Cash
ORD06304,CUST0774,Bilal Ahmed,2025-01-15,Yoga Mat,Sports,8,5277.4,42219.2,Islamabad,Cash
ORD06305,CUST1411,Fatima Ahmed,2025-05-18,Running Shoes,Sports,1,13581.53,13581.53,Sialkot,EasyPaisa
ORD06306,CUST0026,Fatima Ahmed,2025-06-30,Hoodie,Clothing,4,3058.3,12233.2,Karachi,Bank Transfer
ORD06307,CUST0277,Ahmed Raza,2026-06-05,Smartphone,Electronics,3,124185.13,372555.39,Islamabad,EasyPaisa
ORD06308,CUST1464,Hamza Shah,2025-12-01,Cooking Oil,Grocery,8,1095.44,8763.52,Islamabad,JazzCash
ORD06309,CUST2488,Sara Khan,2026-05-21,Shoes,Clothing,1,4228.45,4228.45,Rawalpindi,Credit Card
ORD06310,CUST0424,Maryam Ahmed,2025-12-24,Football,Sports,3,6678.91,20036.73,Peshawar,JazzCash
ORD06311,CUST0673,Talha Malik,2025-05-01,Biscuits,Grocery,3,205.75,617.25,Faisalabad,JazzCash
ORD06312,CUST1493,Abdullah Raza,2025-11-07,T-Shirt,Clothing,4,4442.47,17769.88,Multan,EasyPaisa
ORD06313,CUST1630,Hassan Ali,2025-12-25,Hoodie,Clothing,7,9602.22,67215.54,Karachi,EasyPaisa
ORD06314,CUST0135,Abdullah Raza,2026-09-05,Hoodie,Clothing,6,9512.56,57075.36,Sialkot,Debit Card
ORD06315,CUST0853,Maryam Ahmed,2026-01-09,Blender,Home & Kitchen,8,14759.18,118073.44,Peshawar,Credit Card
ORD06316,CUST1710,Sana Malik,2025-12-24,Biscuits,Grocery,3,276.78,830.34,Gujranwala,Debit Card
ORD06317,CUST1711,Abdullah Raza,2026-03-24,Lipstick,Beauty,8,3684.11,29472.88,Multan,Bank Transfer
ORD06318,CUST0482,Huzaifa Ali,2025-11-26,Vacuum Cleaner,Home & Kitchen,1,37349.79,37349.79,Peshawar,Debit Card
ORD06319,CUST1381,Usman Malik,2025-10-14,Headphones,Electronics,7,15258.88,106812.16,Karachi,Debit Card
ORD06320,CUST1691,Saad Khan,2025-12-06,Perfume,Beauty,3,7977.77,23933.31,Quetta,Cash
ORD06321,CUST2047,Danish Ahmed,2026-09-18,Microwave,Home & Kitchen,7,31592.04,221144.28,Multan,Cash
ORD06322,CUST1669,Ali Khan,2026-02-11,Yoga Mat,Sports,5,1235.55,6177.75,Peshawar,Credit Card
ORD06323,CUST0419,Sara Khan,2025-10-30,Face Wash,Beauty,1,1761.33,1761.33,Islamabad,JazzCash
ORD06324,CUST0647,Hassan Ali,2025-01-29,Blender,Home & Kitchen,3,16166.01,48498.03,Multan,Credit Card
ORD06325,CUST0052,Hassan Ali,2026-07-29,Smartphone,Electronics,4,143722.76,574891.04,Sialkot,Bank Transfer
ORD06326,CUST2018,Hira Shah,2025-05-18,Cricket Ball,Sports,7,1030.91,7216.37,Rawalpindi,Debit Card
ORD06327,CUST1901,Fatima Ahmed,2026-06-08,Football,Sports,5,7264.61,36323.05,Sialkot,JazzCash
ORD06328,CUST2447,Zainab Ali,2025-05-15,Football,Sports,2,3548.25,7096.5,Faisalabad,Debit Card
ORD06329,CUST0930,Zainab Ali,2025-08-17,Skin Cream,Beauty,6,1733.72,10402.32,Gujranwala,Bank Transfer
ORD06330,CUST2419,Maham Raza,2026-03-20,Dinner Set,Home & Kitchen,2,13745.69,27491.38,Rawalpindi,Debit Card
ORD06331,CUST2254,Talha Malik,2025-05-17,Yoga Mat,Sports,3,4561.54,13684.62,Multan,Cash
ORD06332,CUST2246,Usman Malik,2025-03-09,T-Shirt,Clothing,1,3371.1,3371.1,Quetta,Bank Transfer
ORD06333,CUST0326,Sana Malik,2025-05-06,Dinner Set,Home & Kitchen,2,11320.2,22640.4,Sialkot,JazzCash
ORD06334,CUST2224,Danish Ahmed,2026-08-02,Jeans,Clothing,1,5253.6,5253.6,Karachi,Cash
ORD06335,CUST1596,Hamza Shah,2026-09-12,Vacuum Cleaner,Home & Kitchen,6,15131.55,90789.3,Sialkot,Bank Transfer
ORD06336,CUST1484,Danish Ahmed,2025-01-29,Cereal,Grocery,1,1458.36,1458.36,Quetta,Debit Card
ORD06337,CUST2460,Fatima Ahmed,2026-01-02,Face Wash,Beauty,5,1154.31,5771.55,Islamabad,Cash
ORD06338,CUST1206,Usman Malik,2026-06-06,Keyboard,Electronics,1,4646.72,4646.72,Gujranwala,Credit Card
ORD06339,CUST2242,Maryam Ahmed,2026-04-22,Lipstick,Beauty,1,1621.88,1621.88,Islamabad,Debit Card
ORD06340,CUST1371,Hamza Shah,2025-05-03,Blender,Home & Kitchen,5,14179.2,70896.0,Sialkot,Cash
ORD06341,CUST0010,Maryam Ahmed,2026-04-23,Face Wash,Beauty,8,1645.02,13160.16,Sialkot,JazzCash
ORD06342,CUST1736,Abdullah Raza,2025-04-05,Football,Sports,7,7915.17,55406.19,Faisalabad,Cash
ORD06343,CUST1076,Huzaifa Ali,2026-07-09,Jacket,Clothing,3,15427.84,46283.52,Rawalpindi,JazzCash
ORD06344,CUST1493,Huzaifa Ali,2026-08-26,Shampoo,Beauty,6,3436.97,20621.82,Islamabad,JazzCash
ORD06345,CUST0539,Bilal Ahmed,2026-08-21,Cereal,Grocery,7,467.75,3274.25,Peshawar,EasyPaisa
ORD06346,CUST1032,Danish Ahmed,2026-07-31,Football,Sports,7,6834.06,47838.42,Lahore,JazzCash
ORD06347,CUST1740,Hamza Shah,2026-05-25,Mouse,Electronics,3,4570.77,13712.31,Lahore,Cash
ORD06348,CUST0112,Danish Ahmed,2025-05-21,Jeans,Clothing,2,4801.77,9603.54,Faisalabad,Debit Card
ORD06349,CUST0842,Fatima Ahmed,2026-04-26,Lipstick,Beauty,6,2542.38,15254.28,Sialkot,Debit Card
ORD06350,CUST0838,Talha Malik,2025-07-25,Hoodie,Clothing,7,5095.67,35669.69,Multan,EasyPaisa
ORD06351,CUST2215,Talha Malik,2025-09-06,Shampoo,Beauty,2,2317.54,4635.08,Gujranwala,JazzCash
ORD06352,CUST0492,Ayesha Khan,2025-03-31,Laptop,Electronics,2,171009.15,342018.3,Rawalpindi,JazzCash
ORD06353,CUST0828,Hamza Shah,2025-08-02,Shampoo,Beauty,3,3144.5,9433.5,Faisalabad,Credit Card
ORD06354,CUST1906,Hamza Shah,2025-01-13,Jacket,Clothing,8,5141.53,41132.24,Islamabad,JazzCash
ORD06355,CUST1007,Saad Khan,2025-09-03,Lipstick,Beauty,7,3201.58,22411.06,Quetta,EasyPaisa
ORD06356,CUST0706,Hassan Ali,2025-07-16,Football,Sports,2,6970.92,13941.84,Lahore,EasyPaisa
ORD06357,CUST2127,Sana Malik,2025-10-16,Jeans,Clothing,5,8214.73,41073.65,Rawalpindi,Debit Card
ORD06358,CUST1047,Abdullah Raza,2026-03-02,Smart Watch,Electronics,2,24632.34,49264.68,Multan,JazzCash
ORD06359,CUST1396,Danish Ahmed,2025-05-25,Mouse,Electronics,5,6263.97,31319.85,Sialkot,Cash
ORD06360,CUST1207,Hassan Ali,2026-06-08,Keyboard,Electronics,3,9708.27,29124.81,Islamabad,Debit Card
ORD06361,CUST0915,Hamza Shah,2026-07-07,Headphones,Electronics,2,3702.09,7404.18,Rawalpindi,JazzCash
ORD06362,CUST0919,Ahmed Raza,2025-02-05,Cereal,Grocery,5,703.35,3516.75,Multan,Bank Transfer
ORD06363,CUST2040,Ayesha Khan,2025-04-04,Running Shoes,Sports,6,16053.44,96320.64,Rawalpindi,Credit Card
ORD06364,CUST0669,Hassan Ali,2026-05-28,Dinner Set,Home & Kitchen,7,5843.5,40904.5,Lahore,Cash
ORD06365,CUST1714,Huzaifa Ali,2026-09-24,Cricket Ball,Sports,8,2213.34,17706.72,Multan,Debit Card
ORD06366,CUST0036,Ahmed Raza,2026-04-08,Cooking Oil,Grocery,7,581.33,4069.31,Peshawar,Credit Card
ORD06367,CUST1098,Ali Khan,2025-05-16,Smart Watch,Electronics,2,10476.15,20952.3,Quetta,Bank Transfer
ORD06368,CUST1593,Bilal Ahmed,2025-08-07,Sugar,Grocery,6,221.12,1326.72,Sialkot,Credit Card
ORD06369,CUST0412,Hamza Shah,2025-02-14,Mouse,Electronics,6,5812.02,34872.12,Rawalpindi,Debit Card
ORD06370,CUST2417,Bilal Ahmed,2025-01-28,Dinner Set,Home & Kitchen,6,10031.62,60189.72,Sialkot,Cash
ORD06371,CUST1113,Abdullah Raza,2025-12-31,Shampoo,Beauty,5,2075.33,10376.65,Faisalabad,Bank Transfer
ORD06372,CUST0601,Ahmed Raza,2026-04-23,Lipstick,Beauty,5,992.8,4964.0,Faisalabad,JazzCash
ORD06373,CUST1478,Sara Khan,2026-04-04,Air Fryer,Home & Kitchen,2,34807.49,69614.98,Rawalpindi,EasyPaisa
ORD06374,CUST1334,Hamza Shah,2026-01-29,Dinner Set,Home & Kitchen,5,4030.33,20151.65,Faisalabad,Debit Card
ORD06375,CUST1268,Saad Khan,2026-05-12,Air Fryer,Home & Kitchen,6,21674.82,130048.92,Karachi,Debit Card
ORD06376,CUST2093,Huzaifa Ali,2026-06-08,Cricket Ball,Sports,3,820.1,2460.3,Peshawar,Debit Card
ORD06377,CUST1025,Ayesha Khan,2025-01-26,Tea,Grocery,4,1078.13,4312.52,Karachi,JazzCash
ORD06378,CUST0402,Ayesha Khan,2026-09-03,Shampoo,Beauty,4,1050.24,4200.96,Peshawar,Bank Transfer
ORD06379,CUST2159,Ayesha Khan,2025-09-24,Skin Cream,Beauty,6,4778.25,28669.5,Sialkot,Credit Card
ORD06380,CUST0500,Maham Raza,2026-03-28,Sugar,Grocery,3,270.93,812.79,Faisalabad,Credit Card
ORD06381,CUST0834,Saad Khan,2025-01-02,Jacket,Clothing,6,5618.2,33709.2,Rawalpindi,Debit Card
ORD06382,CUST0941,Maryam Ahmed,2025-07-04,Smartphone,Electronics,3,69635.65,208906.95,Islamabad,Cash
ORD06383,CUST0887,Talha Malik,2025-12-20,Tea,Grocery,8,1122.6,8980.8,Lahore,Bank Transfer
ORD06384,CUST2441,Danish Ahmed,2025-08-29,Mouse,Electronics,3,3893.1,11679.3,Gujranwala,Bank Transfer
ORD06385,CUST0927,Maham Raza,2025-08-03,Yoga Mat,Sports,8,5513.31,44106.48,Islamabad,Cash
ORD06386,CUST1498,Maham Raza,2026-04-17,Smart Watch,Electronics,4,18658.85,74635.4,Gujranwala,Credit Card
ORD06387,CUST2473,Fatima Ahmed,2026-06-25,Cooking Oil,Grocery,2,659.12,1318.24,Multan,Cash
ORD06388,CUST2310,Abdullah Raza,2026-06-04,Football,Sports,6,5119.03,30714.18,Gujranwala,Bank Transfer
ORD06389,CUST1108,Hassan Ali,2026-09-09,Football,Sports,2,4930.5,9861.0,Gujranwala,Cash
ORD06390,CUST0009,Sara Khan,2025-05-19,Cereal,Grocery,5,1016.31,5081.55,Faisalabad,Credit Card
ORD06391,CUST0771,Sana Malik,2025-12-14,Hoodie,Clothing,6,8089.06,48534.36,Rawalpindi,Credit Card
ORD06392,CUST1822,Bilal Ahmed,2026-09-03,Dinner Set,Home & Kitchen,2,14835.05,29670.1,Lahore,Debit Card
ORD06393,CUST1193,Bilal Ahmed,2025-07-09,Mouse,Electronics,4,7464.27,29857.08,Faisalabad,Credit Card
ORD06394,CUST0922,Hamza Shah,2026-04-16,Football,Sports,2,7128.39,14256.78,Peshawar,Credit Card
ORD06395,CUST2113,Talha Malik,2025-01-04,Jeans,Clothing,4,4407.04,17628.16,Islamabad,Debit Card
ORD06396,CUST0487,Bilal Ahmed,2026-05-13,Coffee Maker,Home & Kitchen,1,18562.71,18562.71,Karachi,Credit Card
ORD06397,CUST0320,Ahmed Raza,2026-09-07,Coffee Maker,Home & Kitchen,7,21246.73,148727.11,Islamabad,Debit Card
ORD06398,CUST0667,Fatima Ahmed,2026-04-28,Smart Watch,Electronics,3,44570.48,133711.44,Faisalabad,Bank Transfer
ORD06399,CUST1573,Abdullah Raza,2026-03-28,Shampoo,Beauty,1,1111.8,1111.8,Sialkot,Bank Transfer
ORD06400,CUST0369,Abdullah Raza,2025-03-29,Tablet,Electronics,4,34334.55,137338.2,Quetta,JazzCash
ORD06401,CUST1468,Ahmed Raza,2026-02-20,Skin Cream,Beauty,7,2234.41,15640.87,Karachi,EasyPaisa
ORD06402,CUST0590,Maryam Ahmed,2025-01-22,Laptop,Electronics,5,137038.22,685191.1,Quetta,JazzCash
ORD06403,CUST0399,Hira Shah,2025-08-16,Laptop,Electronics,3,189766.66,569299.98,Islamabad,Debit Card
ORD06404,CUST0884,Hira Shah,2025-01-20,Tea,Grocery,1,382.9,382.9,Peshawar,EasyPaisa
ORD06405,CUST1945,Ayesha Khan,2026-08-23,Coffee Maker,Home & Kitchen,4,26801.65,107206.6,Gujranwala,Debit Card
ORD06406,CUST1104,Maham Raza,2026-07-14,Cereal,Grocery,2,1298.75,2597.5,Gujranwala,Cash
ORD06407,CUST0713,Abdullah Raza,2025-04-20,Cooking Oil,Grocery,3,1360.99,4082.97,Karachi,EasyPaisa
ORD06408,CUST1353,Hamza Shah,2025-05-18,Jeans,Clothing,8,5145.81,41166.48,Karachi,Credit Card
ORD06409,CUST0216,Bilal Ahmed,2025-03-30,Skin Cream,Beauty,4,4717.2,18868.8,Peshawar,Credit Card
ORD06410,CUST1862,Sana Malik,2026-01-28,Shoes,Clothing,1,3541.85,3541.85,Gujranwala,Bank Transfer
ORD06411,CUST0655,Zainab Ali,2026-08-13,Jacket,Clothing,3,6240.97,18722.91,Faisalabad,JazzCash
ORD06412,CUST0912,Usman Malik,2026-01-21,Vacuum Cleaner,Home & Kitchen,8,45258.13,362065.04,Peshawar,EasyPaisa
ORD06413,CUST1577,Zainab Ali,2025-07-31,Tablet,Electronics,1,57058.31,57058.31,Rawalpindi,Debit Card
ORD06414,CUST0653,Fatima Ahmed,2026-03-28,Cricket Ball,Sports,4,817.11,3268.44,Peshawar,JazzCash
ORD06415,CUST1677,Talha Malik,2025-06-21,Sugar,Grocery,3,336.34,1009.02,Peshawar,Cash
ORD06416,CUST1457,Zainab Ali,2025-10-12,Tea,Grocery,1,879.61,879.61,Islamabad,Credit Card
ORD06417,CUST2447,Sara Khan,2026-01-04,Vacuum Cleaner,Home & Kitchen,1,49056.66,49056.66,Faisalabad,Credit Card
ORD06418,CUST1114,Ayesha Khan,2026-01-20,Air Fryer,Home & Kitchen,1,25898.63,25898.63,Quetta,Cash
ORD06419,CUST2096,Danish Ahmed,2025-10-25,Lipstick,Beauty,4,640.01,2560.04,Quetta,Credit Card
ORD06420,CUST1557,Zainab Ali,2025-12-23,Laptop,Electronics,2,147075.77,294151.54,Rawalpindi,EasyPaisa
ORD06421,CUST1303,Fatima Ahmed,2025-04-09,Shampoo,Beauty,2,1136.87,2273.74,Islamabad,Debit Card
ORD06422,CUST1906,Danish Ahmed,2025-08-07,Laptop,Electronics,5,132512.46,662562.3,Lahore,Bank Transfer
ORD06423,CUST2097,Ayesha Khan,2026-06-28,Lipstick,Beauty,1,3432.09,3432.09,Multan,EasyPaisa
ORD06424,CUST1069,Zainab Ali,2026-03-14,Cricket Ball,Sports,4,2284.83,9139.32,Faisalabad,Bank Transfer
ORD06425,CUST2315,Talha Malik,2026-08-12,Lipstick,Beauty,8,1805.7,14445.6,Faisalabad,Credit Card
ORD06426,CUST0237,Sana Malik,2026-08-18,Vacuum Cleaner,Home & Kitchen,3,28160.18,84480.54,Rawalpindi,JazzCash
ORD06427,CUST2110,Fatima Ahmed,2026-02-18,Face Wash,Beauty,6,2493.16,14958.96,Sialkot,JazzCash
ORD06428,CUST1766,Talha Malik,2026-06-20,Yoga Mat,Sports,8,2639.01,21112.08,Islamabad,Debit Card
ORD06429,CUST2171,Ali Khan,2025-12-08,T-Shirt,Clothing,2,4085.61,8171.22,Gujranwala,JazzCash
ORD06430,CUST0444,Hamza Shah,2026-01-18,Biscuits,Grocery,5,218.67,1093.35,Sialkot,Credit Card
ORD06431,CUST0291,Abdullah Raza,2026-05-09,Cricket Bat,Sports,7,20676.13,144732.91,Sialkot,EasyPaisa
ORD06432,CUST0433,Ali Khan,2026-03-26,Shoes,Clothing,4,10396.48,41585.92,Lahore,Bank Transfer
ORD06433,CUST1580,Omar Farooq,2026-09-20,Hoodie,Clothing,6,9710.07,58260.42,Multan,Cash
ORD06434,CUST0836,Hassan Ali,2026-01-11,Lipstick,Beauty,1,1728.03,1728.03,Lahore,EasyPaisa
ORD06435,CUST0267,Sana Malik,2025-01-21,Cricket Bat,Sports,4,11277.95,45111.8,Faisalabad,JazzCash
ORD06436,CUST2312,Sana Malik,2025-06-11,Blender,Home & Kitchen,8,13083.12,104664.96,Karachi,Bank Transfer
ORD06437,CUST0059,Hira Shah,2026-06-28,Smartphone,Electronics,6,91242.16,547452.96,Sialkot,Bank Transfer
ORD06438,CUST0291,Usman Malik,2025-02-10,Jeans,Clothing,5,7109.54,35547.7,Quetta,Cash
ORD06439,CUST1884,Hamza Shah,2025-01-29,T-Shirt,Clothing,8,4051.6,32412.8,Gujranwala,Debit Card
ORD06440,CUST0959,Talha Malik,2026-05-03,Sugar,Grocery,8,297.76,2382.08,Rawalpindi,Bank Transfer
ORD06441,CUST1414,Danish Ahmed,2026-04-04,Headphones,Electronics,3,24553.91,73661.73,Islamabad,JazzCash
ORD06442,CUST0067,Hira Shah,2025-02-14,Coffee Maker,Home & Kitchen,2,28308.96,56617.92,Sialkot,Bank Transfer
ORD06443,CUST1893,Ahmed Raza,2026-09-01,Sugar,Grocery,1,223.01,223.01,Karachi,EasyPaisa
ORD06444,CUST0293,Huzaifa Ali,2026-01-26,Jeans,Clothing,7,4907.56,34352.92,Lahore,JazzCash
ORD06445,CUST1859,Ahmed Raza,2025-09-07,Laptop,Electronics,6,164796.54,988779.24,Lahore,JazzCash
ORD06446,CUST0576,Bilal Ahmed,2025-06-03,Mouse,Electronics,1,948.91,948.91,Karachi,Credit Card
ORD06447,CUST0172,Zainab Ali,2026-09-21,Running Shoes,Sports,4,15751.66,63006.64,Karachi,Bank Transfer
ORD06448,CUST0280,Hira Shah,2026-07-14,Laptop,Electronics,2,236086.65,472173.3,Sialkot,Credit Card
ORD06449,CUST1898,Sara Khan,2026-01-27,Vacuum Cleaner,Home & Kitchen,1,41460.99,41460.99,Sialkot,EasyPaisa
ORD06450,CUST1249,Usman Malik,2025-10-16,Rice,Grocery,2,271.82,543.64,Karachi,JazzCash
ORD06451,CUST0460,Abdullah Raza,2026-01-07,Jeans,Clothing,3,6131.18,18393.54,Peshawar,Debit Card
ORD06452,CUST1773,Maryam Ahmed,2025-05-05,Hoodie,Clothing,7,9526.71,66686.97,Islamabad,Cash
ORD06453,CUST1038,Sana Malik,2025-12-01,Mouse,Electronics,3,4289.71,12869.13,Sialkot,JazzCash
ORD06454,CUST0642,Usman Malik,2025-10-10,Air Fryer,Home & Kitchen,3,12828.77,38486.31,Gujranwala,Bank Transfer
ORD06455,CUST0207,Zainab Ali,2026-06-22,Jacket,Clothing,5,15673.63,78368.15,Quetta,Debit Card
ORD06456,CUST0581,Fatima Ahmed,2025-10-29,Shampoo,Beauty,3,605.72,1817.16,Islamabad,JazzCash
ORD06457,CUST0473,Maryam Ahmed,2025-08-21,Jeans,Clothing,3,8771.55,26314.65,Multan,Debit Card
ORD06458,CUST0630,Ali Khan,2025-07-18,Lipstick,Beauty,2,2242.08,4484.16,Islamabad,Cash
ORD06459,CUST0963,Hamza Shah,2025-01-15,Rice,Grocery,3,629.61,1888.83,Gujranwala,JazzCash
ORD06460,CUST1259,Saad Khan,2025-10-14,Sugar,Grocery,8,357.93,2863.44,Islamabad,Credit Card
ORD06461,CUST0254,Ahmed Raza,2025-07-19,Lipstick,Beauty,8,2441.24,19529.92,Faisalabad,EasyPaisa
ORD06462,CUST1604,Maryam Ahmed,2026-03-04,Cooking Oil,Grocery,7,531.29,3719.03,Peshawar,Credit Card
ORD06463,CUST1779,Sana Malik,2026-09-16,Lipstick,Beauty,3,610.76,1832.28,Sialkot,EasyPaisa
ORD06464,CUST1700,Sana Malik,2025-05-06,Keyboard,Electronics,8,1936.42,15491.36,Sialkot,Debit Card
ORD06465,CUST1668,Maham Raza,2025-11-08,Air Fryer,Home & Kitchen,5,26672.85,133364.25,Quetta,JazzCash
ORD06466,CUST1412,Omar Farooq,2025-04-24,Football,Sports,8,3093.26,24746.08,Faisalabad,Credit Card
ORD06467,CUST2135,Maryam Ahmed,2025-06-28,Biscuits,Grocery,4,236.59,946.36,Rawalpindi,Credit Card
ORD06468,CUST1053,Huzaifa Ali,2025-11-25,Shoes,Clothing,7,19885.23,139196.61,Faisalabad,Credit Card
ORD06469,CUST1251,Zainab Ali,2026-03-15,Tea,Grocery,5,991.63,4958.15,Faisalabad,Bank Transfer
ORD06470,CUST0637,Hamza Shah,2025-01-29,Smartphone,Electronics,1,163295.96,163295.96,Faisalabad,Credit Card
ORD06471,CUST0825,Huzaifa Ali,2026-01-03,Sugar,Grocery,5,231.59,1157.95,Gujranwala,Credit Card
ORD06472,CUST1003,Omar Farooq,2025-12-07,Jeans,Clothing,5,8871.43,44357.15,Multan,JazzCash
ORD06473,CUST2453,Sara Khan,2026-06-21,Biscuits,Grocery,3,252.26,756.78,Multan,JazzCash
ORD06474,CUST0906,Danish Ahmed,2025-01-06,Cricket Ball,Sports,3,1106.53,3319.59,Gujranwala,Cash
ORD06475,CUST0300,Danish Ahmed,2026-02-11,Smartphone,Electronics,8,61077.86,488622.88,Karachi,Debit Card
ORD06476,CUST1273,Usman Malik,2025-04-12,Running Shoes,Sports,1,14118.24,14118.24,Karachi,Cash
ORD06477,CUST0630,Omar Farooq,2026-01-25,Vacuum Cleaner,Home & Kitchen,2,49741.52,99483.04,Karachi,Debit Card
ORD06478,CUST1468,Huzaifa Ali,2025-04-26,Hoodie,Clothing,2,4549.95,9099.9,Quetta,Bank Transfer
ORD06479,CUST0828,Danish Ahmed,2026-01-21,Tea,Grocery,2,335.15,670.3,Quetta,Bank Transfer
ORD06480,CUST0562,Hamza Shah,2026-09-13,Blender,Home & Kitchen,8,9798.61,78388.88,Multan,Cash
ORD06481,CUST0125,Abdullah Raza,2025-03-05,Keyboard,Electronics,2,11354.72,22709.44,Faisalabad,Debit Card
ORD06482,CUST0923,Bilal Ahmed,2026-05-15,T-Shirt,Clothing,8,1334.87,10678.96,Lahore,Bank Transfer
ORD06483,CUST1829,Sara Khan,2025-05-30,Tea,Grocery,5,657.28,3286.4,Rawalpindi,EasyPaisa
ORD06484,CUST0810,Hassan Ali,2026-01-27,Mouse,Electronics,3,5356.9,16070.7,Peshawar,JazzCash
ORD06485,CUST1268,Ayesha Khan,2025-03-31,Cereal,Grocery,2,648.96,1297.92,Karachi,Bank Transfer
ORD06486,CUST1132,Hamza Shah,2025-03-22,Headphones,Electronics,8,11841.9,94735.2,Faisalabad,Credit Card
ORD06487,CUST0905,Ali Khan,2026-08-30,Cereal,Grocery,3,1384.69,4154.07,Peshawar,Bank Transfer
ORD06488,CUST0815,Saad Khan,2025-10-16,Vacuum Cleaner,Home & Kitchen,2,32165.88,64331.76,Rawalpindi,Bank Transfer
ORD06489,CUST2213,Danish Ahmed,2025-05-18,Perfume,Beauty,5,9728.02,48640.1,Multan,Debit Card
ORD06490,CUST1009,Huzaifa Ali,2025-09-23,Tablet,Electronics,8,73230.21,585841.68,Sialkot,Debit Card
ORD06491,CUST1251,Zainab Ali,2025-06-15,Tea,Grocery,8,420.22,3361.76,Sialkot,JazzCash
ORD06492,CUST1179,Zainab Ali,2025-07-11,Skin Cream,Beauty,3,4753.21,14259.63,Multan,Bank Transfer
ORD06493,CUST0501,Ali Khan,2025-06-05,Blender,Home & Kitchen,5,14465.1,72325.5,Lahore,Cash
ORD06494,CUST0449,Talha Malik,2025-05-02,Vacuum Cleaner,Home & Kitchen,7,41619.81,291338.67,Quetta,EasyPaisa
ORD06495,CUST1803,Danish Ahmed,2025-12-21,Air Fryer,Home & Kitchen,1,20550.59,20550.59,Gujranwala,JazzCash
ORD06496,CUST0724,Omar Farooq,2026-09-01,Cooking Oil,Grocery,7,1476.47,10335.29,Rawalpindi,EasyPaisa
ORD06497,CUST0524,Maham Raza,2025-02-03,Microwave,Home & Kitchen,1,47644.43,47644.43,Multan,Credit Card
ORD06498,CUST1640,Omar Farooq,2026-01-14,Shampoo,Beauty,3,3095.9,9287.7,Quetta,JazzCash
ORD06499,CUST1276,Maham Raza,2025-06-11,Cricket Bat,Sports,6,5321.24,31927.44,Gujranwala,Bank Transfer
ORD06500,CUST0257,Maryam Ahmed,2025-04-30,Rice,Grocery,2,317.66,635.32,Multan,Cash
ORD06501,CUST0804,Sara Khan,2026-07-25,Cooking Oil,Grocery,6,1167.04,7002.24,Islamabad,Debit Card
ORD06502,CUST1757,Abdullah Raza,2025-12-14,Face Wash,Beauty,2,810.83,1621.66,Faisalabad,Debit Card
ORD06503,CUST1875,Usman Malik,2025-03-13,Hoodie,Clothing,8,6216.04,49728.32,Rawalpindi,Debit Card
ORD06504,CUST1433,Fatima Ahmed,2025-02-27,Yoga Mat,Sports,2,2078.76,4157.52,Gujranwala,Credit Card
ORD06505,CUST1739,Fatima Ahmed,2025-08-07,Coffee Maker,Home & Kitchen,8,10658.13,85265.04,Rawalpindi,Bank Transfer
ORD06506,CUST2456,Danish Ahmed,2025-01-01,T-Shirt,Clothing,3,2835.75,8507.25,Islamabad,EasyPaisa
ORD06507,CUST1202,Bilal Ahmed,2026-07-26,Cereal,Grocery,8,986.89,7895.12,Quetta,JazzCash
ORD06508,CUST0561,Ahmed Raza,2026-03-27,Blender,Home & Kitchen,7,9088.38,63618.66,Sialkot,JazzCash
ORD06509,CUST2429,Hamza Shah,2026-01-20,Cricket Ball,Sports,7,572.26,4005.82,Islamabad,Bank Transfer
ORD06510,CUST1351,Abdullah Raza,2026-06-15,Shampoo,Beauty,7,3400.84,23805.88,Faisalabad,Debit Card
ORD06511,CUST0407,Usman Malik,2025-07-30,Headphones,Electronics,4,10354.95,41419.8,Karachi,Debit Card
ORD06512,CUST0117,Hassan Ali,2025-11-16,Cereal,Grocery,6,1178.26,7069.56,Peshawar,Bank Transfer
ORD06513,CUST1006,Sara Khan,2025-01-11,T-Shirt,Clothing,7,3168.01,22176.07,Rawalpindi,Credit Card
ORD06514,CUST0593,Danish Ahmed,2025-06-25,Jacket,Clothing,6,14355.85,86135.1,Karachi,JazzCash
ORD06515,CUST0985,Danish Ahmed,2026-03-27,Coffee Maker,Home & Kitchen,1,9145.29,9145.29,Gujranwala,JazzCash
ORD06516,CUST1110,Sana Malik,2025-11-26,Keyboard,Electronics,5,8536.67,42683.35,Rawalpindi,Cash
ORD06517,CUST2002,Talha Malik,2026-04-07,Headphones,Electronics,6,20257.62,121545.72,Faisalabad,Cash
ORD06518,CUST2054,Omar Farooq,2025-04-13,Cricket Ball,Sports,6,2297.4,13784.4,Karachi,JazzCash
ORD06519,CUST0993,Sara Khan,2025-08-16,Jeans,Clothing,6,7425.49,44552.94,Rawalpindi,Cash
ORD06520,CUST1556,Hira Shah,2026-06-02,Coffee Maker,Home & Kitchen,8,23895.72,191165.76,Lahore,JazzCash
ORD06521,CUST1870,Hira Shah,2025-01-24,Smartphone,Electronics,6,153229.99,919379.94,Peshawar,JazzCash
ORD06522,CUST2112,Maham Raza,2025-01-20,Headphones,Electronics,6,18328.42,109970.52,Islamabad,JazzCash
ORD06523,CUST1418,Omar Farooq,2026-01-17,Laptop,Electronics,7,145755.01,1020285.07,Islamabad,JazzCash
ORD06524,CUST0263,Hassan Ali,2025-09-23,Coffee Maker,Home & Kitchen,2,13236.29,26472.58,Faisalabad,Cash
ORD06525,CUST1162,Saad Khan,2026-06-17,Cricket Ball,Sports,7,890.99,6236.93,Rawalpindi,Debit Card
ORD06526,CUST2262,Bilal Ahmed,2025-03-10,Lipstick,Beauty,1,675.29,675.29,Lahore,EasyPaisa
ORD06527,CUST2259,Hamza Shah,2026-06-28,Rice,Grocery,4,463.11,1852.44,Sialkot,Credit Card
ORD06528,CUST0333,Abdullah Raza,2026-05-04,Yoga Mat,Sports,3,4157.02,12471.06,Karachi,EasyPaisa
ORD06529,CUST2189,Talha Malik,2026-09-18,Skin Cream,Beauty,2,4169.18,8338.36,Sialkot,Credit Card
ORD06530,CUST0304,Maryam Ahmed,2026-06-22,Headphones,Electronics,2,11642.98,23285.96,Multan,JazzCash
ORD06531,CUST1766,Maryam Ahmed,2026-06-17,Cereal,Grocery,1,408.76,408.76,Multan,Bank Transfer
ORD06532,CUST0355,Zainab Ali,2026-09-04,Jeans,Clothing,5,5174.73,25873.65,Islamabad,Bank Transfer
ORD06533,CUST1788,Zainab Ali,2026-02-18,Skin Cream,Beauty,2,1666.84,3333.68,Karachi,JazzCash
ORD06534,CUST1888,Sana Malik,2026-09-22,Cooking Oil,Grocery,2,577.7,1155.4,Sialkot,Credit Card
ORD06535,CUST0747,Maham Raza,2026-03-13,Smartphone,Electronics,8,75554.19,604433.52,Multan,EasyPaisa
ORD06536,CUST0381,Saad Khan,2025-03-06,Shoes,Clothing,6,12307.61,73845.66,Islamabad,Debit Card
ORD06537,CUST1571,Omar Farooq,2025-04-23,Sugar,Grocery,6,306.51,1839.06,Sialkot,Cash
ORD06538,CUST2191,Omar Farooq,2025-09-15,Cooking Oil,Grocery,6,968.8,5812.8,Peshawar,Credit Card
ORD06539,CUST0498,Ayesha Khan,2025-10-22,Perfume,Beauty,4,17697.84,70791.36,Multan,Cash
ORD06540,CUST1275,Abdullah Raza,2026-04-30,Jeans,Clothing,1,4341.13,4341.13,Peshawar,Bank Transfer
ORD06541,CUST1753,Zainab Ali,2025-10-30,Lipstick,Beauty,5,1640.17,8200.85,Faisalabad,Bank Transfer
ORD06542,CUST2285,Hassan Ali,2025-08-11,Dinner Set,Home & Kitchen,8,6278.56,50228.48,Karachi,Credit Card
ORD06543,CUST1145,Ahmed Raza,2026-04-28,Air Fryer,Home & Kitchen,8,23732.38,189859.04,Multan,Cash
ORD06544,CUST1554,Maham Raza,2025-11-14,T-Shirt,Clothing,4,2493.68,9974.72,Lahore,EasyPaisa
ORD06545,CUST2305,Sara Khan,2026-09-27,Running Shoes,Sports,7,10787.55,75512.85,Rawalpindi,EasyPaisa
ORD06546,CUST0936,Sana Malik,2025-03-22,Tea,Grocery,8,563.84,4510.72,Karachi,Credit Card
ORD06547,CUST0358,Ali Khan,2025-09-27,Vacuum Cleaner,Home & Kitchen,4,25725.95,102903.8,Peshawar,Debit Card
ORD06548,CUST1567,Maham Raza,2026-03-08,Cooking Oil,Grocery,8,1110.88,8887.04,Peshawar,Credit Card
ORD06549,CUST0968,Danish Ahmed,2025-02-20,Football,Sports,8,7198.54,57588.32,Rawalpindi,Credit Card
ORD06550,CUST1049,Sana Malik,2026-04-11,Sugar,Grocery,8,363.74,2909.92,Karachi,Cash
ORD06551,CUST0459,Saad Khan,2025-05-05,Yoga Mat,Sports,8,2259.63,18077.04,Islamabad,Bank Transfer
ORD06552,CUST1006,Zainab Ali,2025-02-06,Laptop,Electronics,5,109210.44,546052.2,Gujranwala,Credit Card
ORD06553,CUST0554,Ahmed Raza,2025-07-22,Cereal,Grocery,8,1152.59,9220.72,Rawalpindi,Cash
ORD06554,CUST1785,Maham Raza,2025-10-16,Football,Sports,7,4341.43,30390.01,Karachi,EasyPaisa
ORD06555,CUST2155,Huzaifa Ali,2026-04-24,Coffee Maker,Home & Kitchen,8,18701.82,149614.56,Gujranwala,Debit Card
ORD06556,CUST1457,Maryam Ahmed,2026-09-27,Dinner Set,Home & Kitchen,8,14011.61,112092.88,Sialkot,JazzCash
ORD06557,CUST2465,Sana Malik,2026-04-15,Laptop,Electronics,2,122609.12,245218.24,Peshawar,Cash
ORD06558,CUST0725,Ayesha Khan,2026-08-27,Yoga Mat,Sports,7,1270.8,8895.6,Sialkot,Debit Card
ORD06559,CUST2021,Saad Khan,2025-05-17,Laptop,Electronics,4,167003.64,668014.56,Peshawar,JazzCash
ORD06560,CUST0073,Ali Khan,2025-05-30,Lipstick,Beauty,5,2396.99,11984.95,Rawalpindi,Credit Card
ORD06561,CUST1298,Bilal Ahmed,2025-02-20,Tea,Grocery,4,354.42,1417.68,Faisalabad,Cash
ORD06562,CUST1668,Maham Raza,2026-03-30,Tablet,Electronics,1,95490.61,95490.61,Karachi,Credit Card
ORD06563,CUST1531,Talha Malik,2026-09-07,Jacket,Clothing,5,6488.94,32444.7,Peshawar,Cash
ORD06564,CUST2212,Fatima Ahmed,2025-02-01,Hoodie,Clothing,2,5631.86,11263.72,Sialkot,Credit Card
ORD06565,CUST0844,Saad Khan,2025-11-21,Yoga Mat,Sports,5,3389.27,16946.35,Peshawar,EasyPaisa
ORD06566,CUST2011,Hira Shah,2026-02-26,Sugar,Grocery,8,167.46,1339.68,Islamabad,Cash
ORD06567,CUST0280,Fatima Ahmed,2026-02-18,Cricket Bat,Sports,6,10375.97,62255.82,Rawalpindi,Cash
ORD06568,CUST2288,Abdullah Raza,2025-11-08,Vacuum Cleaner,Home & Kitchen,4,23882.02,95528.08,Sialkot,Bank Transfer
ORD06569,CUST0207,Ahmed Raza,2025-07-02,Microwave,Home & Kitchen,2,49355.53,98711.06,Gujranwala,Debit Card
ORD06570,CUST1146,Hamza Shah,2025-06-29,Perfume,Beauty,1,7956.72,7956.72,Quetta,Cash
ORD06571,CUST2011,Ayesha Khan,2025-09-07,Shoes,Clothing,3,18760.62,56281.86,Rawalpindi,Cash
ORD06572,CUST0257,Sana Malik,2025-11-15,Jacket,Clothing,3,15441.5,46324.5,Quetta,Cash
ORD06573,CUST0307,Talha Malik,2025-06-16,Skin Cream,Beauty,7,4564.0,31948.0,Quetta,EasyPaisa
ORD06574,CUST0144,Hamza Shah,2025-04-11,Cricket Ball,Sports,3,1955.15,5865.45,Quetta,Credit Card
ORD06575,CUST1396,Usman Malik,2025-03-24,Tea,Grocery,3,787.78,2363.34,Quetta,Debit Card
ORD06576,CUST0329,Ayesha Khan,2025-08-30,Keyboard,Electronics,7,11298.32,79088.24,Islamabad,Debit Card
ORD06577,CUST1596,Usman Malik,2026-08-24,Football,Sports,5,5805.84,29029.2,Sialkot,JazzCash
ORD06578,CUST0704,Talha Malik,2026-02-06,Cricket Ball,Sports,7,684.13,4788.91,Karachi,Debit Card
ORD06579,CUST2177,Sara Khan,2025-11-21,Coffee Maker,Home & Kitchen,7,8184.84,57293.88,Gujranwala,JazzCash
ORD06580,CUST1895,Hamza Shah,2026-04-05,Jeans,Clothing,6,5371.05,32226.3,Quetta,Cash
ORD06581,CUST0354,Talha Malik,2026-09-12,T-Shirt,Clothing,4,3385.84,13543.36,Peshawar,Bank Transfer
ORD06582,CUST0006,Bilal Ahmed,2025-01-12,Running Shoes,Sports,8,4021.86,32174.88,Islamabad,Bank Transfer
ORD06583,CUST1254,Zainab Ali,2025-10-11,Biscuits,Grocery,3,265.45,796.35,Islamabad,JazzCash
ORD06584,CUST0899,Danish Ahmed,2025-01-11,Shampoo,Beauty,1,3352.1,3352.1,Gujranwala,JazzCash
ORD06585,CUST1395,Abdullah Raza,2026-03-10,Perfume,Beauty,5,9850.78,49253.9,Faisalabad,Bank Transfer
ORD06586,CUST1246,Danish Ahmed,2026-07-10,Perfume,Beauty,7,14027.03,98189.21,Gujranwala,JazzCash
ORD06587,CUST0032,Omar Farooq,2025-07-02,Cricket Ball,Sports,4,1704.44,6817.76,Sialkot,Credit Card
ORD06588,CUST1929,Ali Khan,2026-05-29,Shoes,Clothing,7,15163.98,106147.86,Rawalpindi,JazzCash
ORD06589,CUST1508,Sana Malik,2026-06-29,Air Fryer,Home & Kitchen,8,34312.46,274499.68,Multan,JazzCash
ORD06590,CUST2376,Bilal Ahmed,2025-01-05,Running Shoes,Sports,4,22623.32,90493.28,Faisalabad,Bank Transfer
ORD06591,CUST0529,Bilal Ahmed,2025-08-16,Tea,Grocery,2,484.61,969.22,Islamabad,Debit Card
ORD06592,CUST0671,Sara Khan,2025-05-22,Tea,Grocery,2,317.15,634.3,Peshawar,Debit Card
ORD06593,CUST1152,Zainab Ali,2026-08-09,Jacket,Clothing,1,14232.89,14232.89,Multan,Bank Transfer
ORD06594,CUST0618,Sara Khan,2026-08-07,Running Shoes,Sports,5,8880.7,44403.5,Peshawar,Credit Card
ORD06595,CUST0826,Huzaifa Ali,2025-01-03,Jacket,Clothing,7,10878.37,76148.59,Islamabad,Bank Transfer
ORD06596,CUST0201,Bilal Ahmed,2025-03-04,Perfume,Beauty,2,10922.5,21845.0,Faisalabad,Debit Card
ORD06597,CUST0464,Maryam Ahmed,2025-10-07,Skin Cream,Beauty,7,3611.0,25277.0,Sialkot,Credit Card
ORD06598,CUST1002,Ayesha Khan,2026-09-10,Skin Cream,Beauty,8,4303.14,34425.12,Sialkot,Credit Card
ORD06599,CUST1828,Sara Khan,2026-06-24,Hoodie,Clothing,4,3967.69,15870.76,Gujranwala,EasyPaisa
ORD06600,CUST2380,Saad Khan,2026-06-19,Hoodie,Clothing,7,7897.91,55285.37,Islamabad,Debit Card
ORD06601,CUST1777,Huzaifa Ali,2026-07-25,Perfume,Beauty,4,19292.86,77171.44,Karachi,JazzCash
ORD06602,CUST0153,Talha Malik,2025-12-07,Microwave,Home & Kitchen,4,41768.89,167075.56,Sialkot,Bank Transfer
ORD06603,CUST1475,Bilal Ahmed,2025-08-27,Yoga Mat,Sports,8,2178.13,17425.04,Karachi,EasyPaisa
ORD06604,CUST1655,Ali Khan,2026-09-04,Skin Cream,Beauty,5,807.78,4038.9,Rawalpindi,Credit Card
ORD06605,CUST2217,Hira Shah,2025-02-28,Microwave,Home & Kitchen,6,37016.17,222097.02,Quetta,Credit Card
ORD06606,CUST2190,Usman Malik,2025-07-09,Cricket Bat,Sports,7,11983.16,83882.12,Lahore,JazzCash
ORD06607,CUST1693,Maryam Ahmed,2026-07-06,Sugar,Grocery,8,264.23,2113.84,Rawalpindi,Bank Transfer
ORD06608,CUST0186,Maham Raza,2026-09-16,Lipstick,Beauty,2,763.33,1526.66,Sialkot,JazzCash
ORD06609,CUST0136,Maham Raza,2025-08-11,Coffee Maker,Home & Kitchen,4,18531.68,74126.72,Rawalpindi,Bank Transfer
ORD06610,CUST1050,Bilal Ahmed,2025-06-11,Tea,Grocery,7,338.61,2370.27,Peshawar,Cash
ORD06611,CUST2278,Talha Malik,2025-10-14,Keyboard,Electronics,3,3971.54,11914.62,Quetta,Credit Card
ORD06612,CUST0455,Danish Ahmed,2026-09-13,Tea,Grocery,5,397.81,1989.05,Gujranwala,JazzCash
ORD06613,CUST1640,Ayesha Khan,2025-01-22,Rice,Grocery,5,366.31,1831.55,Multan,JazzCash
ORD06614,CUST2256,Maham Raza,2026-09-06,Jacket,Clothing,4,10539.49,42157.96,Quetta,Credit Card
ORD06615,CUST0047,Maryam Ahmed,2025-02-05,Cereal,Grocery,6,1169.59,7017.54,Islamabad,EasyPaisa
ORD06616,CUST0034,Ali Khan,2026-06-22,Cricket Ball,Sports,6,2186.98,13121.88,Sialkot,EasyPaisa
ORD06617,CUST1283,Ali Khan,2025-10-02,Skin Cream,Beauty,3,2543.56,7630.68,Multan,Cash
ORD06618,CUST1413,Danish Ahmed,2025-08-17,Dinner Set,Home & Kitchen,8,4459.25,35674.0,Quetta,Debit Card
ORD06619,CUST1564,Sana Malik,2025-08-29,Microwave,Home & Kitchen,6,44763.01,268578.06,Sialkot,EasyPaisa
ORD06620,CUST2351,Danish Ahmed,2026-05-27,Rice,Grocery,8,643.7,5149.6,Quetta,JazzCash
ORD06621,CUST1552,Usman Malik,2025-11-11,Jeans,Clothing,7,3544.57,24811.99,Multan,Credit Card
ORD06622,CUST0557,Maryam Ahmed,2025-01-12,T-Shirt,Clothing,8,1239.82,9918.56,Multan,Bank Transfer
ORD06623,CUST1927,Sara Khan,2026-09-19,Mouse,Electronics,7,6897.11,48279.77,Sialkot,Credit Card
ORD06624,CUST1468,Ayesha Khan,2025-09-16,Perfume,Beauty,2,18199.59,36399.18,Gujranwala,JazzCash
ORD06625,CUST2113,Usman Malik,2026-03-22,Yoga Mat,Sports,2,4387.46,8774.92,Islamabad,Cash
ORD06626,CUST1649,Danish Ahmed,2025-01-26,Tea,Grocery,1,1085.12,1085.12,Sialkot,Bank Transfer
ORD06627,CUST0898,Abdullah Raza,2026-08-06,Tablet,Electronics,6,56594.81,339568.86,Islamabad,Credit Card
ORD06628,CUST0749,Omar Farooq,2025-12-13,Air Fryer,Home & Kitchen,7,19332.83,135329.81,Islamabad,Credit Card
ORD06629,CUST0344,Omar Farooq,2025-10-14,Tablet,Electronics,5,94306.72,471533.6,Sialkot,EasyPaisa
ORD06630,CUST2311,Danish Ahmed,2026-02-16,Shampoo,Beauty,8,2502.27,20018.16,Rawalpindi,Credit Card
ORD06631,CUST2392,Zainab Ali,2026-03-21,Smartphone,Electronics,6,110502.98,663017.88,Sialkot,Cash
ORD06632,CUST1513,Usman Malik,2026-09-05,Rice,Grocery,7,442.07,3094.49,Lahore,JazzCash
ORD06633,CUST2126,Talha Malik,2025-05-24,Shoes,Clothing,2,22875.9,45751.8,Faisalabad,Cash
ORD06634,CUST0782,Ali Khan,2026-04-10,Yoga Mat,Sports,2,4240.64,8481.28,Peshawar,EasyPaisa
ORD06635,CUST1129,Zainab Ali,2025-03-12,Face Wash,Beauty,3,2582.05,7746.15,Islamabad,EasyPaisa
ORD06636,CUST2070,Abdullah Raza,2025-05-19,Biscuits,Grocery,7,195.75,1370.25,Rawalpindi,Cash
ORD06637,CUST0592,Usman Malik,2026-01-05,Cricket Bat,Sports,1,15154.9,15154.9,Gujranwala,Debit Card
ORD06638,CUST0778,Hamza Shah,2026-07-28,Tablet,Electronics,1,58332.49,58332.49,Sialkot,Cash
ORD06639,CUST2324,Sara Khan,2026-06-25,Shoes,Clothing,6,4174.27,25045.62,Multan,Debit Card
ORD06640,CUST0064,Danish Ahmed,2025-10-06,Skin Cream,Beauty,5,992.24,4961.2,Rawalpindi,EasyPaisa
ORD06641,CUST0765,Talha Malik,2025-03-13,Tea,Grocery,8,1191.05,9528.4,Lahore,Bank Transfer
ORD06642,CUST1934,Ahmed Raza,2026-06-27,Air Fryer,Home & Kitchen,5,23738.01,118690.05,Multan,JazzCash
ORD06643,CUST1608,Ali Khan,2026-01-16,Cooking Oil,Grocery,1,725.04,725.04,Sialkot,Bank Transfer
ORD06644,CUST0044,Hamza Shah,2026-01-05,Air Fryer,Home & Kitchen,2,26401.37,52802.74,Islamabad,Bank Transfer
ORD06645,CUST1617,Maham Raza,2026-03-04,Cricket Bat,Sports,1,23173.38,23173.38,Peshawar,JazzCash
ORD06646,CUST1430,Danish Ahmed,2025-01-30,Mouse,Electronics,6,7894.37,47366.22,Lahore,EasyPaisa
ORD06647,CUST1351,Talha Malik,2026-03-15,Vacuum Cleaner,Home & Kitchen,8,31767.56,254140.48,Gujranwala,EasyPaisa
ORD06648,CUST0395,Danish Ahmed,2026-08-21,Shoes,Clothing,4,15604.55,62418.2,Faisalabad,JazzCash
ORD06649,CUST1334,Bilal Ahmed,2025-07-15,Microwave,Home & Kitchen,1,32773.41,32773.41,Karachi,Bank Transfer
ORD06650,CUST0511,Ali Khan,2026-08-30,Lipstick,Beauty,1,3328.1,3328.1,Islamabad,JazzCash
ORD06651,CUST1029,Ayesha Khan,2025-07-11,Tea,Grocery,5,747.38,3736.9,Islamabad,Cash
ORD06652,CUST1790,Sara Khan,2025-05-14,Laptop,Electronics,1,216413.32,216413.32,Islamabad,Credit Card
ORD06653,CUST1022,Ali Khan,2025-08-13,Sugar,Grocery,2,198.04,396.08,Sialkot,EasyPaisa
ORD06654,CUST1024,Talha Malik,2025-06-16,T-Shirt,Clothing,6,4987.46,29924.76,Gujranwala,Cash
ORD06655,CUST2110,Maryam Ahmed,2025-07-05,Jacket,Clothing,4,9402.28,37609.12,Faisalabad,Bank Transfer
ORD06656,CUST1609,Sara Khan,2026-07-20,Jacket,Clothing,7,9835.84,68850.88,Gujranwala,Cash
ORD06657,CUST0204,Maham Raza,2025-02-02,Cricket Ball,Sports,1,2340.33,2340.33,Gujranwala,EasyPaisa
ORD06658,CUST0475,Zainab Ali,2026-07-12,Cricket Ball,Sports,4,2341.49,9365.96,Quetta,Debit Card
ORD06659,CUST2227,Zainab Ali,2025-08-15,Laptop,Electronics,5,223583.25,1117916.25,Quetta,EasyPaisa
ORD06660,CUST1122,Danish Ahmed,2026-04-10,Smart Watch,Electronics,8,30428.22,243425.76,Karachi,Debit Card
ORD06661,CUST0468,Sana Malik,2025-12-22,Skin Cream,Beauty,2,4446.69,8893.38,Faisalabad,JazzCash
ORD06662,CUST0453,Maryam Ahmed,2025-09-16,Rice,Grocery,6,738.73,4432.38,Karachi,Cash
ORD06663,CUST0580,Hira Shah,2026-03-01,Mouse,Electronics,6,6816.05,40896.3,Peshawar,JazzCash
ORD06664,CUST0963,Hira Shah,2025-12-07,Skin Cream,Beauty,6,2256.75,13540.5,Rawalpindi,JazzCash
ORD06665,CUST2456,Ahmed Raza,2026-09-26,Sugar,Grocery,6,258.39,1550.34,Islamabad,Bank Transfer
ORD06666,CUST2299,Hamza Shah,2025-08-27,Jacket,Clothing,3,7942.02,23826.06,Peshawar,Credit Card
ORD06667,CUST1269,Danish Ahmed,2026-06-07,Shoes,Clothing,5,12438.9,62194.5,Karachi,EasyPaisa
ORD06668,CUST2248,Saad Khan,2025-06-14,Running Shoes,Sports,7,6030.57,42213.99,Rawalpindi,JazzCash
ORD06669,CUST0847,Omar Farooq,2026-01-19,Jacket,Clothing,1,11524.95,11524.95,Karachi,Bank Transfer
ORD06670,CUST1416,Sara Khan,2025-07-21,Blender,Home & Kitchen,2,13189.33,26378.66,Karachi,Cash
ORD06671,CUST0769,Sana Malik,2026-05-02,Rice,Grocery,5,340.12,1700.6,Faisalabad,JazzCash
ORD06672,CUST0452,Talha Malik,2025-08-21,Face Wash,Beauty,3,1614.04,4842.12,Peshawar,Cash
ORD06673,CUST2140,Huzaifa Ali,2025-12-21,Lipstick,Beauty,3,2451.48,7354.44,Multan,Bank Transfer
ORD06674,CUST1287,Talha Malik,2025-08-09,Shampoo,Beauty,2,2518.43,5036.86,Faisalabad,Cash
ORD06675,CUST1850,Omar Farooq,2025-01-29,Lipstick,Beauty,5,1576.06,7880.3,Sialkot,JazzCash
ORD06676,CUST1423,Sara Khan,2026-05-14,Hoodie,Clothing,2,7213.46,14426.92,Multan,JazzCash
ORD06677,CUST0511,Saad Khan,2026-01-30,Biscuits,Grocery,1,192.93,192.93,Rawalpindi,Bank Transfer
ORD06678,CUST2073,Ahmed Raza,2025-03-30,Air Fryer,Home & Kitchen,2,15434.64,30869.28,Sialkot,Debit Card
ORD06679,CUST0428,Maham Raza,2025-10-24,Air Fryer,Home & Kitchen,3,19204.25,57612.75,Islamabad,EasyPaisa
ORD06680,CUST0274,Sara Khan,2025-01-07,Cooking Oil,Grocery,5,811.28,4056.4,Karachi,Bank Transfer
ORD06681,CUST2486,Hamza Shah,2025-09-15,Rice,Grocery,7,739.91,5179.37,Faisalabad,Debit Card
ORD06682,CUST0735,Ali Khan,2025-12-24,Microwave,Home & Kitchen,8,49978.58,399828.64,Karachi,Debit Card
ORD06683,CUST1555,Sana Malik,2025-04-22,Biscuits,Grocery,7,73.91,517.37,Karachi,Debit Card
ORD06684,CUST1107,Ali Khan,2026-06-15,Cooking Oil,Grocery,7,687.79,4814.53,Sialkot,Cash
ORD06685,CUST0282,Ali Khan,2026-06-03,Jacket,Clothing,8,5003.83,40030.64,Sialkot,Cash
ORD06686,CUST1226,Maham Raza,2025-04-15,Rice,Grocery,8,565.62,4524.96,Karachi,Debit Card
ORD06687,CUST2180,Omar Farooq,2025-12-01,Shampoo,Beauty,6,886.05,5316.3,Gujranwala,JazzCash
ORD06688,CUST2437,Hira Shah,2025-06-29,Shoes,Clothing,8,15078.98,120631.84,Peshawar,Bank Transfer
ORD06689,CUST1054,Ayesha Khan,2026-07-02,Mouse,Electronics,1,7056.39,7056.39,Gujranwala,EasyPaisa
ORD06690,CUST0574,Maryam Ahmed,2026-06-27,Headphones,Electronics,5,25263.86,126319.3,Islamabad,Credit Card
ORD06691,CUST0072,Sana Malik,2026-04-12,Football,Sports,1,6850.67,6850.67,Peshawar,Debit Card
ORD06692,CUST1547,Ali Khan,2025-01-08,Air Fryer,Home & Kitchen,1,12073.75,12073.75,Faisalabad,Debit Card
ORD06693,CUST0343,Saad Khan,2026-06-08,Football,Sports,1,5881.48,5881.48,Quetta,Credit Card
ORD06694,CUST0980,Bilal Ahmed,2026-01-22,T-Shirt,Clothing,8,1308.4,10467.2,Quetta,Credit Card
ORD06695,CUST1328,Ahmed Raza,2026-03-13,Jeans,Clothing,4,7584.09,30336.36,Faisalabad,Credit Card
ORD06696,CUST0197,Fatima Ahmed,2026-08-23,Shoes,Clothing,6,22593.32,135559.92,Quetta,Credit Card
ORD06697,CUST1714,Maham Raza,2025-06-18,Microwave,Home & Kitchen,3,28475.88,85427.64,Faisalabad,EasyPaisa
ORD06698,CUST2308,Maryam Ahmed,2025-08-03,T-Shirt,Clothing,6,4868.26,29209.56,Rawalpindi,Debit Card
ORD06699,CUST2407,Sara Khan,2026-09-22,Blender,Home & Kitchen,6,7531.6,45189.6,Faisalabad,Credit Card
ORD06700,CUST2499,Huzaifa Ali,2025-01-27,Rice,Grocery,1,598.4,598.4,Sialkot,Bank Transfer
ORD06701,CUST0368,Fatima Ahmed,2025-11-18,Cooking Oil,Grocery,1,967.05,967.05,Rawalpindi,Cash
ORD06702,CUST0365,Omar Farooq,2026-09-15,Tea,Grocery,2,382.02,764.04,Peshawar,Debit Card
ORD06703,CUST1182,Hassan Ali,2026-01-05,Tea,Grocery,3,945.47,2836.41,Peshawar,Cash
ORD06704,CUST0776,Saad Khan,2025-06-21,Headphones,Electronics,3,5997.06,17991.18,Faisalabad,Credit Card
ORD06705,CUST2445,Zainab Ali,2026-07-05,Coffee Maker,Home & Kitchen,4,21011.98,84047.92,Sialkot,Debit Card
ORD06706,CUST0262,Talha Malik,2025-11-30,Dinner Set,Home & Kitchen,3,13043.72,39131.16,Faisalabad,JazzCash
ORD06707,CUST1456,Hira Shah,2026-04-15,Microwave,Home & Kitchen,8,37087.58,296700.64,Multan,Debit Card
ORD06708,CUST0827,Huzaifa Ali,2026-03-23,Smartphone,Electronics,6,104811.57,628869.42,Rawalpindi,JazzCash
ORD06709,CUST0861,Usman Malik,2025-03-01,Sugar,Grocery,8,255.86,2046.88,Lahore,Cash
ORD06710,CUST2113,Talha Malik,2025-08-18,Jeans,Clothing,4,6578.15,26312.6,Multan,Credit Card
ORD06711,CUST2095,Omar Farooq,2025-10-22,Cricket Ball,Sports,5,857.11,4285.55,Multan,Debit Card
ORD06712,CUST2310,Saad Khan,2025-10-23,Cricket Ball,Sports,8,2009.05,16072.4,Gujranwala,Bank Transfer
ORD06713,CUST0521,Maham Raza,2026-07-30,Cricket Bat,Sports,4,16605.5,66422.0,Islamabad,Debit Card
ORD06714,CUST1020,Zainab Ali,2025-12-16,Microwave,Home & Kitchen,4,19149.37,76597.48,Islamabad,Cash
ORD06715,CUST1721,Ali Khan,2026-01-24,Blender,Home & Kitchen,5,11372.43,56862.15,Peshawar,EasyPaisa
ORD06716,CUST1927,Hamza Shah,2025-09-19,Yoga Mat,Sports,3,4201.6,12604.8,Multan,JazzCash
ORD06717,CUST0191,Usman Malik,2026-07-13,Coffee Maker,Home & Kitchen,1,27503.66,27503.66,Lahore,Credit Card
ORD06718,CUST0859,Abdullah Raza,2025-05-24,Smartphone,Electronics,2,52824.15,105648.3,Multan,Debit Card
ORD06719,CUST2098,Ayesha Khan,2026-09-03,Smartphone,Electronics,7,39962.88,279740.16,Islamabad,Credit Card
ORD06720,CUST1073,Bilal Ahmed,2025-04-12,Hoodie,Clothing,5,5163.17,25815.85,Islamabad,JazzCash
ORD06721,CUST1209,Fatima Ahmed,2025-04-27,Jeans,Clothing,3,5180.99,15542.97,Multan,Credit Card
ORD06722,CUST1319,Hamza Shah,2025-10-01,Rice,Grocery,1,434.84,434.84,Sialkot,JazzCash
ORD06723,CUST2049,Ahmed Raza,2026-07-18,Biscuits,Grocery,8,265.47,2123.76,Karachi,Bank Transfer
ORD06724,CUST0732,Sara Khan,2025-08-02,Keyboard,Electronics,2,5206.0,10412.0,Gujranwala,Debit Card
ORD06725,CUST1384,Maham Raza,2025-07-14,Jeans,Clothing,7,8391.4,58739.8,Faisalabad,JazzCash
ORD06726,CUST0772,Usman Malik,2026-07-31,Perfume,Beauty,7,6133.41,42933.87,Lahore,Debit Card
ORD06727,CUST0821,Huzaifa Ali,2025-06-30,Rice,Grocery,4,562.16,2248.64,Karachi,Debit Card
ORD06728,CUST1923,Sara Khan,2026-07-27,Air Fryer,Home & Kitchen,8,19786.57,158292.56,Islamabad,Bank Transfer
ORD06729,CUST1760,Sana Malik,2025-12-04,Rice,Grocery,4,733.71,2934.84,Lahore,Bank Transfer
ORD06730,CUST2487,Usman Malik,2026-06-06,Face Wash,Beauty,7,536.36,3754.52,Sialkot,Bank Transfer
ORD06731,CUST2331,Hira Shah,2026-05-23,Blender,Home & Kitchen,7,11262.14,78834.98,Sialkot,EasyPaisa
ORD06732,CUST0506,Abdullah Raza,2026-08-07,Skin Cream,Beauty,2,1634.5,3269.0,Faisalabad,EasyPaisa
ORD06733,CUST0961,Usman Malik,2025-06-27,Running Shoes,Sports,2,9730.33,19460.66,Sialkot,Bank Transfer
ORD06734,CUST1484,Zainab Ali,2025-04-04,Football,Sports,5,1734.76,8673.8,Karachi,JazzCash
ORD06735,CUST0864,Zainab Ali,2026-04-09,Dinner Set,Home & Kitchen,4,16168.43,64673.72,Rawalpindi,Credit Card
ORD06736,CUST1780,Saad Khan,2026-02-23,Shoes,Clothing,7,3753.73,26276.11,Peshawar,EasyPaisa
ORD06737,CUST0286,Usman Malik,2025-08-06,Dinner Set,Home & Kitchen,5,17333.28,86666.4,Peshawar,Credit Card
ORD06738,CUST0346,Sana Malik,2025-12-30,Laptop,Electronics,7,198230.35,1387612.45,Sialkot,Debit Card
ORD06739,CUST1189,Omar Farooq,2026-01-08,Cooking Oil,Grocery,7,1287.06,9009.42,Karachi,Cash
ORD06740,CUST0840,Ahmed Raza,2025-02-16,Air Fryer,Home & Kitchen,2,22095.79,44191.58,Islamabad,JazzCash
ORD06741,CUST1569,Danish Ahmed,2026-07-16,Dinner Set,Home & Kitchen,6,10629.61,63777.66,Quetta,EasyPaisa
ORD06742,CUST1048,Hassan Ali,2025-07-28,Jacket,Clothing,5,16147.09,80735.45,Rawalpindi,Cash
ORD06743,CUST0416,Hassan Ali,2025-06-21,Dinner Set,Home & Kitchen,6,8424.61,50547.66,Multan,Bank Transfer
ORD06744,CUST2098,Hamza Shah,2025-01-06,Lipstick,Beauty,3,658.81,1976.43,Gujranwala,Cash
ORD06745,CUST0509,Sana Malik,2025-11-21,Cricket Ball,Sports,2,595.5,1191.0,Karachi,Debit Card
ORD06746,CUST0325,Ayesha Khan,2025-01-15,Tablet,Electronics,6,98755.8,592534.8,Faisalabad,JazzCash
ORD06747,CUST1699,Fatima Ahmed,2025-08-13,Cricket Ball,Sports,7,1930.36,13512.52,Karachi,Credit Card
ORD06748,CUST1094,Ayesha Khan,2025-11-24,Shoes,Clothing,3,9670.57,29011.71,Sialkot,Bank Transfer
ORD06749,CUST1185,Bilal Ahmed,2025-01-14,Jacket,Clothing,7,8768.01,61376.07,Faisalabad,Cash
ORD06750,CUST1505,Ayesha Khan,2025-05-22,Perfume,Beauty,5,10437.12,52185.6,Sialkot,Bank Transfer
ORD06751,CUST1853,Sara Khan,2025-07-10,Running Shoes,Sports,6,15086.37,90518.22,Gujranwala,Credit Card
ORD06752,CUST0625,Sana Malik,2025-06-19,Smart Watch,Electronics,2,8915.88,17831.76,Peshawar,JazzCash
ORD06753,CUST2000,Ali Khan,2026-09-12,Tablet,Electronics,1,108372.19,108372.19,Islamabad,Cash
ORD06754,CUST1784,Ayesha Khan,2026-09-14,Lipstick,Beauty,1,2554.22,2554.22,Multan,Cash
ORD06755,CUST1400,Omar Farooq,2026-04-26,Cricket Ball,Sports,2,1745.5,3491.0,Rawalpindi,Cash
ORD06756,CUST0980,Talha Malik,2025-07-28,Rice,Grocery,6,324.4,1946.4,Sialkot,JazzCash
ORD06757,CUST1916,Talha Malik,2025-08-30,Smart Watch,Electronics,5,20571.05,102855.25,Multan,EasyPaisa
ORD06758,CUST0354,Talha Malik,2026-04-24,Cooking Oil,Grocery,4,1268.64,5074.56,Islamabad,Cash
ORD06759,CUST0102,Ali Khan,2025-08-21,Football,Sports,4,3601.65,14406.6,Rawalpindi,Credit Card
ORD06760,CUST1823,Fatima Ahmed,2025-10-06,Coffee Maker,Home & Kitchen,7,20233.83,141636.81,Karachi,Credit Card
ORD06761,CUST2437,Sara Khan,2025-04-04,T-Shirt,Clothing,6,4707.29,28243.74,Gujranwala,Credit Card
ORD06762,CUST0578,Sara Khan,2025-06-11,Shampoo,Beauty,5,3462.08,17310.4,Peshawar,Credit Card
ORD06763,CUST2429,Danish Ahmed,2025-01-19,Tablet,Electronics,4,50263.31,201053.24,Lahore,Credit Card
ORD06764,CUST0312,Maham Raza,2025-09-10,Cricket Ball,Sports,2,1882.84,3765.68,Peshawar,Bank Transfer
ORD06765,CUST2033,Usman Malik,2026-03-19,Microwave,Home & Kitchen,7,45483.72,318386.04,Rawalpindi,JazzCash
ORD06766,CUST0342,Sana Malik,2025-12-03,Coffee Maker,Home & Kitchen,4,27278.36,109113.44,Multan,Credit Card
ORD06767,CUST0571,Zainab Ali,2025-08-06,Hoodie,Clothing,3,8161.5,24484.5,Rawalpindi,Debit Card
ORD06768,CUST2328,Omar Farooq,2026-09-20,Shampoo,Beauty,8,2703.01,21624.08,Faisalabad,EasyPaisa
ORD06769,CUST2252,Ayesha Khan,2025-11-19,Tea,Grocery,8,1176.17,9409.36,Rawalpindi,Debit Card
ORD06770,CUST1588,Sana Malik,2025-01-01,T-Shirt,Clothing,8,3742.3,29938.4,Lahore,JazzCash
ORD06771,CUST1151,Ahmed Raza,2025-11-28,Blender,Home & Kitchen,2,6867.67,13735.34,Islamabad,Debit Card
ORD06772,CUST1369,Ali Khan,2026-04-09,Coffee Maker,Home & Kitchen,1,18569.84,18569.84,Karachi,JazzCash
ORD06773,CUST1104,Abdullah Raza,2025-07-14,Jeans,Clothing,1,5733.42,5733.42,Karachi,Debit Card
ORD06774,CUST1559,Danish Ahmed,2025-05-09,Mouse,Electronics,6,918.91,5513.46,Peshawar,Credit Card
ORD06775,CUST0768,Hira Shah,2025-03-17,Tea,Grocery,3,450.42,1351.26,Faisalabad,Bank Transfer
ORD06776,CUST2088,Talha Malik,2026-03-05,Air Fryer,Home & Kitchen,8,16662.08,133296.64,Sialkot,JazzCash
ORD06777,CUST1583,Danish Ahmed,2025-07-10,Cereal,Grocery,8,736.36,5890.88,Gujranwala,JazzCash
ORD06778,CUST0845,Ayesha Khan,2025-08-27,Cricket Bat,Sports,2,3104.86,6209.72,Islamabad,JazzCash
ORD06779,CUST1853,Ali Khan,2025-04-07,Skin Cream,Beauty,3,3867.59,11602.77,Islamabad,Bank Transfer
ORD06780,CUST2322,Hira Shah,2026-09-10,Cereal,Grocery,2,1347.05,2694.1,Karachi,Debit Card
ORD06781,CUST1263,Maryam Ahmed,2025-05-03,Shampoo,Beauty,6,2406.96,14441.76,Multan,JazzCash
ORD06782,CUST1160,Abdullah Raza,2026-07-12,Headphones,Electronics,4,22822.95,91291.8,Multan,Bank Transfer
ORD06783,CUST0754,Hassan Ali,2026-06-12,Shoes,Clothing,7,3643.48,25504.36,Gujranwala,JazzCash
ORD06784,CUST0347,Ali Khan,2025-11-11,Shampoo,Beauty,2,2661.01,5322.02,Sialkot,JazzCash
ORD06785,CUST0696,Danish Ahmed,2026-09-22,Rice,Grocery,6,619.83,3718.98,Rawalpindi,Credit Card
ORD06786,CUST2454,Ahmed Raza,2026-06-25,Cricket Ball,Sports,8,2406.37,19250.96,Gujranwala,EasyPaisa
ORD06787,CUST0225,Ayesha Khan,2025-07-15,Blender,Home & Kitchen,1,10506.28,10506.28,Faisalabad,Bank Transfer
ORD06788,CUST0754,Ahmed Raza,2025-03-22,Running Shoes,Sports,2,19470.91,38941.82,Islamabad,JazzCash
ORD06789,CUST2164,Maham Raza,2025-08-28,T-Shirt,Clothing,3,4359.39,13078.17,Sialkot,Debit Card
ORD06790,CUST0632,Ahmed Raza,2026-08-30,Football,Sports,3,6012.5,18037.5,Quetta,Credit Card
ORD06791,CUST1523,Huzaifa Ali,2025-09-06,Jeans,Clothing,4,2797.11,11188.44,Islamabad,Credit Card
ORD06792,CUST0433,Hamza Shah,2025-03-11,Hoodie,Clothing,6,6557.07,39342.42,Rawalpindi,Bank Transfer
ORD06793,CUST2217,Maryam Ahmed,2025-09-07,Skin Cream,Beauty,8,2837.63,22701.04,Sialkot,Credit Card
ORD06794,CUST2186,Hassan Ali,2026-03-25,Biscuits,Grocery,7,297.82,2084.74,Rawalpindi,JazzCash
ORD06795,CUST0534,Abdullah Raza,2025-07-06,Keyboard,Electronics,5,7289.28,36446.4,Peshawar,JazzCash
ORD06796,CUST1544,Zainab Ali,2026-06-06,Blender,Home & Kitchen,5,8959.67,44798.35,Quetta,Debit Card
ORD06797,CUST1566,Saad Khan,2025-01-24,T-Shirt,Clothing,3,4613.89,13841.67,Karachi,Debit Card
ORD06798,CUST2072,Maryam Ahmed,2026-08-25,Yoga Mat,Sports,2,4179.82,8359.64,Islamabad,Cash
ORD06799,CUST0042,Ali Khan,2025-08-02,Hoodie,Clothing,2,6354.5,12709.0,Gujranwala,Debit Card
ORD06800,CUST2373,Huzaifa Ali,2025-03-28,Jeans,Clothing,5,6302.58,31512.9,Karachi,Cash
ORD06801,CUST0087,Zainab Ali,2025-07-19,Running Shoes,Sports,4,16408.51,65634.04,Lahore,JazzCash
ORD06802,CUST1159,Ayesha Khan,2025-10-17,Dinner Set,Home & Kitchen,1,19351.65,19351.65,Islamabad,JazzCash
ORD06803,CUST2288,Ali Khan,2026-08-08,Mouse,Electronics,3,6851.53,20554.59,Islamabad,Bank Transfer
ORD06804,CUST1677,Usman Malik,2025-04-25,Shampoo,Beauty,5,3431.74,17158.7,Peshawar,EasyPaisa
ORD06805,CUST2129,Saad Khan,2025-03-01,Shoes,Clothing,5,20796.03,103980.15,Multan,Cash
ORD06806,CUST0426,Omar Farooq,2026-06-03,Running Shoes,Sports,4,8885.52,35542.08,Quetta,Cash
ORD06807,CUST0155,Ayesha Khan,2025-03-20,Cricket Ball,Sports,5,1465.56,7327.8,Quetta,JazzCash
ORD06808,CUST1097,Hamza Shah,2026-09-08,Jeans,Clothing,6,5193.57,31161.42,Multan,Credit Card
ORD06809,CUST1768,Ayesha Khan,2025-03-27,Dinner Set,Home & Kitchen,6,7365.36,44192.16,Multan,JazzCash
ORD06810,CUST1159,Fatima Ahmed,2026-02-26,Perfume,Beauty,2,19882.87,39765.74,Peshawar,JazzCash
ORD06811,CUST0699,Danish Ahmed,2025-07-14,Shampoo,Beauty,2,2937.15,5874.3,Lahore,Cash
ORD06812,CUST2136,Zainab Ali,2025-12-13,Smartphone,Electronics,2,153967.6,307935.2,Karachi,Cash
ORD06813,CUST0385,Sana Malik,2025-02-24,Shampoo,Beauty,2,2124.39,4248.78,Peshawar,Cash
ORD06814,CUST1384,Abdullah Raza,2025-09-13,Jeans,Clothing,6,7478.37,44870.22,Peshawar,EasyPaisa
ORD06815,CUST0198,Huzaifa Ali,2025-10-05,Hoodie,Clothing,2,6941.38,13882.76,Karachi,Credit Card
ORD06816,CUST1635,Talha Malik,2025-03-25,Cricket Bat,Sports,4,10405.13,41620.52,Peshawar,JazzCash
ORD06817,CUST2389,Hassan Ali,2026-07-29,Smartphone,Electronics,7,95213.36,666493.52,Quetta,EasyPaisa
ORD06818,CUST1884,Usman Malik,2026-06-09,Yoga Mat,Sports,8,3779.97,30239.76,Gujranwala,Cash
ORD06819,CUST2043,Maryam Ahmed,2025-11-11,Face Wash,Beauty,4,2609.38,10437.52,Lahore,Debit Card
ORD06820,CUST0953,Ali Khan,2026-05-01,Laptop,Electronics,5,186712.33,933561.65,Gujranwala,Cash
ORD06821,CUST0466,Usman Malik,2025-08-09,Hoodie,Clothing,2,3734.57,7469.14,Faisalabad,EasyPaisa
ORD06822,CUST0959,Ali Khan,2025-11-05,Jacket,Clothing,2,12806.97,25613.94,Faisalabad,Debit Card
ORD06823,CUST1343,Abdullah Raza,2025-05-31,Coffee Maker,Home & Kitchen,5,20042.96,100214.8,Peshawar,Credit Card
ORD06824,CUST0375,Abdullah Raza,2025-01-22,Dinner Set,Home & Kitchen,1,18912.82,18912.82,Quetta,JazzCash
ORD06825,CUST0030,Ahmed Raza,2026-01-04,Skin Cream,Beauty,5,1672.14,8360.7,Faisalabad,Cash
ORD06826,CUST0180,Omar Farooq,2025-07-22,Shampoo,Beauty,2,858.94,1717.88,Lahore,JazzCash
ORD06827,CUST0436,Hira Shah,2026-02-01,Sugar,Grocery,1,167.63,167.63,Peshawar,EasyPaisa
ORD06828,CUST0555,Ali Khan,2026-07-06,Cricket Ball,Sports,5,2209.61,11048.05,Sialkot,EasyPaisa
ORD06829,CUST0433,Huzaifa Ali,2026-06-09,Cooking Oil,Grocery,2,1030.93,2061.86,Peshawar,EasyPaisa
ORD06830,CUST1049,Ahmed Raza,2025-09-18,Biscuits,Grocery,5,84.92,424.6,Multan,Debit Card
ORD06831,CUST1890,Hassan Ali,2026-05-26,Cooking Oil,Grocery,5,1350.64,6753.2,Karachi,Credit Card
ORD06832,CUST0105,Abdullah Raza,2025-06-06,Lipstick,Beauty,7,3487.1,24409.7,Karachi,JazzCash
ORD06833,CUST1955,Hassan Ali,2025-04-23,Keyboard,Electronics,5,11669.82,58349.1,Rawalpindi,Cash
ORD06834,CUST1735,Saad Khan,2026-02-04,Perfume,Beauty,1,3594.38,3594.38,Peshawar,Credit Card
ORD06835,CUST2360,Omar Farooq,2026-07-23,Cooking Oil,Grocery,6,599.87,3599.22,Multan,EasyPaisa
ORD06836,CUST1972,Ahmed Raza,2025-11-09,Vacuum Cleaner,Home & Kitchen,1,47382.63,47382.63,Multan,Bank Transfer
ORD06837,CUST1302,Hira Shah,2026-03-03,Rice,Grocery,3,704.83,2114.49,Multan,JazzCash
ORD06838,CUST1619,Hira Shah,2025-11-20,Cricket Ball,Sports,7,701.68,4911.76,Peshawar,JazzCash
ORD06839,CUST0487,Bilal Ahmed,2025-03-27,Tablet,Electronics,2,65838.57,131677.14,Lahore,JazzCash
ORD06840,CUST2157,Abdullah Raza,2025-12-12,Laptop,Electronics,1,164015.67,164015.67,Rawalpindi,Debit Card
ORD06841,CUST0748,Maham Raza,2026-02-24,Lipstick,Beauty,3,2216.87,6650.61,Multan,Credit Card
ORD06842,CUST0974,Omar Farooq,2025-01-29,Coffee Maker,Home & Kitchen,6,16683.69,100102.14,Multan,EasyPaisa
ORD06843,CUST1712,Usman Malik,2026-06-13,Yoga Mat,Sports,1,4228.06,4228.06,Gujranwala,JazzCash
ORD06844,CUST1036,Omar Farooq,2025-01-11,Yoga Mat,Sports,4,4702.14,18808.56,Faisalabad,Credit Card
ORD06845,CUST1531,Omar Farooq,2026-07-08,Hoodie,Clothing,8,7021.87,56174.96,Islamabad,Cash
ORD06846,CUST2388,Huzaifa Ali,2025-08-13,Football,Sports,4,1919.56,7678.24,Sialkot,Credit Card
ORD06847,CUST1013,Talha Malik,2025-02-18,Smart Watch,Electronics,1,5547.62,5547.62,Peshawar,Debit Card
ORD06848,CUST1246,Ahmed Raza,2025-04-19,Shampoo,Beauty,1,3017.75,3017.75,Multan,JazzCash
ORD06849,CUST2246,Talha Malik,2026-04-06,Vacuum Cleaner,Home & Kitchen,6,15018.21,90109.26,Lahore,Bank Transfer
ORD06850,CUST0231,Bilal Ahmed,2026-09-18,Yoga Mat,Sports,6,1232.21,7393.26,Quetta,Bank Transfer
ORD06851,CUST1618,Danish Ahmed,2025-07-17,Skin Cream,Beauty,7,729.83,5108.81,Karachi,EasyPaisa
ORD06852,CUST1721,Fatima Ahmed,2026-06-19,Perfume,Beauty,4,11535.89,46143.56,Gujranwala,EasyPaisa
ORD06853,CUST1692,Omar Farooq,2025-03-23,Shoes,Clothing,7,5927.8,41494.6,Peshawar,JazzCash
ORD06854,CUST1304,Hassan Ali,2026-04-14,Running Shoes,Sports,8,22594.77,180758.16,Sialkot,JazzCash
ORD06855,CUST0407,Maham Raza,2026-01-29,Yoga Mat,Sports,3,4533.03,13599.09,Faisalabad,Bank Transfer
ORD06856,CUST0395,Bilal Ahmed,2025-09-29,Skin Cream,Beauty,2,2687.2,5374.4,Faisalabad,Debit Card
ORD06857,CUST1482,Ahmed Raza,2025-02-06,Shoes,Clothing,8,19549.36,156394.88,Gujranwala,JazzCash
ORD06858,CUST1088,Sana Malik,2025-06-16,Air Fryer,Home & Kitchen,7,12941.64,90591.48,Gujranwala,Cash
ORD06859,CUST2116,Abdullah Raza,2026-03-29,Skin Cream,Beauty,7,2991.3,20939.1,Multan,Cash
ORD06860,CUST0823,Saad Khan,2026-08-14,Smartphone,Electronics,2,162507.69,325015.38,Quetta,Cash
ORD06861,CUST0690,Ali Khan,2025-11-02,Tea,Grocery,2,1054.12,2108.24,Karachi,Credit Card
ORD06862,CUST2262,Hassan Ali,2025-08-05,Dinner Set,Home & Kitchen,5,17048.9,85244.5,Gujranwala,Bank Transfer
ORD06863,CUST1278,Talha Malik,2025-07-01,Tablet,Electronics,7,21665.07,151655.49,Gujranwala,JazzCash
ORD06864,CUST0884,Sara Khan,2025-07-09,Cricket Bat,Sports,8,20499.21,163993.68,Islamabad,JazzCash
ORD06865,CUST1253,Zainab Ali,2025-09-05,Jeans,Clothing,1,2808.26,2808.26,Faisalabad,Debit Card
ORD06866,CUST0258,Ahmed Raza,2025-07-02,Cereal,Grocery,4,950.01,3800.04,Sialkot,Debit Card
ORD06867,CUST1996,Maryam Ahmed,2025-04-15,Dinner Set,Home & Kitchen,7,10192.52,71347.64,Rawalpindi,Cash
ORD06868,CUST2052,Fatima Ahmed,2026-08-08,Biscuits,Grocery,2,282.99,565.98,Peshawar,JazzCash
ORD06869,CUST0380,Ahmed Raza,2025-05-01,Rice,Grocery,6,505.95,3035.7,Rawalpindi,Bank Transfer
ORD06870,CUST1977,Hira Shah,2025-11-23,Coffee Maker,Home & Kitchen,3,23768.94,71306.82,Islamabad,Cash
ORD06871,CUST2158,Ali Khan,2025-05-26,Keyboard,Electronics,1,8071.3,8071.3,Multan,JazzCash
ORD06872,CUST1052,Sana Malik,2025-02-26,Shampoo,Beauty,1,1683.5,1683.5,Faisalabad,Cash
ORD06873,CUST0170,Maham Raza,2025-09-01,Coffee Maker,Home & Kitchen,7,26583.26,186082.82,Quetta,Credit Card
ORD06874,CUST0671,Hamza Shah,2025-01-23,Tea,Grocery,3,690.42,2071.26,Quetta,Debit Card
ORD06875,CUST0090,Zainab Ali,2026-08-01,Skin Cream,Beauty,4,1469.16,5876.64,Rawalpindi,JazzCash
ORD06876,CUST0119,Maryam Ahmed,2026-02-06,Laptop,Electronics,8,203971.15,1631769.2,Islamabad,Cash
ORD06877,CUST2490,Omar Farooq,2026-06-16,Cricket Bat,Sports,5,6358.46,31792.3,Islamabad,Credit Card
ORD06878,CUST1723,Talha Malik,2026-01-10,Running Shoes,Sports,8,22714.52,181716.16,Quetta,EasyPaisa
ORD06879,CUST0763,Fatima Ahmed,2025-07-29,Coffee Maker,Home & Kitchen,6,15923.26,95539.56,Karachi,Debit Card
ORD06880,CUST1808,Maham Raza,2026-05-14,Shampoo,Beauty,1,1053.01,1053.01,Quetta,Bank Transfer
ORD06881,CUST2250,Maham Raza,2026-03-26,Coffee Maker,Home & Kitchen,6,25242.91,151457.46,Peshawar,Debit Card
ORD06882,CUST0564,Maryam Ahmed,2025-10-11,Blender,Home & Kitchen,3,15084.48,45253.44,Sialkot,Credit Card
ORD06883,CUST2292,Maham Raza,2026-09-24,Coffee Maker,Home & Kitchen,3,19377.69,58133.07,Karachi,JazzCash
ORD06884,CUST1337,Hamza Shah,2025-08-01,Microwave,Home & Kitchen,8,23874.87,190998.96,Karachi,EasyPaisa
ORD06885,CUST0279,Fatima Ahmed,2025-09-23,Sugar,Grocery,4,282.57,1130.28,Faisalabad,EasyPaisa
ORD06886,CUST1670,Omar Farooq,2026-04-01,Cereal,Grocery,5,933.74,4668.7,Sialkot,JazzCash
ORD06887,CUST0276,Saad Khan,2025-07-17,Football,Sports,1,7701.13,7701.13,Gujranwala,JazzCash
ORD06888,CUST1679,Huzaifa Ali,2025-02-26,Shoes,Clothing,7,13701.92,95913.44,Gujranwala,EasyPaisa
ORD06889,CUST0038,Zainab Ali,2025-06-28,Running Shoes,Sports,5,13199.98,65999.9,Lahore,Bank Transfer
ORD06890,CUST0719,Bilal Ahmed,2026-02-18,Coffee Maker,Home & Kitchen,5,19304.72,96523.6,Karachi,JazzCash
ORD06891,CUST2177,Hira Shah,2025-04-05,Jacket,Clothing,6,14802.81,88816.86,Multan,Cash
ORD06892,CUST0294,Ayesha Khan,2025-10-28,Microwave,Home & Kitchen,2,20748.56,41497.12,Gujranwala,Credit Card
ORD06893,CUST2178,Sara Khan,2025-02-18,Yoga Mat,Sports,8,3509.0,28072.0,Gujranwala,JazzCash
ORD06894,CUST1679,Ahmed Raza,2026-03-24,Blender,Home & Kitchen,5,16969.44,84847.2,Karachi,JazzCash
ORD06895,CUST0971,Danish Ahmed,2026-08-04,Mouse,Electronics,6,6317.02,37902.12,Peshawar,JazzCash
ORD06896,CUST0676,Hassan Ali,2026-01-14,Laptop,Electronics,6,249234.23,1495405.38,Peshawar,Debit Card
ORD06897,CUST1372,Bilal Ahmed,2026-01-19,Keyboard,Electronics,7,2904.1,20328.7,Sialkot,Debit Card
ORD06898,CUST0470,Hira Shah,2025-11-21,Running Shoes,Sports,4,15785.94,63143.76,Gujranwala,Credit Card
ORD06899,CUST1897,Hamza Shah,2025-06-12,T-Shirt,Clothing,3,4774.61,14323.83,Karachi,Credit Card
ORD06900,CUST0337,Fatima Ahmed,2025-05-27,Football,Sports,1,4753.16,4753.16,Sialkot,EasyPaisa
ORD06901,CUST1291,Zainab Ali,2026-03-30,Laptop,Electronics,5,199566.93,997834.65,Multan,JazzCash
ORD06902,CUST2296,Hassan Ali,2025-06-03,Running Shoes,Sports,4,9178.59,36714.36,Rawalpindi,EasyPaisa
ORD06903,CUST0988,Sara Khan,2026-07-17,Smartphone,Electronics,2,44746.09,89492.18,Peshawar,EasyPaisa
ORD06904,CUST2407,Saad Khan,2026-01-02,Cricket Ball,Sports,4,1747.36,6989.44,Lahore,EasyPaisa
ORD06905,CUST0567,Abdullah Raza,2025-07-31,Coffee Maker,Home & Kitchen,8,20809.73,166477.84,Quetta,Debit Card
ORD06906,CUST1943,Hamza Shah,2025-05-26,Shampoo,Beauty,7,2795.15,19566.05,Rawalpindi,JazzCash
ORD06907,CUST2500,Saad Khan,2026-02-06,Keyboard,Electronics,5,3008.17,15040.85,Faisalabad,Debit Card
ORD06908,CUST0252,Hira Shah,2026-09-09,Skin Cream,Beauty,1,4903.03,4903.03,Peshawar,Cash
ORD06909,CUST1707,Bilal Ahmed,2025-02-25,Shampoo,Beauty,4,1955.38,7821.52,Peshawar,Debit Card
ORD06910,CUST1097,Fatima Ahmed,2025-07-01,Cereal,Grocery,8,1483.25,11866.0,Faisalabad,JazzCash
ORD06911,CUST0176,Abdullah Raza,2025-05-24,T-Shirt,Clothing,5,1740.77,8703.85,Islamabad,JazzCash
ORD06912,CUST2113,Usman Malik,2026-08-27,Dinner Set,Home & Kitchen,1,7930.67,7930.67,Karachi,Credit Card
ORD06913,CUST0395,Bilal Ahmed,2025-12-16,T-Shirt,Clothing,2,1890.34,3780.68,Gujranwala,Debit Card
ORD06914,CUST1330,Sana Malik,2025-02-02,Smartphone,Electronics,5,84408.7,422043.5,Karachi,Bank Transfer
ORD06915,CUST0033,Ali Khan,2026-05-16,Cereal,Grocery,4,765.1,3060.4,Gujranwala,JazzCash
ORD06916,CUST0843,Hassan Ali,2025-02-17,Sugar,Grocery,1,242.95,242.95,Islamabad,Bank Transfer
ORD06917,CUST2087,Sana Malik,2026-04-21,Rice,Grocery,5,511.7,2558.5,Rawalpindi,Credit Card
ORD06918,CUST1115,Ayesha Khan,2026-03-09,Sugar,Grocery,5,388.78,1943.9,Karachi,Cash
ORD06919,CUST1450,Fatima Ahmed,2026-07-12,Jeans,Clothing,4,3918.75,15675.0,Rawalpindi,JazzCash
ORD06920,CUST0226,Maham Raza,2025-08-30,Running Shoes,Sports,8,24129.65,193037.2,Gujranwala,Debit Card
ORD06921,CUST1398,Danish Ahmed,2025-10-12,Face Wash,Beauty,7,692.89,4850.23,Sialkot,JazzCash
ORD06922,CUST0558,Usman Malik,2025-04-06,Face Wash,Beauty,4,846.49,3385.96,Islamabad,Debit Card
ORD06923,CUST0690,Omar Farooq,2026-09-24,Dinner Set,Home & Kitchen,4,12029.12,48116.48,Lahore,JazzCash
ORD06924,CUST1915,Ali Khan,2025-12-04,Perfume,Beauty,3,7176.61,21529.83,Peshawar,JazzCash
ORD06925,CUST1039,Zainab Ali,2025-11-04,Headphones,Electronics,3,16201.02,48603.06,Faisalabad,Bank Transfer
ORD06926,CUST0423,Ayesha Khan,2025-03-13,Tea,Grocery,8,888.68,7109.44,Karachi,Debit Card
ORD06927,CUST0480,Ahmed Raza,2025-08-04,Running Shoes,Sports,8,20808.7,166469.6,Islamabad,Debit Card
ORD06928,CUST1759,Ayesha Khan,2026-09-08,Shoes,Clothing,6,20695.19,124171.14,Sialkot,Debit Card
ORD06929,CUST0052,Abdullah Raza,2025-04-12,Biscuits,Grocery,4,121.68,486.72,Lahore,Credit Card
ORD06930,CUST1549,Omar Farooq,2025-05-19,Dinner Set,Home & Kitchen,8,14868.76,118950.08,Islamabad,Bank Transfer
ORD06931,CUST0291,Danish Ahmed,2026-05-18,Tea,Grocery,3,331.02,993.06,Islamabad,JazzCash
ORD06932,CUST0964,Huzaifa Ali,2025-06-27,Microwave,Home & Kitchen,1,21534.18,21534.18,Quetta,Credit Card
ORD06933,CUST1697,Sana Malik,2026-03-22,Skin Cream,Beauty,4,833.35,3333.4,Sialkot,JazzCash
ORD06934,CUST0011,Hamza Shah,2026-08-16,Headphones,Electronics,6,20338.08,122028.48,Sialkot,JazzCash
ORD06935,CUST1696,Bilal Ahmed,2025-12-20,Cricket Ball,Sports,4,941.26,3765.04,Rawalpindi,EasyPaisa
ORD06936,CUST2084,Talha Malik,2025-05-04,Blender,Home & Kitchen,2,7238.11,14476.22,Lahore,Bank Transfer
ORD06937,CUST0524,Ahmed Raza,2025-07-03,Laptop,Electronics,3,77215.93,231647.79,Multan,Credit Card
ORD06938,CUST1472,Hira Shah,2026-08-13,Jeans,Clothing,4,2776.35,11105.4,Lahore,EasyPaisa
ORD06939,CUST0291,Maryam Ahmed,2026-01-28,Skin Cream,Beauty,7,830.38,5812.66,Karachi,Cash
ORD06940,CUST1908,Maham Raza,2025-09-27,Tablet,Electronics,3,67016.34,201049.02,Sialkot,EasyPaisa
ORD06941,CUST2326,Ahmed Raza,2025-07-16,Football,Sports,8,6498.29,51986.32,Peshawar,JazzCash
ORD06942,CUST1760,Ahmed Raza,2026-04-19,Blender,Home & Kitchen,6,14570.84,87425.04,Islamabad,JazzCash
ORD06943,CUST0218,Bilal Ahmed,2025-12-23,T-Shirt,Clothing,4,2813.93,11255.72,Faisalabad,Debit Card
ORD06944,CUST1897,Ahmed Raza,2025-05-10,Headphones,Electronics,4,25113.69,100454.76,Multan,Credit Card
ORD06945,CUST1054,Zainab Ali,2026-09-16,Blender,Home & Kitchen,7,13593.48,95154.36,Peshawar,Debit Card
ORD06946,CUST1042,Sara Khan,2026-02-11,Biscuits,Grocery,8,153.92,1231.36,Sialkot,Cash
ORD06947,CUST0072,Ali Khan,2025-01-09,Microwave,Home & Kitchen,5,40857.09,204285.45,Lahore,Bank Transfer
ORD06948,CUST0784,Maryam Ahmed,2025-09-27,Smartphone,Electronics,8,142806.5,1142452.0,Gujranwala,Debit Card
ORD06949,CUST2080,Hassan Ali,2025-09-04,Cereal,Grocery,8,507.38,4059.04,Rawalpindi,Credit Card
ORD06950,CUST1970,Sara Khan,2025-08-17,Jacket,Clothing,4,15859.13,63436.52,Islamabad,Bank Transfer
ORD06951,CUST1101,Zainab Ali,2025-08-29,Cricket Bat,Sports,4,22160.34,88641.36,Lahore,Cash
ORD06952,CUST1512,Maryam Ahmed,2026-02-19,Air Fryer,Home & Kitchen,8,14727.99,117823.92,Gujranwala,JazzCash
ORD06953,CUST0078,Maham Raza,2025-02-06,Rice,Grocery,1,273.26,273.26,Sialkot,Cash
ORD06954,CUST2047,Danish Ahmed,2025-10-02,Smart Watch,Electronics,3,40888.6,122665.8,Rawalpindi,EasyPaisa
ORD06955,CUST0230,Bilal Ahmed,2025-10-20,Jeans,Clothing,2,8720.94,17441.88,Peshawar,EasyPaisa
ORD06956,CUST1311,Maham Raza,2025-03-30,Running Shoes,Sports,4,24239.56,96958.24,Multan,Bank Transfer
ORD06957,CUST2041,Zainab Ali,2026-01-15,Perfume,Beauty,8,13848.72,110789.76,Quetta,Debit Card
ORD06958,CUST0557,Omar Farooq,2026-07-19,Keyboard,Electronics,4,3725.9,14903.6,Quetta,Cash
ORD06959,CUST2196,Zainab Ali,2026-02-02,Yoga Mat,Sports,5,2404.36,12021.8,Lahore,Cash
ORD06960,CUST2075,Maham Raza,2025-09-08,Cricket Bat,Sports,2,16882.29,33764.58,Faisalabad,Cash
ORD06961,CUST1651,Fatima Ahmed,2025-06-14,Shampoo,Beauty,4,1113.2,4452.8,Multan,JazzCash
ORD06962,CUST0937,Talha Malik,2025-09-13,Laptop,Electronics,8,154588.49,1236707.92,Lahore,Cash
ORD06963,CUST1418,Sana Malik,2025-02-15,Headphones,Electronics,7,12437.19,87060.33,Sialkot,JazzCash
ORD06964,CUST0156,Huzaifa Ali,2025-03-22,Smartphone,Electronics,4,98312.15,393248.6,Islamabad,JazzCash
ORD06965,CUST2481,Danish Ahmed,2026-09-05,Shoes,Clothing,7,13293.31,93053.17,Lahore,JazzCash
ORD06966,CUST1591,Ali Khan,2026-09-24,Football,Sports,7,3454.4,24180.8,Sialkot,Debit Card
ORD06967,CUST2278,Hassan Ali,2025-03-28,Sugar,Grocery,2,365.96,731.92,Gujranwala,EasyPaisa
ORD06968,CUST2059,Sara Khan,2025-11-17,T-Shirt,Clothing,8,3883.35,31066.8,Faisalabad,Credit Card
ORD06969,CUST2020,Zainab Ali,2026-08-23,Dinner Set,Home & Kitchen,1,16942.25,16942.25,Rawalpindi,Credit Card
ORD06970,CUST0552,Saad Khan,2026-08-16,Running Shoes,Sports,5,8162.79,40813.95,Sialkot,JazzCash
ORD06971,CUST1946,Zainab Ali,2025-05-03,Perfume,Beauty,7,11530.15,80711.05,Peshawar,EasyPaisa
ORD06972,CUST2423,Hira Shah,2025-10-09,Cooking Oil,Grocery,6,750.34,4502.04,Faisalabad,Bank Transfer
ORD06973,CUST2349,Bilal Ahmed,2026-08-05,Cricket Bat,Sports,7,6795.95,47571.65,Multan,Debit Card
ORD06974,CUST2191,Ahmed Raza,2025-12-25,Face Wash,Beauty,4,636.18,2544.72,Gujranwala,JazzCash
ORD06975,CUST1188,Danish Ahmed,2025-09-18,Coffee Maker,Home & Kitchen,4,21407.01,85628.04,Karachi,Bank Transfer
ORD06976,CUST2284,Huzaifa Ali,2025-10-25,Smart Watch,Electronics,4,25709.33,102837.32,Rawalpindi,Cash
ORD06977,CUST1813,Saad Khan,2026-04-09,Face Wash,Beauty,3,1601.63,4804.89,Rawalpindi,Debit Card
ORD06978,CUST2056,Usman Malik,2025-05-21,Headphones,Electronics,4,18531.0,74124.0,Gujranwala,Cash
ORD06979,CUST0385,Hamza Shah,2026-04-08,Cereal,Grocery,8,921.21,7369.68,Lahore,Credit Card
ORD06980,CUST1789,Usman Malik,2025-08-13,Blender,Home & Kitchen,8,7268.61,58148.88,Quetta,Debit Card
ORD06981,CUST1941,Danish Ahmed,2025-04-19,Coffee Maker,Home & Kitchen,5,24407.73,122038.65,Karachi,EasyPaisa
ORD06982,CUST0116,Ali Khan,2025-03-05,Vacuum Cleaner,Home & Kitchen,1,38780.91,38780.91,Karachi,Credit Card
ORD06983,CUST1132,Huzaifa Ali,2025-05-01,T-Shirt,Clothing,3,4367.36,13102.08,Sialkot,Cash
ORD06984,CUST0663,Hamza Shah,2026-08-08,Blender,Home & Kitchen,4,6035.96,24143.84,Multan,Bank Transfer
ORD06985,CUST0615,Maryam Ahmed,2026-08-18,Yoga Mat,Sports,2,5322.03,10644.06,Quetta,Credit Card
ORD06986,CUST1184,Zainab Ali,2026-03-07,Air Fryer,Home & Kitchen,8,17745.51,141964.08,Peshawar,Cash
ORD06987,CUST2234,Omar Farooq,2026-01-18,Shampoo,Beauty,2,1836.21,3672.42,Rawalpindi,JazzCash
ORD06988,CUST0183,Abdullah Raza,2026-05-15,Dinner Set,Home & Kitchen,5,16162.95,80814.75,Karachi,Debit Card
ORD06989,CUST0759,Danish Ahmed,2026-09-10,Lipstick,Beauty,2,3097.46,6194.92,Lahore,EasyPaisa
ORD06990,CUST1424,Sara Khan,2026-01-20,Jeans,Clothing,3,8630.24,25890.72,Karachi,EasyPaisa
ORD06991,CUST0289,Bilal Ahmed,2026-07-11,Biscuits,Grocery,7,208.76,1461.32,Peshawar,JazzCash
ORD06992,CUST2352,Abdullah Raza,2026-01-30,Cereal,Grocery,2,1078.67,2157.34,Islamabad,Bank Transfer
ORD06993,CUST1739,Hira Shah,2026-05-30,Running Shoes,Sports,1,22255.14,22255.14,Multan,JazzCash
ORD06994,CUST1843,Maryam Ahmed,2026-09-04,Dinner Set,Home & Kitchen,6,15733.38,94400.28,Multan,EasyPaisa
ORD06995,CUST0065,Ahmed Raza,2026-06-04,Sugar,Grocery,4,258.42,1033.68,Quetta,Debit Card
ORD06996,CUST1017,Talha Malik,2025-07-16,Keyboard,Electronics,3,10057.12,30171.36,Rawalpindi,Credit Card
ORD06997,CUST0720,Sara Khan,2025-04-06,Face Wash,Beauty,5,1197.61,5988.05,Quetta,EasyPaisa
ORD06998,CUST1830,Ayesha Khan,2025-02-23,Lipstick,Beauty,8,3355.73,26845.84,Gujranwala,Debit Card
ORD06999,CUST0334,Maryam Ahmed,2025-06-09,Coffee Maker,Home & Kitchen,6,7069.47,42416.82,Rawalpindi,Credit Card
ORD07000,CUST1798,Huzaifa Ali,2026-06-11,Smartphone,Electronics,6,58767.48,352604.88,Sialkot,Credit Card
ORD07001,CUST0641,Abdullah Raza,2025-06-18,Yoga Mat,Sports,1,3626.44,3626.44,Multan,Debit Card
ORD07002,CUST2098,Saad Khan,2025-02-26,Sugar,Grocery,4,304.62,1218.48,Gujranwala,Credit Card
ORD07003,CUST0042,Sara Khan,2026-09-08,Cereal,Grocery,2,435.07,870.14,Islamabad,Credit Card
ORD07004,CUST1256,Sana Malik,2025-08-19,Football,Sports,5,3747.67,18738.35,Sialkot,Cash
ORD07005,CUST2237,Sana Malik,2025-01-04,Lipstick,Beauty,8,1585.99,12687.92,Gujranwala,Bank Transfer
ORD07006,CUST1201,Danish Ahmed,2025-06-12,Sugar,Grocery,8,181.01,1448.08,Gujranwala,Bank Transfer
ORD07007,CUST1731,Maham Raza,2025-07-26,Dinner Set,Home & Kitchen,5,10034.11,50170.55,Lahore,EasyPaisa
ORD07008,CUST1865,Hassan Ali,2026-02-06,Blender,Home & Kitchen,3,10428.15,31284.45,Faisalabad,Cash
ORD07009,CUST0342,Ayesha Khan,2025-02-28,Skin Cream,Beauty,8,2331.58,18652.64,Islamabad,Cash
ORD07010,CUST0314,Saad Khan,2025-03-06,Coffee Maker,Home & Kitchen,1,16748.46,16748.46,Quetta,Cash
ORD07011,CUST2345,Danish Ahmed,2026-09-17,Rice,Grocery,6,253.99,1523.94,Islamabad,Bank Transfer
ORD07012,CUST0707,Usman Malik,2025-06-03,Headphones,Electronics,1,24774.24,24774.24,Rawalpindi,Cash
ORD07013,CUST0144,Omar Farooq,2025-11-17,Skin Cream,Beauty,1,3485.74,3485.74,Faisalabad,JazzCash
ORD07014,CUST0975,Sana Malik,2026-05-01,Mouse,Electronics,2,7449.03,14898.06,Karachi,JazzCash
ORD07015,CUST1415,Maham Raza,2026-02-22,Cricket Ball,Sports,5,2322.58,11612.9,Faisalabad,Debit Card
ORD07016,CUST1394,Maham Raza,2025-07-31,Mouse,Electronics,4,7899.77,31599.08,Sialkot,Cash
ORD07017,CUST1683,Hira Shah,2025-12-24,Tea,Grocery,2,971.4,1942.8,Rawalpindi,Cash
ORD07018,CUST1688,Sana Malik,2026-06-09,Cricket Bat,Sports,4,11400.63,45602.52,Gujranwala,JazzCash
ORD07019,CUST0856,Zainab Ali,2025-09-26,Blender,Home & Kitchen,5,5708.56,28542.8,Islamabad,Debit Card
ORD07020,CUST1499,Ayesha Khan,2026-02-28,Football,Sports,2,1917.96,3835.92,Peshawar,Debit Card
ORD07021,CUST1750,Talha Malik,2026-09-21,Rice,Grocery,7,693.89,4857.23,Quetta,EasyPaisa
ORD07022,CUST0265,Sana Malik,2025-09-29,Football,Sports,4,6844.68,27378.72,Multan,Credit Card
ORD07023,CUST2392,Usman Malik,2025-10-09,Air Fryer,Home & Kitchen,7,24593.82,172156.74,Multan,Credit Card
ORD07024,CUST1439,Usman Malik,2025-07-21,Blender,Home & Kitchen,5,12419.63,62098.15,Gujranwala,Debit Card
ORD07025,CUST1055,Hira Shah,2026-09-08,Headphones,Electronics,3,28301.22,84903.66,Multan,Cash
ORD07026,CUST0142,Sana Malik,2025-02-20,Jeans,Clothing,2,8464.16,16928.32,Sialkot,Bank Transfer
ORD07027,CUST0965,Saad Khan,2025-10-14,Perfume,Beauty,7,17648.42,123538.94,Faisalabad,JazzCash
ORD07028,CUST0649,Ali Khan,2026-08-13,Football,Sports,2,6263.75,12527.5,Multan,Cash
ORD07029,CUST2321,Bilal Ahmed,2025-09-02,Perfume,Beauty,4,19891.85,79567.4,Rawalpindi,JazzCash
ORD07030,CUST2263,Sara Khan,2025-05-18,Jacket,Clothing,4,12155.45,48621.8,Multan,JazzCash
ORD07031,CUST2351,Hamza Shah,2025-10-28,Football,Sports,3,2222.3,6666.9,Islamabad,EasyPaisa
ORD07032,CUST0710,Ayesha Khan,2026-03-14,Cricket Bat,Sports,1,3057.2,3057.2,Gujranwala,Cash
ORD07033,CUST1492,Hamza Shah,2025-10-02,Face Wash,Beauty,3,2778.56,8335.68,Peshawar,JazzCash
ORD07034,CUST2348,Sara Khan,2025-05-06,Perfume,Beauty,7,11137.28,77960.96,Lahore,JazzCash
ORD07035,CUST0612,Ayesha Khan,2026-09-20,Perfume,Beauty,3,4160.52,12481.56,Rawalpindi,Bank Transfer
ORD07036,CUST0845,Usman Malik,2026-01-06,Dinner Set,Home & Kitchen,4,5965.92,23863.68,Multan,Credit Card
ORD07037,CUST1275,Maham Raza,2025-05-21,Coffee Maker,Home & Kitchen,8,10854.08,86832.64,Lahore,Debit Card
ORD07038,CUST1829,Talha Malik,2025-09-30,Football,Sports,2,5234.32,10468.64,Karachi,JazzCash
ORD07039,CUST2197,Bilal Ahmed,2025-03-21,Face Wash,Beauty,3,1829.65,5488.95,Faisalabad,Debit Card
ORD07040,CUST0798,Hira Shah,2026-02-14,Biscuits,Grocery,2,90.26,180.52,Islamabad,EasyPaisa
ORD07041,CUST1799,Ayesha Khan,2025-10-19,Rice,Grocery,7,366.56,2565.92,Islamabad,Bank Transfer
ORD07042,CUST0651,Sara Khan,2025-09-16,Jeans,Clothing,3,8390.39,25171.17,Rawalpindi,JazzCash
ORD07043,CUST1395,Fatima Ahmed,2025-06-12,Face Wash,Beauty,2,1481.86,2963.72,Karachi,Debit Card
ORD07044,CUST1148,Talha Malik,2026-07-09,Microwave,Home & Kitchen,8,47883.66,383069.28,Multan,EasyPaisa
ORD07045,CUST1814,Sara Khan,2025-04-03,Tablet,Electronics,5,45816.42,229082.1,Faisalabad,Credit Card
ORD07046,CUST2402,Sana Malik,2026-04-15,Air Fryer,Home & Kitchen,6,13793.08,82758.48,Lahore,JazzCash
ORD07047,CUST0724,Abdullah Raza,2025-08-11,Cricket Ball,Sports,6,865.01,5190.06,Rawalpindi,Bank Transfer
ORD07048,CUST0951,Fatima Ahmed,2026-07-05,Jacket,Clothing,5,8184.69,40923.45,Multan,Cash
ORD07049,CUST2473,Maryam Ahmed,2026-07-18,Skin Cream,Beauty,1,2286.89,2286.89,Quetta,Debit Card
ORD07050,CUST1846,Ali Khan,2025-11-26,Coffee Maker,Home & Kitchen,2,10134.69,20269.38,Peshawar,JazzCash
ORD07051,CUST1757,Hassan Ali,2025-04-17,Jacket,Clothing,1,15083.85,15083.85,Islamabad,Cash
ORD07052,CUST0512,Fatima Ahmed,2026-03-31,Microwave,Home & Kitchen,8,39100.1,312800.8,Sialkot,Debit Card
ORD07053,CUST0530,Sara Khan,2026-08-22,Lipstick,Beauty,5,1077.55,5387.75,Karachi,Debit Card
ORD07054,CUST1322,Sara Khan,2025-01-06,Hoodie,Clothing,4,9036.25,36145.0,Gujranwala,Credit Card
ORD07055,CUST0720,Ali Khan,2026-06-05,Football,Sports,1,7090.4,7090.4,Quetta,Bank Transfer
ORD07056,CUST0148,Abdullah Raza,2025-06-25,Perfume,Beauty,3,12894.46,38683.38,Islamabad,Debit Card
ORD07057,CUST0801,Maham Raza,2025-05-28,T-Shirt,Clothing,5,1214.87,6074.35,Faisalabad,JazzCash
ORD07058,CUST2380,Bilal Ahmed,2026-05-17,Perfume,Beauty,3,6202.64,18607.92,Sialkot,EasyPaisa
ORD07059,CUST0688,Hassan Ali,2025-01-16,Smartphone,Electronics,1,73847.88,73847.88,Quetta,EasyPaisa
ORD07060,CUST2338,Saad Khan,2026-08-09,Face Wash,Beauty,8,2609.85,20878.8,Gujranwala,Credit Card
ORD07061,CUST0692,Sara Khan,2025-08-05,Dinner Set,Home & Kitchen,5,15060.82,75304.1,Lahore,Credit Card
ORD07062,CUST1940,Ahmed Raza,2026-04-25,Jeans,Clothing,1,4447.72,4447.72,Lahore,Credit Card
ORD07063,CUST0202,Hira Shah,2025-12-22,Biscuits,Grocery,2,76.03,152.06,Gujranwala,Debit Card
ORD07064,CUST0663,Ahmed Raza,2026-08-13,Jacket,Clothing,6,9337.17,56023.02,Gujranwala,Debit Card
ORD07065,CUST2090,Sara Khan,2025-05-24,Tablet,Electronics,3,28426.33,85278.99,Peshawar,Cash
ORD07066,CUST2367,Fatima Ahmed,2025-10-24,Smart Watch,Electronics,8,28335.21,226681.68,Karachi,Cash
ORD07067,CUST1662,Sana Malik,2025-08-29,Rice,Grocery,1,455.3,455.3,Gujranwala,Bank Transfer
ORD07068,CUST0088,Hamza Shah,2026-09-21,Cooking Oil,Grocery,6,971.23,5827.38,Islamabad,Debit Card
ORD07069,CUST0835,Fatima Ahmed,2026-06-18,Skin Cream,Beauty,5,2532.12,12660.6,Rawalpindi,Bank Transfer
ORD07070,CUST1747,Talha Malik,2026-07-08,Hoodie,Clothing,8,9484.4,75875.2,Karachi,Debit Card
ORD07071,CUST2437,Zainab Ali,2026-09-28,Vacuum Cleaner,Home & Kitchen,6,53717.47,322304.82,Quetta,Cash
ORD07072,CUST0183,Maryam Ahmed,2025-02-22,Shampoo,Beauty,8,1874.02,14992.16,Karachi,EasyPaisa
ORD07073,CUST1502,Omar Farooq,2025-08-26,Keyboard,Electronics,1,8264.21,8264.21,Rawalpindi,JazzCash
ORD07074,CUST0736,Omar Farooq,2026-04-27,Jacket,Clothing,2,12737.0,25474.0,Faisalabad,Cash
ORD07075,CUST2226,Sara Khan,2026-06-30,Vacuum Cleaner,Home & Kitchen,6,18899.56,113397.36,Peshawar,Credit Card
ORD07076,CUST1910,Ahmed Raza,2026-07-09,Keyboard,Electronics,4,8315.14,33260.56,Peshawar,Cash
ORD07077,CUST2138,Saad Khan,2025-04-26,Tablet,Electronics,2,50389.96,100779.92,Sialkot,Debit Card
ORD07078,CUST1583,Zainab Ali,2025-06-01,Shampoo,Beauty,2,2332.49,4664.98,Sialkot,Debit Card
ORD07079,CUST1733,Sana Malik,2026-02-04,Headphones,Electronics,7,8145.44,57018.08,Gujranwala,Cash
ORD07080,CUST0096,Ali Khan,2025-09-28,Microwave,Home & Kitchen,8,20822.17,166577.36,Karachi,EasyPaisa
ORD07081,CUST1679,Ayesha Khan,2025-01-05,Perfume,Beauty,2,18085.21,36170.42,Gujranwala,Credit Card
ORD07082,CUST1575,Maham Raza,2025-06-12,Jacket,Clothing,4,15728.44,62913.76,Faisalabad,EasyPaisa
ORD07083,CUST1996,Saad Khan,2026-08-17,Cricket Ball,Sports,2,660.59,1321.18,Multan,Debit Card
ORD07084,CUST0977,Hira Shah,2025-10-19,Headphones,Electronics,6,18948.15,113688.9,Sialkot,EasyPaisa
ORD07085,CUST2468,Fatima Ahmed,2026-01-11,Keyboard,Electronics,5,10931.39,54656.95,Gujranwala,EasyPaisa
ORD07086,CUST1118,Ahmed Raza,2026-09-24,T-Shirt,Clothing,5,4903.74,24518.7,Gujranwala,Cash
ORD07087,CUST2403,Zainab Ali,2026-03-03,Perfume,Beauty,1,3085.54,3085.54,Peshawar,EasyPaisa
ORD07088,CUST0781,Usman Malik,2025-07-12,Perfume,Beauty,4,13050.37,52201.48,Peshawar,JazzCash
ORD07089,CUST0071,Ayesha Khan,2025-10-22,Face Wash,Beauty,7,1473.39,10313.73,Lahore,JazzCash
ORD07090,CUST1140,Ali Khan,2026-03-17,Blender,Home & Kitchen,1,9378.04,9378.04,Gujranwala,Cash
ORD07091,CUST0429,Maryam Ahmed,2026-08-13,Headphones,Electronics,1,14803.94,14803.94,Sialkot,JazzCash
ORD07092,CUST0665,Ali Khan,2026-09-12,Blender,Home & Kitchen,6,5229.56,31377.36,Gujranwala,JazzCash
ORD07093,CUST1113,Maham Raza,2026-08-17,Microwave,Home & Kitchen,5,41178.34,205891.7,Multan,Bank Transfer
ORD07094,CUST1493,Sara Khan,2026-06-22,Face Wash,Beauty,2,1984.87,3969.74,Peshawar,Bank Transfer
ORD07095,CUST1894,Saad Khan,2025-09-19,Cricket Ball,Sports,4,1012.17,4048.68,Karachi,Credit Card
ORD07096,CUST1921,Huzaifa Ali,2025-01-08,Biscuits,Grocery,2,187.08,374.16,Peshawar,Bank Transfer
ORD07097,CUST1902,Ahmed Raza,2026-09-05,Cricket Bat,Sports,2,6868.4,13736.8,Rawalpindi,Cash
ORD07098,CUST1736,Bilal Ahmed,2026-04-21,Cereal,Grocery,2,1254.16,2508.32,Rawalpindi,Bank Transfer
ORD07099,CUST0477,Hassan Ali,2025-03-28,Jacket,Clothing,2,8695.83,17391.66,Quetta,JazzCash
ORD07100,CUST0121,Maryam Ahmed,2026-07-13,Rice,Grocery,2,735.48,1470.96,Gujranwala,Debit Card
ORD07101,CUST0080,Ahmed Raza,2026-03-22,Microwave,Home & Kitchen,8,26424.27,211394.16,Faisalabad,Bank Transfer
ORD07102,CUST2036,Usman Malik,2025-11-20,Jacket,Clothing,7,12515.72,87610.04,Islamabad,Debit Card
ORD07103,CUST2328,Maham Raza,2026-03-28,Air Fryer,Home & Kitchen,5,32113.79,160568.95,Karachi,EasyPaisa
ORD07104,CUST1084,Ali Khan,2025-03-10,Rice,Grocery,1,389.85,389.85,Sialkot,Cash
ORD07105,CUST2341,Sara Khan,2025-11-15,Air Fryer,Home & Kitchen,5,33409.48,167047.4,Islamabad,Bank Transfer
ORD07106,CUST1431,Ayesha Khan,2026-03-08,Cricket Ball,Sports,2,789.35,1578.7,Gujranwala,EasyPaisa
ORD07107,CUST1654,Hira Shah,2026-04-14,Cereal,Grocery,1,638.8,638.8,Peshawar,JazzCash
ORD07108,CUST0745,Ali Khan,2025-11-01,Vacuum Cleaner,Home & Kitchen,5,21828.44,109142.2,Rawalpindi,Cash
ORD07109,CUST1657,Maham Raza,2025-01-10,Coffee Maker,Home & Kitchen,8,20552.16,164417.28,Gujranwala,Cash
ORD07110,CUST1793,Huzaifa Ali,2026-04-30,Smartphone,Electronics,1,68005.41,68005.41,Rawalpindi,JazzCash
ORD07111,CUST0200,Hamza Shah,2026-06-08,Jacket,Clothing,7,4596.69,32176.83,Sialkot,Credit Card
ORD07112,CUST0702,Omar Farooq,2026-03-02,Shoes,Clothing,7,5634.77,39443.39,Sialkot,Bank Transfer
ORD07113,CUST0348,Maryam Ahmed,2025-01-02,Jacket,Clothing,7,6522.94,45660.58,Quetta,Credit Card
ORD07114,CUST0521,Sara Khan,2025-07-28,Tea,Grocery,2,602.19,1204.38,Karachi,Credit Card
ORD07115,CUST0023,Usman Malik,2026-04-09,Vacuum Cleaner,Home & Kitchen,3,50738.3,152214.9,Gujranwala,Credit Card
ORD07116,CUST0212,Hassan Ali,2025-02-28,Jeans,Clothing,3,6699.73,20099.19,Multan,Bank Transfer
ORD07117,CUST1266,Ali Khan,2026-04-28,T-Shirt,Clothing,7,2246.56,15725.92,Quetta,Cash
ORD07118,CUST1394,Hira Shah,2025-03-21,Shampoo,Beauty,2,1238.23,2476.46,Faisalabad,Bank Transfer
ORD07119,CUST2276,Maryam Ahmed,2025-07-01,Face Wash,Beauty,7,1309.37,9165.59,Multan,Credit Card
ORD07120,CUST0970,Ayesha Khan,2026-07-10,Football,Sports,5,6548.22,32741.1,Peshawar,Debit Card
ORD07121,CUST1700,Fatima Ahmed,2026-08-25,Face Wash,Beauty,3,776.89,2330.67,Multan,EasyPaisa
ORD07122,CUST0858,Ahmed Raza,2026-09-19,Rice,Grocery,4,458.01,1832.04,Rawalpindi,Credit Card
ORD07123,CUST0013,Hamza Shah,2026-04-23,T-Shirt,Clothing,1,2849.37,2849.37,Gujranwala,Credit Card
ORD07124,CUST2005,Fatima Ahmed,2025-12-11,Mouse,Electronics,6,5845.64,35073.84,Karachi,Credit Card
ORD07125,CUST1190,Ali Khan,2025-07-19,Blender,Home & Kitchen,4,7319.12,29276.48,Karachi,JazzCash
ORD07126,CUST1401,Maham Raza,2025-09-30,Perfume,Beauty,5,12875.58,64377.9,Quetta,JazzCash
ORD07127,CUST1409,Omar Farooq,2025-06-04,Running Shoes,Sports,7,23486.7,164406.9,Peshawar,JazzCash
ORD07128,CUST0935,Sana Malik,2025-02-14,Laptop,Electronics,3,157391.48,472174.44,Multan,Bank Transfer
ORD07129,CUST1560,Maham Raza,2025-12-15,Cereal,Grocery,8,695.23,5561.84,Sialkot,Bank Transfer
ORD07130,CUST0758,Sana Malik,2025-05-14,Jeans,Clothing,1,8963.88,8963.88,Islamabad,Credit Card
ORD07131,CUST0934,Omar Farooq,2025-11-15,Shoes,Clothing,7,5014.35,35100.45,Rawalpindi,Bank Transfer
ORD07132,CUST0269,Usman Malik,2025-06-13,Cricket Ball,Sports,8,2332.22,18657.76,Karachi,Debit Card
ORD07133,CUST2370,Omar Farooq,2026-09-23,Hoodie,Clothing,1,3712.69,3712.69,Lahore,JazzCash
ORD07134,CUST0478,Usman Malik,2025-02-18,Sugar,Grocery,3,307.64,922.92,Quetta,Bank Transfer
ORD07135,CUST0470,Ali Khan,2026-09-20,T-Shirt,Clothing,1,1352.42,1352.42,Faisalabad,JazzCash
ORD07136,CUST1276,Abdullah Raza,2025-02-17,Laptop,Electronics,3,217729.25,653187.75,Multan,JazzCash
ORD07137,CUST0086,Omar Farooq,2025-04-02,Biscuits,Grocery,6,252.69,1516.14,Gujranwala,EasyPaisa
ORD07138,CUST1882,Saad Khan,2025-05-19,Microwave,Home & Kitchen,3,33109.65,99328.95,Rawalpindi,EasyPaisa
ORD07139,CUST0743,Sana Malik,2025-08-08,Hoodie,Clothing,6,2561.2,15367.2,Faisalabad,EasyPaisa
ORD07140,CUST1677,Danish Ahmed,2026-05-19,Skin Cream,Beauty,1,4427.56,4427.56,Peshawar,Debit Card
ORD07141,CUST0874,Abdullah Raza,2025-11-16,Sugar,Grocery,6,348.59,2091.54,Multan,EasyPaisa
ORD07142,CUST0967,Usman Malik,2026-03-10,Hoodie,Clothing,5,6751.14,33755.7,Islamabad,Bank Transfer
ORD07143,CUST1072,Abdullah Raza,2026-04-10,Air Fryer,Home & Kitchen,5,27725.84,138629.2,Karachi,Cash
ORD07144,CUST2229,Hamza Shah,2026-04-22,Rice,Grocery,5,649.89,3249.45,Gujranwala,Credit Card
ORD07145,CUST2347,Sana Malik,2025-10-05,Jeans,Clothing,5,3887.64,19438.2,Faisalabad,JazzCash
ORD07146,CUST1272,Sana Malik,2026-02-09,Cricket Ball,Sports,6,1571.74,9430.44,Multan,Cash
ORD07147,CUST0576,Danish Ahmed,2026-04-20,Cricket Ball,Sports,6,854.25,5125.5,Sialkot,Cash
ORD07148,CUST0264,Ayesha Khan,2026-05-07,Microwave,Home & Kitchen,1,30141.89,30141.89,Rawalpindi,EasyPaisa
ORD07149,CUST1652,Sana Malik,2026-03-28,Tablet,Electronics,3,43430.69,130292.07,Peshawar,Cash
ORD07150,CUST1082,Maham Raza,2025-11-27,Jeans,Clothing,6,7266.83,43600.98,Islamabad,Debit Card
ORD07151,CUST0708,Ali Khan,2026-03-29,Yoga Mat,Sports,4,4891.39,19565.56,Peshawar,JazzCash
ORD07152,CUST1888,Huzaifa Ali,2025-03-03,Cereal,Grocery,4,1346.78,5387.12,Lahore,Credit Card
ORD07153,CUST2291,Hira Shah,2026-02-14,Skin Cream,Beauty,5,3816.77,19083.85,Islamabad,Cash
ORD07154,CUST0475,Danish Ahmed,2026-07-31,Running Shoes,Sports,4,11216.88,44867.52,Karachi,Bank Transfer
ORD07155,CUST2312,Usman Malik,2026-06-14,Yoga Mat,Sports,3,5759.26,17277.78,Gujranwala,Bank Transfer
ORD07156,CUST1243,Huzaifa Ali,2026-05-28,Jacket,Clothing,4,4184.18,16736.72,Multan,Debit Card
ORD07157,CUST0385,Usman Malik,2025-12-21,Tablet,Electronics,2,23680.67,47361.34,Faisalabad,JazzCash
ORD07158,CUST1667,Hassan Ali,2026-02-09,Shoes,Clothing,6,24322.07,145932.42,Karachi,JazzCash
ORD07159,CUST1269,Ayesha Khan,2025-07-01,Running Shoes,Sports,8,23445.35,187562.8,Gujranwala,Cash
ORD07160,CUST0342,Fatima Ahmed,2025-12-26,Air Fryer,Home & Kitchen,7,32050.14,224350.98,Sialkot,EasyPaisa
ORD07161,CUST1213,Fatima Ahmed,2025-03-13,Tea,Grocery,1,483.24,483.24,Peshawar,Bank Transfer
ORD07162,CUST1163,Zainab Ali,2025-11-29,Jeans,Clothing,6,6036.61,36219.66,Lahore,Cash
ORD07163,CUST0411,Omar Farooq,2026-07-28,Jeans,Clothing,5,3408.66,17043.3,Karachi,Credit Card
ORD07164,CUST2268,Abdullah Raza,2025-02-27,Tablet,Electronics,4,107599.66,430398.64,Gujranwala,EasyPaisa
ORD07165,CUST0621,Ahmed Raza,2025-07-09,Cricket Bat,Sports,3,3523.62,10570.86,Islamabad,Bank Transfer
ORD07166,CUST2426,Maryam Ahmed,2026-02-22,Blender,Home & Kitchen,7,15522.36,108656.52,Lahore,Bank Transfer
ORD07167,CUST0675,Hira Shah,2026-07-20,Biscuits,Grocery,3,100.33,300.99,Peshawar,JazzCash
ORD07168,CUST2451,Talha Malik,2025-01-08,Blender,Home & Kitchen,1,13887.82,13887.82,Quetta,Credit Card
ORD07169,CUST1497,Danish Ahmed,2025-07-09,Vacuum Cleaner,Home & Kitchen,7,53355.17,373486.19,Multan,EasyPaisa
ORD07170,CUST1492,Zainab Ali,2025-08-11,Keyboard,Electronics,2,2710.19,5420.38,Rawalpindi,Cash
ORD07171,CUST1769,Fatima Ahmed,2025-07-23,Smartphone,Electronics,5,77405.46,387027.3,Peshawar,JazzCash
ORD07172,CUST1345,Sara Khan,2026-05-02,Face Wash,Beauty,7,1662.52,11637.64,Faisalabad,Debit Card
ORD07173,CUST0719,Hassan Ali,2026-06-12,Smartphone,Electronics,5,122624.4,613122.0,Karachi,Cash
ORD07174,CUST0740,Ali Khan,2026-05-21,Shampoo,Beauty,6,3238.22,19429.32,Multan,Debit Card
ORD07175,CUST1329,Maham Raza,2026-07-19,Microwave,Home & Kitchen,7,23207.2,162450.4,Multan,Cash
ORD07176,CUST0057,Maham Raza,2026-01-12,Shoes,Clothing,5,21123.5,105617.5,Gujranwala,Credit Card
ORD07177,CUST2296,Saad Khan,2025-06-02,Running Shoes,Sports,3,5129.42,15388.26,Faisalabad,EasyPaisa
ORD07178,CUST2290,Sara Khan,2026-06-29,Face Wash,Beauty,3,2902.13,8706.39,Peshawar,EasyPaisa
ORD07179,CUST1395,Hassan Ali,2026-02-14,Skin Cream,Beauty,1,762.51,762.51,Gujranwala,Debit Card
ORD07180,CUST0716,Omar Farooq,2025-11-18,Air Fryer,Home & Kitchen,1,28887.97,28887.97,Peshawar,Cash
ORD07181,CUST0074,Maryam Ahmed,2026-04-01,Blender,Home & Kitchen,4,10618.2,42472.8,Islamabad,JazzCash
ORD07182,CUST1432,Ahmed Raza,2025-02-16,Vacuum Cleaner,Home & Kitchen,1,21268.6,21268.6,Islamabad,Bank Transfer
ORD07183,CUST2336,Danish Ahmed,2026-03-30,Shampoo,Beauty,1,2931.31,2931.31,Rawalpindi,EasyPaisa
ORD07184,CUST1076,Saad Khan,2025-02-18,Sugar,Grocery,2,333.55,667.1,Multan,EasyPaisa
ORD07185,CUST1087,Hassan Ali,2026-01-03,Tablet,Electronics,1,97229.48,97229.48,Faisalabad,EasyPaisa
ORD07186,CUST0430,Sana Malik,2025-11-12,Biscuits,Grocery,1,120.65,120.65,Quetta,Cash
ORD07187,CUST2361,Maham Raza,2026-05-15,Blender,Home & Kitchen,8,13838.48,110707.84,Karachi,Debit Card
ORD07188,CUST2423,Hamza Shah,2025-05-18,Running Shoes,Sports,3,16807.39,50422.17,Rawalpindi,JazzCash
ORD07189,CUST2272,Saad Khan,2026-02-12,Yoga Mat,Sports,2,1169.35,2338.7,Faisalabad,Bank Transfer
ORD07190,CUST0942,Ali Khan,2025-08-30,Tablet,Electronics,7,89876.94,629138.58,Sialkot,Bank Transfer
ORD07191,CUST0420,Zainab Ali,2025-11-09,Shampoo,Beauty,2,1965.75,3931.5,Sialkot,Credit Card
ORD07192,CUST1871,Fatima Ahmed,2026-05-18,Shampoo,Beauty,7,1001.9,7013.3,Karachi,JazzCash
ORD07193,CUST1537,Maryam Ahmed,2026-02-22,Microwave,Home & Kitchen,5,42915.64,214578.2,Gujranwala,Debit Card
ORD07194,CUST1215,Ayesha Khan,2026-01-22,Cooking Oil,Grocery,2,1183.87,2367.74,Peshawar,Cash
ORD07195,CUST1512,Abdullah Raza,2026-06-15,Football,Sports,7,2113.55,14794.85,Multan,Credit Card
ORD07196,CUST2139,Talha Malik,2026-03-17,Blender,Home & Kitchen,2,16772.19,33544.38,Faisalabad,JazzCash
ORD07197,CUST0836,Hassan Ali,2025-10-07,Face Wash,Beauty,4,1286.27,5145.08,Multan,Cash
ORD07198,CUST2281,Saad Khan,2025-06-19,Laptop,Electronics,1,223367.29,223367.29,Rawalpindi,Bank Transfer
ORD07199,CUST0314,Ahmed Raza,2025-10-04,Mouse,Electronics,2,2729.13,5458.26,Karachi,Cash
ORD07200,CUST1252,Maryam Ahmed,2026-04-10,Cricket Bat,Sports,2,3999.81,7999.62,Faisalabad,Bank Transfer
ORD07201,CUST1787,Hamza Shah,2026-08-06,Perfume,Beauty,8,19916.87,159334.96,Sialkot,Debit Card
ORD07202,CUST0278,Hassan Ali,2025-07-10,Jeans,Clothing,1,7561.59,7561.59,Faisalabad,Debit Card
ORD07203,CUST2085,Ali Khan,2025-01-09,Yoga Mat,Sports,8,1770.57,14164.56,Quetta,Cash
ORD07204,CUST1103,Omar Farooq,2026-04-05,Face Wash,Beauty,6,1653.36,9920.16,Peshawar,Bank Transfer
ORD07205,CUST1892,Ahmed Raza,2025-11-14,Microwave,Home & Kitchen,3,28562.28,85686.84,Islamabad,JazzCash
ORD07206,CUST1662,Sara Khan,2026-02-13,Perfume,Beauty,5,13512.58,67562.9,Sialkot,Bank Transfer
ORD07207,CUST1881,Bilal Ahmed,2026-08-09,T-Shirt,Clothing,3,3038.41,9115.23,Islamabad,Credit Card
ORD07208,CUST2084,Sara Khan,2025-01-27,Football,Sports,8,6181.1,49448.8,Rawalpindi,Credit Card
ORD07209,CUST1801,Maham Raza,2026-08-20,Vacuum Cleaner,Home & Kitchen,4,27448.87,109795.48,Lahore,EasyPaisa
ORD07210,CUST2104,Zainab Ali,2025-07-25,Hoodie,Clothing,1,9201.79,9201.79,Peshawar,Bank Transfer
ORD07211,CUST1242,Fatima Ahmed,2026-07-25,Skin Cream,Beauty,3,897.43,2692.29,Lahore,Credit Card
ORD07212,CUST2262,Fatima Ahmed,2026-01-23,Biscuits,Grocery,3,100.04,300.12,Sialkot,Debit Card
ORD07213,CUST2456,Ahmed Raza,2026-04-14,Keyboard,Electronics,5,10691.46,53457.3,Faisalabad,Debit Card
ORD07214,CUST2481,Hassan Ali,2026-05-18,Tea,Grocery,4,373.75,1495.0,Peshawar,Bank Transfer
ORD07215,CUST0530,Ayesha Khan,2026-07-07,Mouse,Electronics,1,6267.88,6267.88,Gujranwala,Credit Card
ORD07216,CUST1936,Huzaifa Ali,2026-09-01,Keyboard,Electronics,3,1670.94,5012.82,Lahore,JazzCash
ORD07217,CUST1729,Zainab Ali,2025-10-02,Running Shoes,Sports,3,19345.71,58037.13,Multan,Credit Card
ORD07218,CUST0496,Bilal Ahmed,2025-06-24,Smart Watch,Electronics,3,10897.77,32693.31,Gujranwala,EasyPaisa
ORD07219,CUST2198,Omar Farooq,2025-11-24,Headphones,Electronics,4,19644.33,78577.32,Islamabad,Bank Transfer
ORD07220,CUST1250,Fatima Ahmed,2025-08-19,Jeans,Clothing,3,3581.72,10745.16,Islamabad,Debit Card
ORD07221,CUST0878,Huzaifa Ali,2026-06-13,Mouse,Electronics,1,7142.67,7142.67,Gujranwala,Bank Transfer
ORD07222,CUST0684,Hassan Ali,2026-07-09,Football,Sports,5,3152.89,15764.45,Rawalpindi,Bank Transfer
ORD07223,CUST1619,Hamza Shah,2026-03-12,Jeans,Clothing,5,3646.96,18234.8,Sialkot,EasyPaisa
ORD07224,CUST1639,Omar Farooq,2026-06-06,Lipstick,Beauty,2,783.79,1567.58,Islamabad,Cash
ORD07225,CUST0331,Fatima Ahmed,2025-07-02,Jeans,Clothing,6,5399.6,32397.6,Multan,Bank Transfer
ORD07226,CUST1959,Ali Khan,2025-06-08,Air Fryer,Home & Kitchen,3,17919.17,53757.51,Lahore,Debit Card
ORD07227,CUST1042,Hassan Ali,2025-09-27,Skin Cream,Beauty,8,4649.06,37192.48,Islamabad,Bank Transfer
ORD07228,CUST0131,Omar Farooq,2025-07-25,Dinner Set,Home & Kitchen,8,14926.43,119411.44,Quetta,Debit Card
ORD07229,CUST1102,Ayesha Khan,2026-03-25,Shampoo,Beauty,4,2478.48,9913.92,Islamabad,Bank Transfer
ORD07230,CUST0019,Huzaifa Ali,2026-02-14,Mouse,Electronics,1,7313.16,7313.16,Rawalpindi,Cash
ORD07231,CUST1979,Maham Raza,2026-01-26,Running Shoes,Sports,7,14237.74,99664.18,Gujranwala,Debit Card
ORD07232,CUST1300,Maryam Ahmed,2025-04-06,Skin Cream,Beauty,8,2599.59,20796.72,Rawalpindi,Credit Card
ORD07233,CUST2416,Ahmed Raza,2026-05-26,Jacket,Clothing,4,17941.47,71765.88,Islamabad,Credit Card
ORD07234,CUST1338,Sara Khan,2025-02-27,Skin Cream,Beauty,5,4632.45,23162.25,Sialkot,Bank Transfer
ORD07235,CUST0692,Maryam Ahmed,2025-04-18,Vacuum Cleaner,Home & Kitchen,7,52420.09,366940.63,Gujranwala,Cash
ORD07236,CUST1147,Huzaifa Ali,2025-06-08,T-Shirt,Clothing,7,2953.38,20673.66,Lahore,EasyPaisa
ORD07237,CUST1862,Zainab Ali,2025-05-17,Shampoo,Beauty,5,1058.99,5294.95,Peshawar,Cash
ORD07238,CUST0223,Usman Malik,2025-06-04,Cereal,Grocery,8,669.99,5359.92,Quetta,Bank Transfer
ORD07239,CUST1353,Zainab Ali,2025-11-25,Football,Sports,8,1913.67,15309.36,Peshawar,JazzCash
ORD07240,CUST0177,Sara Khan,2025-04-25,Tea,Grocery,6,731.93,4391.58,Quetta,Bank Transfer
ORD07241,CUST0510,Hira Shah,2026-05-18,Air Fryer,Home & Kitchen,1,17989.7,17989.7,Quetta,Bank Transfer
ORD07242,CUST0075,Hassan Ali,2025-08-29,Biscuits,Grocery,1,274.05,274.05,Faisalabad,EasyPaisa
ORD07243,CUST2295,Omar Farooq,2025-01-10,Jeans,Clothing,1,6884.32,6884.32,Rawalpindi,Debit Card
ORD07244,CUST1282,Ali Khan,2025-11-24,Smart Watch,Electronics,2,24192.64,48385.28,Rawalpindi,EasyPaisa
ORD07245,CUST0041,Omar Farooq,2026-06-06,Cricket Bat,Sports,4,4205.0,16820.0,Multan,Debit Card
ORD07246,CUST0902,Hamza Shah,2026-03-28,T-Shirt,Clothing,4,4342.17,17368.68,Islamabad,Bank Transfer
ORD07247,CUST2257,Saad Khan,2025-10-05,Shampoo,Beauty,1,2908.39,2908.39,Gujranwala,Cash
ORD07248,CUST2319,Maryam Ahmed,2026-08-02,Skin Cream,Beauty,6,2844.15,17064.9,Rawalpindi,Credit Card
ORD07249,CUST2152,Ahmed Raza,2026-05-08,Cricket Bat,Sports,3,17127.16,51381.48,Sialkot,EasyPaisa
ORD07250,CUST2368,Hamza Shah,2025-08-04,Hoodie,Clothing,7,4264.65,29852.55,Lahore,JazzCash
ORD07251,CUST2302,Sara Khan,2026-04-17,T-Shirt,Clothing,7,2250.45,15753.15,Rawalpindi,Cash
ORD07252,CUST0277,Abdullah Raza,2026-08-16,Hoodie,Clothing,7,2976.88,20838.16,Faisalabad,EasyPaisa
ORD07253,CUST2203,Sara Khan,2026-09-20,Sugar,Grocery,7,159.77,1118.39,Faisalabad,Debit Card
ORD07254,CUST0174,Hamza Shah,2025-03-25,Dinner Set,Home & Kitchen,6,5028.13,30168.78,Multan,Debit Card
ORD07255,CUST1370,Maryam Ahmed,2025-11-27,Cricket Bat,Sports,3,12687.73,38063.19,Rawalpindi,Cash
ORD07256,CUST2025,Bilal Ahmed,2026-06-23,Football,Sports,1,7947.29,7947.29,Multan,EasyPaisa
ORD07257,CUST0661,Talha Malik,2025-05-15,Microwave,Home & Kitchen,1,45336.82,45336.82,Islamabad,JazzCash
ORD07258,CUST1996,Bilal Ahmed,2025-06-22,Cricket Ball,Sports,6,816.46,4898.76,Rawalpindi,Cash
ORD07259,CUST1582,Hira Shah,2025-03-11,Keyboard,Electronics,5,4297.26,21486.3,Rawalpindi,EasyPaisa
ORD07260,CUST1799,Bilal Ahmed,2026-08-20,Shoes,Clothing,6,13164.28,78985.68,Quetta,JazzCash
ORD07261,CUST0109,Maham Raza,2026-02-22,Rice,Grocery,5,609.42,3047.1,Rawalpindi,Bank Transfer
ORD07262,CUST1174,Ahmed Raza,2026-03-27,Coffee Maker,Home & Kitchen,6,28126.43,168758.58,Sialkot,JazzCash
ORD07263,CUST2065,Talha Malik,2026-09-02,Face Wash,Beauty,7,1148.91,8042.37,Karachi,JazzCash
ORD07264,CUST0516,Abdullah Raza,2025-06-12,Cricket Ball,Sports,7,2013.28,14092.96,Karachi,JazzCash
ORD07265,CUST0989,Danish Ahmed,2025-11-30,Cooking Oil,Grocery,1,889.59,889.59,Lahore,EasyPaisa
ORD07266,CUST1975,Talha Malik,2025-02-02,Laptop,Electronics,1,210777.34,210777.34,Gujranwala,Credit Card
ORD07267,CUST0833,Talha Malik,2026-02-23,Mouse,Electronics,3,4532.59,13597.77,Faisalabad,Cash
ORD07268,CUST0752,Hassan Ali,2025-08-01,Skin Cream,Beauty,1,2784.07,2784.07,Multan,Cash
ORD07269,CUST0615,Hassan Ali,2025-08-25,Yoga Mat,Sports,4,1442.28,5769.12,Quetta,Debit Card
ORD07270,CUST1162,Sana Malik,2025-12-25,Cricket Ball,Sports,5,2247.28,11236.4,Quetta,Credit Card
ORD07271,CUST1158,Maryam Ahmed,2025-10-25,Biscuits,Grocery,3,278.41,835.23,Quetta,Cash
ORD07272,CUST1588,Maryam Ahmed,2026-07-26,Tea,Grocery,7,321.36,2249.52,Sialkot,EasyPaisa
ORD07273,CUST0495,Omar Farooq,2026-01-20,Cricket Ball,Sports,1,751.34,751.34,Quetta,JazzCash
ORD07274,CUST1540,Usman Malik,2026-04-09,Skin Cream,Beauty,4,4434.86,17739.44,Gujranwala,Credit Card
ORD07275,CUST2231,Talha Malik,2025-01-31,Vacuum Cleaner,Home & Kitchen,4,42228.25,168913.0,Gujranwala,JazzCash
ORD07276,CUST0315,Hassan Ali,2026-05-28,Perfume,Beauty,3,13001.89,39005.67,Karachi,Credit Card
ORD07277,CUST1780,Talha Malik,2026-01-10,Cooking Oil,Grocery,2,816.07,1632.14,Karachi,Cash
ORD07278,CUST2490,Omar Farooq,2025-04-15,Shoes,Clothing,6,6769.96,40619.76,Rawalpindi,Debit Card
ORD07279,CUST0942,Talha Malik,2025-10-25,Cooking Oil,Grocery,5,1296.99,6484.95,Islamabad,EasyPaisa
ORD07280,CUST1454,Bilal Ahmed,2025-06-21,Hoodie,Clothing,2,4406.06,8812.12,Lahore,Cash
ORD07281,CUST0642,Saad Khan,2026-07-08,Microwave,Home & Kitchen,2,23958.41,47916.82,Karachi,Credit Card
ORD07282,CUST1766,Maryam Ahmed,2026-03-05,Coffee Maker,Home & Kitchen,7,28028.08,196196.56,Gujranwala,Credit Card
ORD07283,CUST2445,Fatima Ahmed,2025-06-23,Smartphone,Electronics,8,175585.97,1404687.76,Lahore,EasyPaisa
ORD07284,CUST0330,Omar Farooq,2025-12-25,Face Wash,Beauty,8,2688.88,21511.04,Quetta,JazzCash
ORD07285,CUST0461,Sana Malik,2026-06-28,Yoga Mat,Sports,5,5728.55,28642.75,Karachi,Bank Transfer
ORD07286,CUST1191,Zainab Ali,2026-07-24,Lipstick,Beauty,2,2231.33,4462.66,Karachi,EasyPaisa
ORD07287,CUST1435,Ayesha Khan,2026-03-13,T-Shirt,Clothing,5,3133.26,15666.3,Gujranwala,Debit Card
ORD07288,CUST2211,Sana Malik,2026-02-17,Smart Watch,Electronics,6,15494.92,92969.52,Multan,Bank Transfer
ORD07289,CUST0193,Maryam Ahmed,2025-04-12,Face Wash,Beauty,1,2235.02,2235.02,Multan,Credit Card
ORD07290,CUST0571,Zainab Ali,2025-06-18,Lipstick,Beauty,8,2977.41,23819.28,Quetta,Bank Transfer
ORD07291,CUST1018,Hamza Shah,2025-12-11,Cricket Ball,Sports,3,594.63,1783.89,Islamabad,Credit Card
ORD07292,CUST1499,Zainab Ali,2026-08-07,Cooking Oil,Grocery,5,872.82,4364.1,Lahore,Credit Card
ORD07293,CUST0543,Zainab Ali,2026-07-13,Football,Sports,6,4444.06,26664.36,Faisalabad,JazzCash
ORD07294,CUST1987,Saad Khan,2026-03-29,Sugar,Grocery,7,187.13,1309.91,Rawalpindi,EasyPaisa
ORD07295,CUST0826,Huzaifa Ali,2026-02-21,Headphones,Electronics,2,11281.88,22563.76,Lahore,JazzCash
ORD07296,CUST0054,Danish Ahmed,2025-11-03,Cooking Oil,Grocery,8,904.34,7234.72,Sialkot,Cash
ORD07297,CUST0457,Talha Malik,2025-06-23,Cooking Oil,Grocery,3,966.75,2900.25,Peshawar,Debit Card
ORD07298,CUST1458,Sana Malik,2025-10-20,Perfume,Beauty,2,6306.33,12612.66,Faisalabad,Cash
ORD07299,CUST1364,Ali Khan,2026-01-27,Cricket Bat,Sports,6,16092.08,96552.48,Multan,Bank Transfer
ORD07300,CUST2338,Hassan Ali,2025-10-05,Shampoo,Beauty,2,2225.17,4450.34,Islamabad,EasyPaisa
ORD07301,CUST0553,Abdullah Raza,2025-05-17,Jacket,Clothing,1,13983.69,13983.69,Rawalpindi,Debit Card
ORD07302,CUST1664,Omar Farooq,2026-06-08,Laptop,Electronics,5,189371.21,946856.05,Peshawar,EasyPaisa
ORD07303,CUST1038,Hira Shah,2026-07-06,Hoodie,Clothing,6,8014.51,48087.06,Lahore,JazzCash
ORD07304,CUST1382,Hamza Shah,2025-08-23,Keyboard,Electronics,5,11429.27,57146.35,Quetta,Debit Card
ORD07305,CUST0269,Ahmed Raza,2026-03-09,Face Wash,Beauty,3,700.96,2102.88,Gujranwala,Bank Transfer
ORD07306,CUST1831,Abdullah Raza,2025-09-14,Air Fryer,Home & Kitchen,2,21132.01,42264.02,Peshawar,Cash
ORD07307,CUST1373,Saad Khan,2026-01-04,Shoes,Clothing,8,10386.42,83091.36,Multan,Credit Card
ORD07308,CUST2096,Usman Malik,2026-07-06,Biscuits,Grocery,8,200.27,1602.16,Peshawar,Bank Transfer
ORD07309,CUST0320,Hamza Shah,2025-12-04,Biscuits,Grocery,7,208.74,1461.18,Sialkot,EasyPaisa
ORD07310,CUST0796,Hassan Ali,2026-05-02,Skin Cream,Beauty,5,2615.16,13075.8,Karachi,JazzCash
ORD07311,CUST1303,Maryam Ahmed,2025-10-28,Running Shoes,Sports,6,24876.44,149258.64,Faisalabad,JazzCash
ORD07312,CUST1401,Zainab Ali,2026-06-18,Running Shoes,Sports,1,4490.31,4490.31,Gujranwala,Bank Transfer
ORD07313,CUST1162,Ayesha Khan,2026-03-01,Face Wash,Beauty,6,1280.16,7680.96,Islamabad,JazzCash
ORD07314,CUST1745,Maham Raza,2025-11-26,Cricket Ball,Sports,2,1116.35,2232.7,Islamabad,JazzCash
ORD07315,CUST0663,Hira Shah,2026-01-28,Rice,Grocery,6,752.46,4514.76,Peshawar,EasyPaisa
ORD07316,CUST0516,Maryam Ahmed,2026-01-12,Skin Cream,Beauty,1,1049.47,1049.47,Sialkot,Credit Card
ORD07317,CUST0976,Hamza Shah,2026-02-12,Laptop,Electronics,5,170486.92,852434.6,Peshawar,Bank Transfer
ORD07318,CUST1646,Sana Malik,2026-02-14,Vacuum Cleaner,Home & Kitchen,1,56680.02,56680.02,Sialkot,Credit Card
ORD07319,CUST0863,Saad Khan,2026-07-06,Jeans,Clothing,6,5651.54,33909.24,Gujranwala,Credit Card
ORD07320,CUST2382,Ayesha Khan,2025-09-27,Cricket Bat,Sports,2,7988.19,15976.38,Islamabad,Debit Card
ORD07321,CUST0713,Ali Khan,2026-05-29,Dinner Set,Home & Kitchen,3,9195.13,27585.39,Peshawar,JazzCash
ORD07322,CUST1837,Usman Malik,2026-09-18,Tea,Grocery,8,486.88,3895.04,Lahore,EasyPaisa
ORD07323,CUST0161,Ali Khan,2025-01-01,Laptop,Electronics,2,97298.07,194596.14,Rawalpindi,Credit Card
ORD07324,CUST2297,Ali Khan,2026-04-23,Running Shoes,Sports,2,12382.92,24765.84,Gujranwala,Bank Transfer
ORD07325,CUST0285,Hira Shah,2026-08-18,Lipstick,Beauty,5,3286.55,16432.75,Islamabad,JazzCash
ORD07326,CUST0606,Danish Ahmed,2025-01-04,Running Shoes,Sports,6,20341.34,122048.04,Faisalabad,Credit Card
ORD07327,CUST2351,Hamza Shah,2025-05-17,Blender,Home & Kitchen,3,14853.82,44561.46,Multan,Credit Card
ORD07328,CUST0300,Abdullah Raza,2026-05-08,Microwave,Home & Kitchen,3,32608.17,97824.51,Quetta,JazzCash
ORD07329,CUST1183,Bilal Ahmed,2025-06-21,Running Shoes,Sports,7,23069.02,161483.14,Sialkot,Credit Card
ORD07330,CUST0183,Hamza Shah,2026-05-01,Hoodie,Clothing,1,2686.6,2686.6,Quetta,JazzCash
ORD07331,CUST2291,Hira Shah,2025-10-31,Air Fryer,Home & Kitchen,4,21113.59,84454.36,Faisalabad,EasyPaisa
ORD07332,CUST2243,Omar Farooq,2026-04-12,Headphones,Electronics,1,22942.55,22942.55,Karachi,Credit Card
ORD07333,CUST1118,Danish Ahmed,2025-08-20,Jeans,Clothing,6,3249.41,19496.46,Quetta,JazzCash
ORD07334,CUST0123,Ayesha Khan,2025-03-15,T-Shirt,Clothing,5,4380.7,21903.5,Quetta,Debit Card
ORD07335,CUST1673,Hira Shah,2026-07-29,Tablet,Electronics,5,30644.58,153222.9,Gujranwala,Bank Transfer
ORD07336,CUST1860,Omar Farooq,2026-09-17,Skin Cream,Beauty,4,1504.15,6016.6,Islamabad,JazzCash
ORD07337,CUST0883,Maham Raza,2026-02-28,Lipstick,Beauty,5,612.47,3062.35,Multan,Debit Card
ORD07338,CUST2322,Usman Malik,2026-09-07,Football,Sports,2,1942.17,3884.34,Faisalabad,Bank Transfer
ORD07339,CUST1380,Abdullah Raza,2025-07-15,Skin Cream,Beauty,6,2196.47,13178.82,Multan,Credit Card
ORD07340,CUST1113,Abdullah Raza,2026-01-09,Laptop,Electronics,7,209271.95,1464903.65,Quetta,Cash
ORD07341,CUST2407,Abdullah Raza,2026-01-05,Dinner Set,Home & Kitchen,5,17757.57,88787.85,Karachi,Debit Card
ORD07342,CUST0561,Ahmed Raza,2025-01-05,Microwave,Home & Kitchen,2,42659.28,85318.56,Rawalpindi,EasyPaisa
ORD07343,CUST1012,Sara Khan,2025-03-16,Lipstick,Beauty,8,505.76,4046.08,Lahore,Debit Card
ORD07344,CUST0139,Sana Malik,2025-01-07,T-Shirt,Clothing,2,1736.52,3473.04,Peshawar,EasyPaisa
ORD07345,CUST0166,Ahmed Raza,2025-03-24,Biscuits,Grocery,3,167.88,503.64,Gujranwala,Debit Card
ORD07346,CUST1357,Sara Khan,2025-12-22,Lipstick,Beauty,3,1598.01,4794.03,Gujranwala,JazzCash
ORD07347,CUST1091,Sana Malik,2025-11-26,Jeans,Clothing,1,3575.07,3575.07,Karachi,JazzCash
ORD07348,CUST0880,Danish Ahmed,2026-05-25,Laptop,Electronics,7,132494.43,927461.01,Islamabad,EasyPaisa
ORD07349,CUST0038,Hira Shah,2026-04-22,Shoes,Clothing,1,19589.31,19589.31,Faisalabad,Bank Transfer
ORD07350,CUST2149,Omar Farooq,2025-12-09,Lipstick,Beauty,4,996.02,3984.08,Gujranwala,Bank Transfer
ORD07351,CUST0223,Sana Malik,2025-05-23,Shampoo,Beauty,6,839.6,5037.6,Quetta,JazzCash
ORD07352,CUST1830,Hira Shah,2025-01-08,Laptop,Electronics,4,125110.36,500441.44,Islamabad,JazzCash
ORD07353,CUST0646,Maryam Ahmed,2026-07-14,Jeans,Clothing,4,4852.63,19410.52,Faisalabad,Credit Card
ORD07354,CUST0523,Zainab Ali,2025-06-15,Face Wash,Beauty,7,889.97,6229.79,Lahore,JazzCash
ORD07355,CUST0561,Ayesha Khan,2025-08-30,Jacket,Clothing,8,11412.91,91303.28,Lahore,Cash
ORD07356,CUST0123,Ayesha Khan,2026-01-08,Coffee Maker,Home & Kitchen,8,12902.05,103216.4,Gujranwala,Cash
ORD07357,CUST1292,Hassan Ali,2026-07-09,Shampoo,Beauty,2,2744.97,5489.94,Lahore,Credit Card
ORD07358,CUST0081,Fatima Ahmed,2025-05-04,Lipstick,Beauty,1,867.93,867.93,Faisalabad,Credit Card
ORD07359,CUST2210,Ahmed Raza,2026-08-21,T-Shirt,Clothing,1,2581.56,2581.56,Sialkot,EasyPaisa
ORD07360,CUST0225,Saad Khan,2025-01-21,Jacket,Clothing,7,4574.36,32020.52,Quetta,JazzCash
ORD07361,CUST1341,Saad Khan,2026-01-18,Shampoo,Beauty,7,2534.15,17739.05,Faisalabad,Credit Card
ORD07362,CUST1599,Saad Khan,2026-03-27,Jacket,Clothing,8,6590.87,52726.96,Multan,JazzCash
ORD07363,CUST0580,Abdullah Raza,2025-11-16,Air Fryer,Home & Kitchen,5,27941.85,139709.25,Islamabad,JazzCash
ORD07364,CUST1473,Bilal Ahmed,2025-05-30,Tea,Grocery,4,320.75,1283.0,Peshawar,JazzCash
ORD07365,CUST0370,Sara Khan,2025-06-27,Dinner Set,Home & Kitchen,3,8469.11,25407.33,Peshawar,Cash
ORD07366,CUST2495,Huzaifa Ali,2025-10-09,Shampoo,Beauty,2,1106.6,2213.2,Quetta,Cash
ORD07367,CUST1304,Maryam Ahmed,2025-08-16,Cricket Ball,Sports,1,863.25,863.25,Quetta,JazzCash
ORD07368,CUST1188,Abdullah Raza,2025-02-21,Face Wash,Beauty,5,800.52,4002.6,Rawalpindi,EasyPaisa
ORD07369,CUST0939,Usman Malik,2025-05-31,Cereal,Grocery,7,1461.84,10232.88,Quetta,Debit Card
ORD07370,CUST1219,Talha Malik,2025-07-24,Cricket Ball,Sports,8,908.17,7265.36,Quetta,Bank Transfer
ORD07371,CUST2197,Maham Raza,2025-11-24,Cooking Oil,Grocery,7,562.4,3936.8,Gujranwala,Credit Card
ORD07372,CUST2404,Usman Malik,2026-02-02,Sugar,Grocery,5,397.82,1989.1,Multan,Bank Transfer
ORD07373,CUST1003,Talha Malik,2025-01-30,Yoga Mat,Sports,4,3849.92,15399.68,Gujranwala,Debit Card
ORD07374,CUST2322,Saad Khan,2025-05-10,Perfume,Beauty,5,18595.19,92975.95,Rawalpindi,JazzCash
ORD07375,CUST1284,Ali Khan,2026-04-17,Lipstick,Beauty,1,1934.31,1934.31,Multan,JazzCash
ORD07376,CUST1491,Hamza Shah,2025-12-28,Laptop,Electronics,6,237345.9,1424075.4,Lahore,JazzCash
ORD07377,CUST2135,Hira Shah,2026-07-30,Dinner Set,Home & Kitchen,2,14009.42,28018.84,Sialkot,JazzCash
ORD07378,CUST1999,Usman Malik,2025-03-07,Laptop,Electronics,1,137001.1,137001.1,Gujranwala,JazzCash
ORD07379,CUST0763,Sara Khan,2025-03-23,Hoodie,Clothing,1,5921.73,5921.73,Gujranwala,Credit Card
ORD07380,CUST1069,Hassan Ali,2025-06-22,Football,Sports,7,3814.8,26703.6,Lahore,JazzCash
ORD07381,CUST1654,Danish Ahmed,2025-04-09,Tablet,Electronics,2,83900.2,167800.4,Quetta,JazzCash
ORD07382,CUST0624,Hira Shah,2025-12-08,Perfume,Beauty,4,8507.69,34030.76,Gujranwala,Credit Card
ORD07383,CUST0343,Abdullah Raza,2026-04-04,Football,Sports,5,5430.14,27150.7,Lahore,Bank Transfer
ORD07384,CUST1941,Ayesha Khan,2025-02-02,Jeans,Clothing,2,3625.24,7250.48,Islamabad,Debit Card
ORD07385,CUST0742,Ayesha Khan,2025-05-04,Tea,Grocery,3,861.11,2583.33,Lahore,Credit Card
ORD07386,CUST1679,Fatima Ahmed,2025-11-29,Dinner Set,Home & Kitchen,1,13810.64,13810.64,Rawalpindi,Cash
ORD07387,CUST1147,Hira Shah,2025-02-28,Cooking Oil,Grocery,2,1275.14,2550.28,Rawalpindi,Cash
ORD07388,CUST0273,Abdullah Raza,2025-01-17,Smart Watch,Electronics,8,32675.92,261407.36,Gujranwala,JazzCash
ORD07389,CUST1210,Maham Raza,2025-11-05,Face Wash,Beauty,6,1374.53,8247.18,Sialkot,Credit Card
ORD07390,CUST1471,Sana Malik,2025-06-02,Smart Watch,Electronics,2,9264.13,18528.26,Quetta,Cash
ORD07391,CUST0967,Maham Raza,2025-04-16,Skin Cream,Beauty,5,2848.4,14242.0,Lahore,Debit Card
ORD07392,CUST1978,Hamza Shah,2025-09-18,Vacuum Cleaner,Home & Kitchen,7,15283.55,106984.85,Gujranwala,Bank Transfer
ORD07393,CUST1676,Huzaifa Ali,2025-07-16,Cereal,Grocery,5,542.89,2714.45,Karachi,Credit Card
ORD07394,CUST1153,Huzaifa Ali,2026-09-23,Tablet,Electronics,4,107768.39,431073.56,Lahore,JazzCash
ORD07395,CUST1025,Maham Raza,2026-06-29,T-Shirt,Clothing,8,4310.12,34480.96,Gujranwala,Debit Card
ORD07396,CUST0662,Maryam Ahmed,2025-05-16,Dinner Set,Home & Kitchen,3,8821.11,26463.33,Quetta,JazzCash
ORD07397,CUST1777,Talha Malik,2026-03-10,Football,Sports,1,2342.58,2342.58,Islamabad,Debit Card
ORD07398,CUST1111,Maham Raza,2025-09-18,Shoes,Clothing,5,15993.82,79969.1,Karachi,Bank Transfer
ORD07399,CUST0589,Usman Malik,2025-11-01,Perfume,Beauty,8,9597.71,76781.68,Lahore,EasyPaisa
ORD07400,CUST0819,Talha Malik,2025-10-30,T-Shirt,Clothing,5,2780.36,13901.8,Karachi,Cash
ORD07401,CUST1417,Fatima Ahmed,2026-04-01,Yoga Mat,Sports,6,2280.98,13685.88,Islamabad,Credit Card
ORD07402,CUST1869,Bilal Ahmed,2026-08-03,Cooking Oil,Grocery,5,837.61,4188.05,Faisalabad,EasyPaisa
ORD07403,CUST0661,Zainab Ali,2025-06-19,Biscuits,Grocery,4,204.67,818.68,Rawalpindi,Debit Card
ORD07404,CUST1827,Fatima Ahmed,2026-04-04,Smartphone,Electronics,3,173352.97,520058.91,Peshawar,Bank Transfer
ORD07405,CUST0454,Ayesha Khan,2026-05-19,Perfume,Beauty,5,5868.08,29340.4,Quetta,Cash
ORD07406,CUST0576,Hassan Ali,2025-12-10,Dinner Set,Home & Kitchen,8,18107.77,144862.16,Islamabad,Cash
ORD07407,CUST1251,Ali Khan,2025-02-04,Cricket Bat,Sports,1,24535.41,24535.41,Islamabad,Credit Card
ORD07408,CUST0927,Huzaifa Ali,2025-07-12,Cricket Ball,Sports,1,765.72,765.72,Quetta,Bank Transfer
ORD07409,CUST0135,Ahmed Raza,2026-01-03,Hoodie,Clothing,4,4762.83,19051.32,Islamabad,Cash
ORD07410,CUST0813,Hira Shah,2026-07-11,Vacuum Cleaner,Home & Kitchen,4,47740.8,190963.2,Peshawar,JazzCash
ORD07411,CUST1388,Saad Khan,2026-02-21,Shampoo,Beauty,4,2455.78,9823.12,Peshawar,Bank Transfer
ORD07412,CUST1316,Hamza Shah,2026-07-10,Shampoo,Beauty,8,2387.37,19098.96,Rawalpindi,Bank Transfer
ORD07413,CUST1015,Hassan Ali,2025-11-25,Cricket Ball,Sports,6,1087.51,6525.06,Sialkot,JazzCash
ORD07414,CUST1277,Bilal Ahmed,2026-08-19,Sugar,Grocery,6,197.47,1184.82,Gujranwala,Credit Card
ORD07415,CUST1629,Sara Khan,2025-04-22,Smart Watch,Electronics,7,30892.88,216250.16,Peshawar,Credit Card
ORD07416,CUST0335,Hamza Shah,2026-09-10,Jacket,Clothing,1,6586.8,6586.8,Multan,Debit Card
ORD07417,CUST2481,Maryam Ahmed,2025-10-30,Football,Sports,3,3964.29,11892.87,Quetta,Cash
ORD07418,CUST1068,Ahmed Raza,2025-03-14,Vacuum Cleaner,Home & Kitchen,2,59388.29,118776.58,Peshawar,Debit Card
ORD07419,CUST0392,Hassan Ali,2025-12-28,Cricket Ball,Sports,7,2474.91,17324.37,Peshawar,JazzCash
ORD07420,CUST1461,Ayesha Khan,2026-04-15,Cricket Ball,Sports,1,2452.23,2452.23,Multan,Cash
ORD07421,CUST0673,Abdullah Raza,2026-02-28,Hoodie,Clothing,6,4362.03,26172.18,Rawalpindi,Credit Card
ORD07422,CUST0445,Zainab Ali,2025-12-05,Vacuum Cleaner,Home & Kitchen,7,42026.87,294188.09,Gujranwala,Credit Card
ORD07423,CUST1643,Ahmed Raza,2026-05-14,Jeans,Clothing,5,7998.23,39991.15,Multan,EasyPaisa
ORD07424,CUST0344,Hassan Ali,2026-03-20,Sugar,Grocery,6,252.07,1512.42,Faisalabad,EasyPaisa
ORD07425,CUST0400,Sana Malik,2025-09-22,Face Wash,Beauty,5,1075.36,5376.8,Peshawar,JazzCash
ORD07426,CUST2405,Bilal Ahmed,2026-06-06,Lipstick,Beauty,4,2535.07,10140.28,Multan,Bank Transfer
ORD07427,CUST0917,Talha Malik,2026-09-02,Hoodie,Clothing,5,3256.91,16284.55,Rawalpindi,Debit Card
ORD07428,CUST0329,Hira Shah,2025-03-28,Cricket Bat,Sports,4,16488.73,65954.92,Gujranwala,JazzCash
ORD07429,CUST2148,Sara Khan,2026-04-04,Cereal,Grocery,5,690.32,3451.6,Gujranwala,JazzCash
ORD07430,CUST0355,Hamza Shah,2026-06-29,Jeans,Clothing,2,2521.11,5042.22,Peshawar,EasyPaisa
ORD07431,CUST2470,Talha Malik,2026-02-08,Air Fryer,Home & Kitchen,3,31253.98,93761.94,Karachi,EasyPaisa
ORD07432,CUST0936,Abdullah Raza,2025-12-18,Running Shoes,Sports,2,18416.94,36833.88,Gujranwala,Bank Transfer
ORD07433,CUST1114,Usman Malik,2025-12-26,Tea,Grocery,1,1157.12,1157.12,Sialkot,Cash
ORD07434,CUST0501,Talha Malik,2025-05-05,Skin Cream,Beauty,6,3207.18,19243.08,Faisalabad,Credit Card
ORD07435,CUST1271,Ali Khan,2026-03-31,Rice,Grocery,3,421.33,1263.99,Faisalabad,Debit Card
ORD07436,CUST2318,Omar Farooq,2026-05-29,Smartphone,Electronics,6,154374.27,926245.62,Quetta,Cash
ORD07437,CUST1856,Fatima Ahmed,2025-12-20,Perfume,Beauty,4,3365.46,13461.84,Rawalpindi,Cash
ORD07438,CUST1276,Abdullah Raza,2025-01-31,Skin Cream,Beauty,1,4918.03,4918.03,Islamabad,Debit Card
ORD07439,CUST2221,Maham Raza,2025-06-04,Rice,Grocery,2,708.77,1417.54,Faisalabad,Bank Transfer
ORD07440,CUST1640,Ayesha Khan,2025-07-02,Yoga Mat,Sports,8,3874.61,30996.88,Karachi,Bank Transfer
ORD07441,CUST1782,Sara Khan,2026-07-21,Blender,Home & Kitchen,1,11655.84,11655.84,Quetta,Cash
ORD07442,CUST2453,Ali Khan,2026-04-05,Vacuum Cleaner,Home & Kitchen,6,49831.47,298988.82,Rawalpindi,Debit Card
ORD07443,CUST0614,Saad Khan,2025-10-05,Vacuum Cleaner,Home & Kitchen,7,17073.14,119511.98,Islamabad,Credit Card
ORD07444,CUST2060,Talha Malik,2026-06-30,Dinner Set,Home & Kitchen,5,17576.46,87882.3,Peshawar,EasyPaisa
ORD07445,CUST2124,Sana Malik,2025-10-17,Football,Sports,7,4995.19,34966.33,Karachi,Credit Card
ORD07446,CUST1435,Danish Ahmed,2025-02-05,Smartphone,Electronics,7,61868.35,433078.45,Rawalpindi,JazzCash
ORD07447,CUST0925,Zainab Ali,2025-05-27,Keyboard,Electronics,8,5614.7,44917.6,Islamabad,JazzCash
ORD07448,CUST0366,Hamza Shah,2026-01-26,Vacuum Cleaner,Home & Kitchen,4,58367.22,233468.88,Rawalpindi,EasyPaisa
ORD07449,CUST0421,Sara Khan,2026-04-26,Lipstick,Beauty,6,702.22,4213.32,Islamabad,EasyPaisa
ORD07450,CUST2064,Talha Malik,2025-11-06,Shampoo,Beauty,6,2042.74,12256.44,Lahore,Bank Transfer
ORD07451,CUST1094,Hira Shah,2025-05-01,Smart Watch,Electronics,7,22225.28,155576.96,Sialkot,EasyPaisa
ORD07452,CUST0181,Hamza Shah,2026-02-19,Dinner Set,Home & Kitchen,6,7916.99,47501.94,Peshawar,JazzCash
ORD07453,CUST1801,Saad Khan,2026-04-11,Shampoo,Beauty,7,2206.31,15444.17,Sialkot,Debit Card
ORD07454,CUST0883,Danish Ahmed,2025-12-11,Jeans,Clothing,8,4494.93,35959.44,Rawalpindi,Cash
ORD07455,CUST1549,Ali Khan,2025-05-09,Shoes,Clothing,4,23507.32,94029.28,Rawalpindi,EasyPaisa
ORD07456,CUST1169,Bilal Ahmed,2026-03-25,Running Shoes,Sports,6,24671.05,148026.3,Rawalpindi,JazzCash
ORD07457,CUST1852,Usman Malik,2025-08-12,Face Wash,Beauty,1,1623.55,1623.55,Quetta,Cash
ORD07458,CUST1167,Hira Shah,2026-04-13,Lipstick,Beauty,1,1626.81,1626.81,Karachi,Bank Transfer
ORD07459,CUST1239,Zainab Ali,2025-12-12,T-Shirt,Clothing,7,2155.08,15085.56,Peshawar,Debit Card
ORD07460,CUST1601,Omar Farooq,2025-08-03,Sugar,Grocery,7,205.27,1436.89,Gujranwala,Bank Transfer
ORD07461,CUST0721,Omar Farooq,2025-05-24,Smartphone,Electronics,3,167047.87,501143.61,Lahore,Debit Card
ORD07462,CUST2338,Huzaifa Ali,2026-09-01,T-Shirt,Clothing,8,1415.28,11322.24,Islamabad,Cash
ORD07463,CUST0189,Usman Malik,2026-05-26,Vacuum Cleaner,Home & Kitchen,4,39169.96,156679.84,Islamabad,Credit Card
ORD07464,CUST1930,Maham Raza,2026-05-22,Jacket,Clothing,4,14809.17,59236.68,Sialkot,Cash
ORD07465,CUST0634,Ali Khan,2026-09-26,Smartphone,Electronics,3,118054.23,354162.69,Karachi,Credit Card
ORD07466,CUST1943,Fatima Ahmed,2025-11-25,Shoes,Clothing,5,3318.71,16593.55,Lahore,Bank Transfer
ORD07467,CUST2466,Usman Malik,2025-10-31,Shampoo,Beauty,8,743.14,5945.12,Karachi,Credit Card
ORD07468,CUST2375,Sara Khan,2026-02-26,Face Wash,Beauty,4,1846.39,7385.56,Faisalabad,EasyPaisa
ORD07469,CUST0919,Usman Malik,2026-07-29,Hoodie,Clothing,7,8801.3,61609.1,Rawalpindi,EasyPaisa
ORD07470,CUST2303,Omar Farooq,2025-09-13,Keyboard,Electronics,4,1702.37,6809.48,Rawalpindi,JazzCash
ORD07471,CUST0288,Sana Malik,2026-02-19,Running Shoes,Sports,4,19690.84,78763.36,Lahore,Debit Card
ORD07472,CUST1723,Usman Malik,2026-01-09,Cereal,Grocery,5,855.45,4277.25,Multan,EasyPaisa
ORD07473,CUST1631,Danish Ahmed,2025-01-12,Smart Watch,Electronics,2,9448.29,18896.58,Sialkot,Debit Card
ORD07474,CUST0967,Usman Malik,2025-06-18,Cricket Bat,Sports,3,20572.46,61717.38,Sialkot,JazzCash
ORD07475,CUST2380,Omar Farooq,2026-06-20,Yoga Mat,Sports,6,3897.11,23382.66,Islamabad,Cash
ORD07476,CUST1970,Hassan Ali,2025-01-08,Mouse,Electronics,2,1079.12,2158.24,Rawalpindi,Credit Card
ORD07477,CUST1802,Saad Khan,2025-11-04,Cricket Bat,Sports,8,17385.81,139086.48,Rawalpindi,Cash
ORD07478,CUST0507,Ali Khan,2025-10-01,Smart Watch,Electronics,5,40608.63,203043.15,Gujranwala,EasyPaisa
ORD07479,CUST0621,Zainab Ali,2025-09-14,Jacket,Clothing,5,14663.13,73315.65,Rawalpindi,JazzCash
ORD07480,CUST2032,Saad Khan,2025-04-05,Microwave,Home & Kitchen,5,26534.92,132674.6,Multan,EasyPaisa
ORD07481,CUST0882,Abdullah Raza,2025-06-09,Coffee Maker,Home & Kitchen,1,24221.21,24221.21,Islamabad,EasyPaisa
ORD07482,CUST1799,Usman Malik,2026-01-19,Cricket Bat,Sports,2,4795.06,9590.12,Sialkot,Cash
ORD07483,CUST0717,Ayesha Khan,2026-08-15,Tablet,Electronics,8,84123.51,672988.08,Faisalabad,Cash
ORD07484,CUST0592,Maham Raza,2025-11-05,Keyboard,Electronics,3,9348.19,28044.57,Lahore,Debit Card
ORD07485,CUST0646,Sara Khan,2026-01-21,Lipstick,Beauty,1,1211.72,1211.72,Gujranwala,Debit Card
ORD07486,CUST1770,Huzaifa Ali,2026-04-25,Blender,Home & Kitchen,8,17296.52,138372.16,Sialkot,JazzCash
ORD07487,CUST1794,Hassan Ali,2026-07-01,Keyboard,Electronics,7,6424.8,44973.6,Sialkot,JazzCash
ORD07488,CUST2237,Usman Malik,2026-01-11,T-Shirt,Clothing,8,2345.27,18762.16,Lahore,Cash
ORD07489,CUST0615,Maham Raza,2026-06-24,Cricket Ball,Sports,1,626.73,626.73,Sialkot,Bank Transfer
ORD07490,CUST0475,Talha Malik,2025-04-10,Jeans,Clothing,6,2807.68,16846.08,Peshawar,EasyPaisa
ORD07491,CUST2069,Saad Khan,2025-06-05,Jacket,Clothing,6,16545.34,99272.04,Lahore,Cash
ORD07492,CUST1124,Sara Khan,2026-01-09,Dinner Set,Home & Kitchen,1,18550.79,18550.79,Sialkot,Cash
ORD07493,CUST1945,Ali Khan,2025-03-31,Blender,Home & Kitchen,6,11577.83,69466.98,Faisalabad,Credit Card
ORD07494,CUST2146,Maryam Ahmed,2025-01-23,Mouse,Electronics,4,2836.31,11345.24,Gujranwala,EasyPaisa
ORD07495,CUST0660,Hassan Ali,2025-08-18,Tea,Grocery,7,1135.78,7950.46,Gujranwala,Debit Card
ORD07496,CUST2261,Ahmed Raza,2025-11-26,Blender,Home & Kitchen,4,8028.11,32112.44,Islamabad,Bank Transfer
ORD07497,CUST0116,Bilal Ahmed,2025-01-16,Laptop,Electronics,8,108844.85,870758.8,Rawalpindi,Credit Card
ORD07498,CUST1789,Hassan Ali,2025-01-25,Dinner Set,Home & Kitchen,6,6230.34,37382.04,Quetta,Debit Card
ORD07499,CUST0219,Saad Khan,2026-04-30,Football,Sports,6,6320.61,37923.66,Gujranwala,Credit Card
ORD07500,CUST0393,Hira Shah,2025-09-28,Hoodie,Clothing,1,9964.57,9964.57,Karachi,Debit Card
ORD07501,CUST2396,Hamza Shah,2025-11-08,Jacket,Clothing,4,15749.14,62996.56,Gujranwala,EasyPaisa
ORD07502,CUST1173,Sara Khan,2026-04-09,Jacket,Clothing,6,15545.5,93273.0,Faisalabad,Bank Transfer
ORD07503,CUST0066,Omar Farooq,2025-10-06,Jeans,Clothing,1,8932.0,8932.0,Lahore,Bank Transfer
ORD07504,CUST0485,Maham Raza,2026-05-28,Cricket Ball,Sports,2,1595.05,3190.1,Gujranwala,Debit Card
ORD07505,CUST2468,Bilal Ahmed,2025-05-09,Jacket,Clothing,7,4044.97,28314.79,Multan,EasyPaisa
ORD07506,CUST0259,Abdullah Raza,2026-09-19,Football,Sports,5,6269.16,31345.8,Faisalabad,Credit Card
ORD07507,CUST0839,Saad Khan,2025-06-30,Cooking Oil,Grocery,2,738.21,1476.42,Peshawar,Bank Transfer
ORD07508,CUST0641,Bilal Ahmed,2025-03-02,Air Fryer,Home & Kitchen,6,21268.5,127611.0,Lahore,Bank Transfer
ORD07509,CUST2362,Bilal Ahmed,2026-05-23,Perfume,Beauty,5,9048.72,45243.6,Quetta,EasyPaisa
ORD07510,CUST1623,Zainab Ali,2025-10-14,Blender,Home & Kitchen,3,7760.58,23281.74,Karachi,EasyPaisa
ORD07511,CUST1781,Hamza Shah,2025-09-19,Jacket,Clothing,2,16298.31,32596.62,Islamabad,Cash
ORD07512,CUST2075,Ayesha Khan,2026-08-27,Keyboard,Electronics,8,4286.29,34290.32,Faisalabad,Cash
ORD07513,CUST0246,Hamza Shah,2026-03-08,Headphones,Electronics,2,25095.79,50191.58,Lahore,EasyPaisa
ORD07514,CUST1266,Danish Ahmed,2025-09-05,Cricket Bat,Sports,8,20059.49,160475.92,Sialkot,JazzCash
ORD07515,CUST0988,Danish Ahmed,2025-08-15,Jeans,Clothing,6,3119.66,18717.96,Quetta,Debit Card
ORD07516,CUST2238,Hira Shah,2025-05-15,T-Shirt,Clothing,6,3078.39,18470.34,Karachi,Credit Card
ORD07517,CUST0135,Bilal Ahmed,2025-02-18,Cricket Bat,Sports,1,8618.23,8618.23,Multan,EasyPaisa
ORD07518,CUST0343,Huzaifa Ali,2026-07-07,Shoes,Clothing,6,21461.48,128768.88,Rawalpindi,Debit Card
ORD07519,CUST1938,Fatima Ahmed,2026-07-29,Keyboard,Electronics,3,1973.68,5921.04,Lahore,Bank Transfer
ORD07520,CUST1070,Bilal Ahmed,2026-06-14,Skin Cream,Beauty,8,2811.42,22491.36,Rawalpindi,Debit Card
ORD07521,CUST1777,Sana Malik,2025-06-13,Keyboard,Electronics,1,7392.86,7392.86,Islamabad,Cash
ORD07522,CUST1588,Ayesha Khan,2025-03-16,Cricket Ball,Sports,5,1670.82,8354.1,Faisalabad,Debit Card
ORD07523,CUST1705,Danish Ahmed,2026-05-12,Sugar,Grocery,3,312.49,937.47,Rawalpindi,EasyPaisa
ORD07524,CUST1503,Maryam Ahmed,2025-03-24,Cricket Bat,Sports,6,3125.94,18755.64,Lahore,Debit Card
ORD07525,CUST1186,Ayesha Khan,2025-01-12,Vacuum Cleaner,Home & Kitchen,4,23493.37,93973.48,Faisalabad,EasyPaisa
ORD07526,CUST2116,Talha Malik,2026-02-03,Dinner Set,Home & Kitchen,3,5785.91,17357.73,Faisalabad,Debit Card
ORD07527,CUST1078,Ali Khan,2025-04-25,Jeans,Clothing,4,6874.7,27498.8,Islamabad,EasyPaisa
ORD07528,CUST0436,Ali Khan,2026-07-13,Smartphone,Electronics,1,176948.81,176948.81,Rawalpindi,EasyPaisa
ORD07529,CUST2014,Maham Raza,2025-01-13,Laptop,Electronics,5,90909.26,454546.3,Multan,EasyPaisa
ORD07530,CUST1706,Omar Farooq,2025-03-15,Biscuits,Grocery,3,248.16,744.48,Faisalabad,EasyPaisa
ORD07531,CUST0244,Zainab Ali,2025-08-28,Vacuum Cleaner,Home & Kitchen,5,48129.82,240649.1,Rawalpindi,Debit Card
ORD07532,CUST0087,Saad Khan,2025-12-30,Vacuum Cleaner,Home & Kitchen,6,55649.96,333899.76,Islamabad,Credit Card
ORD07533,CUST0329,Ayesha Khan,2026-02-08,Face Wash,Beauty,2,1820.6,3641.2,Quetta,Bank Transfer
ORD07534,CUST0925,Bilal Ahmed,2026-05-18,Smart Watch,Electronics,1,40387.92,40387.92,Quetta,Cash
ORD07535,CUST0584,Huzaifa Ali,2025-10-29,Coffee Maker,Home & Kitchen,6,12134.99,72809.94,Faisalabad,JazzCash
ORD07536,CUST0216,Omar Farooq,2025-07-01,Lipstick,Beauty,8,1251.48,10011.84,Islamabad,Credit Card
ORD07537,CUST0249,Sana Malik,2026-05-09,Face Wash,Beauty,3,2410.79,7232.37,Sialkot,Debit Card
ORD07538,CUST0656,Hira Shah,2025-01-30,Jeans,Clothing,5,5599.95,27999.75,Multan,Debit Card
ORD07539,CUST2293,Ahmed Raza,2026-01-11,Shampoo,Beauty,5,2389.55,11947.75,Islamabad,Credit Card
ORD07540,CUST1452,Fatima Ahmed,2026-06-01,Cricket Bat,Sports,2,5655.11,11310.22,Gujranwala,Bank Transfer
ORD07541,CUST0966,Saad Khan,2025-09-17,Mouse,Electronics,2,3145.61,6291.22,Gujranwala,Bank Transfer
ORD07542,CUST0189,Abdullah Raza,2026-08-16,Shoes,Clothing,5,7959.49,39797.45,Sialkot,Debit Card
ORD07543,CUST0271,Omar Farooq,2026-07-01,Cricket Ball,Sports,2,1494.71,2989.42,Islamabad,Debit Card
ORD07544,CUST1676,Hamza Shah,2025-10-19,Headphones,Electronics,2,6619.14,13238.28,Rawalpindi,Credit Card
ORD07545,CUST0241,Hassan Ali,2026-04-29,Air Fryer,Home & Kitchen,4,22070.22,88280.88,Multan,Debit Card
ORD07546,CUST0491,Fatima Ahmed,2026-07-17,Vacuum Cleaner,Home & Kitchen,5,32583.22,162916.1,Karachi,Bank Transfer
ORD07547,CUST0232,Maryam Ahmed,2026-07-26,Coffee Maker,Home & Kitchen,2,29495.23,58990.46,Faisalabad,EasyPaisa
ORD07548,CUST1757,Sara Khan,2026-09-26,Jeans,Clothing,4,7384.89,29539.56,Multan,Credit Card
ORD07549,CUST2431,Ali Khan,2025-04-19,Shampoo,Beauty,5,2637.94,13189.7,Gujranwala,Credit Card
ORD07550,CUST1529,Sara Khan,2025-10-09,Tea,Grocery,8,585.39,4683.12,Multan,EasyPaisa
ORD07551,CUST1999,Sara Khan,2025-01-19,Yoga Mat,Sports,6,1750.81,10504.86,Rawalpindi,Credit Card
ORD07552,CUST0825,Maham Raza,2025-10-23,Cereal,Grocery,7,1277.77,8944.39,Rawalpindi,JazzCash
ORD07553,CUST0218,Talha Malik,2025-09-07,Smartphone,Electronics,7,40204.48,281431.36,Lahore,Bank Transfer
ORD07554,CUST1054,Hassan Ali,2025-01-22,Smart Watch,Electronics,4,44500.34,178001.36,Gujranwala,JazzCash
ORD07555,CUST1654,Maham Raza,2025-07-01,Jeans,Clothing,1,4058.23,4058.23,Multan,JazzCash
ORD07556,CUST0820,Hira Shah,2026-09-10,Coffee Maker,Home & Kitchen,5,13076.63,65383.15,Peshawar,JazzCash
ORD07557,CUST0066,Saad Khan,2026-02-14,Jacket,Clothing,2,17238.83,34477.66,Rawalpindi,Debit Card
ORD07558,CUST0016,Danish Ahmed,2025-10-14,Smartphone,Electronics,8,166301.68,1330413.44,Rawalpindi,Bank Transfer
ORD07559,CUST1948,Danish Ahmed,2025-10-14,Face Wash,Beauty,7,1166.3,8164.1,Rawalpindi,Debit Card
ORD07560,CUST0672,Hamza Shah,2026-02-03,Hoodie,Clothing,6,7830.43,46982.58,Multan,Debit Card
ORD07561,CUST0333,Saad Khan,2026-04-11,Shoes,Clothing,7,5937.73,41564.11,Gujranwala,EasyPaisa
ORD07562,CUST0368,Omar Farooq,2025-03-04,Cricket Bat,Sports,8,23455.63,187645.04,Peshawar,Cash
ORD07563,CUST0764,Bilal Ahmed,2025-08-13,Perfume,Beauty,8,9716.7,77733.6,Karachi,Bank Transfer
ORD07564,CUST2416,Fatima Ahmed,2025-12-24,Running Shoes,Sports,8,17633.93,141071.44,Karachi,Debit Card
ORD07565,CUST1148,Zainab Ali,2025-01-25,Coffee Maker,Home & Kitchen,3,18020.3,54060.9,Rawalpindi,Credit Card
ORD07566,CUST0415,Sara Khan,2026-09-05,Cereal,Grocery,8,1264.47,10115.76,Islamabad,JazzCash
ORD07567,CUST2358,Sara Khan,2025-09-08,Cooking Oil,Grocery,5,1292.11,6460.55,Lahore,JazzCash
ORD07568,CUST2174,Hassan Ali,2026-08-27,T-Shirt,Clothing,8,1346.73,10773.84,Rawalpindi,Bank Transfer
ORD07569,CUST2049,Talha Malik,2026-05-01,Hoodie,Clothing,2,6863.46,13726.92,Rawalpindi,Bank Transfer
ORD07570,CUST0305,Hamza Shah,2025-07-09,Cricket Ball,Sports,4,2227.5,8910.0,Gujranwala,JazzCash
ORD07571,CUST2350,Saad Khan,2026-01-28,Perfume,Beauty,3,15481.56,46444.68,Quetta,JazzCash
ORD07572,CUST1447,Danish Ahmed,2025-02-19,Jacket,Clothing,2,14357.64,28715.28,Quetta,Credit Card
ORD07573,CUST1406,Ali Khan,2026-06-20,Air Fryer,Home & Kitchen,7,29957.7,209703.9,Lahore,EasyPaisa
ORD07574,CUST2427,Hassan Ali,2026-04-13,Coffee Maker,Home & Kitchen,5,21182.54,105912.7,Sialkot,Credit Card
ORD07575,CUST1686,Bilal Ahmed,2026-02-02,Running Shoes,Sports,2,20288.67,40577.34,Sialkot,Cash
ORD07576,CUST1613,Huzaifa Ali,2026-08-07,Lipstick,Beauty,3,2507.05,7521.15,Peshawar,Credit Card
ORD07577,CUST1752,Ayesha Khan,2026-04-09,Running Shoes,Sports,8,19379.54,155036.32,Sialkot,JazzCash
ORD07578,CUST0978,Hira Shah,2026-05-02,Cooking Oil,Grocery,3,1363.6,4090.8,Lahore,Cash
ORD07579,CUST2290,Fatima Ahmed,2025-01-10,Tea,Grocery,5,631.01,3155.05,Karachi,Bank Transfer
ORD07580,CUST0272,Maryam Ahmed,2025-04-11,Hoodie,Clothing,1,4235.76,4235.76,Multan,Credit Card
ORD07581,CUST0050,Talha Malik,2026-09-04,Face Wash,Beauty,8,511.18,4089.44,Quetta,Bank Transfer
ORD07582,CUST2116,Hassan Ali,2025-05-07,Skin Cream,Beauty,7,3823.21,26762.47,Multan,JazzCash
ORD07583,CUST0701,Huzaifa Ali,2025-02-11,Football,Sports,5,4192.35,20961.75,Lahore,Credit Card
ORD07584,CUST1205,Hira Shah,2025-11-05,Perfume,Beauty,3,5033.17,15099.51,Peshawar,Cash
ORD07585,CUST2301,Sara Khan,2026-01-04,Running Shoes,Sports,8,10840.78,86726.24,Peshawar,JazzCash
ORD07586,CUST1224,Omar Farooq,2025-02-23,Shoes,Clothing,8,10807.03,86456.24,Gujranwala,EasyPaisa
ORD07587,CUST2139,Fatima Ahmed,2025-07-22,Jeans,Clothing,3,7401.9,22205.7,Lahore,EasyPaisa
ORD07588,CUST0319,Maryam Ahmed,2026-09-06,Perfume,Beauty,7,5776.75,40437.25,Peshawar,Debit Card
ORD07589,CUST0687,Maryam Ahmed,2025-10-31,Skin Cream,Beauty,8,2270.99,18167.92,Rawalpindi,Debit Card
ORD07590,CUST0106,Zainab Ali,2026-04-13,Skin Cream,Beauty,1,4806.67,4806.67,Faisalabad,JazzCash
ORD07591,CUST1098,Hira Shah,2026-03-20,T-Shirt,Clothing,3,4060.32,12180.96,Multan,Credit Card
ORD07592,CUST0454,Saad Khan,2026-04-28,Lipstick,Beauty,5,2107.59,10537.95,Sialkot,Cash
ORD07593,CUST0952,Hamza Shah,2026-05-17,Running Shoes,Sports,1,12605.57,12605.57,Lahore,Cash
ORD07594,CUST1570,Ahmed Raza,2026-02-16,Headphones,Electronics,8,18149.58,145196.64,Lahore,Credit Card
ORD07595,CUST1262,Bilal Ahmed,2026-03-17,T-Shirt,Clothing,4,1294.59,5178.36,Rawalpindi,EasyPaisa
ORD07596,CUST0578,Ali Khan,2025-07-05,Jeans,Clothing,6,4113.54,24681.24,Sialkot,Debit Card
ORD07597,CUST0762,Hamza Shah,2026-02-16,Smartphone,Electronics,6,178811.73,1072870.38,Islamabad,Bank Transfer
ORD07598,CUST1035,Hamza Shah,2026-08-14,Smartphone,Electronics,1,80962.07,80962.07,Karachi,Credit Card
ORD07599,CUST1349,Zainab Ali,2025-06-13,Lipstick,Beauty,6,1666.55,9999.3,Karachi,JazzCash
ORD07600,CUST1242,Danish Ahmed,2026-03-08,Tea,Grocery,4,674.15,2696.6,Multan,Cash
ORD07601,CUST2012,Bilal Ahmed,2026-01-15,Face Wash,Beauty,8,1519.03,12152.24,Lahore,Bank Transfer
ORD07602,CUST0805,Ali Khan,2025-10-21,Cricket Bat,Sports,2,18656.26,37312.52,Peshawar,Cash
ORD07603,CUST2366,Danish Ahmed,2026-06-26,Microwave,Home & Kitchen,6,43975.19,263851.14,Faisalabad,JazzCash
ORD07604,CUST2449,Abdullah Raza,2026-03-01,Smart Watch,Electronics,1,31357.78,31357.78,Gujranwala,Cash
ORD07605,CUST0246,Fatima Ahmed,2025-03-15,Skin Cream,Beauty,8,1252.96,10023.68,Faisalabad,EasyPaisa
ORD07606,CUST1730,Fatima Ahmed,2025-08-17,Headphones,Electronics,2,5144.56,10289.12,Peshawar,EasyPaisa
ORD07607,CUST2162,Maryam Ahmed,2026-06-30,Perfume,Beauty,7,17840.3,124882.1,Gujranwala,Debit Card
ORD07608,CUST1887,Talha Malik,2025-05-26,Perfume,Beauty,2,5814.21,11628.42,Sialkot,Cash
ORD07609,CUST0311,Saad Khan,2025-12-07,Microwave,Home & Kitchen,8,48772.32,390178.56,Sialkot,Debit Card
ORD07610,CUST0942,Abdullah Raza,2025-02-25,Jacket,Clothing,8,17451.5,139612.0,Quetta,Bank Transfer
ORD07611,CUST1036,Usman Malik,2025-02-01,Cooking Oil,Grocery,1,732.02,732.02,Faisalabad,Bank Transfer
ORD07612,CUST1280,Sana Malik,2026-09-18,Jeans,Clothing,7,6744.16,47209.12,Karachi,Cash
ORD07613,CUST0138,Huzaifa Ali,2025-01-15,Microwave,Home & Kitchen,3,48179.28,144537.84,Peshawar,Debit Card
ORD07614,CUST1064,Huzaifa Ali,2025-08-17,Lipstick,Beauty,4,1109.24,4436.96,Quetta,EasyPaisa
ORD07615,CUST0261,Sana Malik,2025-04-06,Smart Watch,Electronics,3,14161.14,42483.42,Quetta,Bank Transfer
ORD07616,CUST0693,Zainab Ali,2025-08-13,Coffee Maker,Home & Kitchen,8,17780.36,142242.88,Karachi,Bank Transfer
ORD07617,CUST1870,Omar Farooq,2025-03-13,Cricket Ball,Sports,7,718.01,5026.07,Karachi,Credit Card
ORD07618,CUST0631,Fatima Ahmed,2026-08-10,Microwave,Home & Kitchen,8,22788.34,182306.72,Quetta,Bank Transfer
ORD07619,CUST0199,Ayesha Khan,2025-10-08,Running Shoes,Sports,8,24804.38,198435.04,Multan,Bank Transfer
ORD07620,CUST1572,Saad Khan,2025-12-07,Cricket Bat,Sports,1,18571.17,18571.17,Faisalabad,Cash
ORD07621,CUST1602,Abdullah Raza,2025-02-27,Cooking Oil,Grocery,5,989.37,4946.85,Quetta,Debit Card
ORD07622,CUST0795,Ali Khan,2026-01-29,Blender,Home & Kitchen,3,7953.31,23859.93,Karachi,Debit Card
ORD07623,CUST2066,Omar Farooq,2025-05-15,Smart Watch,Electronics,3,42879.16,128637.48,Lahore,EasyPaisa
ORD07624,CUST1904,Ali Khan,2025-07-31,Jeans,Clothing,4,2990.96,11963.84,Faisalabad,Bank Transfer
ORD07625,CUST2033,Hassan Ali,2025-01-17,Vacuum Cleaner,Home & Kitchen,7,16868.39,118078.73,Sialkot,Debit Card
ORD07626,CUST1124,Zainab Ali,2025-07-12,T-Shirt,Clothing,8,2758.62,22068.96,Karachi,Credit Card
ORD07627,CUST2200,Zainab Ali,2025-05-30,Shampoo,Beauty,8,2996.17,23969.36,Multan,EasyPaisa
ORD07628,CUST1555,Ahmed Raza,2025-05-03,Sugar,Grocery,4,306.11,1224.44,Islamabad,JazzCash
ORD07629,CUST1807,Sara Khan,2026-07-02,Lipstick,Beauty,5,1186.73,5933.65,Multan,Bank Transfer
ORD07630,CUST2483,Maham Raza,2026-02-23,Cereal,Grocery,1,505.14,505.14,Multan,Credit Card
ORD07631,CUST0324,Hira Shah,2025-08-06,Laptop,Electronics,6,76409.93,458459.58,Karachi,Debit Card
ORD07632,CUST1818,Hamza Shah,2026-09-21,Sugar,Grocery,6,267.98,1607.88,Rawalpindi,Debit Card
ORD07633,CUST0604,Huzaifa Ali,2026-09-15,Laptop,Electronics,3,249528.8,748586.4,Gujranwala,Cash
ORD07634,CUST1330,Hassan Ali,2026-07-19,Tablet,Electronics,4,36855.13,147420.52,Faisalabad,JazzCash
ORD07635,CUST1456,Ahmed Raza,2025-10-24,Lipstick,Beauty,6,1618.35,9710.1,Gujranwala,Debit Card
ORD07636,CUST2107,Ahmed Raza,2026-09-08,Air Fryer,Home & Kitchen,6,24436.89,146621.34,Peshawar,EasyPaisa
ORD07637,CUST2164,Huzaifa Ali,2026-06-12,Tablet,Electronics,8,44030.78,352246.24,Sialkot,EasyPaisa
ORD07638,CUST0005,Hira Shah,2025-10-14,Shampoo,Beauty,5,2402.56,12012.8,Lahore,Credit Card
ORD07639,CUST1499,Danish Ahmed,2026-08-08,Biscuits,Grocery,1,238.98,238.98,Faisalabad,Cash
ORD07640,CUST2157,Abdullah Raza,2026-08-03,Vacuum Cleaner,Home & Kitchen,2,43969.33,87938.66,Sialkot,Cash
ORD07641,CUST2043,Omar Farooq,2026-04-22,T-Shirt,Clothing,8,4221.63,33773.04,Lahore,EasyPaisa
ORD07642,CUST2376,Ayesha Khan,2025-06-16,Perfume,Beauty,1,8270.07,8270.07,Rawalpindi,Credit Card
ORD07643,CUST2312,Talha Malik,2025-05-25,Sugar,Grocery,6,262.2,1573.2,Sialkot,Credit Card
ORD07644,CUST1839,Abdullah Raza,2025-05-28,Microwave,Home & Kitchen,2,35303.88,70607.76,Karachi,Credit Card
ORD07645,CUST1465,Saad Khan,2025-05-24,Jacket,Clothing,4,7084.94,28339.76,Gujranwala,EasyPaisa
ORD07646,CUST0324,Sara Khan,2025-11-08,Vacuum Cleaner,Home & Kitchen,1,50118.61,50118.61,Islamabad,JazzCash
ORD07647,CUST0362,Zainab Ali,2025-04-25,Microwave,Home & Kitchen,3,22388.25,67164.75,Faisalabad,Bank Transfer
ORD07648,CUST0597,Sana Malik,2025-01-16,Air Fryer,Home & Kitchen,6,26881.06,161286.36,Peshawar,Bank Transfer
ORD07649,CUST2188,Usman Malik,2026-02-03,Laptop,Electronics,2,192165.07,384330.14,Lahore,JazzCash
ORD07650,CUST2006,Ayesha Khan,2026-08-18,Smartphone,Electronics,8,162953.67,1303629.36,Lahore,EasyPaisa
ORD07651,CUST0043,Maryam Ahmed,2026-02-08,Cricket Ball,Sports,5,2380.17,11900.85,Rawalpindi,JazzCash
ORD07652,CUST1223,Ali Khan,2025-07-02,T-Shirt,Clothing,4,2369.09,9476.36,Faisalabad,Debit Card
ORD07653,CUST1403,Sara Khan,2026-07-24,Laptop,Electronics,8,98476.77,787814.16,Rawalpindi,Bank Transfer
ORD07654,CUST1494,Ahmed Raza,2025-12-12,Microwave,Home & Kitchen,5,30797.88,153989.4,Karachi,Credit Card
ORD07655,CUST2167,Sara Khan,2025-06-13,Perfume,Beauty,2,6897.08,13794.16,Gujranwala,JazzCash
ORD07656,CUST1636,Danish Ahmed,2025-10-28,Sugar,Grocery,7,259.66,1817.62,Gujranwala,Bank Transfer
ORD07657,CUST2330,Sana Malik,2025-02-05,Shoes,Clothing,3,8325.72,24977.16,Gujranwala,Bank Transfer
ORD07658,CUST0350,Abdullah Raza,2025-07-15,Headphones,Electronics,6,16453.65,98721.9,Sialkot,Bank Transfer
ORD07659,CUST0276,Sana Malik,2025-02-04,Perfume,Beauty,8,14536.44,116291.52,Peshawar,Cash
ORD07660,CUST1952,Ayesha Khan,2025-06-17,Lipstick,Beauty,1,3589.68,3589.68,Sialkot,Credit Card
ORD07661,CUST1249,Hira Shah,2025-04-02,Coffee Maker,Home & Kitchen,4,17615.87,70463.48,Faisalabad,Credit Card
ORD07662,CUST0580,Fatima Ahmed,2025-09-01,Blender,Home & Kitchen,3,11606.19,34818.57,Rawalpindi,EasyPaisa
ORD07663,CUST2010,Omar Farooq,2026-04-04,Biscuits,Grocery,5,157.96,789.8,Islamabad,Credit Card
ORD07664,CUST0679,Usman Malik,2026-09-11,Cooking Oil,Grocery,3,755.71,2267.13,Rawalpindi,Credit Card
ORD07665,CUST2118,Hira Shah,2025-03-15,Jacket,Clothing,7,17274.51,120921.57,Sialkot,Bank Transfer
ORD07666,CUST0613,Maryam Ahmed,2026-08-26,Coffee Maker,Home & Kitchen,7,7462.12,52234.84,Faisalabad,Debit Card
ORD07667,CUST1469,Saad Khan,2026-09-25,Tablet,Electronics,7,92140.82,644985.74,Islamabad,JazzCash
ORD07668,CUST1133,Ayesha Khan,2025-07-24,Mouse,Electronics,2,7171.86,14343.72,Gujranwala,Bank Transfer
ORD07669,CUST1311,Hira Shah,2025-07-09,Smartphone,Electronics,1,143552.51,143552.51,Islamabad,Cash
ORD07670,CUST1228,Sana Malik,2025-02-18,Lipstick,Beauty,7,1445.57,10118.99,Lahore,Debit Card
ORD07671,CUST1291,Hira Shah,2026-03-03,Jacket,Clothing,3,5519.78,16559.34,Islamabad,JazzCash
ORD07672,CUST1217,Ayesha Khan,2026-02-18,Mouse,Electronics,5,3644.97,18224.85,Lahore,Bank Transfer
ORD07673,CUST1586,Ali Khan,2026-02-07,Headphones,Electronics,8,6905.57,55244.56,Multan,Bank Transfer
ORD07674,CUST0860,Maryam Ahmed,2026-06-26,T-Shirt,Clothing,8,4393.46,35147.68,Faisalabad,JazzCash
ORD07675,CUST1935,Talha Malik,2026-05-20,Sugar,Grocery,4,348.31,1393.24,Islamabad,Debit Card
ORD07676,CUST2089,Sana Malik,2026-05-10,Cricket Bat,Sports,3,22680.47,68041.41,Karachi,Credit Card
ORD07677,CUST2068,Bilal Ahmed,2025-05-17,Lipstick,Beauty,2,2741.52,5483.04,Peshawar,Cash
ORD07678,CUST2496,Abdullah Raza,2026-04-05,Jacket,Clothing,8,15683.47,125467.76,Sialkot,Debit Card
ORD07679,CUST1668,Huzaifa Ali,2025-02-08,Yoga Mat,Sports,5,1366.29,6831.45,Karachi,Credit Card
ORD07680,CUST1206,Ahmed Raza,2025-01-11,Tea,Grocery,2,661.52,1323.04,Gujranwala,JazzCash
ORD07681,CUST1091,Saad Khan,2026-05-31,Cooking Oil,Grocery,7,643.2,4502.4,Karachi,Cash
ORD07682,CUST1424,Hira Shah,2026-02-01,Cooking Oil,Grocery,2,775.9,1551.8,Sialkot,Credit Card
ORD07683,CUST0747,Ali Khan,2025-03-13,Yoga Mat,Sports,6,4695.82,28174.92,Multan,Debit Card
ORD07684,CUST2053,Sara Khan,2026-05-11,Tablet,Electronics,1,99153.19,99153.19,Faisalabad,JazzCash
ORD07685,CUST0068,Bilal Ahmed,2025-05-22,Rice,Grocery,7,312.47,2187.29,Rawalpindi,Credit Card
ORD07686,CUST1521,Ayesha Khan,2026-02-14,Cooking Oil,Grocery,1,991.58,991.58,Gujranwala,Cash
ORD07687,CUST0564,Omar Farooq,2026-02-01,Shoes,Clothing,6,14881.19,89287.14,Multan,Debit Card
ORD07688,CUST2411,Ali Khan,2025-06-16,Jacket,Clothing,2,13096.77,26193.54,Faisalabad,Debit Card
ORD07689,CUST1451,Danish Ahmed,2026-07-19,Skin Cream,Beauty,4,4193.07,16772.28,Multan,Credit Card
ORD07690,CUST1137,Zainab Ali,2025-02-28,Blender,Home & Kitchen,1,9414.05,9414.05,Karachi,Bank Transfer
ORD07691,CUST0052,Maham Raza,2026-02-22,Keyboard,Electronics,7,5691.14,39837.98,Gujranwala,EasyPaisa
ORD07692,CUST0865,Abdullah Raza,2025-09-25,Smart Watch,Electronics,3,17628.77,52886.31,Gujranwala,Cash
ORD07693,CUST0636,Maham Raza,2025-06-16,Dinner Set,Home & Kitchen,4,14016.08,56064.32,Quetta,Cash
ORD07694,CUST0178,Hassan Ali,2026-02-17,T-Shirt,Clothing,7,1607.78,11254.46,Gujranwala,EasyPaisa
ORD07695,CUST2073,Danish Ahmed,2025-09-21,Cricket Bat,Sports,2,14542.57,29085.14,Peshawar,Debit Card
ORD07696,CUST2261,Hamza Shah,2026-05-09,Cereal,Grocery,2,1048.42,2096.84,Multan,Debit Card
ORD07697,CUST0283,Zainab Ali,2025-03-30,Yoga Mat,Sports,7,4493.42,31453.94,Rawalpindi,EasyPaisa
ORD07698,CUST1167,Abdullah Raza,2025-11-09,Jeans,Clothing,7,8665.48,60658.36,Rawalpindi,Debit Card
ORD07699,CUST1207,Bilal Ahmed,2025-08-27,Cereal,Grocery,1,710.18,710.18,Peshawar,JazzCash
ORD07700,CUST0265,Hamza Shah,2026-03-21,Shampoo,Beauty,7,2955.59,20689.13,Multan,Debit Card
ORD07701,CUST2443,Hira Shah,2025-01-04,Biscuits,Grocery,7,211.29,1479.03,Faisalabad,Bank Transfer
ORD07702,CUST1711,Ali Khan,2026-03-15,Tablet,Electronics,8,63873.52,510988.16,Karachi,JazzCash
ORD07703,CUST1165,Talha Malik,2025-04-09,Face Wash,Beauty,7,2190.14,15330.98,Rawalpindi,Cash
ORD07704,CUST1870,Danish Ahmed,2025-06-03,Tea,Grocery,1,1128.85,1128.85,Quetta,Bank Transfer
ORD07705,CUST0052,Hamza Shah,2025-07-27,Cricket Bat,Sports,8,23786.35,190290.8,Sialkot,EasyPaisa
ORD07706,CUST1528,Bilal Ahmed,2026-02-09,Biscuits,Grocery,5,247.5,1237.5,Karachi,JazzCash
ORD07707,CUST2384,Huzaifa Ali,2026-07-24,Air Fryer,Home & Kitchen,6,27005.13,162030.78,Gujranwala,Debit Card
ORD07708,CUST0928,Huzaifa Ali,2025-11-07,Hoodie,Clothing,5,5677.86,28389.3,Lahore,Bank Transfer
ORD07709,CUST1910,Abdullah Raza,2026-01-18,Biscuits,Grocery,5,118.41,592.05,Multan,Debit Card
ORD07710,CUST1738,Maryam Ahmed,2025-12-17,Running Shoes,Sports,2,8137.11,16274.22,Sialkot,EasyPaisa
ORD07711,CUST1739,Usman Malik,2025-12-19,Cereal,Grocery,2,544.14,1088.28,Rawalpindi,Bank Transfer
ORD07712,CUST1971,Hira Shah,2025-06-15,Smartphone,Electronics,4,178301.11,713204.44,Rawalpindi,EasyPaisa
ORD07713,CUST2046,Omar Farooq,2026-09-09,Headphones,Electronics,5,22058.43,110292.15,Sialkot,JazzCash
ORD07714,CUST2390,Sara Khan,2026-01-11,Biscuits,Grocery,7,165.96,1161.72,Faisalabad,JazzCash
ORD07715,CUST1460,Ayesha Khan,2026-05-09,Smart Watch,Electronics,2,36610.91,73221.82,Faisalabad,Cash
ORD07716,CUST0465,Usman Malik,2025-12-19,Lipstick,Beauty,8,877.01,7016.08,Quetta,Debit Card
ORD07717,CUST0240,Sara Khan,2025-10-14,Cooking Oil,Grocery,5,1321.75,6608.75,Lahore,Credit Card
ORD07718,CUST1775,Danish Ahmed,2025-07-06,Laptop,Electronics,7,175898.71,1231290.97,Peshawar,EasyPaisa
ORD07719,CUST0979,Omar Farooq,2026-06-01,Sugar,Grocery,8,190.64,1525.12,Islamabad,Credit Card
ORD07720,CUST2313,Sara Khan,2025-03-08,Cooking Oil,Grocery,4,1475.12,5900.48,Gujranwala,Credit Card
ORD07721,CUST0190,Ahmed Raza,2025-05-10,Microwave,Home & Kitchen,2,31453.23,62906.46,Peshawar,JazzCash
ORD07722,CUST0494,Maham Raza,2026-04-15,Skin Cream,Beauty,7,2629.6,18407.2,Peshawar,EasyPaisa
ORD07723,CUST0299,Hassan Ali,2025-01-16,Keyboard,Electronics,8,4668.08,37344.64,Sialkot,EasyPaisa
ORD07724,CUST1199,Usman Malik,2026-01-01,Hoodie,Clothing,5,8111.66,40558.3,Peshawar,Debit Card
ORD07725,CUST0173,Ali Khan,2025-12-26,Rice,Grocery,2,518.11,1036.22,Peshawar,Bank Transfer
ORD07726,CUST1359,Omar Farooq,2026-07-16,Running Shoes,Sports,3,11292.39,33877.17,Lahore,Cash
ORD07727,CUST1375,Danish Ahmed,2026-07-01,Air Fryer,Home & Kitchen,7,20613.34,144293.38,Islamabad,Credit Card
ORD07728,CUST1577,Maham Raza,2025-01-19,Jeans,Clothing,1,8127.16,8127.16,Sialkot,JazzCash
ORD07729,CUST1115,Bilal Ahmed,2025-11-01,Running Shoes,Sports,2,10421.61,20843.22,Lahore,Cash
ORD07730,CUST0006,Hira Shah,2025-05-28,Perfume,Beauty,5,6190.47,30952.35,Gujranwala,JazzCash
ORD07731,CUST1758,Sara Khan,2025-10-15,T-Shirt,Clothing,1,4712.73,4712.73,Gujranwala,JazzCash
ORD07732,CUST1589,Bilal Ahmed,2026-05-16,Football,Sports,2,7734.48,15468.96,Karachi,Cash
ORD07733,CUST1087,Hira Shah,2025-02-11,Sugar,Grocery,4,177.17,708.68,Multan,EasyPaisa
ORD07734,CUST1665,Sara Khan,2025-04-09,Shoes,Clothing,1,20744.1,20744.1,Multan,EasyPaisa
ORD07735,CUST0671,Hassan Ali,2026-02-22,Football,Sports,7,6906.04,48342.28,Islamabad,Cash
ORD07736,CUST0412,Ayesha Khan,2025-05-23,Lipstick,Beauty,1,3522.75,3522.75,Lahore,Bank Transfer
ORD07737,CUST2467,Abdullah Raza,2025-08-30,Cricket Ball,Sports,7,548.99,3842.93,Faisalabad,JazzCash
ORD07738,CUST1625,Ali Khan,2025-09-30,Face Wash,Beauty,2,2732.37,5464.74,Gujranwala,Credit Card
ORD07739,CUST2321,Sana Malik,2026-04-25,Vacuum Cleaner,Home & Kitchen,1,34976.45,34976.45,Rawalpindi,Debit Card
ORD07740,CUST1543,Sara Khan,2026-01-13,Air Fryer,Home & Kitchen,8,30358.39,242867.12,Peshawar,Cash
ORD07741,CUST0966,Abdullah Raza,2025-06-24,Lipstick,Beauty,4,1150.39,4601.56,Islamabad,EasyPaisa
ORD07742,CUST0337,Ahmed Raza,2026-01-29,Blender,Home & Kitchen,8,6488.93,51911.44,Rawalpindi,Credit Card
ORD07743,CUST1883,Bilal Ahmed,2026-07-24,Headphones,Electronics,1,11841.08,11841.08,Peshawar,Bank Transfer
ORD07744,CUST0469,Danish Ahmed,2025-03-19,Cereal,Grocery,6,437.28,2623.68,Rawalpindi,EasyPaisa
ORD07745,CUST0076,Fatima Ahmed,2026-09-10,Face Wash,Beauty,1,2824.85,2824.85,Multan,Bank Transfer
ORD07746,CUST2462,Usman Malik,2025-07-11,Perfume,Beauty,8,9406.46,75251.68,Sialkot,Credit Card
ORD07747,CUST2300,Maham Raza,2025-03-31,Tablet,Electronics,1,32909.37,32909.37,Sialkot,Cash
ORD07748,CUST2253,Maryam Ahmed,2025-03-22,Microwave,Home & Kitchen,2,33300.13,66600.26,Peshawar,Debit Card
ORD07749,CUST0441,Hassan Ali,2025-10-09,Sugar,Grocery,3,380.67,1142.01,Gujranwala,JazzCash
ORD07750,CUST1279,Hamza Shah,2026-06-13,Vacuum Cleaner,Home & Kitchen,4,16064.65,64258.6,Lahore,Cash
ORD07751,CUST0743,Fatima Ahmed,2025-06-13,Yoga Mat,Sports,3,2769.69,8309.07,Sialkot,Credit Card
ORD07752,CUST1639,Sara Khan,2025-01-29,Cricket Ball,Sports,5,1009.6,5048.0,Karachi,Debit Card
ORD07753,CUST2421,Talha Malik,2025-02-23,Face Wash,Beauty,3,2233.56,6700.68,Peshawar,Bank Transfer
ORD07754,CUST2260,Omar Farooq,2025-03-09,Cricket Ball,Sports,7,2138.35,14968.45,Gujranwala,Credit Card
ORD07755,CUST0899,Hassan Ali,2025-10-29,Air Fryer,Home & Kitchen,2,27838.99,55677.98,Karachi,Cash
ORD07756,CUST0249,Maham Raza,2026-01-22,Running Shoes,Sports,6,7579.68,45478.08,Karachi,EasyPaisa
ORD07757,CUST1696,Hamza Shah,2026-07-20,T-Shirt,Clothing,1,3203.25,3203.25,Quetta,EasyPaisa
ORD07758,CUST1394,Ayesha Khan,2025-07-24,Smart Watch,Electronics,2,24777.03,49554.06,Gujranwala,Bank Transfer
ORD07759,CUST0635,Ahmed Raza,2025-09-29,Coffee Maker,Home & Kitchen,3,26828.05,80484.15,Multan,JazzCash
ORD07760,CUST1533,Abdullah Raza,2026-08-06,Keyboard,Electronics,6,3844.39,23066.34,Islamabad,Debit Card
ORD07761,CUST2357,Hassan Ali,2026-05-06,Rice,Grocery,3,520.87,1562.61,Sialkot,Cash
ORD07762,CUST1793,Bilal Ahmed,2025-03-13,Cricket Ball,Sports,2,1916.8,3833.6,Karachi,Bank Transfer
ORD07763,CUST1569,Talha Malik,2025-03-15,Shoes,Clothing,7,4126.28,28883.96,Karachi,JazzCash
ORD07764,CUST0619,Bilal Ahmed,2025-02-24,Running Shoes,Sports,8,7798.73,62389.84,Faisalabad,Cash
ORD07765,CUST0068,Huzaifa Ali,2025-04-10,Mouse,Electronics,3,1992.51,5977.53,Rawalpindi,Cash
ORD07766,CUST0355,Sana Malik,2026-08-16,Face Wash,Beauty,1,2585.98,2585.98,Rawalpindi,Bank Transfer
ORD07767,CUST1350,Ayesha Khan,2025-03-10,Mouse,Electronics,5,4955.65,24778.25,Karachi,Bank Transfer
ORD07768,CUST0220,Talha Malik,2025-08-24,Keyboard,Electronics,3,10752.56,32257.68,Rawalpindi,Cash
ORD07769,CUST2168,Maryam Ahmed,2025-07-03,Hoodie,Clothing,8,5969.9,47759.2,Quetta,Cash
ORD07770,CUST1922,Hira Shah,2026-06-04,T-Shirt,Clothing,4,2350.07,9400.28,Gujranwala,Cash
ORD07771,CUST1749,Sana Malik,2026-04-15,Yoga Mat,Sports,8,1034.4,8275.2,Islamabad,Bank Transfer
ORD07772,CUST1509,Bilal Ahmed,2026-06-27,Sugar,Grocery,8,334.28,2674.24,Multan,Credit Card
ORD07773,CUST1322,Sana Malik,2026-06-21,Skin Cream,Beauty,4,4944.86,19779.44,Karachi,Credit Card
ORD07774,CUST2201,Zainab Ali,2025-09-14,Mouse,Electronics,5,5948.3,29741.5,Karachi,EasyPaisa
ORD07775,CUST0841,Fatima Ahmed,2025-08-17,Air Fryer,Home & Kitchen,3,18467.51,55402.53,Faisalabad,Cash
ORD07776,CUST0261,Ali Khan,2025-12-06,Jacket,Clothing,6,14047.52,84285.12,Gujranwala,EasyPaisa
ORD07777,CUST0394,Ali Khan,2026-03-31,Face Wash,Beauty,2,2083.51,4167.02,Gujranwala,Bank Transfer
ORD07778,CUST1391,Danish Ahmed,2025-03-24,Tea,Grocery,4,781.89,3127.56,Sialkot,JazzCash
ORD07779,CUST1838,Bilal Ahmed,2026-07-27,Vacuum Cleaner,Home & Kitchen,1,52077.14,52077.14,Multan,Debit Card
ORD07780,CUST2095,Huzaifa Ali,2025-08-30,Sugar,Grocery,6,393.32,2359.92,Karachi,Bank Transfer
ORD07781,CUST0530,Fatima Ahmed,2025-07-14,Sugar,Grocery,6,284.23,1705.38,Quetta,EasyPaisa
ORD07782,CUST0485,Sara Khan,2025-01-12,Mouse,Electronics,2,6874.5,13749.0,Islamabad,Cash
ORD07783,CUST1168,Sara Khan,2025-09-19,Skin Cream,Beauty,8,3147.33,25178.64,Sialkot,Credit Card
ORD07784,CUST0301,Hira Shah,2025-12-20,Headphones,Electronics,2,17894.42,35788.84,Faisalabad,EasyPaisa
ORD07785,CUST1110,Fatima Ahmed,2025-02-18,Keyboard,Electronics,8,7952.93,63623.44,Multan,Cash
ORD07786,CUST0103,Hira Shah,2025-09-02,Lipstick,Beauty,3,1510.09,4530.27,Peshawar,Cash
ORD07787,CUST1202,Hassan Ali,2026-06-15,Perfume,Beauty,5,4505.47,22527.35,Multan,Credit Card
ORD07788,CUST2456,Omar Farooq,2025-05-03,Coffee Maker,Home & Kitchen,8,26395.9,211167.2,Lahore,JazzCash
ORD07789,CUST2376,Ali Khan,2025-07-23,Cricket Ball,Sports,8,2150.04,17200.32,Gujranwala,JazzCash
ORD07790,CUST1120,Omar Farooq,2025-06-15,Microwave,Home & Kitchen,4,28885.82,115543.28,Multan,Bank Transfer
ORD07791,CUST0782,Ayesha Khan,2025-08-30,Shampoo,Beauty,2,3255.56,6511.12,Karachi,Bank Transfer
ORD07792,CUST0547,Ayesha Khan,2025-07-21,Cereal,Grocery,5,1057.37,5286.85,Islamabad,Debit Card
ORD07793,CUST1714,Danish Ahmed,2025-05-07,Biscuits,Grocery,6,104.85,629.1,Quetta,EasyPaisa
ORD07794,CUST1974,Hassan Ali,2026-04-30,Face Wash,Beauty,8,2142.35,17138.8,Lahore,Debit Card
ORD07795,CUST2101,Huzaifa Ali,2026-05-30,Hoodie,Clothing,2,9978.59,19957.18,Faisalabad,Credit Card
ORD07796,CUST1705,Sana Malik,2025-11-20,Rice,Grocery,7,655.52,4588.64,Multan,Debit Card
ORD07797,CUST1069,Ali Khan,2026-06-18,Cricket Bat,Sports,3,20374.13,61122.39,Rawalpindi,Debit Card
ORD07798,CUST1520,Fatima Ahmed,2025-11-03,Sugar,Grocery,7,383.88,2687.16,Faisalabad,Cash
ORD07799,CUST1393,Omar Farooq,2025-06-03,Sugar,Grocery,5,279.44,1397.2,Islamabad,EasyPaisa
ORD07800,CUST0124,Usman Malik,2026-07-21,Shoes,Clothing,1,15801.18,15801.18,Karachi,Bank Transfer
ORD07801,CUST2326,Huzaifa Ali,2025-07-14,Yoga Mat,Sports,2,3446.76,6893.52,Rawalpindi,Bank Transfer
ORD07802,CUST1754,Zainab Ali,2025-12-29,Smartphone,Electronics,1,30547.96,30547.96,Quetta,Credit Card
ORD07803,CUST0196,Usman Malik,2026-02-22,Cricket Bat,Sports,2,14812.17,29624.34,Gujranwala,JazzCash
ORD07804,CUST1109,Ahmed Raza,2026-03-18,Smart Watch,Electronics,4,9321.32,37285.28,Peshawar,EasyPaisa
ORD07805,CUST2098,Sana Malik,2025-03-19,Dinner Set,Home & Kitchen,6,4513.19,27079.14,Lahore,Debit Card
ORD07806,CUST0147,Ayesha Khan,2025-12-29,Running Shoes,Sports,4,23074.87,92299.48,Karachi,EasyPaisa
ORD07807,CUST1589,Ayesha Khan,2025-03-07,Shampoo,Beauty,5,2302.85,11514.25,Islamabad,Credit Card
ORD07808,CUST1731,Sara Khan,2025-08-24,Shampoo,Beauty,4,1628.43,6513.72,Lahore,Credit Card
ORD07809,CUST2351,Bilal Ahmed,2026-05-25,Jacket,Clothing,2,6055.32,12110.64,Karachi,Cash
ORD07810,CUST0113,Zainab Ali,2025-09-11,Face Wash,Beauty,2,2894.61,5789.22,Karachi,Cash
ORD07811,CUST2134,Usman Malik,2025-12-27,Shoes,Clothing,1,4889.31,4889.31,Faisalabad,JazzCash
ORD07812,CUST1545,Bilal Ahmed,2025-12-07,Yoga Mat,Sports,1,3098.26,3098.26,Rawalpindi,Credit Card
ORD07813,CUST2111,Saad Khan,2026-02-18,Smart Watch,Electronics,8,15223.38,121787.04,Multan,Bank Transfer
ORD07814,CUST1331,Saad Khan,2025-10-08,Microwave,Home & Kitchen,7,26355.35,184487.45,Islamabad,EasyPaisa
ORD07815,CUST0851,Ayesha Khan,2026-05-04,Air Fryer,Home & Kitchen,4,21266.88,85067.52,Rawalpindi,Cash
ORD07816,CUST0406,Hira Shah,2026-04-13,Smartphone,Electronics,5,137921.07,689605.35,Peshawar,Credit Card
ORD07817,CUST1014,Ahmed Raza,2026-01-10,Jacket,Clothing,3,17965.51,53896.53,Karachi,Credit Card
ORD07818,CUST1181,Ali Khan,2026-08-31,Yoga Mat,Sports,2,5037.26,10074.52,Lahore,Cash
ORD07819,CUST2000,Saad Khan,2025-02-22,Smartphone,Electronics,3,116089.66,348268.98,Karachi,EasyPaisa
ORD07820,CUST1583,Maham Raza,2025-11-07,Cereal,Grocery,2,1122.25,2244.5,Peshawar,JazzCash
ORD07821,CUST1068,Ayesha Khan,2025-02-08,Cricket Bat,Sports,8,12912.84,103302.72,Quetta,Credit Card
ORD07822,CUST1531,Ayesha Khan,2025-08-30,Cereal,Grocery,5,804.12,4020.6,Multan,Debit Card
ORD07823,CUST0625,Huzaifa Ali,2025-05-10,Cricket Ball,Sports,3,1356.03,4068.09,Faisalabad,JazzCash
ORD07824,CUST2365,Ali Khan,2025-11-11,Sugar,Grocery,8,158.89,1271.12,Sialkot,Cash
ORD07825,CUST2273,Hamza Shah,2026-01-18,Cricket Bat,Sports,4,11373.22,45492.88,Multan,Cash
ORD07826,CUST0233,Ahmed Raza,2025-11-01,Blender,Home & Kitchen,6,12072.89,72437.34,Faisalabad,EasyPaisa
ORD07827,CUST1025,Hira Shah,2026-07-20,Lipstick,Beauty,1,1673.04,1673.04,Sialkot,Debit Card
ORD07828,CUST2319,Maryam Ahmed,2026-01-22,Vacuum Cleaner,Home & Kitchen,6,27246.09,163476.54,Quetta,Debit Card
ORD07829,CUST1008,Sana Malik,2025-06-14,Coffee Maker,Home & Kitchen,2,28022.81,56045.62,Lahore,Cash
ORD07830,CUST0108,Sana Malik,2025-07-03,Mouse,Electronics,3,5823.47,17470.41,Lahore,Bank Transfer
ORD07831,CUST2432,Fatima Ahmed,2025-06-18,Tablet,Electronics,7,22562.55,157937.85,Islamabad,Cash
ORD07832,CUST0760,Ahmed Raza,2025-05-20,Smartphone,Electronics,8,140545.42,1124363.36,Sialkot,Debit Card
ORD07833,CUST0563,Sana Malik,2026-06-15,Jacket,Clothing,1,6436.82,6436.82,Karachi,Bank Transfer
ORD07834,CUST2098,Talha Malik,2026-04-12,Skin Cream,Beauty,8,3512.51,28100.08,Rawalpindi,Debit Card
ORD07835,CUST0852,Ahmed Raza,2025-06-02,Keyboard,Electronics,8,9010.03,72080.24,Quetta,Credit Card
ORD07836,CUST0282,Saad Khan,2026-02-04,Coffee Maker,Home & Kitchen,4,9289.81,37159.24,Quetta,JazzCash
ORD07837,CUST1489,Hassan Ali,2025-08-02,Dinner Set,Home & Kitchen,6,11957.98,71747.88,Multan,EasyPaisa
ORD07838,CUST2337,Zainab Ali,2026-09-26,Microwave,Home & Kitchen,6,43877.59,263265.54,Karachi,Debit Card
ORD07839,CUST0222,Sana Malik,2026-03-08,Blender,Home & Kitchen,4,17602.54,70410.16,Rawalpindi,EasyPaisa
ORD07840,CUST2215,Saad Khan,2025-01-03,Cooking Oil,Grocery,4,1389.9,5559.6,Faisalabad,EasyPaisa
ORD07841,CUST1223,Sana Malik,2025-05-02,Cereal,Grocery,5,435.84,2179.2,Islamabad,Debit Card
ORD07842,CUST0787,Ayesha Khan,2026-08-16,Football,Sports,7,5190.55,36333.85,Quetta,Debit Card
ORD07843,CUST1337,Maham Raza,2025-04-14,Running Shoes,Sports,1,16053.45,16053.45,Lahore,EasyPaisa
ORD07844,CUST1392,Saad Khan,2026-08-10,Perfume,Beauty,4,17688.68,70754.72,Faisalabad,Debit Card
ORD07845,CUST2471,Hira Shah,2025-07-05,Air Fryer,Home & Kitchen,6,12155.19,72931.14,Multan,Credit Card
ORD07846,CUST1684,Saad Khan,2026-05-01,Rice,Grocery,5,715.48,3577.4,Lahore,EasyPaisa
ORD07847,CUST0965,Zainab Ali,2026-07-16,Shampoo,Beauty,7,3346.82,23427.74,Lahore,Debit Card
ORD07848,CUST0124,Hassan Ali,2025-11-12,Mouse,Electronics,5,4586.09,22930.45,Quetta,Debit Card
ORD07849,CUST1131,Hassan Ali,2025-05-08,Air Fryer,Home & Kitchen,1,26592.71,26592.71,Sialkot,Debit Card
ORD07850,CUST1003,Hira Shah,2026-08-13,Smartphone,Electronics,7,122602.35,858216.45,Gujranwala,Credit Card
ORD07851,CUST0119,Fatima Ahmed,2025-05-07,Blender,Home & Kitchen,2,7009.72,14019.44,Multan,Debit Card
ORD07852,CUST0108,Hira Shah,2026-02-03,Skin Cream,Beauty,5,877.1,4385.5,Multan,Credit Card
ORD07853,CUST1733,Sara Khan,2026-09-28,Vacuum Cleaner,Home & Kitchen,1,41082.49,41082.49,Peshawar,Credit Card
ORD07854,CUST1532,Zainab Ali,2025-02-25,Dinner Set,Home & Kitchen,7,5988.56,41919.92,Quetta,JazzCash
ORD07855,CUST1212,Omar Farooq,2025-12-11,Hoodie,Clothing,6,2799.43,16796.58,Peshawar,Credit Card
ORD07856,CUST0638,Usman Malik,2025-03-17,Jeans,Clothing,4,3024.04,12096.16,Lahore,EasyPaisa
ORD07857,CUST2223,Talha Malik,2025-08-11,Laptop,Electronics,1,192752.04,192752.04,Quetta,Credit Card
ORD07858,CUST2046,Huzaifa Ali,2026-04-02,Yoga Mat,Sports,1,1130.48,1130.48,Sialkot,EasyPaisa
ORD07859,CUST1856,Ali Khan,2026-07-20,Mouse,Electronics,7,4913.84,34396.88,Peshawar,JazzCash
ORD07860,CUST0804,Usman Malik,2025-07-24,Biscuits,Grocery,5,215.2,1076.0,Peshawar,Debit Card
ORD07861,CUST0271,Hassan Ali,2026-06-30,Smart Watch,Electronics,4,26717.12,106868.48,Quetta,Credit Card
ORD07862,CUST0224,Maham Raza,2025-10-03,Dinner Set,Home & Kitchen,2,15938.11,31876.22,Faisalabad,Credit Card
ORD07863,CUST1005,Saad Khan,2026-05-05,Face Wash,Beauty,5,1198.51,5992.55,Faisalabad,Credit Card
ORD07864,CUST1506,Saad Khan,2025-07-02,Shampoo,Beauty,8,2965.84,23726.72,Lahore,Cash
ORD07865,CUST1153,Abdullah Raza,2026-06-18,Microwave,Home & Kitchen,6,39316.89,235901.34,Peshawar,Credit Card
ORD07866,CUST0666,Ali Khan,2025-02-06,Laptop,Electronics,4,106804.77,427219.08,Karachi,Bank Transfer
ORD07867,CUST0453,Talha Malik,2025-03-03,Face Wash,Beauty,7,1449.06,10143.42,Rawalpindi,EasyPaisa
ORD07868,CUST0203,Maham Raza,2025-12-29,Air Fryer,Home & Kitchen,6,27861.69,167170.14,Karachi,Bank Transfer
ORD07869,CUST0376,Sana Malik,2026-01-21,Perfume,Beauty,8,16945.29,135562.32,Islamabad,JazzCash
ORD07870,CUST2026,Talha Malik,2026-02-26,Cooking Oil,Grocery,4,795.85,3183.4,Lahore,Debit Card
ORD07871,CUST0732,Hira Shah,2025-02-24,Football,Sports,1,2064.34,2064.34,Faisalabad,EasyPaisa
ORD07872,CUST2155,Abdullah Raza,2025-09-22,Smartphone,Electronics,8,168693.21,1349545.68,Multan,JazzCash
ORD07873,CUST0880,Usman Malik,2025-12-13,Microwave,Home & Kitchen,8,29900.18,239201.44,Quetta,JazzCash
ORD07874,CUST0717,Maham Raza,2026-03-29,Perfume,Beauty,4,2616.96,10467.84,Peshawar,Debit Card
ORD07875,CUST1055,Omar Farooq,2025-07-22,Cooking Oil,Grocery,8,1394.29,11154.32,Faisalabad,EasyPaisa
ORD07876,CUST0127,Ali Khan,2025-01-26,Skin Cream,Beauty,1,1018.99,1018.99,Islamabad,Debit Card
ORD07877,CUST1841,Maryam Ahmed,2025-05-16,T-Shirt,Clothing,2,4672.15,9344.3,Peshawar,Cash
ORD07878,CUST2385,Maham Raza,2026-01-18,Sugar,Grocery,3,397.68,1193.04,Quetta,EasyPaisa
ORD07879,CUST2061,Sana Malik,2025-05-13,Tea,Grocery,2,568.5,1137.0,Gujranwala,Debit Card
ORD07880,CUST1039,Bilal Ahmed,2026-05-13,T-Shirt,Clothing,3,3039.45,9118.35,Karachi,Bank Transfer
ORD07881,CUST2282,Abdullah Raza,2026-04-30,Shampoo,Beauty,5,759.4,3797.0,Karachi,Credit Card
ORD07882,CUST2151,Sana Malik,2026-03-04,Sugar,Grocery,2,177.68,355.36,Sialkot,Bank Transfer
ORD07883,CUST1573,Ayesha Khan,2025-06-06,Skin Cream,Beauty,2,3276.82,6553.64,Gujranwala,Bank Transfer
ORD07884,CUST1256,Maham Raza,2025-03-30,Shoes,Clothing,5,22356.08,111780.4,Multan,Cash
ORD07885,CUST0189,Danish Ahmed,2025-07-20,Lipstick,Beauty,4,1337.38,5349.52,Gujranwala,JazzCash
ORD07886,CUST0697,Abdullah Raza,2025-10-08,Smartphone,Electronics,3,157507.35,472522.05,Gujranwala,Debit Card
ORD07887,CUST1827,Ayesha Khan,2026-09-22,Cricket Bat,Sports,5,13916.76,69583.8,Faisalabad,Debit Card
ORD07888,CUST1069,Talha Malik,2026-01-28,Coffee Maker,Home & Kitchen,5,27216.36,136081.8,Faisalabad,EasyPaisa
ORD07889,CUST0341,Ali Khan,2025-04-11,Tea,Grocery,4,810.89,3243.56,Karachi,Debit Card
ORD07890,CUST2396,Maham Raza,2025-12-26,Jeans,Clothing,2,7175.32,14350.64,Gujranwala,EasyPaisa
ORD07891,CUST0136,Saad Khan,2026-01-29,Smartphone,Electronics,7,55288.34,387018.38,Gujranwala,Credit Card
ORD07892,CUST0293,Ayesha Khan,2025-04-14,Jeans,Clothing,6,4041.61,24249.66,Sialkot,Debit Card
ORD07893,CUST1173,Maham Raza,2026-08-13,Cricket Bat,Sports,5,6798.45,33992.25,Quetta,Cash
ORD07894,CUST0355,Omar Farooq,2025-02-27,T-Shirt,Clothing,2,2984.65,5969.3,Islamabad,Debit Card
ORD07895,CUST2094,Hamza Shah,2025-02-28,Rice,Grocery,4,717.23,2868.92,Faisalabad,Cash
ORD07896,CUST1795,Fatima Ahmed,2026-01-02,Microwave,Home & Kitchen,8,48356.63,386853.04,Multan,Bank Transfer
ORD07897,CUST0950,Omar Farooq,2026-03-29,Air Fryer,Home & Kitchen,2,31855.58,63711.16,Lahore,Cash
ORD07898,CUST1866,Hira Shah,2026-06-04,Tea,Grocery,5,928.1,4640.5,Multan,JazzCash
ORD07899,CUST0302,Sara Khan,2026-07-31,Perfume,Beauty,6,19272.15,115632.9,Peshawar,Debit Card
ORD07900,CUST0595,Huzaifa Ali,2026-03-26,Vacuum Cleaner,Home & Kitchen,2,45277.1,90554.2,Peshawar,Debit Card
ORD07901,CUST0466,Talha Malik,2025-02-24,T-Shirt,Clothing,7,4119.75,28838.25,Karachi,Debit Card
ORD07902,CUST2488,Sana Malik,2025-05-09,Cooking Oil,Grocery,3,1379.94,4139.82,Multan,Credit Card
ORD07903,CUST1575,Sana Malik,2025-03-25,Smart Watch,Electronics,6,21217.94,127307.64,Faisalabad,Cash
ORD07904,CUST0115,Saad Khan,2025-01-11,Perfume,Beauty,5,16182.07,80910.35,Multan,Bank Transfer
ORD07905,CUST1120,Hassan Ali,2026-09-12,Hoodie,Clothing,1,8017.73,8017.73,Lahore,JazzCash
ORD07906,CUST1897,Abdullah Raza,2026-09-23,Lipstick,Beauty,1,2926.29,2926.29,Gujranwala,EasyPaisa
ORD07907,CUST0413,Hamza Shah,2025-08-20,Tea,Grocery,2,964.61,1929.22,Gujranwala,JazzCash
ORD07908,CUST0314,Zainab Ali,2026-06-16,Mouse,Electronics,8,5577.49,44619.92,Quetta,Debit Card
ORD07909,CUST1991,Usman Malik,2026-03-09,Yoga Mat,Sports,2,5652.86,11305.72,Peshawar,Debit Card
ORD07910,CUST2017,Huzaifa Ali,2026-03-17,Sugar,Grocery,7,162.28,1135.96,Gujranwala,Debit Card
ORD07911,CUST0825,Huzaifa Ali,2025-01-24,Keyboard,Electronics,3,5967.33,17901.99,Multan,Credit Card
ORD07912,CUST0271,Zainab Ali,2025-03-03,Yoga Mat,Sports,5,2829.54,14147.7,Faisalabad,Bank Transfer
ORD07913,CUST2107,Abdullah Raza,2026-02-13,Keyboard,Electronics,1,5360.85,5360.85,Gujranwala,Debit Card
ORD07914,CUST1559,Talha Malik,2025-03-24,Laptop,Electronics,2,167779.01,335558.02,Gujranwala,JazzCash
ORD07915,CUST1313,Hamza Shah,2026-07-27,Jacket,Clothing,1,11158.52,11158.52,Faisalabad,EasyPaisa
ORD07916,CUST1560,Abdullah Raza,2025-04-13,Sugar,Grocery,8,263.2,2105.6,Multan,Debit Card
ORD07917,CUST0756,Hira Shah,2025-10-22,Smartphone,Electronics,4,54762.37,219049.48,Gujranwala,Credit Card
ORD07918,CUST0390,Ayesha Khan,2026-04-18,Lipstick,Beauty,6,2557.34,15344.04,Sialkot,Debit Card
ORD07919,CUST1198,Maham Raza,2026-07-15,Rice,Grocery,7,274.99,1924.93,Karachi,Bank Transfer
ORD07920,CUST0906,Saad Khan,2025-06-28,Jeans,Clothing,1,7260.19,7260.19,Quetta,EasyPaisa
ORD07921,CUST1907,Hira Shah,2025-10-30,Face Wash,Beauty,2,610.6,1221.2,Lahore,Debit Card
ORD07922,CUST0591,Abdullah Raza,2026-03-09,Smart Watch,Electronics,3,20845.11,62535.33,Islamabad,Credit Card
ORD07923,CUST1812,Sara Khan,2025-07-27,Dinner Set,Home & Kitchen,6,16541.86,99251.16,Islamabad,Cash
ORD07924,CUST0743,Maryam Ahmed,2025-07-24,Keyboard,Electronics,6,7436.75,44620.5,Islamabad,JazzCash
ORD07925,CUST1124,Abdullah Raza,2026-01-13,T-Shirt,Clothing,8,2843.46,22747.68,Lahore,Debit Card
ORD07926,CUST1872,Zainab Ali,2025-09-04,Lipstick,Beauty,1,1248.62,1248.62,Rawalpindi,JazzCash
ORD07927,CUST2116,Omar Farooq,2026-06-03,Air Fryer,Home & Kitchen,1,34603.1,34603.1,Lahore,Bank Transfer
ORD07928,CUST0504,Maryam Ahmed,2026-06-13,Biscuits,Grocery,5,255.12,1275.6,Lahore,Debit Card
ORD07929,CUST1827,Danish Ahmed,2025-05-19,Lipstick,Beauty,5,2208.4,11042.0,Karachi,EasyPaisa
ORD07930,CUST2143,Ali Khan,2026-04-08,Headphones,Electronics,4,27461.51,109846.04,Lahore,Debit Card
ORD07931,CUST2369,Maryam Ahmed,2025-08-07,Cooking Oil,Grocery,3,501.54,1504.62,Sialkot,JazzCash
ORD07932,CUST0160,Usman Malik,2026-05-03,Mouse,Electronics,8,4842.9,38743.2,Multan,Bank Transfer
ORD07933,CUST1019,Usman Malik,2025-10-18,Jacket,Clothing,5,13605.69,68028.45,Lahore,Credit Card
ORD07934,CUST0089,Omar Farooq,2025-04-07,Skin Cream,Beauty,3,1633.66,4900.98,Peshawar,JazzCash
ORD07935,CUST0756,Zainab Ali,2026-08-26,Cricket Ball,Sports,1,2133.71,2133.71,Faisalabad,Credit Card
ORD07936,CUST2106,Hamza Shah,2025-04-21,Rice,Grocery,4,686.38,2745.52,Gujranwala,Cash
ORD07937,CUST1237,Huzaifa Ali,2025-04-18,Jacket,Clothing,8,6633.03,53064.24,Gujranwala,Bank Transfer
ORD07938,CUST0103,Huzaifa Ali,2025-12-20,T-Shirt,Clothing,5,4743.25,23716.25,Islamabad,JazzCash
ORD07939,CUST1511,Huzaifa Ali,2026-06-15,Cricket Ball,Sports,7,1871.1,13097.7,Karachi,EasyPaisa
ORD07940,CUST1800,Fatima Ahmed,2026-03-03,Tea,Grocery,5,755.63,3778.15,Gujranwala,Credit Card
ORD07941,CUST0677,Zainab Ali,2025-09-18,Jeans,Clothing,7,3611.42,25279.94,Lahore,Debit Card
ORD07942,CUST1199,Bilal Ahmed,2026-05-13,Tea,Grocery,2,1163.83,2327.66,Peshawar,Debit Card
ORD07943,CUST1669,Sara Khan,2025-02-24,Skin Cream,Beauty,5,4560.84,22804.2,Karachi,Credit Card
ORD07944,CUST0155,Hamza Shah,2026-03-20,Air Fryer,Home & Kitchen,2,12586.42,25172.84,Islamabad,Bank Transfer
ORD07945,CUST0431,Hamza Shah,2026-07-22,Vacuum Cleaner,Home & Kitchen,2,53246.19,106492.38,Peshawar,Cash
ORD07946,CUST2394,Hira Shah,2025-01-24,Sugar,Grocery,2,194.65,389.3,Sialkot,Bank Transfer
ORD07947,CUST1543,Huzaifa Ali,2025-04-05,Cricket Bat,Sports,3,11991.48,35974.44,Faisalabad,JazzCash
ORD07948,CUST0285,Sana Malik,2025-07-19,T-Shirt,Clothing,7,1794.6,12562.2,Karachi,Cash
ORD07949,CUST2397,Maham Raza,2025-07-06,Face Wash,Beauty,4,1203.09,4812.36,Faisalabad,Cash
ORD07950,CUST0607,Abdullah Raza,2025-10-20,Cricket Ball,Sports,7,2094.75,14663.25,Peshawar,Bank Transfer
ORD07951,CUST1876,Bilal Ahmed,2025-10-11,Keyboard,Electronics,3,11211.5,33634.5,Quetta,Bank Transfer
ORD07952,CUST1779,Ahmed Raza,2025-02-07,T-Shirt,Clothing,8,3194.26,25554.08,Faisalabad,Debit Card
ORD07953,CUST1180,Maham Raza,2025-10-16,Cooking Oil,Grocery,8,517.33,4138.64,Quetta,Cash
ORD07954,CUST0820,Sana Malik,2026-05-04,Skin Cream,Beauty,7,1027.54,7192.78,Islamabad,Bank Transfer
ORD07955,CUST1141,Ali Khan,2025-04-12,Tablet,Electronics,2,34459.03,68918.06,Quetta,Bank Transfer
ORD07956,CUST1280,Danish Ahmed,2026-01-25,Perfume,Beauty,7,17610.45,123273.15,Islamabad,EasyPaisa
ORD07957,CUST1196,Hassan Ali,2026-08-01,Headphones,Electronics,4,4075.9,16303.6,Quetta,Cash
ORD07958,CUST2005,Ahmed Raza,2025-11-01,Cricket Bat,Sports,3,18998.65,56995.95,Peshawar,Bank Transfer
ORD07959,CUST0524,Zainab Ali,2025-05-12,Vacuum Cleaner,Home & Kitchen,3,45059.07,135177.21,Quetta,Cash
ORD07960,CUST1148,Saad Khan,2025-01-29,Cereal,Grocery,1,1371.94,1371.94,Sialkot,Debit Card
ORD07961,CUST1490,Sara Khan,2025-10-15,Jacket,Clothing,4,5640.81,22563.24,Faisalabad,JazzCash
ORD07962,CUST0173,Usman Malik,2026-05-28,Cooking Oil,Grocery,2,1103.52,2207.04,Islamabad,Bank Transfer
ORD07963,CUST1462,Abdullah Raza,2026-05-21,Headphones,Electronics,6,8202.09,49212.54,Sialkot,Bank Transfer
ORD07964,CUST1658,Maryam Ahmed,2025-11-20,Biscuits,Grocery,8,118.3,946.4,Multan,JazzCash
ORD07965,CUST1626,Maryam Ahmed,2026-01-22,Coffee Maker,Home & Kitchen,8,22178.17,177425.36,Faisalabad,EasyPaisa
ORD07966,CUST2393,Fatima Ahmed,2026-02-07,Football,Sports,2,2928.31,5856.62,Lahore,Credit Card
ORD07967,CUST1734,Fatima Ahmed,2025-04-24,Jacket,Clothing,3,14902.57,44707.71,Multan,Credit Card
ORD07968,CUST0546,Hamza Shah,2025-10-21,Cricket Bat,Sports,5,22189.4,110947.0,Faisalabad,JazzCash
ORD07969,CUST0176,Ahmed Raza,2025-11-19,Laptop,Electronics,4,72938.0,291752.0,Multan,EasyPaisa
ORD07970,CUST1499,Usman Malik,2026-03-09,Mouse,Electronics,4,5250.67,21002.68,Faisalabad,JazzCash
ORD07971,CUST0930,Talha Malik,2026-07-04,Perfume,Beauty,2,8146.95,16293.9,Peshawar,Debit Card
ORD07972,CUST1315,Maryam Ahmed,2025-02-07,Hoodie,Clothing,1,5929.62,5929.62,Gujranwala,Credit Card
ORD07973,CUST1467,Ahmed Raza,2026-05-25,Blender,Home & Kitchen,1,5221.35,5221.35,Sialkot,Debit Card
ORD07974,CUST1116,Maham Raza,2025-11-28,Keyboard,Electronics,4,11299.3,45197.2,Karachi,Credit Card
ORD07975,CUST0612,Ahmed Raza,2025-06-29,Tea,Grocery,5,333.63,1668.15,Gujranwala,Debit Card
ORD07976,CUST0594,Hamza Shah,2025-04-13,Shampoo,Beauty,4,607.48,2429.92,Multan,Debit Card
ORD07977,CUST0709,Fatima Ahmed,2026-08-08,Shampoo,Beauty,6,2266.58,13599.48,Karachi,EasyPaisa
ORD07978,CUST1322,Omar Farooq,2025-12-13,Running Shoes,Sports,7,6335.41,44347.87,Peshawar,Cash
ORD07979,CUST0839,Bilal Ahmed,2025-01-01,Smart Watch,Electronics,8,8450.42,67603.36,Gujranwala,Cash
ORD07980,CUST2201,Omar Farooq,2025-07-25,Cricket Bat,Sports,6,6325.34,37952.04,Peshawar,Cash
ORD07981,CUST2374,Bilal Ahmed,2026-04-27,Air Fryer,Home & Kitchen,2,34432.82,68865.64,Karachi,Bank Transfer
ORD07982,CUST0408,Sana Malik,2025-03-06,Tea,Grocery,2,365.93,731.86,Peshawar,EasyPaisa
ORD07983,CUST0961,Talha Malik,2026-05-21,Cooking Oil,Grocery,2,879.39,1758.78,Lahore,Credit Card
ORD07984,CUST0171,Omar Farooq,2025-12-25,Tablet,Electronics,5,40897.87,204489.35,Multan,Debit Card
ORD07985,CUST0361,Omar Farooq,2025-08-18,Yoga Mat,Sports,8,3994.23,31953.84,Karachi,Credit Card
ORD07986,CUST1272,Omar Farooq,2025-07-09,Smartphone,Electronics,2,149513.92,299027.84,Faisalabad,Bank Transfer
ORD07987,CUST2477,Hamza Shah,2025-05-12,Running Shoes,Sports,7,11971.05,83797.35,Rawalpindi,Bank Transfer
ORD07988,CUST1131,Fatima Ahmed,2026-08-30,Cooking Oil,Grocery,4,578.27,2313.08,Lahore,JazzCash
ORD07989,CUST0463,Bilal Ahmed,2026-03-06,Laptop,Electronics,5,221124.53,1105622.65,Lahore,Debit Card
ORD07990,CUST1851,Maham Raza,2025-09-21,Yoga Mat,Sports,5,2376.12,11880.6,Rawalpindi,EasyPaisa
ORD07991,CUST1214,Saad Khan,2026-05-07,Shoes,Clothing,1,22965.5,22965.5,Karachi,Credit Card
ORD07992,CUST1756,Danish Ahmed,2025-09-08,Cricket Bat,Sports,4,11128.37,44513.48,Faisalabad,Cash
ORD07993,CUST1837,Maham Raza,2025-01-04,Tea,Grocery,1,399.95,399.95,Peshawar,Debit Card
ORD07994,CUST2092,Ayesha Khan,2025-09-25,Face Wash,Beauty,6,1340.26,8041.56,Gujranwala,JazzCash
ORD07995,CUST2135,Talha Malik,2025-12-15,Lipstick,Beauty,4,808.77,3235.08,Sialkot,Cash
ORD07996,CUST2443,Ahmed Raza,2025-02-12,Blender,Home & Kitchen,4,11230.79,44923.16,Quetta,Credit Card
ORD07997,CUST1018,Hira Shah,2026-01-31,Shampoo,Beauty,6,3371.59,20229.54,Peshawar,JazzCash
ORD07998,CUST1657,Hassan Ali,2026-09-09,Cooking Oil,Grocery,4,597.82,2391.28,Gujranwala,JazzCash
ORD07999,CUST1261,Talha Malik,2025-12-09,Jeans,Clothing,8,6041.34,48330.72,Lahore,Cash
ORD08000,CUST1469,Danish Ahmed,2025-07-21,Football,Sports,5,2680.29,13401.45,Rawalpindi,EasyPaisa
ORD08001,CUST2097,Bilal Ahmed,2025-06-24,Hoodie,Clothing,8,4446.78,35574.24,Gujranwala,EasyPaisa
ORD08002,CUST1565,Ali Khan,2026-01-12,Mouse,Electronics,7,3328.77,23301.39,Faisalabad,Cash
ORD08003,CUST1886,Maryam Ahmed,2025-11-09,Hoodie,Clothing,5,7432.92,37164.6,Lahore,JazzCash
ORD08004,CUST2047,Saad Khan,2025-12-12,Dinner Set,Home & Kitchen,4,5258.59,21034.36,Islamabad,EasyPaisa
ORD08005,CUST0950,Zainab Ali,2025-05-14,Face Wash,Beauty,5,1170.34,5851.7,Lahore,JazzCash
ORD08006,CUST0914,Danish Ahmed,2026-08-28,Skin Cream,Beauty,4,2042.77,8171.08,Peshawar,Cash
ORD08007,CUST2224,Bilal Ahmed,2025-07-21,Cereal,Grocery,7,559.47,3916.29,Rawalpindi,EasyPaisa
ORD08008,CUST2058,Talha Malik,2026-04-27,Smart Watch,Electronics,5,10492.72,52463.6,Faisalabad,Debit Card
ORD08009,CUST0499,Huzaifa Ali,2025-07-16,Air Fryer,Home & Kitchen,1,21651.45,21651.45,Peshawar,EasyPaisa
ORD08010,CUST2446,Sana Malik,2026-09-04,Tea,Grocery,8,824.25,6594.0,Gujranwala,Cash
ORD08011,CUST1320,Sana Malik,2025-10-29,Cricket Bat,Sports,7,16334.52,114341.64,Gujranwala,Credit Card
ORD08012,CUST0331,Hamza Shah,2026-09-11,Sugar,Grocery,6,181.23,1087.38,Sialkot,Bank Transfer
ORD08013,CUST1219,Sana Malik,2026-02-13,Shampoo,Beauty,4,920.9,3683.6,Quetta,JazzCash
ORD08014,CUST0178,Hamza Shah,2025-11-14,Hoodie,Clothing,5,3223.49,16117.45,Faisalabad,JazzCash
ORD08015,CUST2423,Hira Shah,2025-04-01,Football,Sports,4,5117.84,20471.36,Karachi,JazzCash
ORD08016,CUST1059,Fatima Ahmed,2026-06-13,Cricket Bat,Sports,3,10763.39,32290.17,Islamabad,JazzCash
ORD08017,CUST1480,Zainab Ali,2025-09-28,Keyboard,Electronics,1,9969.47,9969.47,Sialkot,Cash
ORD08018,CUST0661,Hamza Shah,2025-04-29,Hoodie,Clothing,6,9002.83,54016.98,Quetta,Debit Card
ORD08019,CUST0939,Hira Shah,2026-03-10,Cricket Ball,Sports,6,2121.59,12729.54,Multan,Cash
ORD08020,CUST1242,Maryam Ahmed,2025-01-25,Face Wash,Beauty,8,2458.89,19671.12,Lahore,Bank Transfer
ORD08021,CUST1486,Ali Khan,2025-06-16,Jeans,Clothing,2,8112.01,16224.02,Peshawar,EasyPaisa
ORD08022,CUST0898,Maham Raza,2025-01-08,T-Shirt,Clothing,3,3984.35,11953.05,Gujranwala,Cash
ORD08023,CUST1356,Usman Malik,2026-09-27,Hoodie,Clothing,8,7222.24,57777.92,Sialkot,Bank Transfer
ORD08024,CUST0614,Fatima Ahmed,2026-01-19,Cereal,Grocery,5,600.23,3001.15,Lahore,Debit Card
ORD08025,CUST1488,Danish Ahmed,2025-08-27,Dinner Set,Home & Kitchen,3,13062.35,39187.05,Karachi,EasyPaisa
ORD08026,CUST0642,Hassan Ali,2026-01-02,Yoga Mat,Sports,6,3564.15,21384.9,Sialkot,Credit Card
ORD08027,CUST1495,Abdullah Raza,2025-07-06,Lipstick,Beauty,1,2189.1,2189.1,Gujranwala,Debit Card
ORD08028,CUST0558,Hassan Ali,2025-10-19,Dinner Set,Home & Kitchen,6,16940.58,101643.48,Lahore,Debit Card
ORD08029,CUST2367,Hamza Shah,2025-07-02,Vacuum Cleaner,Home & Kitchen,8,58977.02,471816.16,Islamabad,EasyPaisa
ORD08030,CUST1500,Ayesha Khan,2025-09-12,Skin Cream,Beauty,4,2429.17,9716.68,Quetta,Cash
ORD08031,CUST0210,Ali Khan,2025-07-31,Running Shoes,Sports,3,19673.84,59021.52,Karachi,JazzCash
ORD08032,CUST1954,Sara Khan,2025-12-31,Smart Watch,Electronics,6,44003.08,264018.48,Rawalpindi,Credit Card
ORD08033,CUST1696,Bilal Ahmed,2026-02-07,Shampoo,Beauty,2,2482.48,4964.96,Karachi,Debit Card
ORD08034,CUST2284,Hira Shah,2025-10-04,Running Shoes,Sports,8,17341.44,138731.52,Rawalpindi,JazzCash
ORD08035,CUST1696,Hira Shah,2025-08-06,Coffee Maker,Home & Kitchen,1,8170.84,8170.84,Rawalpindi,EasyPaisa
ORD08036,CUST2095,Maryam Ahmed,2026-01-31,Cereal,Grocery,3,1176.28,3528.84,Karachi,Bank Transfer
ORD08037,CUST1367,Ayesha Khan,2025-01-21,Tea,Grocery,5,1141.46,5707.3,Karachi,EasyPaisa
ORD08038,CUST0764,Saad Khan,2025-07-06,Yoga Mat,Sports,6,3032.8,18196.8,Gujranwala,Bank Transfer
ORD08039,CUST1893,Fatima Ahmed,2025-06-10,Sugar,Grocery,8,333.46,2667.68,Peshawar,Cash
ORD08040,CUST1531,Huzaifa Ali,2025-01-01,Smartphone,Electronics,2,161027.46,322054.92,Gujranwala,Credit Card
ORD08041,CUST0364,Talha Malik,2026-01-17,Lipstick,Beauty,4,598.18,2392.72,Karachi,EasyPaisa
ORD08042,CUST1388,Ali Khan,2025-09-22,Shampoo,Beauty,8,2547.43,20379.44,Lahore,EasyPaisa
ORD08043,CUST1937,Usman Malik,2025-02-21,Rice,Grocery,5,484.98,2424.9,Islamabad,Bank Transfer
ORD08044,CUST0398,Zainab Ali,2025-04-19,Microwave,Home & Kitchen,7,43594.11,305158.77,Multan,Bank Transfer
ORD08045,CUST0564,Maryam Ahmed,2025-01-31,Microwave,Home & Kitchen,5,44703.77,223518.85,Gujranwala,Bank Transfer
ORD08046,CUST0262,Hamza Shah,2026-07-20,Cricket Bat,Sports,6,4184.31,25105.86,Rawalpindi,Cash
ORD08047,CUST0306,Sara Khan,2025-04-24,Face Wash,Beauty,4,1986.28,7945.12,Sialkot,Debit Card
ORD08048,CUST0841,Fatima Ahmed,2025-05-31,Football,Sports,3,3790.38,11371.14,Multan,Cash
ORD08049,CUST0889,Talha Malik,2025-03-18,Skin Cream,Beauty,8,2517.28,20138.24,Peshawar,JazzCash
ORD08050,CUST0041,Sara Khan,2026-01-29,Rice,Grocery,1,611.5,611.5,Lahore,Debit Card
ORD08051,CUST1454,Hamza Shah,2025-01-29,Football,Sports,5,6124.98,30624.9,Karachi,EasyPaisa
ORD08052,CUST0399,Sana Malik,2025-01-23,Jeans,Clothing,5,6085.85,30429.25,Faisalabad,Cash
ORD08053,CUST2315,Omar Farooq,2026-06-13,Biscuits,Grocery,4,55.07,220.28,Multan,Credit Card
ORD08054,CUST1775,Hamza Shah,2025-10-25,Headphones,Electronics,3,7729.12,23187.36,Multan,Bank Transfer
ORD08055,CUST1017,Fatima Ahmed,2025-03-10,Microwave,Home & Kitchen,2,22962.82,45925.64,Karachi,Debit Card
ORD08056,CUST1516,Huzaifa Ali,2026-01-29,Perfume,Beauty,3,4920.78,14762.34,Rawalpindi,Debit Card
ORD08057,CUST1680,Saad Khan,2026-09-24,Cricket Bat,Sports,4,13377.88,53511.52,Gujranwala,Debit Card
ORD08058,CUST1100,Zainab Ali,2026-09-18,Rice,Grocery,7,643.73,4506.11,Peshawar,EasyPaisa
ORD08059,CUST1536,Talha Malik,2025-03-24,Cricket Ball,Sports,4,1378.15,5512.6,Sialkot,Bank Transfer
ORD08060,CUST1000,Danish Ahmed,2025-07-04,Lipstick,Beauty,2,1656.4,3312.8,Faisalabad,Debit Card
ORD08061,CUST1897,Huzaifa Ali,2025-01-06,Yoga Mat,Sports,4,2275.01,9100.04,Faisalabad,Debit Card
ORD08062,CUST0958,Ahmed Raza,2025-06-22,Biscuits,Grocery,1,115.56,115.56,Quetta,JazzCash
ORD08063,CUST0130,Bilal Ahmed,2025-12-04,Mouse,Electronics,7,3028.97,21202.79,Gujranwala,JazzCash
ORD08064,CUST1024,Maryam Ahmed,2026-06-04,Mouse,Electronics,2,1340.45,2680.9,Peshawar,EasyPaisa
ORD08065,CUST1937,Saad Khan,2025-08-13,Laptop,Electronics,2,161923.01,323846.02,Lahore,Cash
ORD08066,CUST1097,Fatima Ahmed,2026-06-05,Laptop,Electronics,1,121279.42,121279.42,Faisalabad,Debit Card
ORD08067,CUST1663,Talha Malik,2025-12-24,Microwave,Home & Kitchen,3,42789.78,128369.34,Islamabad,Cash
ORD08068,CUST0355,Ali Khan,2025-03-19,Football,Sports,6,5158.48,30950.88,Sialkot,Debit Card
ORD08069,CUST1449,Saad Khan,2026-02-16,Vacuum Cleaner,Home & Kitchen,3,45882.06,137646.18,Islamabad,Cash
ORD08070,CUST0708,Ali Khan,2026-03-21,Tea,Grocery,5,621.03,3105.15,Lahore,Cash
ORD08071,CUST1223,Hamza Shah,2026-03-08,Skin Cream,Beauty,8,3031.29,24250.32,Faisalabad,Credit Card
ORD08072,CUST1511,Zainab Ali,2026-06-04,Sugar,Grocery,3,191.39,574.17,Peshawar,EasyPaisa
ORD08073,CUST0949,Maham Raza,2026-08-01,Cricket Bat,Sports,5,4720.02,23600.1,Faisalabad,EasyPaisa
ORD08074,CUST0587,Maryam Ahmed,2025-07-25,Perfume,Beauty,8,15139.08,121112.64,Peshawar,Bank Transfer
ORD08075,CUST1834,Talha Malik,2025-08-31,Smart Watch,Electronics,1,32010.64,32010.64,Quetta,Credit Card
ORD08076,CUST0792,Maryam Ahmed,2025-11-23,Laptop,Electronics,3,71683.57,215050.71,Multan,EasyPaisa
ORD08077,CUST1422,Usman Malik,2025-04-28,Jeans,Clothing,6,4646.29,27877.74,Faisalabad,EasyPaisa
ORD08078,CUST1768,Talha Malik,2025-09-29,Blender,Home & Kitchen,8,13636.09,109088.72,Islamabad,Credit Card
ORD08079,CUST2150,Saad Khan,2025-04-17,Lipstick,Beauty,2,3204.05,6408.1,Islamabad,Cash
ORD08080,CUST2368,Maham Raza,2025-11-28,Football,Sports,1,4355.01,4355.01,Multan,EasyPaisa
ORD08081,CUST0591,Maham Raza,2025-09-15,Running Shoes,Sports,1,24876.23,24876.23,Rawalpindi,Bank Transfer
ORD08082,CUST1023,Bilal Ahmed,2026-05-05,Sugar,Grocery,7,251.57,1760.99,Multan,Debit Card
ORD08083,CUST0721,Huzaifa Ali,2025-01-08,Lipstick,Beauty,8,1837.33,14698.64,Quetta,Credit Card
ORD08084,CUST1867,Hamza Shah,2026-01-05,Cooking Oil,Grocery,1,709.29,709.29,Islamabad,Cash
ORD08085,CUST2470,Hira Shah,2025-07-04,Cereal,Grocery,7,1467.86,10275.02,Peshawar,EasyPaisa
ORD08086,CUST2145,Abdullah Raza,2025-06-23,Cricket Bat,Sports,5,13506.83,67534.15,Lahore,Bank Transfer
ORD08087,CUST1191,Hira Shah,2025-10-26,Microwave,Home & Kitchen,6,30704.56,184227.36,Lahore,Bank Transfer
ORD08088,CUST2480,Danish Ahmed,2026-06-03,Running Shoes,Sports,6,24944.6,149667.6,Rawalpindi,Credit Card
ORD08089,CUST0130,Fatima Ahmed,2025-07-13,Smart Watch,Electronics,4,8085.12,32340.48,Faisalabad,Credit Card
ORD08090,CUST2180,Maham Raza,2025-11-03,Headphones,Electronics,4,19137.41,76549.64,Peshawar,Debit Card
ORD08091,CUST0690,Fatima Ahmed,2026-03-01,Vacuum Cleaner,Home & Kitchen,5,15636.39,78181.95,Lahore,Debit Card
ORD08092,CUST0884,Usman Malik,2026-02-19,Cricket Ball,Sports,2,2493.88,4987.76,Peshawar,Bank Transfer
ORD08093,CUST1995,Ahmed Raza,2025-04-08,Running Shoes,Sports,5,20127.68,100638.4,Lahore,Cash
ORD08094,CUST1806,Fatima Ahmed,2025-09-21,Jeans,Clothing,1,5364.11,5364.11,Islamabad,Cash
ORD08095,CUST1536,Saad Khan,2025-01-22,T-Shirt,Clothing,7,2817.61,19723.27,Lahore,Bank Transfer
ORD08096,CUST2291,Abdullah Raza,2025-05-15,Shampoo,Beauty,1,1814.47,1814.47,Karachi,Bank Transfer
ORD08097,CUST0577,Fatima Ahmed,2026-03-26,Rice,Grocery,1,525.44,525.44,Islamabad,Cash
ORD08098,CUST0598,Bilal Ahmed,2026-04-19,Tea,Grocery,8,511.48,4091.84,Peshawar,EasyPaisa
ORD08099,CUST1291,Saad Khan,2025-10-13,Sugar,Grocery,4,382.68,1530.72,Peshawar,Cash
ORD08100,CUST2168,Maham Raza,2025-02-15,Keyboard,Electronics,1,4909.8,4909.8,Gujranwala,Debit Card
ORD08101,CUST1435,Usman Malik,2026-02-03,Dinner Set,Home & Kitchen,5,5078.52,25392.6,Peshawar,JazzCash
ORD08102,CUST0267,Danish Ahmed,2026-03-28,Face Wash,Beauty,3,2897.83,8693.49,Multan,Credit Card
ORD08103,CUST0247,Abdullah Raza,2026-04-27,Rice,Grocery,7,515.72,3610.04,Peshawar,EasyPaisa
ORD08104,CUST1791,Fatima Ahmed,2025-03-11,Shoes,Clothing,1,6086.99,6086.99,Gujranwala,Bank Transfer
ORD08105,CUST0550,Zainab Ali,2025-08-13,Air Fryer,Home & Kitchen,4,22639.88,90559.52,Gujranwala,Cash
ORD08106,CUST2271,Usman Malik,2025-09-17,Yoga Mat,Sports,4,4523.15,18092.6,Rawalpindi,Cash
ORD08107,CUST0589,Maham Raza,2026-01-29,Tablet,Electronics,4,88025.36,352101.44,Peshawar,EasyPaisa
ORD08108,CUST1408,Huzaifa Ali,2025-01-08,Keyboard,Electronics,4,4997.61,19990.44,Karachi,EasyPaisa
ORD08109,CUST1150,Sara Khan,2025-01-04,Cereal,Grocery,5,817.88,4089.4,Peshawar,Cash
ORD08110,CUST2346,Maham Raza,2025-03-08,Mouse,Electronics,7,1257.65,8803.55,Gujranwala,Cash
ORD08111,CUST2351,Huzaifa Ali,2025-06-02,Rice,Grocery,4,541.06,2164.24,Peshawar,Debit Card
ORD08112,CUST1461,Ali Khan,2025-11-03,Shoes,Clothing,2,24799.54,49599.08,Karachi,EasyPaisa
ORD08113,CUST0931,Maryam Ahmed,2025-02-28,Smart Watch,Electronics,6,24183.24,145099.44,Faisalabad,Bank Transfer
ORD08114,CUST0269,Sana Malik,2025-12-14,Shoes,Clothing,3,17215.29,51645.87,Islamabad,Bank Transfer
ORD08115,CUST1277,Usman Malik,2025-05-14,Running Shoes,Sports,2,22375.19,44750.38,Multan,Bank Transfer
ORD08116,CUST2238,Maryam Ahmed,2025-08-06,T-Shirt,Clothing,4,1791.13,7164.52,Rawalpindi,Cash
ORD08117,CUST2072,Abdullah Raza,2025-06-13,Keyboard,Electronics,4,5556.23,22224.92,Quetta,EasyPaisa
ORD08118,CUST1891,Maham Raza,2026-04-25,Cricket Ball,Sports,4,2394.44,9577.76,Peshawar,Bank Transfer
ORD08119,CUST2418,Sana Malik,2026-07-18,Cricket Ball,Sports,1,1786.89,1786.89,Multan,Credit Card
ORD08120,CUST1117,Ali Khan,2026-09-16,Headphones,Electronics,6,5975.77,35854.62,Rawalpindi,JazzCash
ORD08121,CUST0970,Ali Khan,2025-07-17,Tea,Grocery,2,825.96,1651.92,Sialkot,EasyPaisa
ORD08122,CUST1534,Zainab Ali,2025-05-19,Vacuum Cleaner,Home & Kitchen,3,29370.33,88110.99,Faisalabad,EasyPaisa
ORD08123,CUST1398,Usman Malik,2026-06-06,Cricket Ball,Sports,3,2118.48,6355.44,Faisalabad,Cash
ORD08124,CUST1292,Saad Khan,2025-12-26,Shoes,Clothing,3,19201.07,57603.21,Peshawar,Cash
ORD08125,CUST1425,Sara Khan,2025-01-12,Jeans,Clothing,4,7274.41,29097.64,Karachi,Bank Transfer
ORD08126,CUST0573,Omar Farooq,2026-05-20,T-Shirt,Clothing,4,1496.03,5984.12,Peshawar,JazzCash
ORD08127,CUST0866,Maham Raza,2025-05-08,Yoga Mat,Sports,3,1270.6,3811.8,Islamabad,Bank Transfer
ORD08128,CUST2116,Abdullah Raza,2025-04-17,T-Shirt,Clothing,2,4291.7,8583.4,Lahore,EasyPaisa
ORD08129,CUST1975,Abdullah Raza,2026-06-04,Face Wash,Beauty,1,2156.6,2156.6,Sialkot,Credit Card
ORD08130,CUST2115,Danish Ahmed,2025-07-12,Jeans,Clothing,2,2803.61,5607.22,Karachi,Bank Transfer
ORD08131,CUST0663,Ali Khan,2025-01-22,Yoga Mat,Sports,7,3811.3,26679.1,Gujranwala,Credit Card
ORD08132,CUST0489,Fatima Ahmed,2026-07-13,Skin Cream,Beauty,2,2450.16,4900.32,Rawalpindi,Credit Card
ORD08133,CUST2222,Ayesha Khan,2025-07-03,Vacuum Cleaner,Home & Kitchen,7,51341.8,359392.6,Multan,EasyPaisa
ORD08134,CUST2429,Sara Khan,2026-05-13,Yoga Mat,Sports,8,1041.84,8334.72,Gujranwala,Cash
ORD08135,CUST1145,Sana Malik,2025-07-02,Sugar,Grocery,1,289.12,289.12,Peshawar,Debit Card
ORD08136,CUST2170,Hira Shah,2026-08-12,Microwave,Home & Kitchen,6,47698.37,286190.22,Faisalabad,EasyPaisa
ORD08137,CUST0120,Bilal Ahmed,2026-04-29,Blender,Home & Kitchen,3,13977.31,41931.93,Sialkot,Cash
ORD08138,CUST1080,Huzaifa Ali,2025-06-06,Tea,Grocery,3,530.08,1590.24,Sialkot,EasyPaisa
ORD08139,CUST2362,Huzaifa Ali,2026-07-08,Laptop,Electronics,7,124211.22,869478.54,Rawalpindi,JazzCash
ORD08140,CUST1463,Saad Khan,2026-02-06,Hoodie,Clothing,6,8157.96,48947.76,Peshawar,JazzCash
ORD08141,CUST0222,Ayesha Khan,2025-10-07,Yoga Mat,Sports,2,4602.1,9204.2,Faisalabad,EasyPaisa
ORD08142,CUST1726,Maryam Ahmed,2025-09-05,Air Fryer,Home & Kitchen,6,34153.33,204919.98,Sialkot,Credit Card
ORD08143,CUST1068,Maham Raza,2025-08-12,Cricket Bat,Sports,4,22956.08,91824.32,Quetta,Cash
ORD08144,CUST2430,Hira Shah,2026-01-03,Perfume,Beauty,8,3754.39,30035.12,Peshawar,Cash
ORD08145,CUST1529,Saad Khan,2026-02-03,Cricket Ball,Sports,7,1111.81,7782.67,Faisalabad,EasyPaisa
ORD08146,CUST0504,Ahmed Raza,2026-04-27,Smart Watch,Electronics,6,32745.86,196475.16,Quetta,Cash
ORD08147,CUST0684,Omar Farooq,2025-06-30,Rice,Grocery,1,302.75,302.75,Multan,EasyPaisa
ORD08148,CUST1372,Maham Raza,2026-06-18,Rice,Grocery,6,457.36,2744.16,Islamabad,Credit Card
ORD08149,CUST0879,Sara Khan,2025-10-23,Shampoo,Beauty,5,666.38,3331.9,Lahore,Bank Transfer
ORD08150,CUST1618,Usman Malik,2026-07-01,Dinner Set,Home & Kitchen,5,12226.5,61132.5,Gujranwala,Cash
ORD08151,CUST1650,Saad Khan,2026-03-28,Tea,Grocery,6,590.81,3544.86,Islamabad,JazzCash
ORD08152,CUST2078,Abdullah Raza,2025-02-07,Cricket Bat,Sports,1,20509.56,20509.56,Quetta,Credit Card
ORD08153,CUST0144,Maryam Ahmed,2026-09-23,Football,Sports,6,2934.88,17609.28,Quetta,Debit Card
ORD08154,CUST0800,Sana Malik,2025-08-09,Sugar,Grocery,5,352.38,1761.9,Lahore,EasyPaisa
ORD08155,CUST0122,Hamza Shah,2025-12-12,Running Shoes,Sports,6,5127.4,30764.4,Rawalpindi,Credit Card
ORD08156,CUST1925,Bilal Ahmed,2025-04-02,Jacket,Clothing,4,16099.41,64397.64,Quetta,Bank Transfer
ORD08157,CUST2053,Saad Khan,2025-04-09,Dinner Set,Home & Kitchen,4,19065.96,76263.84,Multan,Credit Card
ORD08158,CUST0509,Ahmed Raza,2026-02-05,Cricket Ball,Sports,3,540.5,1621.5,Karachi,Debit Card
ORD08159,CUST0851,Hassan Ali,2026-01-26,Yoga Mat,Sports,3,5222.76,15668.28,Rawalpindi,Cash
ORD08160,CUST1941,Saad Khan,2026-04-26,Headphones,Electronics,6,21824.27,130945.62,Gujranwala,Debit Card
ORD08161,CUST0551,Ali Khan,2025-10-25,Cooking Oil,Grocery,6,1466.32,8797.92,Karachi,Cash
ORD08162,CUST0675,Hira Shah,2026-04-27,Lipstick,Beauty,3,1873.95,5621.85,Rawalpindi,Bank Transfer
ORD08163,CUST2316,Maryam Ahmed,2025-10-17,Blender,Home & Kitchen,2,6034.53,12069.06,Quetta,Bank Transfer
ORD08164,CUST0518,Maryam Ahmed,2026-05-31,Blender,Home & Kitchen,2,12146.43,24292.86,Karachi,Bank Transfer
ORD08165,CUST2417,Fatima Ahmed,2025-04-23,Vacuum Cleaner,Home & Kitchen,4,54807.99,219231.96,Gujranwala,Credit Card
ORD08166,CUST1700,Ayesha Khan,2026-04-24,Yoga Mat,Sports,3,3801.78,11405.34,Faisalabad,Credit Card
ORD08167,CUST0428,Huzaifa Ali,2026-04-03,Shampoo,Beauty,6,1853.27,11119.62,Gujranwala,JazzCash
ORD08168,CUST1936,Ayesha Khan,2025-10-14,Yoga Mat,Sports,6,4795.25,28771.5,Quetta,Debit Card
ORD08169,CUST1837,Fatima Ahmed,2025-07-09,Coffee Maker,Home & Kitchen,8,9554.01,76432.08,Quetta,EasyPaisa
ORD08170,CUST0304,Bilal Ahmed,2026-03-29,T-Shirt,Clothing,1,4528.35,4528.35,Rawalpindi,Credit Card
ORD08171,CUST1359,Maham Raza,2025-04-21,Sugar,Grocery,3,278.19,834.57,Faisalabad,Credit Card
ORD08172,CUST0083,Fatima Ahmed,2026-04-08,Shoes,Clothing,8,8393.96,67151.68,Karachi,Debit Card
ORD08173,CUST0888,Hira Shah,2025-03-27,Cricket Ball,Sports,7,2334.63,16342.41,Faisalabad,Credit Card
ORD08174,CUST0993,Bilal Ahmed,2026-02-13,Jeans,Clothing,1,4891.22,4891.22,Gujranwala,JazzCash
ORD08175,CUST1172,Ahmed Raza,2026-05-29,Tea,Grocery,5,981.75,4908.75,Lahore,Debit Card
ORD08176,CUST2130,Saad Khan,2026-08-28,T-Shirt,Clothing,8,4260.29,34082.32,Multan,JazzCash
ORD08177,CUST1600,Maryam Ahmed,2026-03-04,Cereal,Grocery,7,405.02,2835.14,Sialkot,Credit Card
ORD08178,CUST0798,Hira Shah,2026-07-05,Skin Cream,Beauty,8,3884.9,31079.2,Lahore,Bank Transfer
ORD08179,CUST1995,Huzaifa Ali,2026-08-04,Biscuits,Grocery,1,179.76,179.76,Sialkot,Bank Transfer
ORD08180,CUST2132,Usman Malik,2025-09-07,T-Shirt,Clothing,4,3099.52,12398.08,Lahore,Cash
ORD08181,CUST2078,Omar Farooq,2025-01-06,Shoes,Clothing,5,22345.03,111725.15,Karachi,EasyPaisa
ORD08182,CUST1619,Talha Malik,2025-09-25,Vacuum Cleaner,Home & Kitchen,7,21745.29,152217.03,Faisalabad,Debit Card
ORD08183,CUST0593,Zainab Ali,2025-07-02,Coffee Maker,Home & Kitchen,4,22895.22,91580.88,Lahore,Debit Card
ORD08184,CUST2277,Ali Khan,2026-05-28,Vacuum Cleaner,Home & Kitchen,5,32187.99,160939.95,Multan,EasyPaisa
ORD08185,CUST0117,Bilal Ahmed,2025-01-08,Air Fryer,Home & Kitchen,3,23020.45,69061.35,Gujranwala,EasyPaisa
ORD08186,CUST0386,Sana Malik,2026-04-09,Cricket Bat,Sports,4,7938.15,31752.6,Islamabad,Bank Transfer
ORD08187,CUST1008,Maryam Ahmed,2025-05-06,Microwave,Home & Kitchen,1,39638.31,39638.31,Islamabad,Bank Transfer
ORD08188,CUST2342,Hira Shah,2025-02-02,Dinner Set,Home & Kitchen,5,6510.6,32553.0,Sialkot,JazzCash
ORD08189,CUST1907,Zainab Ali,2025-08-28,Coffee Maker,Home & Kitchen,6,12126.38,72758.28,Karachi,Credit Card
ORD08190,CUST2337,Huzaifa Ali,2025-11-22,T-Shirt,Clothing,2,3042.15,6084.3,Lahore,Debit Card
ORD08191,CUST1103,Talha Malik,2025-06-03,Rice,Grocery,3,347.52,1042.56,Lahore,Credit Card
ORD08192,CUST2190,Ali Khan,2026-04-21,T-Shirt,Clothing,4,2099.88,8399.52,Lahore,JazzCash
ORD08193,CUST0608,Abdullah Raza,2025-10-12,Shampoo,Beauty,7,629.8,4408.6,Rawalpindi,EasyPaisa
ORD08194,CUST0774,Hassan Ali,2026-08-24,Air Fryer,Home & Kitchen,8,20423.03,163384.24,Lahore,Cash
ORD08195,CUST1096,Abdullah Raza,2025-11-03,Yoga Mat,Sports,3,1666.93,5000.79,Karachi,Credit Card
ORD08196,CUST2097,Maham Raza,2025-01-01,Keyboard,Electronics,2,5526.73,11053.46,Multan,Bank Transfer
ORD08197,CUST1044,Ali Khan,2026-02-22,Rice,Grocery,4,403.67,1614.68,Peshawar,Debit Card
ORD08198,CUST0560,Hassan Ali,2026-06-06,Tablet,Electronics,2,104003.63,208007.26,Islamabad,Debit Card
ORD08199,CUST1527,Ahmed Raza,2026-08-14,Smartphone,Electronics,3,128956.83,386870.49,Karachi,Cash
ORD08200,CUST0891,Abdullah Raza,2025-05-04,Jeans,Clothing,3,3662.8,10988.4,Sialkot,Bank Transfer
ORD08201,CUST0494,Sana Malik,2026-06-04,Cricket Bat,Sports,6,23379.69,140278.14,Islamabad,JazzCash
ORD08202,CUST1101,Danish Ahmed,2025-04-13,Jacket,Clothing,3,4507.12,13521.36,Karachi,JazzCash
ORD08203,CUST2379,Zainab Ali,2026-09-07,Laptop,Electronics,2,194276.66,388553.32,Rawalpindi,Bank Transfer
ORD08204,CUST1218,Hassan Ali,2026-05-30,T-Shirt,Clothing,8,1200.25,9602.0,Gujranwala,Cash
ORD08205,CUST1248,Hamza Shah,2025-05-04,Vacuum Cleaner,Home & Kitchen,6,53922.89,323537.34,Sialkot,EasyPaisa
ORD08206,CUST1666,Ayesha Khan,2026-05-13,Biscuits,Grocery,2,247.04,494.08,Lahore,Bank Transfer
ORD08207,CUST1425,Fatima Ahmed,2025-04-21,Smart Watch,Electronics,2,37601.02,75202.04,Rawalpindi,Bank Transfer
ORD08208,CUST0321,Sana Malik,2025-02-23,Mouse,Electronics,8,3932.06,31456.48,Karachi,Cash
ORD08209,CUST1665,Fatima Ahmed,2025-01-29,Vacuum Cleaner,Home & Kitchen,3,59013.49,177040.47,Multan,JazzCash
ORD08210,CUST2027,Omar Farooq,2025-06-30,T-Shirt,Clothing,4,3593.12,14372.48,Peshawar,Debit Card
ORD08211,CUST1529,Bilal Ahmed,2025-05-14,Hoodie,Clothing,8,9799.4,78395.2,Lahore,Bank Transfer
ORD08212,CUST0388,Sara Khan,2026-04-21,Cricket Ball,Sports,7,1257.47,8802.29,Quetta,Cash
ORD08213,CUST0078,Hamza Shah,2025-10-05,Shoes,Clothing,5,20986.27,104931.35,Rawalpindi,Cash
ORD08214,CUST1017,Hassan Ali,2025-07-26,Dinner Set,Home & Kitchen,6,11208.64,67251.84,Faisalabad,Bank Transfer
ORD08215,CUST0067,Hira Shah,2025-07-22,Lipstick,Beauty,8,3320.4,26563.2,Gujranwala,JazzCash
ORD08216,CUST2353,Hassan Ali,2025-04-29,Skin Cream,Beauty,7,2732.24,19125.68,Lahore,Bank Transfer
ORD08217,CUST1412,Sana Malik,2026-07-11,Cricket Bat,Sports,3,21023.13,63069.39,Lahore,Debit Card
ORD08218,CUST1599,Saad Khan,2026-03-15,Smartphone,Electronics,2,87520.68,175041.36,Faisalabad,Debit Card
ORD08219,CUST0680,Zainab Ali,2025-05-14,Football,Sports,7,2151.81,15062.67,Gujranwala,Debit Card
ORD08220,CUST0054,Sana Malik,2026-02-22,Perfume,Beauty,1,13400.93,13400.93,Multan,Bank Transfer
ORD08221,CUST0267,Sana Malik,2026-07-17,Yoga Mat,Sports,8,3717.11,29736.88,Quetta,Cash
ORD08222,CUST1889,Hamza Shah,2026-09-20,Vacuum Cleaner,Home & Kitchen,5,48405.74,242028.7,Quetta,Credit Card
ORD08223,CUST0999,Ayesha Khan,2025-11-18,Perfume,Beauty,2,5479.43,10958.86,Faisalabad,Debit Card
ORD08224,CUST0567,Sara Khan,2025-01-22,Jeans,Clothing,4,6038.8,24155.2,Sialkot,JazzCash
ORD08225,CUST0207,Hassan Ali,2025-05-01,Skin Cream,Beauty,4,3502.71,14010.84,Lahore,EasyPaisa
ORD08226,CUST1060,Zainab Ali,2026-02-14,Vacuum Cleaner,Home & Kitchen,6,21873.84,131243.04,Sialkot,EasyPaisa
ORD08227,CUST2201,Maham Raza,2025-12-15,Smartphone,Electronics,1,65024.08,65024.08,Peshawar,Debit Card
ORD08228,CUST1929,Fatima Ahmed,2026-08-21,Yoga Mat,Sports,2,5071.37,10142.74,Rawalpindi,EasyPaisa
ORD08229,CUST2308,Bilal Ahmed,2025-11-05,Blender,Home & Kitchen,5,8264.2,41321.0,Lahore,EasyPaisa
ORD08230,CUST0356,Hassan Ali,2026-09-10,Air Fryer,Home & Kitchen,5,19364.04,96820.2,Gujranwala,Credit Card
ORD08231,CUST1167,Abdullah Raza,2026-08-08,Mouse,Electronics,8,1504.87,12038.96,Faisalabad,Debit Card
ORD08232,CUST2349,Zainab Ali,2025-05-25,Jeans,Clothing,4,7957.81,31831.24,Gujranwala,JazzCash
ORD08233,CUST0015,Fatima Ahmed,2025-08-13,Microwave,Home & Kitchen,7,32025.77,224180.39,Sialkot,Debit Card
ORD08234,CUST2177,Hira Shah,2026-03-29,Cricket Ball,Sports,5,546.48,2732.4,Faisalabad,Cash
ORD08235,CUST0261,Ali Khan,2026-06-03,Cooking Oil,Grocery,3,1046.33,3138.99,Multan,Bank Transfer
ORD08236,CUST0493,Saad Khan,2025-04-18,Face Wash,Beauty,3,1369.35,4108.05,Sialkot,Bank Transfer
ORD08237,CUST1778,Hira Shah,2025-03-27,Coffee Maker,Home & Kitchen,2,10662.45,21324.9,Multan,Debit Card
ORD08238,CUST0002,Ahmed Raza,2025-08-16,Cooking Oil,Grocery,7,1390.97,9736.79,Faisalabad,Bank Transfer
ORD08239,CUST1428,Hira Shah,2025-03-22,Jeans,Clothing,1,4578.35,4578.35,Faisalabad,Cash
ORD08240,CUST1653,Abdullah Raza,2025-12-04,Cereal,Grocery,6,1385.15,8310.9,Faisalabad,Cash
ORD08241,CUST1394,Danish Ahmed,2025-08-04,Coffee Maker,Home & Kitchen,8,29441.42,235531.36,Islamabad,Bank Transfer
ORD08242,CUST1510,Talha Malik,2025-06-02,Face Wash,Beauty,7,2304.75,16133.25,Quetta,Debit Card
ORD08243,CUST1491,Sara Khan,2026-03-10,Football,Sports,2,5768.71,11537.42,Peshawar,Debit Card
ORD08244,CUST0998,Hira Shah,2025-08-06,Sugar,Grocery,7,227.48,1592.36,Multan,Debit Card
ORD08245,CUST0229,Sara Khan,2025-03-28,Lipstick,Beauty,2,900.96,1801.92,Sialkot,JazzCash
ORD08246,CUST0753,Fatima Ahmed,2026-09-23,Biscuits,Grocery,4,147.54,590.16,Sialkot,Bank Transfer
ORD08247,CUST1733,Danish Ahmed,2025-07-25,Cooking Oil,Grocery,5,726.6,3633.0,Islamabad,EasyPaisa
ORD08248,CUST0845,Talha Malik,2026-06-24,Blender,Home & Kitchen,3,9480.59,28441.77,Sialkot,Debit Card
ORD08249,CUST0884,Ayesha Khan,2026-05-27,Sugar,Grocery,2,307.71,615.42,Rawalpindi,JazzCash
ORD08250,CUST1741,Talha Malik,2026-07-05,Football,Sports,8,2252.52,18020.16,Peshawar,Bank Transfer
ORD08251,CUST0840,Zainab Ali,2025-02-07,Tablet,Electronics,6,41471.93,248831.58,Gujranwala,Bank Transfer
ORD08252,CUST2213,Ahmed Raza,2025-11-13,Headphones,Electronics,6,20992.91,125957.46,Peshawar,Cash
ORD08253,CUST0026,Saad Khan,2026-01-21,Shampoo,Beauty,8,1708.02,13664.16,Multan,JazzCash
ORD08254,CUST1540,Omar Farooq,2025-07-28,Tea,Grocery,1,686.19,686.19,Islamabad,Debit Card
ORD08255,CUST0589,Talha Malik,2025-07-02,Hoodie,Clothing,7,8350.59,58454.13,Karachi,EasyPaisa
ORD08256,CUST1587,Zainab Ali,2026-02-24,Cricket Bat,Sports,4,4918.05,19672.2,Peshawar,JazzCash
ORD08257,CUST0182,Talha Malik,2026-01-22,Cooking Oil,Grocery,1,1500.0,1500.0,Islamabad,JazzCash
ORD08258,CUST1530,Maryam Ahmed,2026-02-28,Running Shoes,Sports,4,19913.03,79652.12,Peshawar,Cash
ORD08259,CUST1924,Hamza Shah,2025-12-28,Coffee Maker,Home & Kitchen,7,23061.1,161427.7,Peshawar,Debit Card
ORD08260,CUST0802,Fatima Ahmed,2025-05-11,Smartphone,Electronics,2,49458.24,98916.48,Sialkot,Bank Transfer
ORD08261,CUST1076,Danish Ahmed,2025-10-01,Air Fryer,Home & Kitchen,3,28721.05,86163.15,Karachi,JazzCash
ORD08262,CUST0395,Sana Malik,2026-03-09,Tea,Grocery,3,784.22,2352.66,Gujranwala,Bank Transfer
ORD08263,CUST2101,Usman Malik,2026-05-05,Laptop,Electronics,6,174091.53,1044549.18,Gujranwala,Credit Card
ORD08264,CUST0052,Ayesha Khan,2026-05-18,Hoodie,Clothing,1,7283.54,7283.54,Rawalpindi,Bank Transfer
ORD08265,CUST0039,Zainab Ali,2026-05-10,Tablet,Electronics,7,59375.01,415625.07,Rawalpindi,Credit Card
ORD08266,CUST2456,Huzaifa Ali,2025-03-30,Football,Sports,6,4963.17,29779.02,Rawalpindi,EasyPaisa
ORD08267,CUST1260,Danish Ahmed,2025-07-07,Running Shoes,Sports,7,5207.66,36453.62,Gujranwala,EasyPaisa
ORD08268,CUST0176,Omar Farooq,2025-03-07,Coffee Maker,Home & Kitchen,2,24048.33,48096.66,Lahore,EasyPaisa
ORD08269,CUST2275,Ali Khan,2025-08-07,Lipstick,Beauty,7,3561.47,24930.29,Faisalabad,Cash
ORD08270,CUST1623,Hira Shah,2025-03-18,Air Fryer,Home & Kitchen,7,14246.39,99724.73,Karachi,Credit Card
ORD08271,CUST1432,Omar Farooq,2026-06-23,Headphones,Electronics,5,8026.42,40132.1,Sialkot,JazzCash
ORD08272,CUST2110,Ali Khan,2025-10-25,Keyboard,Electronics,1,9993.99,9993.99,Gujranwala,EasyPaisa
ORD08273,CUST2387,Saad Khan,2025-09-26,Tablet,Electronics,8,104505.25,836042.0,Quetta,Debit Card
ORD08274,CUST1230,Abdullah Raza,2025-06-23,Shampoo,Beauty,1,2867.87,2867.87,Rawalpindi,EasyPaisa
ORD08275,CUST2327,Ayesha Khan,2026-04-15,Rice,Grocery,3,704.75,2114.25,Multan,Bank Transfer
ORD08276,CUST0096,Zainab Ali,2026-07-09,Air Fryer,Home & Kitchen,6,27784.29,166705.74,Quetta,Credit Card
ORD08277,CUST1622,Usman Malik,2025-05-16,Football,Sports,6,7749.97,46499.82,Faisalabad,Bank Transfer
ORD08278,CUST1507,Hira Shah,2025-10-30,Vacuum Cleaner,Home & Kitchen,3,35034.51,105103.53,Peshawar,Credit Card
ORD08279,CUST2118,Usman Malik,2025-05-22,Cooking Oil,Grocery,2,547.0,1094.0,Peshawar,Credit Card
ORD08280,CUST1887,Ayesha Khan,2025-04-02,Biscuits,Grocery,4,196.35,785.4,Rawalpindi,Credit Card
ORD08281,CUST2340,Zainab Ali,2026-02-08,Shampoo,Beauty,4,1748.38,6993.52,Quetta,Cash
ORD08282,CUST0993,Fatima Ahmed,2025-02-04,Football,Sports,6,6656.63,39939.78,Rawalpindi,Cash
ORD08283,CUST1660,Hassan Ali,2025-11-26,Cooking Oil,Grocery,4,1109.41,4437.64,Karachi,Credit Card
ORD08284,CUST0709,Ali Khan,2025-04-01,Microwave,Home & Kitchen,8,25657.56,205260.48,Multan,JazzCash
ORD08285,CUST2191,Sara Khan,2025-08-13,Dinner Set,Home & Kitchen,2,6060.39,12120.78,Lahore,JazzCash
ORD08286,CUST2094,Maryam Ahmed,2025-05-17,Face Wash,Beauty,8,1826.9,14615.2,Lahore,Credit Card
ORD08287,CUST0489,Ahmed Raza,2025-08-27,Air Fryer,Home & Kitchen,6,21231.74,127390.44,Quetta,JazzCash
ORD08288,CUST0062,Abdullah Raza,2025-01-31,Yoga Mat,Sports,8,4509.01,36072.08,Peshawar,Cash
ORD08289,CUST0934,Zainab Ali,2025-09-28,Skin Cream,Beauty,5,2575.49,12877.45,Sialkot,Credit Card
ORD08290,CUST1665,Hamza Shah,2025-03-14,Air Fryer,Home & Kitchen,8,33920.73,271365.84,Multan,Bank Transfer
ORD08291,CUST1671,Usman Malik,2025-01-20,Running Shoes,Sports,7,8340.42,58382.94,Lahore,Bank Transfer
ORD08292,CUST0285,Hassan Ali,2025-08-07,Football,Sports,3,6986.03,20958.09,Rawalpindi,Cash
ORD08293,CUST1160,Maryam Ahmed,2026-05-31,Shoes,Clothing,7,13934.05,97538.35,Rawalpindi,Cash
ORD08294,CUST1404,Ali Khan,2025-07-22,Perfume,Beauty,1,9693.79,9693.79,Rawalpindi,Bank Transfer
ORD08295,CUST0598,Saad Khan,2026-02-14,Cricket Ball,Sports,1,2439.2,2439.2,Sialkot,Debit Card
ORD08296,CUST1196,Huzaifa Ali,2025-05-20,Yoga Mat,Sports,5,4729.13,23645.65,Multan,Cash
ORD08297,CUST0656,Usman Malik,2026-08-22,Football,Sports,4,5784.91,23139.64,Karachi,Debit Card
ORD08298,CUST1850,Ayesha Khan,2026-06-25,Shoes,Clothing,6,13902.37,83414.22,Rawalpindi,Bank Transfer
ORD08299,CUST1636,Saad Khan,2026-03-15,Cricket Ball,Sports,8,1273.43,10187.44,Islamabad,EasyPaisa
ORD08300,CUST1933,Ali Khan,2025-08-02,T-Shirt,Clothing,8,4972.05,39776.4,Rawalpindi,EasyPaisa
ORD08301,CUST0952,Saad Khan,2025-10-03,Sugar,Grocery,7,222.66,1558.62,Multan,Cash
ORD08302,CUST0126,Sana Malik,2026-04-07,Skin Cream,Beauty,6,4365.09,26190.54,Faisalabad,Bank Transfer
ORD08303,CUST2097,Huzaifa Ali,2026-01-12,Air Fryer,Home & Kitchen,4,17835.53,71342.12,Quetta,Bank Transfer
ORD08304,CUST2228,Ahmed Raza,2025-08-28,Microwave,Home & Kitchen,5,21119.26,105596.3,Multan,Debit Card
ORD08305,CUST2417,Saad Khan,2026-06-08,Running Shoes,Sports,5,21681.02,108405.1,Rawalpindi,Cash
ORD08306,CUST2195,Ali Khan,2025-02-20,Smart Watch,Electronics,7,35428.23,247997.61,Quetta,Debit Card
ORD08307,CUST2263,Maham Raza,2026-08-28,Cricket Bat,Sports,4,24994.57,99978.28,Peshawar,JazzCash
ORD08308,CUST1963,Ahmed Raza,2025-07-05,Rice,Grocery,5,776.28,3881.4,Sialkot,EasyPaisa
ORD08309,CUST2153,Abdullah Raza,2025-10-26,Hoodie,Clothing,6,9852.59,59115.54,Faisalabad,Bank Transfer
ORD08310,CUST0890,Sara Khan,2026-01-11,Jeans,Clothing,1,7584.5,7584.5,Rawalpindi,Debit Card
ORD08311,CUST2060,Ahmed Raza,2026-05-23,Cereal,Grocery,7,487.49,3412.43,Faisalabad,JazzCash
ORD08312,CUST1426,Bilal Ahmed,2025-09-14,Yoga Mat,Sports,5,1309.11,6545.55,Sialkot,Credit Card
ORD08313,CUST0441,Sana Malik,2026-08-18,Dinner Set,Home & Kitchen,5,6982.15,34910.75,Gujranwala,Cash
ORD08314,CUST2076,Abdullah Raza,2025-04-10,Lipstick,Beauty,3,1406.14,4218.42,Rawalpindi,Cash
ORD08315,CUST2133,Hira Shah,2026-02-03,Football,Sports,8,3752.68,30021.44,Sialkot,Bank Transfer
ORD08316,CUST1574,Zainab Ali,2025-03-26,Coffee Maker,Home & Kitchen,5,8506.92,42534.6,Quetta,Cash
ORD08317,CUST0485,Ali Khan,2025-11-16,Blender,Home & Kitchen,8,13604.82,108838.56,Multan,JazzCash
ORD08318,CUST1133,Sara Khan,2025-07-02,Cooking Oil,Grocery,7,1379.71,9657.97,Rawalpindi,Cash
ORD08319,CUST1698,Zainab Ali,2026-07-10,Jacket,Clothing,8,16704.06,133632.48,Rawalpindi,Debit Card
ORD08320,CUST0875,Sara Khan,2026-04-17,Biscuits,Grocery,7,145.89,1021.23,Lahore,Credit Card
ORD08321,CUST1318,Huzaifa Ali,2025-10-11,T-Shirt,Clothing,3,1622.6,4867.8,Peshawar,Cash
ORD08322,CUST0415,Huzaifa Ali,2025-09-29,Air Fryer,Home & Kitchen,5,23097.35,115486.75,Multan,Cash
ORD08323,CUST1970,Sara Khan,2025-06-12,Skin Cream,Beauty,4,2467.63,9870.52,Islamabad,EasyPaisa
ORD08324,CUST0449,Ali Khan,2026-05-12,Perfume,Beauty,4,11443.31,45773.24,Multan,EasyPaisa
ORD08325,CUST2487,Saad Khan,2025-08-20,Rice,Grocery,4,786.01,3144.04,Lahore,Debit Card
ORD08326,CUST0752,Bilal Ahmed,2026-05-18,Cereal,Grocery,3,1492.69,4478.07,Faisalabad,Credit Card
ORD08327,CUST1745,Bilal Ahmed,2025-04-16,Running Shoes,Sports,2,23383.54,46767.08,Multan,EasyPaisa
ORD08328,CUST2063,Maham Raza,2025-03-08,Cereal,Grocery,8,1075.77,8606.16,Karachi,Cash
ORD08329,CUST1908,Hamza Shah,2026-03-29,Vacuum Cleaner,Home & Kitchen,8,55821.74,446573.92,Peshawar,Credit Card
ORD08330,CUST0207,Danish Ahmed,2026-06-21,Keyboard,Electronics,4,4816.88,19267.52,Peshawar,Credit Card
ORD08331,CUST0383,Saad Khan,2025-04-24,Running Shoes,Sports,7,14740.33,103182.31,Sialkot,Cash
ORD08332,CUST0151,Bilal Ahmed,2025-10-02,Face Wash,Beauty,5,1896.37,9481.85,Peshawar,Bank Transfer
ORD08333,CUST2275,Huzaifa Ali,2025-12-07,Football,Sports,4,5842.98,23371.92,Sialkot,JazzCash
ORD08334,CUST0249,Saad Khan,2025-11-09,Vacuum Cleaner,Home & Kitchen,6,43799.83,262798.98,Multan,EasyPaisa
ORD08335,CUST1485,Fatima Ahmed,2026-09-18,Microwave,Home & Kitchen,5,45110.87,225554.35,Sialkot,Credit Card
ORD08336,CUST1776,Maryam Ahmed,2025-12-14,Lipstick,Beauty,8,1860.22,14881.76,Multan,Credit Card
ORD08337,CUST1403,Omar Farooq,2025-11-16,Lipstick,Beauty,2,1931.49,3862.98,Sialkot,Credit Card
ORD08338,CUST2001,Omar Farooq,2025-07-27,Cricket Ball,Sports,4,2132.69,8530.76,Rawalpindi,Credit Card
ORD08339,CUST0396,Danish Ahmed,2026-06-17,Cereal,Grocery,1,733.34,733.34,Faisalabad,Debit Card
ORD08340,CUST0098,Saad Khan,2025-05-30,Dinner Set,Home & Kitchen,1,13128.94,13128.94,Faisalabad,Credit Card
ORD08341,CUST0524,Usman Malik,2026-08-09,Cooking Oil,Grocery,2,856.54,1713.08,Multan,JazzCash
ORD08342,CUST2175,Hassan Ali,2025-10-10,Yoga Mat,Sports,5,3140.01,15700.05,Sialkot,JazzCash
ORD08343,CUST2092,Maryam Ahmed,2025-06-01,Mouse,Electronics,6,2007.64,12045.84,Lahore,Cash
ORD08344,CUST1748,Maham Raza,2025-10-20,Smart Watch,Electronics,3,6906.59,20719.77,Islamabad,Cash
ORD08345,CUST0630,Fatima Ahmed,2026-02-20,Cricket Bat,Sports,6,22173.78,133042.68,Faisalabad,Credit Card
ORD08346,CUST1737,Sara Khan,2025-02-08,Sugar,Grocery,3,350.0,1050.0,Multan,Debit Card
ORD08347,CUST0221,Omar Farooq,2026-05-23,Coffee Maker,Home & Kitchen,7,27273.8,190916.6,Quetta,Cash
ORD08348,CUST1535,Maham Raza,2026-08-03,Rice,Grocery,1,286.91,286.91,Quetta,Debit Card
ORD08349,CUST1856,Huzaifa Ali,2025-12-17,Hoodie,Clothing,3,9102.97,27308.91,Faisalabad,Bank Transfer
ORD08350,CUST0294,Huzaifa Ali,2026-05-02,Shoes,Clothing,2,5046.2,10092.4,Multan,Bank Transfer
ORD08351,CUST2239,Usman Malik,2026-04-29,Running Shoes,Sports,2,16972.87,33945.74,Gujranwala,EasyPaisa
ORD08352,CUST2253,Abdullah Raza,2026-01-04,Tea,Grocery,2,1124.43,2248.86,Karachi,EasyPaisa
ORD08353,CUST2124,Fatima Ahmed,2026-04-23,Running Shoes,Sports,4,6919.12,27676.48,Lahore,EasyPaisa
ORD08354,CUST0324,Maham Raza,2026-05-04,Running Shoes,Sports,6,5421.03,32526.18,Peshawar,Credit Card
ORD08355,CUST1996,Usman Malik,2025-09-22,Laptop,Electronics,1,241518.11,241518.11,Sialkot,Debit Card
ORD08356,CUST1390,Abdullah Raza,2026-06-13,Headphones,Electronics,7,20530.63,143714.41,Lahore,Cash
ORD08357,CUST1240,Sara Khan,2025-03-06,Shoes,Clothing,7,23271.71,162901.97,Rawalpindi,EasyPaisa
ORD08358,CUST0711,Omar Farooq,2025-10-28,Laptop,Electronics,8,95511.32,764090.56,Quetta,EasyPaisa
ORD08359,CUST0971,Hamza Shah,2025-05-22,Shoes,Clothing,7,24678.79,172751.53,Faisalabad,JazzCash
ORD08360,CUST1517,Sara Khan,2025-01-19,Laptop,Electronics,7,244882.03,1714174.21,Islamabad,EasyPaisa
ORD08361,CUST1589,Bilal Ahmed,2025-08-28,Shoes,Clothing,3,11529.49,34588.47,Lahore,Cash
ORD08362,CUST2087,Talha Malik,2025-09-15,Jacket,Clothing,2,5980.55,11961.1,Peshawar,Credit Card
ORD08363,CUST2058,Hamza Shah,2025-05-15,Smartphone,Electronics,7,134252.19,939765.33,Karachi,EasyPaisa
ORD08364,CUST2226,Zainab Ali,2026-06-18,Smartphone,Electronics,7,43549.98,304849.86,Rawalpindi,Debit Card
ORD08365,CUST0765,Sara Khan,2026-06-01,Perfume,Beauty,6,5857.53,35145.18,Rawalpindi,JazzCash
ORD08366,CUST1357,Danish Ahmed,2025-11-01,Cricket Ball,Sports,3,1393.24,4179.72,Karachi,EasyPaisa
ORD08367,CUST2327,Hamza Shah,2025-08-07,Lipstick,Beauty,4,2368.23,9472.92,Quetta,Credit Card
ORD08368,CUST0750,Maryam Ahmed,2025-08-19,Jeans,Clothing,3,6098.62,18295.86,Multan,Debit Card
ORD08369,CUST1526,Zainab Ali,2025-02-20,Mouse,Electronics,8,2264.7,18117.6,Faisalabad,Debit Card
ORD08370,CUST1323,Maham Raza,2026-05-13,Mouse,Electronics,5,7470.32,37351.6,Rawalpindi,Credit Card
ORD08371,CUST0167,Talha Malik,2026-09-27,Blender,Home & Kitchen,7,16972.56,118807.92,Lahore,Credit Card
ORD08372,CUST0431,Ali Khan,2025-10-12,Cricket Ball,Sports,2,1667.74,3335.48,Quetta,Cash
ORD08373,CUST1460,Omar Farooq,2026-05-23,Biscuits,Grocery,7,164.78,1153.46,Peshawar,Cash
ORD08374,CUST1401,Talha Malik,2025-11-08,Tablet,Electronics,6,103357.58,620145.48,Sialkot,Debit Card
ORD08375,CUST0880,Maryam Ahmed,2026-04-23,Shoes,Clothing,4,21953.88,87815.52,Rawalpindi,Credit Card
ORD08376,CUST1848,Bilal Ahmed,2025-07-25,Cereal,Grocery,6,1033.04,6198.24,Faisalabad,Debit Card
ORD08377,CUST0652,Hira Shah,2025-06-17,Dinner Set,Home & Kitchen,2,19189.69,38379.38,Sialkot,Debit Card
ORD08378,CUST2448,Hassan Ali,2026-03-03,Tablet,Electronics,4,84921.62,339686.48,Lahore,Cash
ORD08379,CUST1531,Ayesha Khan,2026-06-08,Perfume,Beauty,6,16089.09,96534.54,Faisalabad,Bank Transfer
ORD08380,CUST2359,Maham Raza,2026-06-05,Smartphone,Electronics,1,118233.08,118233.08,Rawalpindi,EasyPaisa
ORD08381,CUST0144,Usman Malik,2025-09-24,Yoga Mat,Sports,7,3360.83,23525.81,Rawalpindi,JazzCash
ORD08382,CUST0534,Sara Khan,2026-07-25,Dinner Set,Home & Kitchen,8,13195.72,105565.76,Rawalpindi,JazzCash
ORD08383,CUST0026,Zainab Ali,2025-03-12,Biscuits,Grocery,7,81.59,571.13,Sialkot,Bank Transfer
ORD08384,CUST1230,Talha Malik,2025-10-29,Face Wash,Beauty,1,779.2,779.2,Sialkot,Debit Card
ORD08385,CUST1366,Abdullah Raza,2025-04-16,Tablet,Electronics,6,23807.45,142844.7,Faisalabad,EasyPaisa
ORD08386,CUST1720,Hassan Ali,2025-12-05,Headphones,Electronics,4,23437.16,93748.64,Quetta,Cash
ORD08387,CUST0239,Danish Ahmed,2025-02-10,Rice,Grocery,6,259.76,1558.56,Karachi,JazzCash
ORD08388,CUST0612,Huzaifa Ali,2026-03-28,Smart Watch,Electronics,4,30149.31,120597.24,Karachi,JazzCash
ORD08389,CUST2366,Maryam Ahmed,2026-04-30,Cereal,Grocery,5,688.3,3441.5,Multan,Bank Transfer
ORD08390,CUST1190,Zainab Ali,2026-01-07,T-Shirt,Clothing,2,4177.62,8355.24,Karachi,JazzCash
ORD08391,CUST2190,Ayesha Khan,2026-06-17,Microwave,Home & Kitchen,3,41855.12,125565.36,Peshawar,JazzCash
ORD08392,CUST2262,Huzaifa Ali,2025-04-18,Laptop,Electronics,5,176760.47,883802.35,Peshawar,EasyPaisa
ORD08393,CUST2006,Hamza Shah,2025-12-28,Hoodie,Clothing,8,7654.72,61237.76,Sialkot,Bank Transfer
ORD08394,CUST0213,Maryam Ahmed,2025-07-18,Skin Cream,Beauty,3,2677.29,8031.87,Multan,Bank Transfer
ORD08395,CUST1555,Zainab Ali,2025-04-07,Coffee Maker,Home & Kitchen,7,26062.79,182439.53,Gujranwala,Debit Card
ORD08396,CUST0837,Hassan Ali,2025-02-07,Keyboard,Electronics,1,9898.45,9898.45,Islamabad,Cash
ORD08397,CUST1754,Talha Malik,2026-03-07,Tea,Grocery,1,661.65,661.65,Islamabad,EasyPaisa
ORD08398,CUST1251,Usman Malik,2026-08-30,Face Wash,Beauty,2,1541.85,3083.7,Lahore,Credit Card
ORD08399,CUST0019,Hassan Ali,2026-06-08,Face Wash,Beauty,4,1991.79,7967.16,Peshawar,Debit Card
ORD08400,CUST0306,Maham Raza,2025-08-25,Face Wash,Beauty,1,2583.26,2583.26,Karachi,Bank Transfer
ORD08401,CUST0349,Maryam Ahmed,2026-06-23,Jeans,Clothing,6,7332.11,43992.66,Quetta,Credit Card
ORD08402,CUST0959,Sara Khan,2026-03-11,Face Wash,Beauty,4,1362.37,5449.48,Gujranwala,Cash
ORD08403,CUST1341,Bilal Ahmed,2025-06-02,Jeans,Clothing,4,2612.78,10451.12,Peshawar,Cash
ORD08404,CUST1002,Ali Khan,2025-07-09,Laptop,Electronics,2,184317.5,368635.0,Quetta,Credit Card
ORD08405,CUST0581,Hassan Ali,2025-03-20,Skin Cream,Beauty,1,4734.95,4734.95,Karachi,Credit Card
ORD08406,CUST0523,Hamza Shah,2025-12-25,Vacuum Cleaner,Home & Kitchen,7,23946.71,167626.97,Lahore,Cash
ORD08407,CUST0732,Ahmed Raza,2025-12-07,Headphones,Electronics,5,24572.24,122861.2,Multan,Bank Transfer
ORD08408,CUST2490,Maryam Ahmed,2025-03-10,Laptop,Electronics,2,176035.17,352070.34,Karachi,Debit Card
ORD08409,CUST0342,Usman Malik,2025-05-07,Perfume,Beauty,6,11436.35,68618.1,Multan,Cash
ORD08410,CUST0245,Usman Malik,2025-12-18,Cricket Ball,Sports,3,714.56,2143.68,Karachi,Credit Card
ORD08411,CUST2136,Hassan Ali,2025-03-03,Lipstick,Beauty,6,3220.77,19324.62,Peshawar,JazzCash
ORD08412,CUST2285,Ali Khan,2025-09-10,Smartphone,Electronics,8,112747.8,901982.4,Quetta,EasyPaisa
ORD08413,CUST0441,Danish Ahmed,2026-05-20,Perfume,Beauty,4,7474.37,29897.48,Karachi,Cash
ORD08414,CUST1563,Huzaifa Ali,2025-09-19,Air Fryer,Home & Kitchen,2,14549.07,29098.14,Gujranwala,Cash
ORD08415,CUST2319,Maham Raza,2025-02-13,Tea,Grocery,2,976.67,1953.34,Gujranwala,Credit Card
ORD08416,CUST0268,Hassan Ali,2026-09-03,Dinner Set,Home & Kitchen,6,15564.68,93388.08,Quetta,Debit Card
ORD08417,CUST0230,Maham Raza,2026-04-30,Shoes,Clothing,5,19390.97,96954.85,Islamabad,Credit Card
ORD08418,CUST1383,Ali Khan,2026-05-03,Cricket Bat,Sports,5,23708.7,118543.5,Sialkot,Cash
ORD08419,CUST1545,Fatima Ahmed,2025-07-16,Biscuits,Grocery,7,98.31,688.17,Lahore,Bank Transfer
ORD08420,CUST2264,Usman Malik,2026-06-03,Cricket Ball,Sports,6,1554.9,9329.4,Karachi,EasyPaisa
ORD08421,CUST0096,Maryam Ahmed,2026-04-28,Air Fryer,Home & Kitchen,2,22354.75,44709.5,Quetta,Debit Card
ORD08422,CUST1892,Usman Malik,2025-05-15,Sugar,Grocery,7,399.25,2794.75,Lahore,Bank Transfer
ORD08423,CUST0136,Ayesha Khan,2025-06-26,Rice,Grocery,5,770.03,3850.15,Lahore,JazzCash
ORD08424,CUST0590,Saad Khan,2026-06-26,Jacket,Clothing,7,7276.34,50934.38,Karachi,Debit Card
ORD08425,CUST2300,Hira Shah,2026-04-24,Lipstick,Beauty,1,2377.27,2377.27,Karachi,JazzCash
ORD08426,CUST1068,Maryam Ahmed,2025-09-09,Perfume,Beauty,6,3586.69,21520.14,Multan,Debit Card
ORD08427,CUST1226,Sana Malik,2025-09-22,Keyboard,Electronics,2,6107.16,12214.32,Rawalpindi,EasyPaisa
ORD08428,CUST1634,Hassan Ali,2026-02-14,Air Fryer,Home & Kitchen,3,21446.48,64339.44,Peshawar,Credit Card
ORD08429,CUST2189,Ayesha Khan,2025-08-22,Shampoo,Beauty,2,877.75,1755.5,Rawalpindi,Debit Card
ORD08430,CUST1382,Hassan Ali,2025-11-23,Yoga Mat,Sports,2,4224.25,8448.5,Sialkot,Bank Transfer
ORD08431,CUST0365,Omar Farooq,2026-04-10,Face Wash,Beauty,8,1655.38,13243.04,Multan,EasyPaisa
ORD08432,CUST1607,Ali Khan,2025-05-01,Skin Cream,Beauty,7,4844.69,33912.83,Lahore,Cash
ORD08433,CUST1823,Usman Malik,2026-05-29,T-Shirt,Clothing,8,1642.91,13143.28,Gujranwala,JazzCash
ORD08434,CUST0990,Ahmed Raza,2026-08-09,Yoga Mat,Sports,3,4926.97,14780.91,Sialkot,Cash
ORD08435,CUST1224,Ahmed Raza,2026-07-22,Sugar,Grocery,6,185.19,1111.14,Lahore,EasyPaisa
ORD08436,CUST0107,Abdullah Raza,2025-12-06,Football,Sports,3,7065.23,21195.69,Faisalabad,JazzCash
ORD08437,CUST0008,Sara Khan,2025-12-09,Running Shoes,Sports,1,17999.71,17999.71,Gujranwala,EasyPaisa
ORD08438,CUST0641,Saad Khan,2026-01-14,Mouse,Electronics,6,7266.68,43600.08,Gujranwala,EasyPaisa
ORD08439,CUST1811,Ali Khan,2025-01-27,Cooking Oil,Grocery,5,960.07,4800.35,Faisalabad,Cash
ORD08440,CUST1681,Hamza Shah,2025-05-04,Perfume,Beauty,5,5533.76,27668.8,Quetta,JazzCash
ORD08441,CUST0132,Abdullah Raza,2025-08-23,Jeans,Clothing,8,8643.64,69149.12,Lahore,Debit Card
ORD08442,CUST0657,Zainab Ali,2026-08-29,Jeans,Clothing,2,7440.89,14881.78,Karachi,EasyPaisa
ORD08443,CUST1527,Zainab Ali,2026-06-25,Tea,Grocery,5,703.29,3516.45,Lahore,Credit Card
ORD08444,CUST1109,Talha Malik,2025-10-28,T-Shirt,Clothing,8,2144.1,17152.8,Karachi,Debit Card
ORD08445,CUST1325,Ali Khan,2025-04-12,Tea,Grocery,8,346.6,2772.8,Lahore,JazzCash
ORD08446,CUST2204,Bilal Ahmed,2026-03-23,Dinner Set,Home & Kitchen,3,12238.72,36716.16,Lahore,Cash
ORD08447,CUST0587,Hira Shah,2025-11-23,T-Shirt,Clothing,2,1748.94,3497.88,Islamabad,Cash
ORD08448,CUST2346,Maham Raza,2026-04-29,Cereal,Grocery,7,1414.94,9904.58,Quetta,Debit Card
ORD08449,CUST1838,Bilal Ahmed,2026-09-07,Running Shoes,Sports,7,6183.56,43284.92,Multan,Cash
ORD08450,CUST1736,Zainab Ali,2025-09-08,Headphones,Electronics,8,25861.19,206889.52,Gujranwala,JazzCash
ORD08451,CUST0490,Maham Raza,2025-08-04,Yoga Mat,Sports,3,2304.84,6914.52,Karachi,Cash
ORD08452,CUST0811,Usman Malik,2026-06-09,Keyboard,Electronics,8,7356.31,58850.48,Rawalpindi,Debit Card
ORD08453,CUST0808,Sara Khan,2026-08-29,Rice,Grocery,1,748.53,748.53,Peshawar,Bank Transfer
ORD08454,CUST2078,Usman Malik,2026-06-04,Headphones,Electronics,6,29584.83,177508.98,Gujranwala,EasyPaisa
ORD08455,CUST0278,Maryam Ahmed,2026-03-08,Shoes,Clothing,1,21349.16,21349.16,Karachi,Credit Card
ORD08456,CUST2216,Fatima Ahmed,2025-12-19,Air Fryer,Home & Kitchen,8,27844.97,222759.76,Sialkot,Credit Card
ORD08457,CUST0654,Sara Khan,2026-07-03,Perfume,Beauty,8,16548.76,132390.08,Faisalabad,Cash
ORD08458,CUST0849,Fatima Ahmed,2025-11-11,Face Wash,Beauty,5,1174.29,5871.45,Lahore,Credit Card
ORD08459,CUST2435,Usman Malik,2026-08-31,Skin Cream,Beauty,6,2140.01,12840.06,Lahore,EasyPaisa
ORD08460,CUST1548,Ayesha Khan,2026-03-24,Sugar,Grocery,6,177.06,1062.36,Multan,JazzCash
ORD08461,CUST1738,Saad Khan,2026-07-06,Perfume,Beauty,2,17247.76,34495.52,Rawalpindi,Credit Card
ORD08462,CUST1609,Zainab Ali,2026-07-21,Laptop,Electronics,4,154183.98,616735.92,Faisalabad,Credit Card
ORD08463,CUST2437,Abdullah Raza,2026-02-08,Rice,Grocery,3,308.05,924.15,Islamabad,EasyPaisa
ORD08464,CUST2344,Maryam Ahmed,2025-09-26,Lipstick,Beauty,3,2768.59,8305.77,Peshawar,Cash
ORD08465,CUST1563,Ahmed Raza,2026-05-01,Face Wash,Beauty,8,1275.73,10205.84,Karachi,Credit Card
ORD08466,CUST1070,Maham Raza,2025-05-15,Laptop,Electronics,7,198454.93,1389184.51,Rawalpindi,Cash
ORD08467,CUST0571,Hira Shah,2026-07-13,Tablet,Electronics,2,95444.71,190889.42,Multan,Credit Card
ORD08468,CUST2172,Fatima Ahmed,2026-02-17,Shoes,Clothing,1,5572.65,5572.65,Peshawar,JazzCash
ORD08469,CUST1025,Ahmed Raza,2026-07-09,Tea,Grocery,6,1073.02,6438.12,Faisalabad,Credit Card
ORD08470,CUST1813,Fatima Ahmed,2025-08-09,Yoga Mat,Sports,1,1419.38,1419.38,Sialkot,JazzCash
ORD08471,CUST0302,Hassan Ali,2026-05-23,Shoes,Clothing,7,9586.79,67107.53,Karachi,Bank Transfer
ORD08472,CUST1233,Usman Malik,2026-03-19,Jacket,Clothing,8,12514.38,100115.04,Multan,Debit Card
ORD08473,CUST1016,Usman Malik,2025-05-05,Cereal,Grocery,3,1300.52,3901.56,Sialkot,Cash
ORD08474,CUST0196,Hassan Ali,2026-08-29,Hoodie,Clothing,4,9865.8,39463.2,Gujranwala,Credit Card
ORD08475,CUST0067,Talha Malik,2025-07-02,Lipstick,Beauty,3,2015.57,6046.71,Karachi,Bank Transfer
ORD08476,CUST0774,Sara Khan,2025-08-21,Smartphone,Electronics,1,171740.57,171740.57,Peshawar,EasyPaisa
ORD08477,CUST0577,Talha Malik,2026-09-12,Shampoo,Beauty,5,2975.53,14877.65,Gujranwala,Credit Card
ORD08478,CUST0769,Hassan Ali,2026-05-18,Sugar,Grocery,5,270.32,1351.6,Faisalabad,Debit Card
ORD08479,CUST1112,Abdullah Raza,2026-01-10,Rice,Grocery,6,772.91,4637.46,Peshawar,EasyPaisa
ORD08480,CUST0174,Fatima Ahmed,2026-02-16,Coffee Maker,Home & Kitchen,8,10618.43,84947.44,Karachi,Bank Transfer
ORD08481,CUST1991,Usman Malik,2025-04-24,Hoodie,Clothing,8,3195.78,25566.24,Peshawar,EasyPaisa
ORD08482,CUST0771,Abdullah Raza,2026-07-29,Shampoo,Beauty,3,1387.89,4163.67,Peshawar,Credit Card
ORD08483,CUST0687,Abdullah Raza,2025-11-14,Jacket,Clothing,1,10902.42,10902.42,Multan,Debit Card
ORD08484,CUST0677,Ahmed Raza,2025-04-29,Cricket Ball,Sports,8,2482.48,19859.84,Lahore,JazzCash
ORD08485,CUST0180,Hira Shah,2026-07-04,T-Shirt,Clothing,1,2654.9,2654.9,Gujranwala,Credit Card
ORD08486,CUST1605,Talha Malik,2026-03-25,Microwave,Home & Kitchen,8,25847.66,206781.28,Multan,Credit Card
ORD08487,CUST0415,Huzaifa Ali,2026-08-15,Hoodie,Clothing,4,6759.02,27036.08,Quetta,Bank Transfer
ORD08488,CUST2169,Sana Malik,2026-05-30,Dinner Set,Home & Kitchen,6,13178.47,79070.82,Karachi,EasyPaisa
ORD08489,CUST1211,Hamza Shah,2026-03-04,Cricket Ball,Sports,5,1525.47,7627.35,Karachi,EasyPaisa
ORD08490,CUST1851,Ahmed Raza,2026-02-15,Perfume,Beauty,5,17218.11,86090.55,Lahore,JazzCash
ORD08491,CUST1087,Talha Malik,2026-07-07,Mouse,Electronics,4,3842.25,15369.0,Rawalpindi,EasyPaisa
ORD08492,CUST2041,Ali Khan,2025-09-09,Laptop,Electronics,7,206903.94,1448327.58,Quetta,Credit Card
ORD08493,CUST1611,Usman Malik,2025-05-21,Smart Watch,Electronics,3,19884.03,59652.09,Peshawar,Credit Card
ORD08494,CUST2079,Zainab Ali,2025-10-20,Blender,Home & Kitchen,7,9467.8,66274.6,Sialkot,Cash
ORD08495,CUST0251,Ali Khan,2025-11-13,Headphones,Electronics,3,12048.43,36145.29,Karachi,JazzCash
ORD08496,CUST1843,Huzaifa Ali,2025-11-30,Air Fryer,Home & Kitchen,4,12565.27,50261.08,Karachi,Debit Card
ORD08497,CUST0311,Maham Raza,2025-01-25,Smartphone,Electronics,8,173341.31,1386730.48,Rawalpindi,Credit Card
ORD08498,CUST0978,Abdullah Raza,2026-07-06,Lipstick,Beauty,3,2591.16,7773.48,Islamabad,EasyPaisa
ORD08499,CUST2267,Talha Malik,2025-03-24,Smartphone,Electronics,2,152651.01,305302.02,Faisalabad,Bank Transfer
ORD08500,CUST0588,Hira Shah,2025-08-17,Laptop,Electronics,5,210896.41,1054482.05,Islamabad,EasyPaisa
ORD08501,CUST1575,Ahmed Raza,2026-05-14,Cricket Ball,Sports,4,923.94,3695.76,Rawalpindi,Debit Card
ORD08502,CUST0597,Sana Malik,2025-10-08,Sugar,Grocery,5,391.54,1957.7,Quetta,Credit Card
ORD08503,CUST0612,Saad Khan,2026-05-06,Jeans,Clothing,5,8368.25,41841.25,Rawalpindi,Bank Transfer
ORD08504,CUST1552,Ahmed Raza,2025-06-12,Jeans,Clothing,4,4480.47,17921.88,Rawalpindi,Credit Card
ORD08505,CUST0411,Talha Malik,2026-01-20,Jeans,Clothing,6,6780.39,40682.34,Multan,EasyPaisa
ORD08506,CUST0897,Ali Khan,2026-04-13,Jacket,Clothing,2,13544.96,27089.92,Sialkot,EasyPaisa
ORD08507,CUST0588,Sana Malik,2026-08-12,Football,Sports,2,6250.46,12500.92,Islamabad,Debit Card
ORD08508,CUST1460,Danish Ahmed,2025-08-20,Mouse,Electronics,7,6917.3,48421.1,Quetta,Debit Card
ORD08509,CUST0128,Danish Ahmed,2025-06-02,Jeans,Clothing,4,5832.89,23331.56,Rawalpindi,EasyPaisa
ORD08510,CUST2483,Hassan Ali,2025-01-28,Tea,Grocery,1,856.04,856.04,Sialkot,Credit Card
ORD08511,CUST1129,Maham Raza,2025-03-26,Sugar,Grocery,6,259.71,1558.26,Multan,Debit Card
ORD08512,CUST0578,Danish Ahmed,2025-11-10,Yoga Mat,Sports,5,2558.4,12792.0,Quetta,Credit Card
ORD08513,CUST0947,Omar Farooq,2025-06-17,Cooking Oil,Grocery,4,928.36,3713.44,Faisalabad,EasyPaisa
ORD08514,CUST1833,Ayesha Khan,2026-01-16,Jeans,Clothing,6,5653.71,33922.26,Quetta,EasyPaisa
ORD08515,CUST0439,Hira Shah,2025-03-20,Blender,Home & Kitchen,4,8014.2,32056.8,Multan,Credit Card
ORD08516,CUST1419,Hira Shah,2025-09-16,Smartphone,Electronics,7,158302.58,1108118.06,Sialkot,JazzCash
ORD08517,CUST1957,Hamza Shah,2025-12-29,Tea,Grocery,1,1055.34,1055.34,Quetta,Cash
ORD08518,CUST0928,Ayesha Khan,2025-08-24,Dinner Set,Home & Kitchen,4,14330.09,57320.36,Multan,JazzCash
ORD08519,CUST1374,Huzaifa Ali,2025-07-30,Jacket,Clothing,2,8714.73,17429.46,Faisalabad,Cash
ORD08520,CUST0320,Ayesha Khan,2025-03-27,Keyboard,Electronics,5,9168.64,45843.2,Quetta,Credit Card
ORD08521,CUST0132,Usman Malik,2025-05-16,Cricket Bat,Sports,3,3519.8,10559.4,Quetta,Credit Card
ORD08522,CUST1626,Huzaifa Ali,2025-02-10,Face Wash,Beauty,7,2625.03,18375.21,Peshawar,Bank Transfer
ORD08523,CUST0068,Danish Ahmed,2026-05-08,Lipstick,Beauty,1,1974.2,1974.2,Sialkot,JazzCash
ORD08524,CUST2437,Danish Ahmed,2025-08-22,Dinner Set,Home & Kitchen,7,19386.99,135708.93,Gujranwala,JazzCash
ORD08525,CUST0693,Danish Ahmed,2026-08-13,Coffee Maker,Home & Kitchen,2,19896.32,39792.64,Sialkot,Debit Card
ORD08526,CUST2153,Sana Malik,2025-05-12,Perfume,Beauty,1,4012.21,4012.21,Sialkot,Bank Transfer
ORD08527,CUST2329,Ayesha Khan,2025-01-15,Hoodie,Clothing,6,8952.78,53716.68,Islamabad,JazzCash
ORD08528,CUST1188,Saad Khan,2026-09-14,Microwave,Home & Kitchen,7,22112.02,154784.14,Peshawar,Credit Card
ORD08529,CUST0054,Hira Shah,2025-09-06,Cricket Bat,Sports,2,4214.0,8428.0,Multan,Credit Card
ORD08530,CUST0290,Hamza Shah,2026-09-16,Jeans,Clothing,7,4041.48,28290.36,Gujranwala,JazzCash
ORD08531,CUST1389,Usman Malik,2025-03-17,Tea,Grocery,2,1095.64,2191.28,Peshawar,Debit Card
ORD08532,CUST0604,Omar Farooq,2026-09-12,Cricket Ball,Sports,6,2348.74,14092.44,Sialkot,JazzCash
ORD08533,CUST2395,Ali Khan,2026-03-19,Dinner Set,Home & Kitchen,3,11558.42,34675.26,Lahore,EasyPaisa
ORD08534,CUST0768,Hassan Ali,2025-07-23,Laptop,Electronics,1,120726.11,120726.11,Peshawar,Cash
ORD08535,CUST2307,Usman Malik,2025-07-14,Football,Sports,5,6876.56,34382.8,Rawalpindi,Bank Transfer
ORD08536,CUST1496,Omar Farooq,2025-01-22,Dinner Set,Home & Kitchen,2,11352.26,22704.52,Gujranwala,EasyPaisa
ORD08537,CUST1274,Fatima Ahmed,2025-01-09,Skin Cream,Beauty,3,1653.11,4959.33,Islamabad,EasyPaisa
ORD08538,CUST0137,Usman Malik,2026-03-18,Jeans,Clothing,2,7294.63,14589.26,Lahore,Bank Transfer
ORD08539,CUST0703,Usman Malik,2026-06-29,Lipstick,Beauty,4,1018.98,4075.92,Islamabad,Bank Transfer
ORD08540,CUST0024,Sara Khan,2025-04-12,Football,Sports,6,1754.9,10529.4,Lahore,Bank Transfer
ORD08541,CUST1975,Ali Khan,2026-07-31,Lipstick,Beauty,5,3327.46,16637.3,Faisalabad,Bank Transfer
ORD08542,CUST1661,Sara Khan,2026-04-14,Cricket Bat,Sports,8,18392.06,147136.48,Rawalpindi,Cash
ORD08543,CUST0824,Usman Malik,2025-12-09,Laptop,Electronics,5,178618.2,893091.0,Sialkot,Bank Transfer
ORD08544,CUST1340,Ayesha Khan,2026-01-28,Cricket Ball,Sports,4,779.22,3116.88,Islamabad,JazzCash
ORD08545,CUST1418,Ali Khan,2025-07-02,Tablet,Electronics,8,108868.62,870948.96,Quetta,JazzCash
ORD08546,CUST1526,Ahmed Raza,2026-04-15,Jeans,Clothing,3,3983.21,11949.63,Sialkot,Bank Transfer
ORD08547,CUST0910,Usman Malik,2026-06-11,Air Fryer,Home & Kitchen,5,30811.32,154056.6,Quetta,Bank Transfer
ORD08548,CUST0038,Usman Malik,2026-03-02,Vacuum Cleaner,Home & Kitchen,4,41149.41,164597.64,Peshawar,Cash
ORD08549,CUST0127,Talha Malik,2025-08-17,Cereal,Grocery,7,963.7,6745.9,Rawalpindi,JazzCash
ORD08550,CUST1525,Huzaifa Ali,2026-05-08,Jeans,Clothing,6,7964.71,47788.26,Faisalabad,EasyPaisa
ORD08551,CUST0134,Hamza Shah,2026-03-31,Shoes,Clothing,2,7587.89,15175.78,Rawalpindi,EasyPaisa
ORD08552,CUST2331,Zainab Ali,2025-05-28,Skin Cream,Beauty,1,3044.51,3044.51,Quetta,EasyPaisa
ORD08553,CUST1380,Saad Khan,2025-08-26,Face Wash,Beauty,4,933.26,3733.04,Peshawar,Credit Card
ORD08554,CUST0933,Sana Malik,2025-05-15,Jacket,Clothing,3,17742.86,53228.58,Islamabad,Credit Card
ORD08555,CUST1126,Bilal Ahmed,2025-09-22,Tea,Grocery,2,368.52,737.04,Rawalpindi,Cash
ORD08556,CUST1852,Sara Khan,2026-03-25,Coffee Maker,Home & Kitchen,6,25916.81,155500.86,Lahore,Bank Transfer
ORD08557,CUST0509,Talha Malik,2026-01-01,Rice,Grocery,3,597.76,1793.28,Faisalabad,Credit Card
ORD08558,CUST2198,Saad Khan,2025-08-29,Microwave,Home & Kitchen,5,21991.01,109955.05,Sialkot,Credit Card
ORD08559,CUST2477,Sara Khan,2026-03-22,Yoga Mat,Sports,2,1133.42,2266.84,Faisalabad,JazzCash
ORD08560,CUST2273,Talha Malik,2026-02-06,Biscuits,Grocery,3,52.6,157.8,Faisalabad,Bank Transfer
ORD08561,CUST1738,Sara Khan,2026-04-02,Shampoo,Beauty,2,921.73,1843.46,Karachi,Credit Card
ORD08562,CUST1336,Abdullah Raza,2026-07-19,Coffee Maker,Home & Kitchen,7,29004.49,203031.43,Quetta,JazzCash
ORD08563,CUST1506,Danish Ahmed,2026-03-20,Tea,Grocery,3,1006.33,3018.99,Lahore,Credit Card
ORD08564,CUST1682,Danish Ahmed,2025-11-01,Face Wash,Beauty,8,1682.83,13462.64,Faisalabad,Bank Transfer
ORD08565,CUST1917,Hira Shah,2025-11-17,Face Wash,Beauty,5,1330.13,6650.65,Rawalpindi,Debit Card
ORD08566,CUST0196,Hamza Shah,2025-02-11,Coffee Maker,Home & Kitchen,3,22364.46,67093.38,Rawalpindi,JazzCash
ORD08567,CUST2140,Usman Malik,2025-06-13,Running Shoes,Sports,6,14746.0,88476.0,Rawalpindi,JazzCash
ORD08568,CUST1719,Maham Raza,2025-10-22,Jacket,Clothing,1,6420.07,6420.07,Rawalpindi,Debit Card
ORD08569,CUST1947,Bilal Ahmed,2025-12-12,T-Shirt,Clothing,1,3690.45,3690.45,Peshawar,JazzCash
ORD08570,CUST0595,Ahmed Raza,2025-02-18,Biscuits,Grocery,1,187.66,187.66,Rawalpindi,Cash
ORD08571,CUST2313,Ali Khan,2026-04-20,Microwave,Home & Kitchen,8,24424.71,195397.68,Lahore,Bank Transfer
ORD08572,CUST0740,Ayesha Khan,2025-07-19,Smartphone,Electronics,6,166226.21,997357.26,Gujranwala,EasyPaisa
ORD08573,CUST1387,Ali Khan,2026-01-15,Blender,Home & Kitchen,6,16125.69,96754.14,Peshawar,Credit Card
ORD08574,CUST0819,Usman Malik,2026-01-29,Rice,Grocery,1,556.44,556.44,Sialkot,EasyPaisa
ORD08575,CUST1594,Maryam Ahmed,2026-03-19,Air Fryer,Home & Kitchen,1,18341.14,18341.14,Peshawar,Debit Card
ORD08576,CUST1322,Usman Malik,2026-03-08,Running Shoes,Sports,1,6943.91,6943.91,Peshawar,Debit Card
ORD08577,CUST1952,Omar Farooq,2025-09-14,Smartphone,Electronics,6,179334.11,1076004.66,Quetta,Cash
ORD08578,CUST0489,Maham Raza,2025-11-07,Microwave,Home & Kitchen,2,43114.39,86228.78,Islamabad,Credit Card
ORD08579,CUST0111,Ali Khan,2025-03-02,Lipstick,Beauty,8,2034.77,16278.16,Sialkot,EasyPaisa
ORD08580,CUST2447,Omar Farooq,2026-02-21,Air Fryer,Home & Kitchen,1,32982.31,32982.31,Multan,Bank Transfer
ORD08581,CUST0480,Hassan Ali,2026-06-12,Sugar,Grocery,4,210.05,840.2,Rawalpindi,Debit Card
ORD08582,CUST0192,Hira Shah,2026-03-17,Vacuum Cleaner,Home & Kitchen,4,57624.76,230499.04,Islamabad,Cash
ORD08583,CUST0160,Talha Malik,2025-05-13,Shoes,Clothing,1,24497.97,24497.97,Lahore,JazzCash
ORD08584,CUST2200,Ahmed Raza,2026-03-06,Shoes,Clothing,7,8220.98,57546.86,Rawalpindi,Cash
ORD08585,CUST1839,Danish Ahmed,2025-01-17,Biscuits,Grocery,7,210.68,1474.76,Lahore,Debit Card
ORD08586,CUST1374,Abdullah Raza,2025-12-11,Cereal,Grocery,1,874.72,874.72,Rawalpindi,Bank Transfer
ORD08587,CUST1099,Danish Ahmed,2025-10-08,Smart Watch,Electronics,4,28172.12,112688.48,Sialkot,Cash
ORD08588,CUST2292,Maryam Ahmed,2025-07-11,Running Shoes,Sports,1,5793.85,5793.85,Sialkot,Bank Transfer
ORD08589,CUST1329,Zainab Ali,2025-05-23,Face Wash,Beauty,3,1541.27,4623.81,Multan,JazzCash
ORD08590,CUST0179,Saad Khan,2025-12-20,Blender,Home & Kitchen,5,13059.61,65298.05,Sialkot,Cash
ORD08591,CUST1089,Ali Khan,2025-08-27,Sugar,Grocery,7,156.26,1093.82,Sialkot,Bank Transfer
ORD08592,CUST2318,Omar Farooq,2026-03-03,Keyboard,Electronics,2,9436.64,18873.28,Karachi,Credit Card
ORD08593,CUST0707,Huzaifa Ali,2025-11-27,Jeans,Clothing,5,4955.0,24775.0,Lahore,Debit Card
ORD08594,CUST1137,Fatima Ahmed,2025-09-21,Cricket Bat,Sports,7,7155.0,50085.0,Multan,EasyPaisa
ORD08595,CUST0393,Zainab Ali,2026-03-02,Headphones,Electronics,5,10804.45,54022.25,Islamabad,Bank Transfer
ORD08596,CUST0448,Maham Raza,2026-09-19,Lipstick,Beauty,6,2430.52,14583.12,Peshawar,JazzCash
ORD08597,CUST1034,Abdullah Raza,2026-08-25,Vacuum Cleaner,Home & Kitchen,8,48807.49,390459.92,Karachi,JazzCash
ORD08598,CUST0068,Huzaifa Ali,2026-03-10,Yoga Mat,Sports,1,5890.67,5890.67,Karachi,Credit Card
ORD08599,CUST0637,Danish Ahmed,2025-02-01,Coffee Maker,Home & Kitchen,7,26682.86,186780.02,Gujranwala,Bank Transfer
ORD08600,CUST1279,Talha Malik,2025-03-10,Jeans,Clothing,8,4226.03,33808.24,Lahore,JazzCash
ORD08601,CUST0075,Ali Khan,2025-02-03,Tea,Grocery,6,847.84,5087.04,Islamabad,Cash
ORD08602,CUST1243,Maryam Ahmed,2026-03-08,Yoga Mat,Sports,8,4724.44,37795.52,Lahore,Bank Transfer
ORD08603,CUST1653,Zainab Ali,2025-03-26,Vacuum Cleaner,Home & Kitchen,1,40054.96,40054.96,Peshawar,Cash
ORD08604,CUST1689,Abdullah Raza,2025-12-07,Jacket,Clothing,3,10109.88,30329.64,Multan,Cash
ORD08605,CUST0121,Hassan Ali,2026-05-29,Jacket,Clothing,3,4930.43,14791.29,Peshawar,Cash
ORD08606,CUST1176,Hira Shah,2026-05-27,Microwave,Home & Kitchen,5,47384.08,236920.4,Sialkot,JazzCash
ORD08607,CUST2161,Usman Malik,2026-03-09,Shampoo,Beauty,4,3169.69,12678.76,Sialkot,Debit Card
ORD08608,CUST0951,Zainab Ali,2026-01-21,Perfume,Beauty,5,13723.88,68619.4,Gujranwala,Cash
ORD08609,CUST0562,Danish Ahmed,2026-04-06,Keyboard,Electronics,3,8197.74,24593.22,Karachi,JazzCash
ORD08610,CUST0740,Danish Ahmed,2025-04-22,Tablet,Electronics,3,32438.17,97314.51,Lahore,Debit Card
ORD08611,CUST2390,Omar Farooq,2025-03-11,Skin Cream,Beauty,5,4725.24,23626.2,Peshawar,Bank Transfer
ORD08612,CUST0908,Sana Malik,2025-04-03,Cricket Bat,Sports,4,11251.54,45006.16,Sialkot,Debit Card
ORD08613,CUST0656,Danish Ahmed,2026-06-08,Rice,Grocery,2,506.38,1012.76,Multan,Credit Card
ORD08614,CUST0549,Hassan Ali,2025-06-17,Smart Watch,Electronics,6,31487.4,188924.4,Sialkot,Credit Card
ORD08615,CUST0325,Usman Malik,2025-08-19,Laptop,Electronics,3,125998.16,377994.48,Multan,Debit Card
ORD08616,CUST2341,Huzaifa Ali,2025-09-21,Biscuits,Grocery,1,222.89,222.89,Gujranwala,Bank Transfer
ORD08617,CUST1552,Ahmed Raza,2025-01-18,T-Shirt,Clothing,3,4203.91,12611.73,Multan,Credit Card
ORD08618,CUST0684,Saad Khan,2025-09-08,Shampoo,Beauty,5,3128.91,15644.55,Faisalabad,Debit Card
ORD08619,CUST1877,Saad Khan,2026-07-03,Football,Sports,4,7540.45,30161.8,Gujranwala,Debit Card
ORD08620,CUST0329,Fatima Ahmed,2026-08-09,T-Shirt,Clothing,5,1212.75,6063.75,Gujranwala,JazzCash
ORD08621,CUST0026,Abdullah Raza,2025-01-05,Tea,Grocery,4,460.73,1842.92,Islamabad,Cash
ORD08622,CUST1714,Danish Ahmed,2025-03-04,Smart Watch,Electronics,8,27459.05,219672.4,Gujranwala,Credit Card
ORD08623,CUST0327,Hamza Shah,2025-02-27,Hoodie,Clothing,5,3608.25,18041.25,Peshawar,Credit Card
ORD08624,CUST0142,Maryam Ahmed,2026-07-08,Perfume,Beauty,7,4036.6,28256.2,Rawalpindi,Credit Card
ORD08625,CUST0132,Maryam Ahmed,2026-01-11,Perfume,Beauty,8,16764.62,134116.96,Quetta,Credit Card
ORD08626,CUST1718,Maham Raza,2026-03-18,Smart Watch,Electronics,1,42413.41,42413.41,Lahore,Bank Transfer
ORD08627,CUST1146,Ali Khan,2025-08-27,Coffee Maker,Home & Kitchen,6,15318.37,91910.22,Lahore,Credit Card
ORD08628,CUST0282,Maryam Ahmed,2026-02-26,Cereal,Grocery,2,1378.51,2757.02,Islamabad,JazzCash
ORD08629,CUST0861,Usman Malik,2025-09-23,Tea,Grocery,6,510.63,3063.78,Peshawar,Cash
ORD08630,CUST0706,Hamza Shah,2025-10-13,Smart Watch,Electronics,2,21286.41,42572.82,Gujranwala,Debit Card
ORD08631,CUST0103,Sana Malik,2025-02-22,Face Wash,Beauty,4,1916.46,7665.84,Faisalabad,EasyPaisa
ORD08632,CUST2259,Danish Ahmed,2026-02-27,Jeans,Clothing,5,8381.6,41908.0,Quetta,JazzCash
ORD08633,CUST0478,Huzaifa Ali,2025-05-08,Football,Sports,7,4149.85,29048.95,Multan,JazzCash
ORD08634,CUST0643,Ahmed Raza,2026-08-11,Keyboard,Electronics,1,2019.25,2019.25,Quetta,Credit Card
ORD08635,CUST1318,Maham Raza,2026-02-16,Biscuits,Grocery,7,278.54,1949.78,Quetta,Cash
ORD08636,CUST0677,Abdullah Raza,2026-05-10,Shampoo,Beauty,6,3457.07,20742.42,Lahore,Credit Card
ORD08637,CUST0295,Maryam Ahmed,2025-11-18,Blender,Home & Kitchen,7,13490.95,94436.65,Peshawar,JazzCash
ORD08638,CUST0698,Maham Raza,2026-05-12,Cricket Bat,Sports,3,17270.8,51812.4,Sialkot,Bank Transfer
ORD08639,CUST0898,Hamza Shah,2026-09-20,Headphones,Electronics,6,28415.64,170493.84,Islamabad,Cash
ORD08640,CUST2482,Danish Ahmed,2025-02-01,Cricket Ball,Sports,1,648.58,648.58,Sialkot,Cash
ORD08641,CUST2142,Sara Khan,2025-10-07,Hoodie,Clothing,3,8961.11,26883.33,Karachi,Credit Card
ORD08642,CUST2130,Ali Khan,2025-12-01,Football,Sports,4,2130.04,8520.16,Quetta,JazzCash
ORD08643,CUST0238,Fatima Ahmed,2025-06-20,Football,Sports,2,1868.34,3736.68,Multan,Bank Transfer
ORD08644,CUST1543,Ayesha Khan,2026-09-16,Face Wash,Beauty,6,1778.46,10670.76,Gujranwala,Bank Transfer
ORD08645,CUST2240,Hamza Shah,2026-02-05,Air Fryer,Home & Kitchen,5,17746.91,88734.55,Sialkot,JazzCash
ORD08646,CUST0781,Maryam Ahmed,2025-01-10,Cooking Oil,Grocery,1,1327.15,1327.15,Rawalpindi,JazzCash
ORD08647,CUST0147,Saad Khan,2026-05-05,Shoes,Clothing,6,20156.03,120936.18,Karachi,Debit Card
ORD08648,CUST2028,Huzaifa Ali,2026-04-12,Keyboard,Electronics,1,7150.12,7150.12,Rawalpindi,Credit Card
ORD08649,CUST1241,Hira Shah,2025-10-25,Biscuits,Grocery,2,96.27,192.54,Faisalabad,Debit Card
ORD08650,CUST0253,Ahmed Raza,2025-03-10,Coffee Maker,Home & Kitchen,4,15062.39,60249.56,Islamabad,JazzCash
ORD08651,CUST0749,Talha Malik,2025-11-14,Biscuits,Grocery,8,202.27,1618.16,Multan,JazzCash
ORD08652,CUST1528,Maham Raza,2025-06-30,Tablet,Electronics,2,72338.45,144676.9,Islamabad,EasyPaisa
ORD08653,CUST2030,Abdullah Raza,2026-09-16,Keyboard,Electronics,4,5757.18,23028.72,Faisalabad,Debit Card
ORD08654,CUST1692,Sara Khan,2026-07-19,Tea,Grocery,6,308.75,1852.5,Gujranwala,Debit Card
ORD08655,CUST1050,Zainab Ali,2026-01-05,Face Wash,Beauty,3,1611.54,4834.62,Islamabad,EasyPaisa
ORD08656,CUST0133,Saad Khan,2025-07-12,Jeans,Clothing,3,4283.48,12850.44,Sialkot,Bank Transfer
ORD08657,CUST1803,Hamza Shah,2025-07-19,Smartphone,Electronics,5,50125.0,250625.0,Multan,Cash
ORD08658,CUST1223,Hamza Shah,2026-08-09,Laptop,Electronics,4,96737.88,386951.52,Faisalabad,Bank Transfer
ORD08659,CUST0498,Maryam Ahmed,2025-02-11,Hoodie,Clothing,5,2920.79,14603.95,Quetta,Bank Transfer
ORD08660,CUST0717,Saad Khan,2026-08-04,Dinner Set,Home & Kitchen,2,14144.52,28289.04,Rawalpindi,Credit Card
ORD08661,CUST0025,Abdullah Raza,2025-04-25,Dinner Set,Home & Kitchen,2,9921.49,19842.98,Peshawar,Bank Transfer
ORD08662,CUST0262,Usman Malik,2025-10-31,Running Shoes,Sports,3,4647.78,13943.34,Peshawar,EasyPaisa
ORD08663,CUST1856,Maryam Ahmed,2026-07-25,Face Wash,Beauty,8,2486.7,19893.6,Peshawar,Credit Card
ORD08664,CUST2486,Omar Farooq,2026-03-28,Lipstick,Beauty,7,1455.32,10187.24,Lahore,Bank Transfer
ORD08665,CUST0720,Usman Malik,2026-07-22,Cooking Oil,Grocery,8,617.93,4943.44,Sialkot,Bank Transfer
ORD08666,CUST1657,Saad Khan,2025-02-26,Cricket Bat,Sports,1,13642.73,13642.73,Faisalabad,JazzCash
ORD08667,CUST1499,Maryam Ahmed,2025-11-05,Microwave,Home & Kitchen,4,35054.62,140218.48,Peshawar,Credit Card
ORD08668,CUST0398,Usman Malik,2025-07-17,Cricket Ball,Sports,8,1525.84,12206.72,Karachi,Credit Card
ORD08669,CUST2301,Hira Shah,2025-11-18,Air Fryer,Home & Kitchen,3,28751.87,86255.61,Quetta,Debit Card
ORD08670,CUST0920,Hamza Shah,2025-11-16,Coffee Maker,Home & Kitchen,5,25246.87,126234.35,Rawalpindi,Credit Card
ORD08671,CUST0319,Omar Farooq,2026-01-31,Perfume,Beauty,6,17782.95,106697.7,Peshawar,EasyPaisa
ORD08672,CUST1196,Sara Khan,2025-02-05,Jeans,Clothing,3,8209.69,24629.07,Lahore,EasyPaisa
ORD08673,CUST0138,Talha Malik,2025-11-01,Coffee Maker,Home & Kitchen,8,22705.92,181647.36,Islamabad,Debit Card
ORD08674,CUST1957,Danish Ahmed,2026-06-11,Perfume,Beauty,2,15765.59,31531.18,Sialkot,EasyPaisa
ORD08675,CUST0091,Huzaifa Ali,2026-09-12,Rice,Grocery,8,679.71,5437.68,Faisalabad,EasyPaisa
ORD08676,CUST1851,Hamza Shah,2026-05-17,Tablet,Electronics,3,113313.94,339941.82,Karachi,Debit Card
ORD08677,CUST0838,Sara Khan,2026-04-22,Cricket Bat,Sports,1,13854.84,13854.84,Karachi,Credit Card
ORD08678,CUST0667,Hassan Ali,2025-09-13,T-Shirt,Clothing,7,2354.35,16480.45,Rawalpindi,JazzCash
ORD08679,CUST0326,Hamza Shah,2026-07-31,Hoodie,Clothing,8,9860.9,78887.2,Karachi,Credit Card
ORD08680,CUST0369,Danish Ahmed,2026-02-01,Headphones,Electronics,7,8797.64,61583.48,Peshawar,JazzCash
ORD08681,CUST1796,Saad Khan,2026-09-01,Smart Watch,Electronics,7,22585.26,158096.82,Karachi,JazzCash
ORD08682,CUST0263,Sara Khan,2025-10-05,Shoes,Clothing,2,11352.69,22705.38,Gujranwala,Credit Card
ORD08683,CUST0223,Maryam Ahmed,2025-02-12,Cereal,Grocery,8,1158.51,9268.08,Rawalpindi,Credit Card
ORD08684,CUST0349,Maham Raza,2025-05-24,Mouse,Electronics,2,1793.94,3587.88,Karachi,EasyPaisa
ORD08685,CUST1879,Ayesha Khan,2025-06-07,Cereal,Grocery,7,1453.69,10175.83,Karachi,JazzCash
ORD08686,CUST1061,Bilal Ahmed,2026-07-22,Cooking Oil,Grocery,3,1331.55,3994.65,Peshawar,JazzCash
ORD08687,CUST1146,Ali Khan,2026-05-28,Lipstick,Beauty,8,3072.31,24578.48,Multan,Debit Card
ORD08688,CUST0071,Sara Khan,2025-05-12,Shampoo,Beauty,2,3282.19,6564.38,Karachi,Credit Card
ORD08689,CUST1925,Ali Khan,2025-09-12,Running Shoes,Sports,8,14759.89,118079.12,Karachi,Debit Card
ORD08690,CUST0415,Maham Raza,2026-05-11,Dinner Set,Home & Kitchen,8,14835.67,118685.36,Gujranwala,Bank Transfer
ORD08691,CUST0402,Bilal Ahmed,2026-07-23,Face Wash,Beauty,8,2398.39,19187.12,Multan,EasyPaisa
ORD08692,CUST2014,Abdullah Raza,2026-08-29,Face Wash,Beauty,2,1037.24,2074.48,Rawalpindi,JazzCash
ORD08693,CUST0482,Zainab Ali,2025-06-12,Lipstick,Beauty,5,3671.17,18355.85,Karachi,Cash
ORD08694,CUST0029,Abdullah Raza,2025-03-10,Cricket Bat,Sports,7,18555.56,129888.92,Karachi,Bank Transfer
ORD08695,CUST1292,Hira Shah,2026-05-14,Hoodie,Clothing,8,7838.42,62707.36,Multan,Credit Card
ORD08696,CUST1753,Maryam Ahmed,2026-05-18,Skin Cream,Beauty,4,4127.75,16511.0,Rawalpindi,Credit Card
ORD08697,CUST1701,Maryam Ahmed,2026-03-23,Tea,Grocery,3,1195.84,3587.52,Quetta,Credit Card
ORD08698,CUST1394,Bilal Ahmed,2025-07-26,Laptop,Electronics,3,117180.45,351541.35,Quetta,Bank Transfer
ORD08699,CUST0297,Hira Shah,2026-04-14,Shampoo,Beauty,1,1294.13,1294.13,Islamabad,Bank Transfer
ORD08700,CUST1260,Saad Khan,2026-06-26,Sugar,Grocery,8,259.0,2072.0,Peshawar,Cash
ORD08701,CUST0327,Ali Khan,2025-08-23,Cricket Ball,Sports,2,1267.79,2535.58,Peshawar,JazzCash
ORD08702,CUST1244,Zainab Ali,2025-05-27,Rice,Grocery,8,648.31,5186.48,Karachi,Credit Card
ORD08703,CUST2425,Ahmed Raza,2026-09-08,Cricket Ball,Sports,1,2241.74,2241.74,Karachi,Bank Transfer
ORD08704,CUST1758,Zainab Ali,2025-03-01,Dinner Set,Home & Kitchen,2,4226.74,8453.48,Sialkot,Bank Transfer
ORD08705,CUST0891,Bilal Ahmed,2026-02-13,Vacuum Cleaner,Home & Kitchen,4,15057.11,60228.44,Peshawar,Credit Card
ORD08706,CUST0859,Bilal Ahmed,2025-10-28,Shoes,Clothing,6,10092.24,60553.44,Islamabad,Bank Transfer
ORD08707,CUST1123,Hira Shah,2026-07-28,Rice,Grocery,8,785.21,6281.68,Islamabad,Debit Card
ORD08708,CUST1376,Danish Ahmed,2026-04-08,Headphones,Electronics,4,27276.6,109106.4,Faisalabad,Bank Transfer
ORD08709,CUST0876,Ali Khan,2025-05-28,Dinner Set,Home & Kitchen,1,11733.13,11733.13,Quetta,Bank Transfer
ORD08710,CUST0170,Ali Khan,2025-11-10,Laptop,Electronics,7,204943.28,1434602.96,Peshawar,JazzCash
ORD08711,CUST1304,Bilal Ahmed,2026-05-23,Blender,Home & Kitchen,7,9845.72,68920.04,Faisalabad,Bank Transfer
ORD08712,CUST1295,Maham Raza,2025-04-12,Keyboard,Electronics,5,7136.96,35684.8,Lahore,JazzCash
ORD08713,CUST2368,Hira Shah,2025-11-10,Coffee Maker,Home & Kitchen,5,29351.97,146759.85,Rawalpindi,EasyPaisa
ORD08714,CUST1615,Sana Malik,2026-08-07,T-Shirt,Clothing,2,2355.88,4711.76,Islamabad,Debit Card
ORD08715,CUST1499,Sana Malik,2026-02-15,Football,Sports,4,7074.17,28296.68,Multan,Cash
ORD08716,CUST0207,Hassan Ali,2025-02-21,Perfume,Beauty,7,14966.02,104762.14,Islamabad,Credit Card
ORD08717,CUST2020,Danish Ahmed,2026-03-09,Cereal,Grocery,6,1476.48,8858.88,Sialkot,Credit Card
ORD08718,CUST0399,Maryam Ahmed,2025-10-12,Sugar,Grocery,4,183.6,734.4,Gujranwala,Bank Transfer
ORD08719,CUST2500,Hira Shah,2026-07-05,Mouse,Electronics,1,2974.53,2974.53,Multan,Bank Transfer
ORD08720,CUST0623,Hamza Shah,2026-02-22,Yoga Mat,Sports,5,2909.83,14549.15,Karachi,EasyPaisa
ORD08721,CUST1128,Usman Malik,2026-05-06,Shoes,Clothing,6,14842.62,89055.72,Islamabad,Credit Card
ORD08722,CUST1027,Fatima Ahmed,2025-01-13,Yoga Mat,Sports,8,3367.08,26936.64,Faisalabad,JazzCash
ORD08723,CUST0932,Danish Ahmed,2025-03-07,Smart Watch,Electronics,5,20481.78,102408.9,Lahore,Debit Card
ORD08724,CUST2133,Ayesha Khan,2025-05-24,Smart Watch,Electronics,7,7091.3,49639.1,Multan,Bank Transfer
ORD08725,CUST0754,Maryam Ahmed,2025-10-16,Cricket Ball,Sports,2,1768.73,3537.46,Lahore,EasyPaisa
ORD08726,CUST0617,Zainab Ali,2025-03-07,T-Shirt,Clothing,3,3463.23,10389.69,Sialkot,Debit Card
ORD08727,CUST0489,Hassan Ali,2025-10-23,Jacket,Clothing,3,7002.02,21006.06,Peshawar,JazzCash
ORD08728,CUST2301,Zainab Ali,2026-03-12,Cereal,Grocery,1,595.61,595.61,Peshawar,JazzCash
ORD08729,CUST2110,Huzaifa Ali,2025-06-05,Mouse,Electronics,1,7037.68,7037.68,Multan,Debit Card
ORD08730,CUST0119,Usman Malik,2025-05-15,Laptop,Electronics,2,220106.06,440212.12,Multan,Cash
ORD08731,CUST1042,Bilal Ahmed,2026-01-14,Shoes,Clothing,6,22306.85,133841.1,Quetta,Bank Transfer
ORD08732,CUST0213,Sana Malik,2025-03-08,Cereal,Grocery,5,1376.57,6882.85,Multan,Credit Card
ORD08733,CUST2077,Saad Khan,2026-03-19,Skin Cream,Beauty,5,2728.39,13641.95,Lahore,EasyPaisa
ORD08734,CUST1560,Ali Khan,2025-06-09,Keyboard,Electronics,6,8666.0,51996.0,Multan,Bank Transfer
ORD08735,CUST1575,Fatima Ahmed,2025-10-28,Keyboard,Electronics,6,9282.55,55695.3,Karachi,Credit Card
ORD08736,CUST0523,Hassan Ali,2025-04-19,Cooking Oil,Grocery,2,1315.07,2630.14,Rawalpindi,Cash
ORD08737,CUST1702,Sara Khan,2025-08-23,Air Fryer,Home & Kitchen,7,24847.48,173932.36,Gujranwala,Cash
ORD08738,CUST1407,Abdullah Raza,2026-07-12,Hoodie,Clothing,5,4882.19,24410.95,Sialkot,JazzCash
ORD08739,CUST0156,Ahmed Raza,2026-05-16,Microwave,Home & Kitchen,6,45410.7,272464.2,Multan,JazzCash
ORD08740,CUST0599,Danish Ahmed,2025-07-17,Hoodie,Clothing,5,7747.79,38738.95,Lahore,Bank Transfer
ORD08741,CUST2439,Sara Khan,2025-02-14,Perfume,Beauty,7,14858.23,104007.61,Islamabad,EasyPaisa
ORD08742,CUST0375,Omar Farooq,2026-03-21,Cricket Bat,Sports,6,15438.56,92631.36,Peshawar,Cash
ORD08743,CUST2031,Fatima Ahmed,2025-07-28,Blender,Home & Kitchen,1,5109.67,5109.67,Sialkot,Bank Transfer
ORD08744,CUST1718,Danish Ahmed,2026-09-27,T-Shirt,Clothing,1,4233.44,4233.44,Gujranwala,JazzCash
ORD08745,CUST1344,Maryam Ahmed,2026-04-23,Laptop,Electronics,8,194848.88,1558791.04,Karachi,Debit Card
ORD08746,CUST1164,Talha Malik,2026-08-13,Air Fryer,Home & Kitchen,4,20871.9,83487.6,Peshawar,Debit Card
ORD08747,CUST1871,Saad Khan,2025-12-12,Cereal,Grocery,5,1078.34,5391.7,Multan,EasyPaisa
ORD08748,CUST2256,Ali Khan,2026-09-09,Football,Sports,2,5267.11,10534.22,Sialkot,Debit Card
ORD08749,CUST1541,Ali Khan,2026-01-02,Skin Cream,Beauty,1,4022.88,4022.88,Rawalpindi,Credit Card
ORD08750,CUST0399,Ahmed Raza,2025-12-15,Sugar,Grocery,3,341.05,1023.15,Rawalpindi,Cash
ORD08751,CUST0979,Ayesha Khan,2025-02-04,Microwave,Home & Kitchen,8,18806.62,150452.96,Lahore,Credit Card
ORD08752,CUST1721,Huzaifa Ali,2026-03-05,Coffee Maker,Home & Kitchen,8,18133.14,145065.12,Gujranwala,JazzCash
ORD08753,CUST0232,Saad Khan,2025-04-02,Football,Sports,5,4261.91,21309.55,Lahore,EasyPaisa
ORD08754,CUST1778,Talha Malik,2026-07-31,Football,Sports,3,1549.9,4649.7,Islamabad,Credit Card
ORD08755,CUST1836,Ahmed Raza,2025-12-16,Dinner Set,Home & Kitchen,2,9419.88,18839.76,Rawalpindi,Debit Card
ORD08756,CUST0315,Ahmed Raza,2026-03-26,Jacket,Clothing,2,15101.65,30203.3,Lahore,Credit Card
ORD08757,CUST2188,Ayesha Khan,2025-12-09,Cricket Ball,Sports,1,2133.37,2133.37,Rawalpindi,Bank Transfer
ORD08758,CUST1165,Talha Malik,2026-05-15,Dinner Set,Home & Kitchen,4,19629.88,78519.52,Multan,Cash
ORD08759,CUST2310,Danish Ahmed,2025-08-02,Cooking Oil,Grocery,6,902.24,5413.44,Islamabad,EasyPaisa
ORD08760,CUST0328,Usman Malik,2025-09-15,Cereal,Grocery,4,625.51,2502.04,Multan,Credit Card
ORD08761,CUST1449,Ahmed Raza,2026-02-13,Coffee Maker,Home & Kitchen,2,13187.44,26374.88,Peshawar,Debit Card
ORD08762,CUST1209,Ahmed Raza,2025-12-20,Jeans,Clothing,1,7907.88,7907.88,Peshawar,EasyPaisa
ORD08763,CUST2286,Hassan Ali,2026-01-30,Tea,Grocery,3,389.92,1169.76,Quetta,Credit Card
ORD08764,CUST0152,Ahmed Raza,2025-09-11,Coffee Maker,Home & Kitchen,4,24537.11,98148.44,Sialkot,Bank Transfer
ORD08765,CUST1943,Talha Malik,2025-04-04,Jeans,Clothing,2,4310.21,8620.42,Karachi,Debit Card
ORD08766,CUST0462,Talha Malik,2025-09-05,Vacuum Cleaner,Home & Kitchen,8,23640.56,189124.48,Faisalabad,Credit Card
ORD08767,CUST0652,Sara Khan,2026-08-18,Laptop,Electronics,2,131590.69,263181.38,Sialkot,Credit Card
ORD08768,CUST1926,Omar Farooq,2025-02-10,Rice,Grocery,8,567.78,4542.24,Sialkot,EasyPaisa
ORD08769,CUST0986,Abdullah Raza,2025-01-25,Air Fryer,Home & Kitchen,2,14303.75,28607.5,Gujranwala,JazzCash
ORD08770,CUST1364,Danish Ahmed,2025-07-19,Skin Cream,Beauty,7,4735.21,33146.47,Faisalabad,Cash
ORD08771,CUST1552,Maryam Ahmed,2025-12-31,Jeans,Clothing,8,2562.15,20497.2,Faisalabad,Debit Card
ORD08772,CUST2489,Hira Shah,2025-02-06,Shoes,Clothing,8,23865.05,190920.4,Faisalabad,Credit Card
ORD08773,CUST1781,Ali Khan,2025-03-11,Jacket,Clothing,6,9790.12,58740.72,Rawalpindi,Cash
ORD08774,CUST1085,Bilal Ahmed,2025-11-04,T-Shirt,Clothing,2,4148.33,8296.66,Rawalpindi,EasyPaisa
ORD08775,CUST1003,Bilal Ahmed,2025-02-28,Tablet,Electronics,5,53147.07,265735.35,Quetta,Bank Transfer
ORD08776,CUST0750,Bilal Ahmed,2025-09-15,Blender,Home & Kitchen,7,9453.96,66177.72,Multan,Debit Card
ORD08777,CUST0751,Ali Khan,2025-03-17,Face Wash,Beauty,8,2678.95,21431.6,Quetta,Debit Card
ORD08778,CUST1577,Hassan Ali,2026-06-15,Blender,Home & Kitchen,5,13720.42,68602.1,Sialkot,Bank Transfer
ORD08779,CUST2065,Sana Malik,2025-05-15,Running Shoes,Sports,4,14673.2,58692.8,Multan,Credit Card
ORD08780,CUST1778,Ahmed Raza,2026-03-21,Perfume,Beauty,2,15759.86,31519.72,Faisalabad,Bank Transfer
ORD08781,CUST2283,Abdullah Raza,2026-08-17,Keyboard,Electronics,1,10616.22,10616.22,Rawalpindi,Bank Transfer
ORD08782,CUST1926,Bilal Ahmed,2025-03-09,Biscuits,Grocery,1,233.54,233.54,Karachi,Debit Card
ORD08783,CUST1160,Fatima Ahmed,2026-04-23,Football,Sports,5,4965.46,24827.3,Lahore,Cash
ORD08784,CUST0663,Bilal Ahmed,2025-04-03,Tablet,Electronics,4,45355.49,181421.96,Islamabad,Bank Transfer
ORD08785,CUST0638,Maryam Ahmed,2025-08-15,Tea,Grocery,3,824.8,2474.4,Islamabad,Debit Card
ORD08786,CUST0909,Saad Khan,2025-02-05,Cricket Ball,Sports,6,2056.75,12340.5,Sialkot,Credit Card
ORD08787,CUST1314,Hassan Ali,2026-08-22,Coffee Maker,Home & Kitchen,5,16761.52,83807.6,Rawalpindi,Credit Card
ORD08788,CUST0740,Hassan Ali,2025-10-31,Microwave,Home & Kitchen,8,41297.58,330380.64,Peshawar,JazzCash
ORD08789,CUST1409,Hamza Shah,2025-09-05,Headphones,Electronics,5,10416.68,52083.4,Faisalabad,Debit Card
ORD08790,CUST0164,Zainab Ali,2026-02-04,Vacuum Cleaner,Home & Kitchen,3,45284.96,135854.88,Multan,Credit Card
ORD08791,CUST2049,Zainab Ali,2026-07-09,Shampoo,Beauty,6,3190.56,19143.36,Sialkot,EasyPaisa
ORD08792,CUST1097,Talha Malik,2025-08-14,Keyboard,Electronics,1,10968.44,10968.44,Quetta,Bank Transfer
ORD08793,CUST1370,Omar Farooq,2026-07-23,Air Fryer,Home & Kitchen,6,29133.98,174803.88,Sialkot,Cash
ORD08794,CUST0224,Huzaifa Ali,2025-08-17,Mouse,Electronics,2,7018.38,14036.76,Rawalpindi,Credit Card
ORD08795,CUST0415,Maryam Ahmed,2026-03-14,Football,Sports,2,7345.56,14691.12,Peshawar,Credit Card
ORD08796,CUST0410,Ali Khan,2025-07-31,Blender,Home & Kitchen,8,14876.68,119013.44,Islamabad,Bank Transfer
ORD08797,CUST0386,Bilal Ahmed,2025-08-12,Yoga Mat,Sports,4,3586.57,14346.28,Peshawar,Debit Card
ORD08798,CUST1161,Danish Ahmed,2026-04-01,Hoodie,Clothing,1,3216.27,3216.27,Gujranwala,EasyPaisa
ORD08799,CUST1048,Saad Khan,2025-12-31,Yoga Mat,Sports,1,3395.86,3395.86,Faisalabad,Cash
ORD08800,CUST2220,Hira Shah,2025-02-28,Microwave,Home & Kitchen,1,45919.0,45919.0,Peshawar,JazzCash
ORD08801,CUST0856,Danish Ahmed,2025-11-19,Dinner Set,Home & Kitchen,2,19277.21,38554.42,Rawalpindi,JazzCash
ORD08802,CUST0864,Hira Shah,2025-09-04,Jeans,Clothing,4,8194.35,32777.4,Faisalabad,JazzCash
ORD08803,CUST1474,Abdullah Raza,2026-03-18,Shampoo,Beauty,5,1375.77,6878.85,Islamabad,Cash
ORD08804,CUST1915,Omar Farooq,2025-02-22,Air Fryer,Home & Kitchen,6,24029.23,144175.38,Islamabad,Debit Card
ORD08805,CUST0234,Talha Malik,2026-09-27,Biscuits,Grocery,3,71.9,215.7,Quetta,Credit Card
ORD08806,CUST0530,Ahmed Raza,2025-08-04,Biscuits,Grocery,3,82.16,246.48,Sialkot,EasyPaisa
ORD08807,CUST1393,Ahmed Raza,2025-05-17,Running Shoes,Sports,8,12775.71,102205.68,Quetta,Cash
ORD08808,CUST1165,Ahmed Raza,2026-07-18,Smartphone,Electronics,1,144784.8,144784.8,Quetta,Debit Card
ORD08809,CUST0521,Sana Malik,2026-05-06,Skin Cream,Beauty,3,1391.7,4175.1,Gujranwala,Debit Card
ORD08810,CUST2106,Zainab Ali,2026-05-22,Skin Cream,Beauty,2,1662.47,3324.94,Gujranwala,JazzCash
ORD08811,CUST0954,Huzaifa Ali,2025-12-26,Lipstick,Beauty,1,1218.37,1218.37,Peshawar,JazzCash
ORD08812,CUST1970,Omar Farooq,2025-07-12,Running Shoes,Sports,1,13223.47,13223.47,Quetta,EasyPaisa
ORD08813,CUST1675,Maryam Ahmed,2025-07-27,Sugar,Grocery,1,355.58,355.58,Karachi,Bank Transfer
ORD08814,CUST0136,Usman Malik,2026-01-14,Skin Cream,Beauty,7,3178.98,22252.86,Islamabad,Credit Card
ORD08815,CUST1114,Danish Ahmed,2025-07-21,Coffee Maker,Home & Kitchen,3,19104.71,57314.13,Quetta,Cash
ORD08816,CUST1541,Bilal Ahmed,2025-06-05,Face Wash,Beauty,7,1265.2,8856.4,Sialkot,Debit Card
ORD08817,CUST1111,Huzaifa Ali,2025-03-16,Cricket Bat,Sports,5,11721.89,58609.45,Quetta,JazzCash
ORD08818,CUST2054,Huzaifa Ali,2025-05-05,Cereal,Grocery,5,722.62,3613.1,Rawalpindi,JazzCash
ORD08819,CUST0791,Hassan Ali,2026-08-24,Perfume,Beauty,1,11980.51,11980.51,Lahore,JazzCash
ORD08820,CUST1456,Maham Raza,2026-05-03,Lipstick,Beauty,2,1497.95,2995.9,Islamabad,Debit Card
ORD08821,CUST1439,Zainab Ali,2025-07-06,Cricket Bat,Sports,2,16216.08,32432.16,Islamabad,Debit Card
ORD08822,CUST2229,Abdullah Raza,2025-02-22,Laptop,Electronics,4,206647.48,826589.92,Quetta,Credit Card
ORD08823,CUST1927,Saad Khan,2025-06-28,Running Shoes,Sports,1,22251.63,22251.63,Quetta,Cash
ORD08824,CUST2052,Omar Farooq,2025-12-13,Jeans,Clothing,2,3366.09,6732.18,Peshawar,Credit Card
ORD08825,CUST1413,Saad Khan,2026-06-08,Smartphone,Electronics,3,134499.1,403497.3,Peshawar,JazzCash
ORD08826,CUST1196,Saad Khan,2025-01-24,Microwave,Home & Kitchen,7,48711.03,340977.21,Sialkot,EasyPaisa
ORD08827,CUST0468,Maryam Ahmed,2026-07-16,Face Wash,Beauty,3,1103.31,3309.93,Multan,Cash
ORD08828,CUST0267,Huzaifa Ali,2026-04-21,Rice,Grocery,5,628.21,3141.05,Gujranwala,EasyPaisa
ORD08829,CUST0953,Usman Malik,2025-03-15,Keyboard,Electronics,6,8520.51,51123.06,Sialkot,Cash
ORD08830,CUST0064,Maryam Ahmed,2025-07-25,Microwave,Home & Kitchen,8,36077.8,288622.4,Faisalabad,JazzCash
ORD08831,CUST1593,Usman Malik,2025-10-31,Lipstick,Beauty,7,3089.8,21628.6,Lahore,Bank Transfer
ORD08832,CUST1850,Maryam Ahmed,2025-06-25,Biscuits,Grocery,2,222.5,445.0,Sialkot,Debit Card
ORD08833,CUST2099,Danish Ahmed,2025-11-24,Perfume,Beauty,6,10745.71,64474.26,Gujranwala,EasyPaisa
ORD08834,CUST0594,Talha Malik,2026-02-24,Jeans,Clothing,2,8296.02,16592.04,Lahore,Debit Card
ORD08835,CUST1488,Sara Khan,2026-06-19,Perfume,Beauty,2,7482.28,14964.56,Islamabad,Credit Card
ORD08836,CUST1645,Talha Malik,2025-04-23,Jeans,Clothing,4,5957.26,23829.04,Islamabad,EasyPaisa
ORD08837,CUST2013,Ahmed Raza,2025-11-11,Laptop,Electronics,3,112234.06,336702.18,Sialkot,Bank Transfer
ORD08838,CUST0802,Ahmed Raza,2025-03-30,Blender,Home & Kitchen,6,14430.92,86585.52,Quetta,Debit Card
ORD08839,CUST0812,Maham Raza,2025-01-09,Air Fryer,Home & Kitchen,1,15384.58,15384.58,Sialkot,Credit Card
ORD08840,CUST2268,Omar Farooq,2025-02-04,Football,Sports,8,7716.28,61730.24,Sialkot,Bank Transfer
ORD08841,CUST0222,Talha Malik,2025-07-30,Jeans,Clothing,1,5201.33,5201.33,Gujranwala,Credit Card
ORD08842,CUST0605,Danish Ahmed,2025-09-24,Running Shoes,Sports,7,5391.83,37742.81,Faisalabad,Bank Transfer
ORD08843,CUST2499,Huzaifa Ali,2026-05-16,Rice,Grocery,6,330.58,1983.48,Karachi,Bank Transfer
ORD08844,CUST0119,Omar Farooq,2026-03-08,Jeans,Clothing,2,3734.25,7468.5,Lahore,EasyPaisa
ORD08845,CUST0986,Usman Malik,2026-02-17,Yoga Mat,Sports,6,4002.99,24017.94,Karachi,Debit Card
ORD08846,CUST0860,Ahmed Raza,2025-12-25,Mouse,Electronics,2,2024.58,4049.16,Gujranwala,Cash
ORD08847,CUST1912,Talha Malik,2025-03-15,Blender,Home & Kitchen,7,7086.96,49608.72,Gujranwala,Cash
ORD08848,CUST0898,Fatima Ahmed,2025-05-16,Hoodie,Clothing,4,6920.37,27681.48,Multan,Debit Card
ORD08849,CUST1956,Talha Malik,2025-03-29,Jeans,Clothing,4,7427.5,29710.0,Gujranwala,Cash
ORD08850,CUST1947,Sara Khan,2025-06-13,Cooking Oil,Grocery,5,1299.49,6497.45,Multan,Bank Transfer
ORD08851,CUST1738,Bilal Ahmed,2026-05-05,Tea,Grocery,1,694.18,694.18,Karachi,Bank Transfer
ORD08852,CUST0570,Usman Malik,2025-02-26,Blender,Home & Kitchen,6,10312.59,61875.54,Faisalabad,Credit Card
ORD08853,CUST1080,Usman Malik,2025-05-05,Laptop,Electronics,2,137905.24,275810.48,Lahore,Bank Transfer
ORD08854,CUST0102,Abdullah Raza,2025-01-07,Tea,Grocery,3,589.45,1768.35,Faisalabad,Cash
ORD08855,CUST0510,Hira Shah,2026-01-03,Cricket Bat,Sports,5,20306.06,101530.3,Karachi,EasyPaisa
ORD08856,CUST0624,Omar Farooq,2025-01-03,Coffee Maker,Home & Kitchen,8,14650.29,117202.32,Gujranwala,Bank Transfer
ORD08857,CUST0914,Hassan Ali,2025-07-07,Biscuits,Grocery,4,252.48,1009.92,Rawalpindi,Bank Transfer
ORD08858,CUST2258,Abdullah Raza,2026-09-04,Sugar,Grocery,1,259.87,259.87,Multan,Credit Card
ORD08859,CUST0246,Hamza Shah,2026-05-24,Microwave,Home & Kitchen,2,29330.48,58660.96,Rawalpindi,Bank Transfer
ORD08860,CUST0495,Maham Raza,2025-06-10,Dinner Set,Home & Kitchen,2,12536.46,25072.92,Multan,Debit Card
ORD08861,CUST2069,Talha Malik,2025-01-02,Jacket,Clothing,4,11828.72,47314.88,Karachi,Credit Card
ORD08862,CUST2142,Ali Khan,2026-07-24,Mouse,Electronics,2,1535.3,3070.6,Faisalabad,Cash
ORD08863,CUST1578,Hamza Shah,2025-05-14,Keyboard,Electronics,2,11986.37,23972.74,Lahore,EasyPaisa
ORD08864,CUST0561,Abdullah Raza,2025-02-19,Football,Sports,2,4263.25,8526.5,Peshawar,JazzCash
ORD08865,CUST2095,Ali Khan,2026-03-26,Coffee Maker,Home & Kitchen,8,26782.98,214263.84,Rawalpindi,Debit Card
ORD08866,CUST0882,Sana Malik,2026-09-01,Face Wash,Beauty,4,761.96,3047.84,Gujranwala,Credit Card
ORD08867,CUST1400,Maryam Ahmed,2026-07-09,Air Fryer,Home & Kitchen,1,22159.02,22159.02,Faisalabad,JazzCash
ORD08868,CUST1680,Sana Malik,2025-12-09,Headphones,Electronics,6,14669.08,88014.48,Gujranwala,EasyPaisa
ORD08869,CUST1073,Hira Shah,2025-06-04,Running Shoes,Sports,3,9307.05,27921.15,Sialkot,JazzCash
ORD08870,CUST2184,Danish Ahmed,2025-11-30,T-Shirt,Clothing,2,4277.95,8555.9,Sialkot,JazzCash
ORD08871,CUST0829,Fatima Ahmed,2026-02-02,Smart Watch,Electronics,3,29661.49,88984.47,Rawalpindi,Cash
ORD08872,CUST2099,Bilal Ahmed,2025-10-17,Face Wash,Beauty,1,1576.69,1576.69,Faisalabad,Cash
ORD08873,CUST1846,Omar Farooq,2025-03-13,Mouse,Electronics,3,7356.43,22069.29,Gujranwala,Cash
ORD08874,CUST0843,Hassan Ali,2025-09-02,Laptop,Electronics,8,188565.06,1508520.48,Faisalabad,JazzCash
ORD08875,CUST2398,Danish Ahmed,2026-07-25,Tablet,Electronics,6,86001.95,516011.7,Sialkot,Bank Transfer
ORD08876,CUST0248,Omar Farooq,2026-09-22,Running Shoes,Sports,4,20112.23,80448.92,Karachi,JazzCash
ORD08877,CUST2090,Maham Raza,2026-07-07,Lipstick,Beauty,2,3221.67,6443.34,Gujranwala,Debit Card
ORD08878,CUST0340,Abdullah Raza,2025-08-23,Headphones,Electronics,5,9149.5,45747.5,Lahore,Bank Transfer
ORD08879,CUST1616,Danish Ahmed,2025-10-10,Shampoo,Beauty,4,2420.4,9681.6,Gujranwala,Bank Transfer
ORD08880,CUST0382,Zainab Ali,2025-03-04,Cereal,Grocery,8,907.41,7259.28,Faisalabad,Credit Card
ORD08881,CUST1507,Maham Raza,2025-02-10,Cricket Bat,Sports,8,23797.98,190383.84,Quetta,JazzCash
ORD08882,CUST0960,Sara Khan,2025-11-25,Cricket Bat,Sports,1,3765.33,3765.33,Gujranwala,EasyPaisa
ORD08883,CUST0904,Zainab Ali,2025-10-07,Yoga Mat,Sports,7,1260.96,8826.72,Rawalpindi,EasyPaisa
ORD08884,CUST1692,Maryam Ahmed,2026-05-16,T-Shirt,Clothing,8,1588.89,12711.12,Karachi,Credit Card
ORD08885,CUST0285,Maham Raza,2025-03-20,Shampoo,Beauty,5,3279.76,16398.8,Rawalpindi,Bank Transfer
ORD08886,CUST1822,Omar Farooq,2025-02-27,Smart Watch,Electronics,8,9307.45,74459.6,Peshawar,JazzCash
ORD08887,CUST2035,Bilal Ahmed,2025-06-04,T-Shirt,Clothing,7,4895.87,34271.09,Faisalabad,Debit Card
ORD08888,CUST1065,Maham Raza,2026-04-27,Rice,Grocery,7,703.97,4927.79,Lahore,JazzCash
ORD08889,CUST0546,Sara Khan,2026-01-01,Headphones,Electronics,3,6491.42,19474.26,Multan,Bank Transfer
ORD08890,CUST1819,Sara Khan,2025-12-13,Air Fryer,Home & Kitchen,8,27908.29,223266.32,Gujranwala,Cash
ORD08891,CUST1466,Sara Khan,2025-02-07,Smartphone,Electronics,1,154919.18,154919.18,Multan,Bank Transfer
ORD08892,CUST0084,Talha Malik,2025-09-16,Air Fryer,Home & Kitchen,1,33534.8,33534.8,Faisalabad,Credit Card
ORD08893,CUST1841,Ali Khan,2025-06-11,Yoga Mat,Sports,8,2019.81,16158.48,Quetta,Bank Transfer
ORD08894,CUST0722,Sana Malik,2025-12-27,Dinner Set,Home & Kitchen,4,15483.45,61933.8,Islamabad,Credit Card
ORD08895,CUST0617,Huzaifa Ali,2025-09-10,Shampoo,Beauty,3,1326.86,3980.58,Sialkot,Cash
ORD08896,CUST0825,Talha Malik,2026-02-11,Keyboard,Electronics,1,6450.6,6450.6,Gujranwala,Cash
ORD08897,CUST0865,Abdullah Raza,2026-07-11,Football,Sports,4,5045.77,20183.08,Multan,Debit Card
ORD08898,CUST0548,Huzaifa Ali,2025-03-21,Jacket,Clothing,8,12784.28,102274.24,Faisalabad,Cash
ORD08899,CUST2264,Saad Khan,2026-01-12,Hoodie,Clothing,1,4471.49,4471.49,Quetta,Cash
ORD08900,CUST0814,Hamza Shah,2026-08-05,Dinner Set,Home & Kitchen,2,15765.44,31530.88,Gujranwala,Bank Transfer
ORD08901,CUST0418,Abdullah Raza,2025-12-01,Cooking Oil,Grocery,4,629.83,2519.32,Multan,Cash
ORD08902,CUST1249,Fatima Ahmed,2025-09-10,Lipstick,Beauty,4,3873.59,15494.36,Lahore,Bank Transfer
ORD08903,CUST2229,Ayesha Khan,2026-07-21,Vacuum Cleaner,Home & Kitchen,4,47770.25,191081.0,Rawalpindi,Credit Card
ORD08904,CUST0942,Zainab Ali,2025-07-29,Shoes,Clothing,8,17949.58,143596.64,Gujranwala,Cash
ORD08905,CUST2064,Usman Malik,2026-08-06,Dinner Set,Home & Kitchen,6,6585.57,39513.42,Faisalabad,EasyPaisa
ORD08906,CUST1434,Zainab Ali,2025-03-10,Perfume,Beauty,6,8160.69,48964.14,Peshawar,JazzCash
ORD08907,CUST0815,Ahmed Raza,2026-04-19,Coffee Maker,Home & Kitchen,3,13923.26,41769.78,Lahore,JazzCash
ORD08908,CUST2147,Talha Malik,2025-10-12,Shoes,Clothing,1,9446.8,9446.8,Lahore,Debit Card
ORD08909,CUST2216,Danish Ahmed,2025-10-05,Hoodie,Clothing,1,9347.38,9347.38,Karachi,EasyPaisa
ORD08910,CUST1729,Omar Farooq,2026-03-30,Hoodie,Clothing,5,4686.43,23432.15,Rawalpindi,Bank Transfer
ORD08911,CUST0078,Fatima Ahmed,2026-06-07,Running Shoes,Sports,4,14260.59,57042.36,Quetta,Cash
ORD08912,CUST1761,Ali Khan,2026-04-10,Smartphone,Electronics,4,155208.62,620834.48,Faisalabad,EasyPaisa
ORD08913,CUST2315,Maryam Ahmed,2026-09-02,Smart Watch,Electronics,8,40850.5,326804.0,Lahore,Debit Card
ORD08914,CUST0409,Ali Khan,2025-08-10,Biscuits,Grocery,8,273.78,2190.24,Gujranwala,Cash
ORD08915,CUST1730,Hassan Ali,2025-08-22,Cricket Bat,Sports,2,13735.7,27471.4,Islamabad,Debit Card
ORD08916,CUST0038,Ayesha Khan,2026-08-01,Coffee Maker,Home & Kitchen,2,18967.52,37935.04,Islamabad,Credit Card
ORD08917,CUST0279,Huzaifa Ali,2026-09-24,T-Shirt,Clothing,7,1644.14,11508.98,Peshawar,JazzCash
ORD08918,CUST2383,Zainab Ali,2025-03-23,Headphones,Electronics,5,2898.74,14493.7,Quetta,Credit Card
ORD08919,CUST1049,Maham Raza,2026-06-04,Blender,Home & Kitchen,6,17012.2,102073.2,Rawalpindi,Bank Transfer
ORD08920,CUST1431,Omar Farooq,2025-02-09,Biscuits,Grocery,2,291.35,582.7,Faisalabad,Cash
ORD08921,CUST0749,Omar Farooq,2026-08-07,Microwave,Home & Kitchen,5,27404.88,137024.4,Lahore,Bank Transfer
ORD08922,CUST0952,Fatima Ahmed,2026-08-21,Perfume,Beauty,8,15955.93,127647.44,Multan,JazzCash
ORD08923,CUST0691,Hira Shah,2026-04-26,Blender,Home & Kitchen,1,16295.55,16295.55,Quetta,Debit Card
ORD08924,CUST1538,Bilal Ahmed,2026-09-22,Cricket Ball,Sports,4,2191.18,8764.72,Multan,Bank Transfer
ORD08925,CUST0121,Hassan Ali,2026-07-18,Skin Cream,Beauty,8,3129.68,25037.44,Quetta,Cash
ORD08926,CUST1974,Hassan Ali,2025-08-29,Microwave,Home & Kitchen,8,45911.2,367289.6,Islamabad,JazzCash
ORD08927,CUST0452,Hira Shah,2026-04-25,Hoodie,Clothing,2,9632.77,19265.54,Gujranwala,Cash
ORD08928,CUST0425,Talha Malik,2026-06-23,Hoodie,Clothing,6,8756.76,52540.56,Gujranwala,Cash
ORD08929,CUST0051,Omar Farooq,2025-11-25,Mouse,Electronics,5,3384.22,16921.1,Multan,JazzCash
ORD08930,CUST0293,Hamza Shah,2025-07-02,Yoga Mat,Sports,5,2058.06,10290.3,Rawalpindi,Bank Transfer
ORD08931,CUST1270,Fatima Ahmed,2025-04-04,Cricket Ball,Sports,7,1446.88,10128.16,Faisalabad,Cash
ORD08932,CUST2248,Sana Malik,2026-09-12,Tablet,Electronics,8,65773.06,526184.48,Rawalpindi,Cash
ORD08933,CUST0054,Maryam Ahmed,2025-04-23,Microwave,Home & Kitchen,2,23206.25,46412.5,Faisalabad,JazzCash
ORD08934,CUST0970,Ali Khan,2026-01-14,Air Fryer,Home & Kitchen,7,33562.4,234936.8,Islamabad,Bank Transfer
ORD08935,CUST0667,Omar Farooq,2025-12-22,Laptop,Electronics,7,146235.89,1023651.23,Islamabad,Cash
ORD08936,CUST0607,Fatima Ahmed,2025-06-13,Microwave,Home & Kitchen,5,44672.03,223360.15,Quetta,Cash
ORD08937,CUST1296,Ahmed Raza,2026-05-29,Microwave,Home & Kitchen,5,34702.13,173510.65,Karachi,Credit Card
ORD08938,CUST2297,Danish Ahmed,2025-01-21,Sugar,Grocery,6,184.45,1106.7,Rawalpindi,Credit Card
ORD08939,CUST1814,Zainab Ali,2026-07-18,Football,Sports,6,6999.22,41995.32,Islamabad,Cash
ORD08940,CUST1537,Sana Malik,2025-10-11,Face Wash,Beauty,5,900.08,4500.4,Rawalpindi,Cash
ORD08941,CUST2311,Talha Malik,2025-01-28,Smartphone,Electronics,3,116218.39,348655.17,Peshawar,Bank Transfer
ORD08942,CUST0468,Talha Malik,2026-05-20,Dinner Set,Home & Kitchen,6,7424.83,44548.98,Gujranwala,JazzCash
ORD08943,CUST2371,Abdullah Raza,2026-04-14,T-Shirt,Clothing,3,3179.42,9538.26,Quetta,EasyPaisa
ORD08944,CUST1034,Saad Khan,2026-08-07,Jacket,Clothing,3,11788.36,35365.08,Lahore,JazzCash
ORD08945,CUST1833,Maham Raza,2025-05-03,Microwave,Home & Kitchen,1,30866.89,30866.89,Lahore,Cash
ORD08946,CUST0133,Ayesha Khan,2025-12-23,Sugar,Grocery,8,237.04,1896.32,Karachi,JazzCash
ORD08947,CUST1751,Sara Khan,2025-07-15,Yoga Mat,Sports,8,1612.77,12902.16,Faisalabad,Bank Transfer
ORD08948,CUST0028,Hamza Shah,2026-07-28,Keyboard,Electronics,7,11895.58,83269.06,Islamabad,Cash
ORD08949,CUST1887,Ahmed Raza,2026-09-02,Smartphone,Electronics,2,112764.06,225528.12,Faisalabad,JazzCash
ORD08950,CUST1184,Ahmed Raza,2025-10-31,Tea,Grocery,6,1165.68,6994.08,Gujranwala,EasyPaisa
ORD08951,CUST2010,Hassan Ali,2025-07-21,Skin Cream,Beauty,1,2141.73,2141.73,Karachi,EasyPaisa
ORD08952,CUST0070,Saad Khan,2026-07-23,T-Shirt,Clothing,2,2366.78,4733.56,Faisalabad,EasyPaisa
ORD08953,CUST1720,Hassan Ali,2025-10-19,Hoodie,Clothing,1,8276.12,8276.12,Lahore,EasyPaisa
ORD08954,CUST0569,Hassan Ali,2025-08-14,Cooking Oil,Grocery,5,1352.24,6761.2,Karachi,Debit Card
ORD08955,CUST2478,Talha Malik,2025-07-23,Cooking Oil,Grocery,5,1289.22,6446.1,Peshawar,EasyPaisa
ORD08956,CUST0392,Zainab Ali,2026-06-04,Jacket,Clothing,4,5797.26,23189.04,Faisalabad,JazzCash
ORD08957,CUST1834,Maham Raza,2025-11-30,Microwave,Home & Kitchen,6,40526.43,243158.58,Multan,Credit Card
ORD08958,CUST1035,Usman Malik,2025-12-19,Face Wash,Beauty,7,1405.82,9840.74,Rawalpindi,EasyPaisa
ORD08959,CUST1018,Bilal Ahmed,2025-09-15,Headphones,Electronics,5,20099.7,100498.5,Sialkot,JazzCash
ORD08960,CUST0561,Hassan Ali,2025-07-10,Face Wash,Beauty,1,2225.25,2225.25,Karachi,Credit Card
ORD08961,CUST0640,Bilal Ahmed,2025-08-24,Shoes,Clothing,1,22638.36,22638.36,Gujranwala,EasyPaisa
ORD08962,CUST1777,Ali Khan,2025-07-05,Skin Cream,Beauty,1,3818.49,3818.49,Lahore,Bank Transfer
ORD08963,CUST2148,Sana Malik,2025-02-01,Microwave,Home & Kitchen,2,19956.15,39912.3,Karachi,Cash
ORD08964,CUST1893,Zainab Ali,2026-05-01,Biscuits,Grocery,8,277.45,2219.6,Rawalpindi,Credit Card
ORD08965,CUST0842,Hira Shah,2026-04-27,Hoodie,Clothing,8,5446.45,43571.6,Faisalabad,Credit Card
ORD08966,CUST0694,Saad Khan,2025-06-14,Headphones,Electronics,8,17526.62,140212.96,Lahore,Bank Transfer
ORD08967,CUST0368,Maryam Ahmed,2026-09-09,Vacuum Cleaner,Home & Kitchen,7,46321.24,324248.68,Faisalabad,Credit Card
ORD08968,CUST1786,Danish Ahmed,2026-07-03,Cricket Bat,Sports,1,15195.82,15195.82,Karachi,EasyPaisa
ORD08969,CUST1227,Zainab Ali,2026-05-01,Smart Watch,Electronics,2,7142.62,14285.24,Multan,Bank Transfer
ORD08970,CUST0040,Ali Khan,2026-05-23,Shoes,Clothing,4,19986.07,79944.28,Faisalabad,Cash
ORD08971,CUST0656,Huzaifa Ali,2026-01-31,Smartphone,Electronics,4,138900.42,555601.68,Peshawar,Debit Card
ORD08972,CUST1932,Ahmed Raza,2026-05-18,Laptop,Electronics,3,140580.05,421740.15,Rawalpindi,EasyPaisa
ORD08973,CUST1751,Fatima Ahmed,2025-08-18,Face Wash,Beauty,2,2194.55,4389.1,Sialkot,Cash
ORD08974,CUST1735,Saad Khan,2025-03-19,Shoes,Clothing,8,18662.41,149299.28,Gujranwala,EasyPaisa
ORD08975,CUST2461,Ali Khan,2025-03-15,Cooking Oil,Grocery,4,1089.88,4359.52,Karachi,Cash
ORD08976,CUST0047,Maham Raza,2025-10-06,Smart Watch,Electronics,6,18946.65,113679.9,Quetta,Debit Card
ORD08977,CUST2275,Usman Malik,2025-08-14,Dinner Set,Home & Kitchen,1,11776.81,11776.81,Quetta,Cash
ORD08978,CUST0748,Ayesha Khan,2026-05-01,Tea,Grocery,1,735.21,735.21,Islamabad,EasyPaisa
ORD08979,CUST1625,Bilal Ahmed,2025-09-12,Microwave,Home & Kitchen,8,25510.73,204085.84,Rawalpindi,Cash
ORD08980,CUST0206,Maryam Ahmed,2025-06-04,Cricket Ball,Sports,7,2019.34,14135.38,Islamabad,JazzCash
ORD08981,CUST1391,Hassan Ali,2026-05-28,Biscuits,Grocery,6,110.63,663.78,Karachi,EasyPaisa
ORD08982,CUST0876,Abdullah Raza,2026-02-04,Cooking Oil,Grocery,6,869.45,5216.7,Faisalabad,Bank Transfer
ORD08983,CUST0835,Sana Malik,2025-09-18,Lipstick,Beauty,3,1486.83,4460.49,Sialkot,Cash
ORD08984,CUST2396,Hassan Ali,2026-01-31,Face Wash,Beauty,3,2496.71,7490.13,Peshawar,Credit Card
ORD08985,CUST1029,Hamza Shah,2025-01-07,Air Fryer,Home & Kitchen,4,18888.78,75555.12,Lahore,Debit Card
ORD08986,CUST0288,Danish Ahmed,2025-01-12,Air Fryer,Home & Kitchen,7,27080.57,189563.99,Rawalpindi,Bank Transfer
ORD08987,CUST1596,Talha Malik,2026-07-19,Sugar,Grocery,3,346.19,1038.57,Multan,Bank Transfer
ORD08988,CUST0798,Sana Malik,2026-05-19,Sugar,Grocery,1,334.88,334.88,Multan,Bank Transfer
ORD08989,CUST0429,Maryam Ahmed,2026-04-21,Running Shoes,Sports,1,21471.23,21471.23,Gujranwala,Cash
ORD08990,CUST1751,Sana Malik,2025-06-26,Tea,Grocery,1,591.33,591.33,Quetta,Credit Card
ORD08991,CUST0632,Ahmed Raza,2025-10-28,Jeans,Clothing,7,2999.12,20993.84,Islamabad,Cash
ORD08992,CUST1764,Hira Shah,2026-08-11,Sugar,Grocery,8,239.58,1916.64,Quetta,Debit Card
ORD08993,CUST1214,Fatima Ahmed,2025-08-22,Perfume,Beauty,5,14588.45,72942.25,Quetta,JazzCash
ORD08994,CUST2331,Hira Shah,2026-02-11,Running Shoes,Sports,4,19682.96,78731.84,Peshawar,Bank Transfer
ORD08995,CUST0745,Ali Khan,2025-05-03,Shoes,Clothing,7,15091.43,105640.01,Faisalabad,Debit Card
ORD08996,CUST1035,Ahmed Raza,2026-05-09,Lipstick,Beauty,7,2239.7,15677.9,Faisalabad,EasyPaisa
ORD08997,CUST0349,Danish Ahmed,2025-12-24,Blender,Home & Kitchen,3,10146.54,30439.62,Karachi,Cash
ORD08998,CUST0577,Maryam Ahmed,2025-07-01,Vacuum Cleaner,Home & Kitchen,6,31789.5,190737.0,Gujranwala,Cash
ORD08999,CUST0045,Fatima Ahmed,2026-07-17,Cricket Bat,Sports,5,11915.75,59578.75,Peshawar,JazzCash
ORD09000,CUST0970,Abdullah Raza,2026-07-24,Biscuits,Grocery,4,104.69,418.76,Multan,Bank Transfer
ORD09001,CUST1583,Hassan Ali,2026-07-28,Smartphone,Electronics,8,121919.98,975359.84,Peshawar,Credit Card
ORD09002,CUST1299,Ahmed Raza,2025-08-22,Football,Sports,2,3217.46,6434.92,Rawalpindi,Bank Transfer
ORD09003,CUST1228,Usman Malik,2025-03-25,Lipstick,Beauty,6,2333.6,14001.6,Islamabad,Cash
ORD09004,CUST2023,Talha Malik,2026-01-30,Laptop,Electronics,1,207829.52,207829.52,Rawalpindi,JazzCash
ORD09005,CUST1271,Maryam Ahmed,2026-04-11,Shampoo,Beauty,4,1107.22,4428.88,Peshawar,Cash
ORD09006,CUST1957,Omar Farooq,2026-08-22,Tablet,Electronics,5,54226.32,271131.6,Gujranwala,Debit Card
ORD09007,CUST1461,Bilal Ahmed,2025-03-05,Laptop,Electronics,2,163485.73,326971.46,Karachi,Credit Card
ORD09008,CUST1690,Talha Malik,2026-03-10,Blender,Home & Kitchen,8,13668.6,109348.8,Gujranwala,JazzCash
ORD09009,CUST1187,Maham Raza,2026-01-26,Football,Sports,7,5490.3,38432.1,Rawalpindi,Credit Card
ORD09010,CUST0188,Maryam Ahmed,2025-05-06,Face Wash,Beauty,4,1639.46,6557.84,Faisalabad,JazzCash
ORD09011,CUST1924,Maryam Ahmed,2025-02-10,Rice,Grocery,2,792.04,1584.08,Quetta,Credit Card
ORD09012,CUST0325,Fatima Ahmed,2025-09-28,Cricket Ball,Sports,7,993.04,6951.28,Faisalabad,Cash
ORD09013,CUST2330,Huzaifa Ali,2026-05-07,Shoes,Clothing,6,20397.86,122387.16,Gujranwala,Cash
ORD09014,CUST2496,Omar Farooq,2026-09-21,Shoes,Clothing,1,19579.18,19579.18,Multan,Credit Card
ORD09015,CUST1396,Sana Malik,2026-01-02,Blender,Home & Kitchen,8,7008.27,56066.16,Peshawar,JazzCash
ORD09016,CUST2244,Maryam Ahmed,2025-12-29,Football,Sports,8,1568.14,12545.12,Lahore,Cash
ORD09017,CUST0785,Fatima Ahmed,2025-02-03,Hoodie,Clothing,8,2644.93,21159.44,Karachi,Cash
ORD09018,CUST0373,Ali Khan,2025-02-06,Cooking Oil,Grocery,2,1038.82,2077.64,Gujranwala,Credit Card
ORD09019,CUST1839,Huzaifa Ali,2025-05-22,Laptop,Electronics,6,136866.35,821198.1,Lahore,Cash
ORD09020,CUST2183,Sara Khan,2026-06-06,Cricket Ball,Sports,1,1317.1,1317.1,Rawalpindi,EasyPaisa
ORD09021,CUST2231,Sana Malik,2025-05-24,Cricket Ball,Sports,7,671.12,4697.84,Karachi,EasyPaisa
ORD09022,CUST0119,Maham Raza,2026-09-28,Air Fryer,Home & Kitchen,7,22086.86,154608.02,Quetta,EasyPaisa
ORD09023,CUST0811,Abdullah Raza,2026-07-10,Jeans,Clothing,2,3592.07,7184.14,Multan,JazzCash
ORD09024,CUST2167,Danish Ahmed,2025-07-21,Cereal,Grocery,6,992.98,5957.88,Rawalpindi,Credit Card
ORD09025,CUST2492,Maham Raza,2025-04-26,Coffee Maker,Home & Kitchen,5,9898.86,49494.3,Karachi,JazzCash
ORD09026,CUST2124,Hira Shah,2026-04-20,Lipstick,Beauty,3,1321.62,3964.86,Sialkot,EasyPaisa
ORD09027,CUST1575,Maryam Ahmed,2026-08-06,Cricket Ball,Sports,8,1324.78,10598.24,Rawalpindi,JazzCash
ORD09028,CUST2190,Saad Khan,2026-01-28,Yoga Mat,Sports,6,4641.96,27851.76,Lahore,Bank Transfer
ORD09029,CUST1429,Bilal Ahmed,2026-03-23,Shampoo,Beauty,7,2742.88,19200.16,Karachi,JazzCash
ORD09030,CUST2136,Ali Khan,2025-10-03,Jacket,Clothing,7,11359.89,79519.23,Karachi,Cash
ORD09031,CUST1537,Sana Malik,2025-05-23,Blender,Home & Kitchen,5,13447.73,67238.65,Karachi,Bank Transfer
ORD09032,CUST2190,Ayesha Khan,2026-01-10,Smartphone,Electronics,1,47694.98,47694.98,Multan,EasyPaisa
ORD09033,CUST0915,Maham Raza,2026-06-30,Vacuum Cleaner,Home & Kitchen,1,36443.14,36443.14,Islamabad,JazzCash
ORD09034,CUST1624,Ali Khan,2026-03-29,Shoes,Clothing,3,8374.61,25123.83,Peshawar,Bank Transfer
ORD09035,CUST0019,Danish Ahmed,2026-01-10,Running Shoes,Sports,3,4756.47,14269.41,Karachi,Bank Transfer
ORD09036,CUST0404,Hamza Shah,2026-02-18,Cereal,Grocery,3,1119.3,3357.9,Sialkot,Bank Transfer
ORD09037,CUST0247,Hira Shah,2026-03-24,Perfume,Beauty,6,13158.23,78949.38,Sialkot,EasyPaisa
ORD09038,CUST2009,Ayesha Khan,2026-03-18,Jeans,Clothing,4,4093.08,16372.32,Peshawar,Bank Transfer
ORD09039,CUST2306,Talha Malik,2025-03-25,Vacuum Cleaner,Home & Kitchen,1,26501.13,26501.13,Rawalpindi,Cash
ORD09040,CUST1902,Hassan Ali,2025-05-26,Laptop,Electronics,1,208571.22,208571.22,Islamabad,Cash
ORD09041,CUST0392,Danish Ahmed,2025-10-30,Cooking Oil,Grocery,8,1454.51,11636.08,Sialkot,Credit Card
ORD09042,CUST0918,Fatima Ahmed,2025-09-06,Skin Cream,Beauty,8,1251.32,10010.56,Lahore,EasyPaisa
ORD09043,CUST1191,Sara Khan,2025-11-24,Cricket Ball,Sports,4,1578.09,6312.36,Sialkot,Credit Card
ORD09044,CUST1056,Bilal Ahmed,2025-05-23,Jeans,Clothing,7,4991.76,34942.32,Sialkot,Bank Transfer
ORD09045,CUST2421,Ali Khan,2025-08-17,Lipstick,Beauty,7,3922.17,27455.19,Quetta,Debit Card
ORD09046,CUST0345,Hassan Ali,2026-05-29,Shoes,Clothing,4,12308.88,49235.52,Islamabad,EasyPaisa
ORD09047,CUST0226,Sara Khan,2026-04-29,Laptop,Electronics,4,103341.19,413364.76,Lahore,EasyPaisa
ORD09048,CUST1005,Ayesha Khan,2026-04-15,Cricket Bat,Sports,2,4569.17,9138.34,Peshawar,Cash
ORD09049,CUST0373,Huzaifa Ali,2026-07-15,Jeans,Clothing,4,6326.74,25306.96,Sialkot,Debit Card
ORD09050,CUST0333,Zainab Ali,2025-12-26,Vacuum Cleaner,Home & Kitchen,8,27585.79,220686.32,Islamabad,Credit Card
ORD09051,CUST1426,Ali Khan,2025-06-04,Shampoo,Beauty,8,2226.42,17811.36,Peshawar,JazzCash
ORD09052,CUST1846,Ali Khan,2025-08-14,Football,Sports,3,2960.22,8880.66,Sialkot,Cash
ORD09053,CUST1195,Ayesha Khan,2025-11-16,T-Shirt,Clothing,7,2111.32,14779.24,Sialkot,Cash
ORD09054,CUST2368,Zainab Ali,2025-08-15,Football,Sports,4,3638.69,14554.76,Gujranwala,Credit Card
ORD09055,CUST0161,Danish Ahmed,2026-01-05,Jeans,Clothing,7,7785.73,54500.11,Lahore,Cash
ORD09056,CUST0910,Hira Shah,2026-07-01,Hoodie,Clothing,5,3029.36,15146.8,Faisalabad,Debit Card
ORD09057,CUST1588,Maryam Ahmed,2025-02-28,Perfume,Beauty,1,6820.27,6820.27,Sialkot,EasyPaisa
ORD09058,CUST1673,Huzaifa Ali,2025-10-18,Keyboard,Electronics,4,10708.45,42833.8,Lahore,JazzCash
ORD09059,CUST0593,Hamza Shah,2025-03-08,Football,Sports,7,3995.56,27968.92,Quetta,Debit Card
ORD09060,CUST0868,Sana Malik,2025-07-04,Cooking Oil,Grocery,8,1497.93,11983.44,Lahore,JazzCash
ORD09061,CUST0611,Talha Malik,2026-05-24,Skin Cream,Beauty,8,4649.87,37198.96,Multan,Bank Transfer
ORD09062,CUST1822,Omar Farooq,2025-02-26,Hoodie,Clothing,8,5632.62,45060.96,Faisalabad,Bank Transfer
ORD09063,CUST0837,Hamza Shah,2026-06-07,T-Shirt,Clothing,1,3242.16,3242.16,Peshawar,EasyPaisa
ORD09064,CUST2362,Abdullah Raza,2026-05-26,Face Wash,Beauty,4,2709.6,10838.4,Multan,Credit Card
ORD09065,CUST1683,Hira Shah,2025-12-04,Cricket Ball,Sports,1,767.57,767.57,Gujranwala,Cash
ORD09066,CUST1846,Zainab Ali,2026-02-10,Cooking Oil,Grocery,3,1412.66,4237.98,Peshawar,Debit Card
ORD09067,CUST0995,Ahmed Raza,2026-01-19,Hoodie,Clothing,1,9259.29,9259.29,Rawalpindi,JazzCash
ORD09068,CUST0083,Zainab Ali,2026-03-22,Laptop,Electronics,5,216387.99,1081939.95,Karachi,Cash
ORD09069,CUST0191,Danish Ahmed,2025-01-04,Laptop,Electronics,6,231792.48,1390754.88,Gujranwala,Bank Transfer
ORD09070,CUST1842,Hamza Shah,2025-05-27,Cooking Oil,Grocery,7,895.27,6266.89,Peshawar,JazzCash
ORD09071,CUST1003,Zainab Ali,2026-08-11,Microwave,Home & Kitchen,6,45131.57,270789.42,Faisalabad,Cash
ORD09072,CUST2032,Fatima Ahmed,2026-08-17,Coffee Maker,Home & Kitchen,4,23816.56,95266.24,Islamabad,Debit Card
ORD09073,CUST2410,Hamza Shah,2026-07-08,Tea,Grocery,6,434.25,2605.5,Sialkot,EasyPaisa
ORD09074,CUST1756,Zainab Ali,2025-11-13,Cricket Ball,Sports,8,1729.09,13832.72,Karachi,EasyPaisa
ORD09075,CUST0866,Hamza Shah,2026-01-23,Shampoo,Beauty,6,1827.77,10966.62,Peshawar,Cash
ORD09076,CUST2345,Talha Malik,2026-07-02,Jeans,Clothing,5,6679.18,33395.9,Gujranwala,EasyPaisa
ORD09077,CUST1764,Ayesha Khan,2025-05-10,Blender,Home & Kitchen,8,14021.72,112173.76,Multan,Credit Card
ORD09078,CUST0659,Omar Farooq,2026-06-27,Skin Cream,Beauty,1,1291.39,1291.39,Karachi,Debit Card
ORD09079,CUST0611,Ahmed Raza,2025-12-24,T-Shirt,Clothing,3,3719.1,11157.3,Lahore,Bank Transfer
ORD09080,CUST0663,Sara Khan,2025-10-24,Hoodie,Clothing,1,8155.51,8155.51,Sialkot,Bank Transfer
ORD09081,CUST0969,Fatima Ahmed,2025-11-20,Perfume,Beauty,3,11989.61,35968.83,Peshawar,JazzCash
ORD09082,CUST1349,Ahmed Raza,2026-06-01,Football,Sports,8,5312.57,42500.56,Peshawar,Cash
ORD09083,CUST1882,Saad Khan,2025-05-05,Rice,Grocery,3,387.07,1161.21,Gujranwala,Bank Transfer
ORD09084,CUST0753,Hira Shah,2026-03-21,Yoga Mat,Sports,2,4590.78,9181.56,Peshawar,JazzCash
ORD09085,CUST0969,Ayesha Khan,2025-06-14,Skin Cream,Beauty,3,2748.72,8246.16,Gujranwala,Debit Card
ORD09086,CUST2327,Zainab Ali,2026-04-17,Air Fryer,Home & Kitchen,2,21194.29,42388.58,Faisalabad,EasyPaisa
ORD09087,CUST0342,Maryam Ahmed,2025-03-10,Cricket Ball,Sports,8,2346.01,18768.08,Lahore,Debit Card
ORD09088,CUST1489,Omar Farooq,2025-03-14,Shampoo,Beauty,5,2466.52,12332.6,Peshawar,Cash
ORD09089,CUST0939,Bilal Ahmed,2025-03-17,Air Fryer,Home & Kitchen,4,31662.82,126651.28,Karachi,Bank Transfer
ORD09090,CUST1236,Abdullah Raza,2025-02-10,Perfume,Beauty,8,14744.6,117956.8,Karachi,Debit Card
ORD09091,CUST0524,Sara Khan,2026-05-14,Rice,Grocery,1,256.15,256.15,Lahore,JazzCash
ORD09092,CUST1725,Sana Malik,2025-03-14,Biscuits,Grocery,6,220.57,1323.42,Lahore,Bank Transfer
ORD09093,CUST2258,Sana Malik,2025-12-11,Tea,Grocery,1,329.99,329.99,Faisalabad,Debit Card
ORD09094,CUST0574,Danish Ahmed,2026-05-09,Keyboard,Electronics,3,9924.29,29772.87,Faisalabad,Credit Card
ORD09095,CUST1772,Sana Malik,2026-03-09,Skin Cream,Beauty,2,3040.33,6080.66,Sialkot,JazzCash
ORD09096,CUST1293,Danish Ahmed,2025-06-08,Jacket,Clothing,4,11347.01,45388.04,Multan,JazzCash
ORD09097,CUST0845,Talha Malik,2025-08-13,Vacuum Cleaner,Home & Kitchen,2,39815.16,79630.32,Multan,EasyPaisa
ORD09098,CUST0767,Omar Farooq,2026-07-20,Face Wash,Beauty,6,1058.97,6353.82,Gujranwala,EasyPaisa
ORD09099,CUST1036,Hira Shah,2026-08-29,Smart Watch,Electronics,7,24548.17,171837.19,Quetta,Debit Card
ORD09100,CUST0745,Sana Malik,2026-09-11,Biscuits,Grocery,3,271.65,814.95,Quetta,JazzCash
ORD09101,CUST2337,Maryam Ahmed,2026-04-26,Perfume,Beauty,6,10767.37,64604.22,Multan,Bank Transfer
ORD09102,CUST0769,Sara Khan,2026-03-05,Smartphone,Electronics,5,39410.79,197053.95,Quetta,Bank Transfer
ORD09103,CUST1775,Bilal Ahmed,2025-01-13,Cooking Oil,Grocery,7,603.93,4227.51,Sialkot,Debit Card
ORD09104,CUST0751,Talha Malik,2026-04-22,Yoga Mat,Sports,5,2378.05,11890.25,Islamabad,Debit Card
ORD09105,CUST2406,Abdullah Raza,2026-09-06,Air Fryer,Home & Kitchen,7,27339.0,191373.0,Gujranwala,JazzCash
ORD09106,CUST2426,Ayesha Khan,2026-06-26,Blender,Home & Kitchen,5,6360.92,31804.6,Rawalpindi,Bank Transfer
ORD09107,CUST2319,Sara Khan,2026-09-24,Shoes,Clothing,4,19549.07,78196.28,Lahore,Cash
ORD09108,CUST2350,Maryam Ahmed,2026-08-15,Air Fryer,Home & Kitchen,6,23330.47,139982.82,Quetta,Bank Transfer
ORD09109,CUST1491,Danish Ahmed,2025-12-03,Smart Watch,Electronics,5,15342.08,76710.4,Peshawar,Cash
ORD09110,CUST1266,Usman Malik,2026-04-10,Blender,Home & Kitchen,8,16397.96,131183.68,Gujranwala,Debit Card
ORD09111,CUST0119,Zainab Ali,2025-09-16,Mouse,Electronics,7,7254.06,50778.42,Rawalpindi,Debit Card
ORD09112,CUST1895,Hira Shah,2025-05-19,Hoodie,Clothing,3,4157.74,12473.22,Sialkot,Bank Transfer
ORD09113,CUST1864,Hassan Ali,2025-11-30,Cooking Oil,Grocery,1,1195.76,1195.76,Karachi,EasyPaisa
ORD09114,CUST1784,Usman Malik,2025-05-13,Tea,Grocery,4,603.57,2414.28,Peshawar,EasyPaisa
ORD09115,CUST2314,Ayesha Khan,2026-08-10,Headphones,Electronics,5,29483.53,147417.65,Sialkot,Debit Card
ORD09116,CUST0410,Saad Khan,2026-08-31,Vacuum Cleaner,Home & Kitchen,8,22330.71,178645.68,Lahore,Debit Card
ORD09117,CUST1704,Huzaifa Ali,2025-02-26,Air Fryer,Home & Kitchen,1,31740.02,31740.02,Gujranwala,JazzCash
ORD09118,CUST0102,Maham Raza,2025-05-13,T-Shirt,Clothing,7,3575.84,25030.88,Peshawar,Bank Transfer
ORD09119,CUST2371,Maryam Ahmed,2025-02-19,Jeans,Clothing,5,8478.81,42394.05,Peshawar,Credit Card
ORD09120,CUST2252,Hassan Ali,2026-07-26,Face Wash,Beauty,3,1608.22,4824.66,Peshawar,Credit Card
ORD09121,CUST1867,Hassan Ali,2026-07-14,Laptop,Electronics,7,201764.12,1412348.84,Multan,Debit Card
ORD09122,CUST2171,Usman Malik,2026-07-06,Headphones,Electronics,5,16054.14,80270.7,Peshawar,EasyPaisa
ORD09123,CUST0376,Bilal Ahmed,2026-06-16,T-Shirt,Clothing,3,2259.78,6779.34,Quetta,JazzCash
ORD09124,CUST0690,Talha Malik,2025-10-31,T-Shirt,Clothing,8,4073.87,32590.96,Gujranwala,EasyPaisa
ORD09125,CUST1106,Bilal Ahmed,2025-06-13,Cricket Ball,Sports,8,878.64,7029.12,Quetta,Debit Card
ORD09126,CUST0235,Zainab Ali,2025-12-02,Perfume,Beauty,7,7274.13,50918.91,Gujranwala,Cash
ORD09127,CUST1752,Sana Malik,2025-04-21,Yoga Mat,Sports,4,4191.36,16765.44,Quetta,Cash
ORD09128,CUST2275,Maryam Ahmed,2026-07-18,Dinner Set,Home & Kitchen,5,18357.49,91787.45,Multan,Credit Card
ORD09129,CUST2202,Sana Malik,2025-07-04,Cricket Ball,Sports,4,571.8,2287.2,Multan,JazzCash
ORD09130,CUST0568,Saad Khan,2025-05-28,Skin Cream,Beauty,4,3598.32,14393.28,Karachi,Bank Transfer
ORD09131,CUST0766,Bilal Ahmed,2026-07-16,Rice,Grocery,1,710.41,710.41,Gujranwala,Cash
ORD09132,CUST2330,Talha Malik,2025-09-21,Shampoo,Beauty,4,762.73,3050.92,Quetta,Debit Card
ORD09133,CUST1573,Maryam Ahmed,2025-08-05,Yoga Mat,Sports,4,4962.45,19849.8,Gujranwala,Credit Card
ORD09134,CUST1122,Abdullah Raza,2025-12-16,Dinner Set,Home & Kitchen,5,12814.78,64073.9,Lahore,Bank Transfer
ORD09135,CUST2063,Bilal Ahmed,2025-08-03,Lipstick,Beauty,2,2208.38,4416.76,Rawalpindi,Bank Transfer
ORD09136,CUST1669,Talha Malik,2026-09-19,Football,Sports,2,7137.13,14274.26,Peshawar,Bank Transfer
ORD09137,CUST1459,Hira Shah,2025-09-07,Coffee Maker,Home & Kitchen,4,14254.56,57018.24,Peshawar,Credit Card
ORD09138,CUST0678,Hassan Ali,2026-06-07,Skin Cream,Beauty,3,3585.73,10757.19,Quetta,Cash
ORD09139,CUST1868,Talha Malik,2026-05-27,Cereal,Grocery,8,1372.98,10983.84,Rawalpindi,Cash
ORD09140,CUST1846,Maryam Ahmed,2025-03-03,Shampoo,Beauty,6,3435.18,20611.08,Lahore,Bank Transfer
ORD09141,CUST1062,Sara Khan,2025-02-24,Jeans,Clothing,2,5310.98,10621.96,Rawalpindi,JazzCash
ORD09142,CUST1411,Sana Malik,2025-03-31,Cricket Bat,Sports,1,6112.17,6112.17,Peshawar,Cash
ORD09143,CUST0746,Huzaifa Ali,2025-06-29,T-Shirt,Clothing,2,2172.66,4345.32,Peshawar,Bank Transfer
ORD09144,CUST2364,Fatima Ahmed,2025-05-04,Cooking Oil,Grocery,5,603.9,3019.5,Sialkot,Credit Card
ORD09145,CUST0484,Huzaifa Ali,2025-04-17,Running Shoes,Sports,6,23339.99,140039.94,Multan,Bank Transfer
ORD09146,CUST0871,Usman Malik,2025-07-05,Perfume,Beauty,1,17208.73,17208.73,Multan,Bank Transfer
ORD09147,CUST1683,Usman Malik,2026-08-07,Cricket Bat,Sports,1,5233.19,5233.19,Islamabad,Debit Card
ORD09148,CUST1219,Ayesha Khan,2026-07-17,Face Wash,Beauty,2,654.4,1308.8,Multan,Bank Transfer
ORD09149,CUST2133,Ahmed Raza,2025-01-13,Yoga Mat,Sports,4,3372.93,13491.72,Peshawar,Debit Card
ORD09150,CUST0196,Hamza Shah,2026-06-17,Cooking Oil,Grocery,4,982.7,3930.8,Peshawar,Bank Transfer
ORD09151,CUST0796,Hassan Ali,2026-03-05,Dinner Set,Home & Kitchen,6,8906.69,53440.14,Faisalabad,Debit Card
ORD09152,CUST1770,Ali Khan,2025-08-20,Vacuum Cleaner,Home & Kitchen,6,15310.46,91862.76,Peshawar,Debit Card
ORD09153,CUST0035,Danish Ahmed,2025-09-25,Biscuits,Grocery,6,75.06,450.36,Gujranwala,Debit Card
ORD09154,CUST2319,Sara Khan,2025-07-06,Cricket Bat,Sports,8,5122.06,40976.48,Islamabad,Credit Card
ORD09155,CUST1969,Hamza Shah,2026-02-27,Face Wash,Beauty,5,1067.09,5335.45,Gujranwala,Debit Card
ORD09156,CUST0575,Maryam Ahmed,2025-07-14,Coffee Maker,Home & Kitchen,8,8707.73,69661.84,Faisalabad,Credit Card
ORD09157,CUST1033,Ali Khan,2026-04-02,Keyboard,Electronics,7,6162.01,43134.07,Lahore,Cash
ORD09158,CUST1748,Hira Shah,2026-04-21,Yoga Mat,Sports,5,4599.31,22996.55,Sialkot,EasyPaisa
ORD09159,CUST1818,Usman Malik,2025-01-25,Cricket Ball,Sports,7,882.13,6174.91,Islamabad,Debit Card
ORD09160,CUST1470,Bilal Ahmed,2026-01-27,Smart Watch,Electronics,8,44667.49,357339.92,Lahore,Bank Transfer
ORD09161,CUST0512,Huzaifa Ali,2026-04-10,Coffee Maker,Home & Kitchen,5,11005.06,55025.3,Lahore,Credit Card
ORD09162,CUST0981,Maryam Ahmed,2025-10-25,Yoga Mat,Sports,2,3639.24,7278.48,Karachi,Cash
ORD09163,CUST0246,Abdullah Raza,2026-01-24,Vacuum Cleaner,Home & Kitchen,3,54850.88,164552.64,Peshawar,Bank Transfer
ORD09164,CUST1883,Abdullah Raza,2025-02-26,Laptop,Electronics,6,200980.64,1205883.84,Quetta,Debit Card
ORD09165,CUST0037,Sara Khan,2026-06-03,Jeans,Clothing,8,7785.38,62283.04,Peshawar,JazzCash
ORD09166,CUST2369,Omar Farooq,2026-06-08,Tea,Grocery,2,1065.82,2131.64,Lahore,Bank Transfer
ORD09167,CUST1113,Bilal Ahmed,2026-05-30,Football,Sports,7,4092.34,28646.38,Peshawar,Credit Card
ORD09168,CUST1298,Zainab Ali,2025-09-01,Shoes,Clothing,2,4804.68,9609.36,Sialkot,Bank Transfer
ORD09169,CUST2253,Talha Malik,2025-05-29,Tea,Grocery,8,711.55,5692.4,Gujranwala,Cash
ORD09170,CUST1247,Maryam Ahmed,2025-04-28,Yoga Mat,Sports,5,4946.89,24734.45,Peshawar,Credit Card
ORD09171,CUST2001,Ahmed Raza,2026-02-07,Cricket Bat,Sports,3,14205.36,42616.08,Sialkot,Debit Card
ORD09172,CUST0360,Sara Khan,2026-05-11,Rice,Grocery,8,556.45,4451.6,Faisalabad,Cash
ORD09173,CUST1047,Abdullah Raza,2025-02-23,Perfume,Beauty,7,7098.65,49690.55,Sialkot,Cash
ORD09174,CUST0820,Bilal Ahmed,2026-03-16,Hoodie,Clothing,4,7456.79,29827.16,Islamabad,EasyPaisa
ORD09175,CUST2092,Ali Khan,2026-09-08,Keyboard,Electronics,8,8445.98,67567.84,Karachi,Credit Card
ORD09176,CUST1778,Talha Malik,2026-08-02,Coffee Maker,Home & Kitchen,1,10470.22,10470.22,Rawalpindi,EasyPaisa
ORD09177,CUST1766,Maham Raza,2025-03-11,Running Shoes,Sports,6,12133.87,72803.22,Rawalpindi,JazzCash
ORD09178,CUST1971,Sana Malik,2025-06-27,Sugar,Grocery,4,398.18,1592.72,Sialkot,EasyPaisa
ORD09179,CUST1813,Zainab Ali,2026-09-24,Tablet,Electronics,4,43171.87,172687.48,Lahore,Debit Card
ORD09180,CUST1540,Ahmed Raza,2025-08-06,T-Shirt,Clothing,4,3291.62,13166.48,Karachi,Debit Card
ORD09181,CUST0340,Huzaifa Ali,2025-03-19,Sugar,Grocery,6,379.6,2277.6,Gujranwala,EasyPaisa
ORD09182,CUST0653,Hassan Ali,2025-09-04,Face Wash,Beauty,1,2693.57,2693.57,Faisalabad,Bank Transfer
ORD09183,CUST1253,Omar Farooq,2025-02-09,Skin Cream,Beauty,7,976.78,6837.46,Quetta,Debit Card
ORD09184,CUST1013,Abdullah Raza,2026-03-23,Air Fryer,Home & Kitchen,7,22328.12,156296.84,Faisalabad,Cash
ORD09185,CUST1359,Saad Khan,2026-05-24,Perfume,Beauty,3,12493.16,37479.48,Faisalabad,Bank Transfer
ORD09186,CUST1243,Maryam Ahmed,2026-08-31,Face Wash,Beauty,6,1721.77,10330.62,Sialkot,Credit Card
ORD09187,CUST2421,Bilal Ahmed,2025-03-27,Shoes,Clothing,1,17745.27,17745.27,Faisalabad,Bank Transfer
ORD09188,CUST1569,Omar Farooq,2026-05-11,Sugar,Grocery,6,238.75,1432.5,Rawalpindi,JazzCash
ORD09189,CUST0485,Maryam Ahmed,2025-11-23,Keyboard,Electronics,4,2249.5,8998.0,Lahore,EasyPaisa
ORD09190,CUST0450,Maryam Ahmed,2026-06-25,Rice,Grocery,1,478.97,478.97,Lahore,Credit Card
ORD09191,CUST0668,Sana Malik,2025-12-02,Running Shoes,Sports,4,12304.09,49216.36,Islamabad,EasyPaisa
ORD09192,CUST0985,Huzaifa Ali,2025-12-04,Headphones,Electronics,5,18458.48,92292.4,Faisalabad,Debit Card
ORD09193,CUST1141,Fatima Ahmed,2025-05-17,Air Fryer,Home & Kitchen,8,15731.56,125852.48,Quetta,Debit Card
ORD09194,CUST0545,Ahmed Raza,2026-08-20,Hoodie,Clothing,8,8772.15,70177.2,Karachi,Debit Card
ORD09195,CUST1980,Danish Ahmed,2025-07-23,Face Wash,Beauty,3,2989.92,8969.76,Islamabad,Debit Card
ORD09196,CUST1682,Zainab Ali,2026-07-01,Yoga Mat,Sports,7,4656.79,32597.53,Lahore,JazzCash
ORD09197,CUST1415,Zainab Ali,2026-02-16,Rice,Grocery,2,316.37,632.74,Gujranwala,JazzCash
ORD09198,CUST1327,Maham Raza,2025-09-01,Blender,Home & Kitchen,1,6060.37,6060.37,Multan,EasyPaisa
ORD09199,CUST1704,Hira Shah,2025-02-22,Mouse,Electronics,1,6923.56,6923.56,Lahore,Debit Card
ORD09200,CUST0761,Hamza Shah,2026-05-07,Cereal,Grocery,8,1498.22,11985.76,Rawalpindi,JazzCash
ORD09201,CUST2212,Ahmed Raza,2025-08-07,Laptop,Electronics,5,166760.55,833802.75,Lahore,Bank Transfer
ORD09202,CUST2170,Bilal Ahmed,2026-05-21,Cooking Oil,Grocery,4,1220.69,4882.76,Rawalpindi,JazzCash
ORD09203,CUST1856,Hassan Ali,2026-06-24,Perfume,Beauty,8,2734.86,21878.88,Karachi,EasyPaisa
ORD09204,CUST0452,Sara Khan,2026-09-21,Mouse,Electronics,1,3560.51,3560.51,Multan,Cash
ORD09205,CUST0755,Hamza Shah,2026-05-09,Biscuits,Grocery,5,60.5,302.5,Multan,Credit Card
ORD09206,CUST0851,Zainab Ali,2025-01-21,Coffee Maker,Home & Kitchen,1,27462.05,27462.05,Gujranwala,JazzCash
ORD09207,CUST0216,Maham Raza,2025-01-11,Headphones,Electronics,3,27417.46,82252.38,Multan,Bank Transfer
ORD09208,CUST1848,Saad Khan,2026-07-11,Blender,Home & Kitchen,2,13484.38,26968.76,Sialkot,Cash
ORD09209,CUST2482,Fatima Ahmed,2026-08-27,Keyboard,Electronics,3,4910.78,14732.34,Islamabad,Credit Card
ORD09210,CUST0807,Fatima Ahmed,2025-07-26,Jacket,Clothing,5,8846.39,44231.95,Sialkot,Credit Card
ORD09211,CUST1239,Omar Farooq,2025-06-27,Cricket Bat,Sports,2,6830.83,13661.66,Lahore,Credit Card
ORD09212,CUST0068,Omar Farooq,2025-09-10,Dinner Set,Home & Kitchen,4,14521.65,58086.6,Peshawar,Bank Transfer
ORD09213,CUST2375,Ali Khan,2026-03-09,Smartphone,Electronics,8,45937.74,367501.92,Faisalabad,Bank Transfer
ORD09214,CUST2034,Ayesha Khan,2025-11-02,Running Shoes,Sports,5,23904.3,119521.5,Lahore,EasyPaisa
ORD09215,CUST2279,Ali Khan,2026-04-01,Yoga Mat,Sports,1,1509.63,1509.63,Gujranwala,JazzCash
ORD09216,CUST0845,Omar Farooq,2025-12-14,Sugar,Grocery,5,270.12,1350.6,Faisalabad,Bank Transfer
ORD09217,CUST2099,Sana Malik,2026-04-17,Cricket Bat,Sports,6,19040.77,114244.62,Rawalpindi,JazzCash
ORD09218,CUST0188,Omar Farooq,2026-06-04,Mouse,Electronics,2,1302.46,2604.92,Rawalpindi,Bank Transfer
ORD09219,CUST1337,Ali Khan,2026-05-08,Rice,Grocery,4,362.53,1450.12,Peshawar,Cash
ORD09220,CUST0462,Hira Shah,2025-04-10,Blender,Home & Kitchen,6,7869.0,47214.0,Rawalpindi,Bank Transfer
ORD09221,CUST1848,Ayesha Khan,2025-12-29,Running Shoes,Sports,5,15683.89,78419.45,Peshawar,Credit Card
ORD09222,CUST1774,Ali Khan,2025-05-09,Microwave,Home & Kitchen,5,18410.44,92052.2,Islamabad,JazzCash
ORD09223,CUST2494,Bilal Ahmed,2026-09-24,Jeans,Clothing,7,8511.0,59577.0,Quetta,Credit Card
ORD09224,CUST2476,Sana Malik,2025-07-08,Yoga Mat,Sports,3,3319.94,9959.82,Lahore,Cash
ORD09225,CUST0764,Abdullah Raza,2025-01-04,Lipstick,Beauty,2,1656.03,3312.06,Rawalpindi,EasyPaisa
ORD09226,CUST1713,Maryam Ahmed,2025-12-27,Cricket Ball,Sports,7,2467.65,17273.55,Gujranwala,EasyPaisa
ORD09227,CUST2147,Usman Malik,2026-09-13,Vacuum Cleaner,Home & Kitchen,6,32092.42,192554.52,Quetta,Cash
ORD09228,CUST1196,Sana Malik,2026-07-29,T-Shirt,Clothing,3,2044.39,6133.17,Islamabad,Bank Transfer
ORD09229,CUST0892,Bilal Ahmed,2025-07-28,T-Shirt,Clothing,5,2005.67,10028.35,Karachi,Credit Card
ORD09230,CUST0679,Danish Ahmed,2025-10-24,T-Shirt,Clothing,1,4559.28,4559.28,Multan,JazzCash
ORD09231,CUST0815,Ali Khan,2026-09-03,Smartphone,Electronics,3,29477.59,88432.77,Sialkot,Debit Card
ORD09232,CUST0098,Maryam Ahmed,2025-06-23,Lipstick,Beauty,1,2748.16,2748.16,Multan,Credit Card
ORD09233,CUST1464,Hira Shah,2025-11-30,Laptop,Electronics,3,220922.39,662767.17,Sialkot,Credit Card
ORD09234,CUST0664,Ayesha Khan,2026-03-22,Smart Watch,Electronics,1,44500.54,44500.54,Karachi,Debit Card
ORD09235,CUST2022,Ayesha Khan,2025-08-25,Hoodie,Clothing,5,6098.96,30494.8,Lahore,Debit Card
ORD09236,CUST1695,Ayesha Khan,2026-05-15,Jacket,Clothing,3,12621.99,37865.97,Lahore,Cash
ORD09237,CUST0940,Hassan Ali,2026-01-27,Yoga Mat,Sports,8,5941.57,47532.56,Multan,Credit Card
ORD09238,CUST1990,Fatima Ahmed,2026-01-31,Cereal,Grocery,8,668.6,5348.8,Gujranwala,EasyPaisa
ORD09239,CUST0600,Ali Khan,2025-10-08,Smartphone,Electronics,2,172040.88,344081.76,Rawalpindi,JazzCash
ORD09240,CUST1267,Ayesha Khan,2025-03-06,Coffee Maker,Home & Kitchen,5,21167.02,105835.1,Karachi,Debit Card
ORD09241,CUST1265,Hassan Ali,2026-07-29,Laptop,Electronics,8,112226.95,897815.6,Sialkot,Debit Card
ORD09242,CUST2108,Abdullah Raza,2025-04-16,Jeans,Clothing,8,7183.94,57471.52,Faisalabad,Credit Card
ORD09243,CUST0909,Saad Khan,2026-02-26,Shampoo,Beauty,6,634.49,3806.94,Lahore,Credit Card
ORD09244,CUST0623,Ahmed Raza,2025-03-12,Yoga Mat,Sports,3,4889.58,14668.74,Lahore,Debit Card
ORD09245,CUST1507,Maham Raza,2025-04-06,Football,Sports,6,4126.85,24761.1,Sialkot,JazzCash
ORD09246,CUST0555,Hamza Shah,2025-07-12,Dinner Set,Home & Kitchen,1,18690.35,18690.35,Gujranwala,JazzCash
ORD09247,CUST2256,Huzaifa Ali,2026-07-16,Smartphone,Electronics,1,120100.9,120100.9,Gujranwala,Debit Card
ORD09248,CUST1086,Ali Khan,2026-09-25,Jeans,Clothing,6,6838.6,41031.6,Islamabad,Bank Transfer
ORD09249,CUST2261,Usman Malik,2026-03-12,Headphones,Electronics,1,18319.4,18319.4,Rawalpindi,Debit Card
ORD09250,CUST0586,Fatima Ahmed,2025-05-30,Running Shoes,Sports,7,8284.79,57993.53,Faisalabad,JazzCash
ORD09251,CUST1495,Talha Malik,2025-05-05,Shoes,Clothing,7,10338.3,72368.1,Quetta,Credit Card
ORD09252,CUST0542,Maryam Ahmed,2026-05-07,Jacket,Clothing,2,13229.61,26459.22,Faisalabad,Bank Transfer
ORD09253,CUST0176,Maham Raza,2026-04-24,Shampoo,Beauty,3,1920.56,5761.68,Sialkot,EasyPaisa
ORD09254,CUST1292,Ayesha Khan,2025-08-18,Air Fryer,Home & Kitchen,8,20691.09,165528.72,Peshawar,Cash
ORD09255,CUST0012,Sara Khan,2026-05-26,Cereal,Grocery,5,950.4,4752.0,Quetta,Debit Card
ORD09256,CUST0123,Bilal Ahmed,2026-01-30,Smart Watch,Electronics,3,34616.34,103849.02,Gujranwala,JazzCash
ORD09257,CUST0441,Ali Khan,2025-03-08,Football,Sports,8,1651.95,13215.6,Peshawar,Debit Card
ORD09258,CUST0594,Maham Raza,2025-07-19,Perfume,Beauty,3,18089.83,54269.49,Gujranwala,JazzCash
ORD09259,CUST2222,Huzaifa Ali,2025-03-05,Skin Cream,Beauty,1,4167.59,4167.59,Karachi,Debit Card
ORD09260,CUST1348,Fatima Ahmed,2026-02-01,Shampoo,Beauty,5,2169.06,10845.3,Karachi,Bank Transfer
ORD09261,CUST2452,Sara Khan,2025-05-28,Smartphone,Electronics,3,67982.41,203947.23,Lahore,JazzCash
ORD09262,CUST1942,Hassan Ali,2025-05-03,Perfume,Beauty,3,6869.06,20607.18,Sialkot,Debit Card
ORD09263,CUST2119,Bilal Ahmed,2026-03-31,T-Shirt,Clothing,7,3321.91,23253.37,Rawalpindi,Bank Transfer
ORD09264,CUST1688,Maham Raza,2026-04-11,Lipstick,Beauty,7,2190.5,15333.5,Sialkot,Debit Card
ORD09265,CUST1935,Saad Khan,2026-07-25,Yoga Mat,Sports,8,2986.37,23890.96,Multan,Debit Card
ORD09266,CUST1972,Bilal Ahmed,2026-06-19,Lipstick,Beauty,2,3740.14,7480.28,Faisalabad,Bank Transfer
ORD09267,CUST1776,Omar Farooq,2025-01-19,Perfume,Beauty,8,11777.82,94222.56,Rawalpindi,JazzCash
ORD09268,CUST0626,Sara Khan,2026-04-01,Yoga Mat,Sports,5,5192.55,25962.75,Quetta,Bank Transfer
ORD09269,CUST1708,Usman Malik,2025-08-28,Jeans,Clothing,2,7922.87,15845.74,Multan,Bank Transfer
ORD09270,CUST1979,Hira Shah,2025-02-18,Yoga Mat,Sports,5,2110.98,10554.9,Islamabad,Cash
ORD09271,CUST1973,Sana Malik,2025-01-30,Cricket Bat,Sports,3,23844.63,71533.89,Sialkot,Debit Card
ORD09272,CUST1008,Bilal Ahmed,2025-04-02,Yoga Mat,Sports,5,3043.31,15216.55,Faisalabad,Debit Card
ORD09273,CUST1170,Usman Malik,2025-03-16,Perfume,Beauty,4,15196.71,60786.84,Faisalabad,Credit Card
ORD09274,CUST1046,Zainab Ali,2025-12-17,Mouse,Electronics,3,3330.74,9992.22,Karachi,Debit Card
ORD09275,CUST0250,Ahmed Raza,2025-12-20,Jacket,Clothing,3,7049.06,21147.18,Gujranwala,Bank Transfer
ORD09276,CUST1429,Usman Malik,2025-02-06,Cereal,Grocery,3,1064.57,3193.71,Lahore,Credit Card
ORD09277,CUST1243,Danish Ahmed,2026-08-30,Vacuum Cleaner,Home & Kitchen,6,49915.62,299493.72,Islamabad,Bank Transfer
ORD09278,CUST2119,Ayesha Khan,2025-06-05,Face Wash,Beauty,5,1206.69,6033.45,Multan,Credit Card
ORD09279,CUST0305,Fatima Ahmed,2026-05-09,Rice,Grocery,8,480.62,3844.96,Sialkot,JazzCash
ORD09280,CUST0438,Talha Malik,2026-09-20,Tea,Grocery,7,428.52,2999.64,Lahore,Credit Card
ORD09281,CUST0285,Maryam Ahmed,2025-10-17,Jacket,Clothing,4,6425.04,25700.16,Quetta,EasyPaisa
ORD09282,CUST1876,Ahmed Raza,2025-04-18,Cricket Bat,Sports,2,19784.23,39568.46,Lahore,Debit Card
ORD09283,CUST0099,Hamza Shah,2025-01-14,Jacket,Clothing,7,8399.15,58794.05,Islamabad,JazzCash
ORD09284,CUST2204,Sana Malik,2026-07-31,Headphones,Electronics,1,7175.55,7175.55,Lahore,Credit Card
ORD09285,CUST0373,Maham Raza,2025-07-21,Rice,Grocery,5,603.65,3018.25,Islamabad,Cash
ORD09286,CUST1935,Saad Khan,2025-05-06,Mouse,Electronics,8,6515.1,52120.8,Peshawar,Bank Transfer
ORD09287,CUST1508,Sara Khan,2025-04-03,Jacket,Clothing,7,16511.32,115579.24,Rawalpindi,JazzCash
ORD09288,CUST1385,Ali Khan,2026-01-31,Skin Cream,Beauty,5,4797.65,23988.25,Faisalabad,Debit Card
ORD09289,CUST2121,Maham Raza,2025-06-13,Biscuits,Grocery,7,146.79,1027.53,Rawalpindi,JazzCash
ORD09290,CUST0276,Saad Khan,2026-07-27,Running Shoes,Sports,3,21222.3,63666.9,Quetta,Cash
ORD09291,CUST1437,Sana Malik,2025-08-28,Mouse,Electronics,7,5805.17,40636.19,Rawalpindi,Cash
ORD09292,CUST2004,Ahmed Raza,2025-05-25,Jeans,Clothing,2,8672.52,17345.04,Peshawar,Bank Transfer
ORD09293,CUST2322,Ali Khan,2026-08-08,Air Fryer,Home & Kitchen,4,19120.14,76480.56,Faisalabad,EasyPaisa
ORD09294,CUST0164,Omar Farooq,2025-09-02,Biscuits,Grocery,1,228.39,228.39,Rawalpindi,JazzCash
ORD09295,CUST1372,Ali Khan,2026-06-10,Skin Cream,Beauty,2,1197.2,2394.4,Islamabad,EasyPaisa
ORD09296,CUST1158,Ali Khan,2025-09-21,Sugar,Grocery,7,259.77,1818.39,Sialkot,Credit Card
ORD09297,CUST1744,Usman Malik,2026-03-27,Keyboard,Electronics,8,9418.61,75348.88,Faisalabad,Cash
ORD09298,CUST0179,Maham Raza,2025-01-23,Biscuits,Grocery,7,235.23,1646.61,Faisalabad,Credit Card
ORD09299,CUST0157,Huzaifa Ali,2025-10-15,Lipstick,Beauty,8,1252.08,10016.64,Gujranwala,Bank Transfer
ORD09300,CUST1189,Usman Malik,2025-11-01,Blender,Home & Kitchen,5,10761.78,53808.9,Rawalpindi,EasyPaisa
ORD09301,CUST1440,Zainab Ali,2025-09-09,Face Wash,Beauty,3,1289.98,3869.94,Islamabad,JazzCash
ORD09302,CUST0411,Talha Malik,2026-01-28,Shoes,Clothing,1,7523.71,7523.71,Quetta,EasyPaisa
ORD09303,CUST2189,Usman Malik,2025-08-02,Skin Cream,Beauty,5,3124.7,15623.5,Lahore,Cash
ORD09304,CUST1442,Ali Khan,2026-09-03,Cooking Oil,Grocery,6,607.63,3645.78,Quetta,JazzCash
ORD09305,CUST1758,Saad Khan,2026-06-11,Tablet,Electronics,5,20472.37,102361.85,Quetta,Cash
ORD09306,CUST0924,Huzaifa Ali,2025-09-05,Running Shoes,Sports,8,16518.84,132150.72,Islamabad,Cash
ORD09307,CUST0478,Fatima Ahmed,2025-04-21,Smart Watch,Electronics,1,12269.34,12269.34,Sialkot,Bank Transfer
ORD09308,CUST1430,Ali Khan,2026-07-23,Skin Cream,Beauty,7,1292.92,9050.44,Sialkot,EasyPaisa
ORD09309,CUST2134,Ayesha Khan,2026-09-21,Shampoo,Beauty,4,1942.21,7768.84,Peshawar,Debit Card
ORD09310,CUST0058,Danish Ahmed,2025-04-26,Biscuits,Grocery,7,52.79,369.53,Peshawar,Cash
ORD09311,CUST0859,Huzaifa Ali,2025-06-01,Jeans,Clothing,3,5878.86,17636.58,Islamabad,Credit Card
ORD09312,CUST2035,Bilal Ahmed,2025-11-30,Jacket,Clothing,6,6966.57,41799.42,Quetta,Bank Transfer
ORD09313,CUST0265,Huzaifa Ali,2025-01-29,Tablet,Electronics,6,81218.61,487311.66,Gujranwala,JazzCash
ORD09314,CUST1808,Talha Malik,2026-01-04,T-Shirt,Clothing,7,2754.96,19284.72,Peshawar,JazzCash
ORD09315,CUST0778,Ali Khan,2025-05-06,Running Shoes,Sports,8,15482.17,123857.36,Gujranwala,Bank Transfer
ORD09316,CUST0007,Ahmed Raza,2025-05-15,Dinner Set,Home & Kitchen,8,7374.51,58996.08,Peshawar,Bank Transfer
ORD09317,CUST2082,Abdullah Raza,2026-03-14,Cooking Oil,Grocery,6,630.06,3780.36,Gujranwala,JazzCash
ORD09318,CUST1907,Ali Khan,2026-02-15,Coffee Maker,Home & Kitchen,4,14131.89,56527.56,Peshawar,Bank Transfer
ORD09319,CUST0034,Ali Khan,2026-01-02,Smart Watch,Electronics,8,33038.38,264307.04,Rawalpindi,EasyPaisa
ORD09320,CUST1055,Omar Farooq,2025-02-27,Mouse,Electronics,5,5984.49,29922.45,Gujranwala,EasyPaisa
ORD09321,CUST1447,Ali Khan,2025-03-13,Laptop,Electronics,4,133637.48,534549.92,Lahore,Debit Card
ORD09322,CUST2220,Zainab Ali,2025-11-06,Yoga Mat,Sports,4,2049.98,8199.92,Gujranwala,Debit Card
ORD09323,CUST0260,Maryam Ahmed,2025-10-10,Jacket,Clothing,2,8597.14,17194.28,Gujranwala,Debit Card
ORD09324,CUST0812,Hassan Ali,2026-06-19,Shoes,Clothing,2,11579.69,23159.38,Multan,JazzCash
ORD09325,CUST2443,Maham Raza,2026-01-29,Yoga Mat,Sports,2,3557.48,7114.96,Rawalpindi,Bank Transfer
ORD09326,CUST0779,Sara Khan,2026-08-31,Microwave,Home & Kitchen,7,26353.17,184472.19,Lahore,Debit Card
ORD09327,CUST0030,Usman Malik,2025-09-22,Cricket Bat,Sports,1,10217.39,10217.39,Sialkot,Credit Card
ORD09328,CUST1192,Ayesha Khan,2026-06-06,Shampoo,Beauty,2,2707.74,5415.48,Islamabad,Debit Card
ORD09329,CUST1278,Hassan Ali,2025-08-28,Air Fryer,Home & Kitchen,5,23415.1,117075.5,Multan,EasyPaisa
ORD09330,CUST1651,Abdullah Raza,2026-07-25,Vacuum Cleaner,Home & Kitchen,3,18395.78,55187.34,Multan,Credit Card
ORD09331,CUST0202,Sara Khan,2025-04-16,Face Wash,Beauty,3,2686.73,8060.19,Islamabad,EasyPaisa
ORD09332,CUST0176,Ahmed Raza,2025-04-11,Biscuits,Grocery,3,248.08,744.24,Quetta,Credit Card
ORD09333,CUST1443,Maryam Ahmed,2025-07-07,Dinner Set,Home & Kitchen,4,4519.53,18078.12,Lahore,Bank Transfer
ORD09334,CUST2088,Bilal Ahmed,2025-09-23,Air Fryer,Home & Kitchen,2,30362.24,60724.48,Islamabad,Debit Card
ORD09335,CUST1329,Saad Khan,2026-09-22,T-Shirt,Clothing,6,1896.41,11378.46,Gujranwala,EasyPaisa
ORD09336,CUST0902,Danish Ahmed,2026-09-01,Air Fryer,Home & Kitchen,4,32722.57,130890.28,Quetta,Debit Card
ORD09337,CUST0183,Bilal Ahmed,2025-12-30,Shoes,Clothing,6,3164.68,18988.08,Peshawar,Credit Card
ORD09338,CUST1298,Omar Farooq,2025-09-01,Dinner Set,Home & Kitchen,5,13787.87,68939.35,Sialkot,Debit Card
ORD09339,CUST0663,Ali Khan,2026-04-22,Shampoo,Beauty,2,1781.02,3562.04,Quetta,Cash
ORD09340,CUST0794,Hira Shah,2026-05-01,Shoes,Clothing,4,18449.99,73799.96,Rawalpindi,Cash
ORD09341,CUST1980,Omar Farooq,2026-04-29,Tablet,Electronics,3,109434.65,328303.95,Quetta,Debit Card
ORD09342,CUST2178,Sana Malik,2025-05-06,Yoga Mat,Sports,2,4962.39,9924.78,Faisalabad,EasyPaisa
ORD09343,CUST0615,Abdullah Raza,2026-01-01,Biscuits,Grocery,1,194.96,194.96,Karachi,EasyPaisa
ORD09344,CUST0688,Zainab Ali,2025-03-04,Air Fryer,Home & Kitchen,1,13154.37,13154.37,Multan,EasyPaisa
ORD09345,CUST0449,Omar Farooq,2025-07-23,Biscuits,Grocery,8,88.13,705.04,Lahore,Credit Card
ORD09346,CUST1418,Sana Malik,2025-09-09,T-Shirt,Clothing,8,4834.82,38678.56,Lahore,Debit Card
ORD09347,CUST0393,Sara Khan,2025-01-01,Cricket Bat,Sports,5,7421.89,37109.45,Faisalabad,Bank Transfer
ORD09348,CUST0129,Danish Ahmed,2026-03-03,Biscuits,Grocery,1,233.57,233.57,Rawalpindi,Credit Card
ORD09349,CUST2072,Zainab Ali,2025-12-28,Rice,Grocery,7,591.21,4138.47,Karachi,Cash
ORD09350,CUST1322,Fatima Ahmed,2026-02-15,T-Shirt,Clothing,5,4290.73,21453.65,Gujranwala,Cash
ORD09351,CUST1604,Usman Malik,2025-01-23,Face Wash,Beauty,3,933.51,2800.53,Multan,Credit Card
ORD09352,CUST0324,Maryam Ahmed,2026-09-07,Cricket Ball,Sports,2,2219.67,4439.34,Quetta,EasyPaisa
ORD09353,CUST1910,Ahmed Raza,2025-11-03,Lipstick,Beauty,1,2474.34,2474.34,Lahore,JazzCash
ORD09354,CUST1850,Talha Malik,2025-03-19,Jeans,Clothing,1,4595.93,4595.93,Multan,EasyPaisa
ORD09355,CUST0729,Omar Farooq,2026-09-07,Headphones,Electronics,1,21356.07,21356.07,Sialkot,Credit Card
ORD09356,CUST0074,Maryam Ahmed,2026-05-12,Rice,Grocery,5,635.37,3176.85,Lahore,JazzCash
ORD09357,CUST1558,Zainab Ali,2026-09-24,Rice,Grocery,8,650.04,5200.32,Islamabad,JazzCash
ORD09358,CUST0392,Hassan Ali,2025-03-14,Hoodie,Clothing,4,8849.01,35396.04,Multan,EasyPaisa
ORD09359,CUST2449,Huzaifa Ali,2026-06-12,Face Wash,Beauty,2,848.07,1696.14,Quetta,Cash
ORD09360,CUST1101,Maham Raza,2025-09-18,Headphones,Electronics,5,28708.57,143542.85,Karachi,JazzCash
ORD09361,CUST0999,Fatima Ahmed,2025-01-15,Lipstick,Beauty,8,788.3,6306.4,Lahore,EasyPaisa
ORD09362,CUST0500,Zainab Ali,2025-08-19,Cricket Ball,Sports,6,1711.34,10268.04,Lahore,Credit Card
ORD09363,CUST0999,Danish Ahmed,2026-07-31,Running Shoes,Sports,4,17358.49,69433.96,Karachi,EasyPaisa
ORD09364,CUST1291,Abdullah Raza,2025-10-12,Keyboard,Electronics,6,9274.17,55645.02,Faisalabad,EasyPaisa
ORD09365,CUST2027,Danish Ahmed,2025-05-15,Headphones,Electronics,6,6201.29,37207.74,Multan,EasyPaisa
ORD09366,CUST0249,Danish Ahmed,2025-12-29,Running Shoes,Sports,3,5248.47,15745.41,Rawalpindi,Credit Card
ORD09367,CUST0206,Sara Khan,2025-06-01,Cricket Bat,Sports,1,20342.78,20342.78,Gujranwala,Credit Card
ORD09368,CUST0663,Huzaifa Ali,2025-12-11,T-Shirt,Clothing,5,2420.64,12103.2,Karachi,Credit Card
ORD09369,CUST1306,Bilal Ahmed,2026-04-03,Dinner Set,Home & Kitchen,6,11494.39,68966.34,Rawalpindi,Credit Card
ORD09370,CUST2253,Bilal Ahmed,2025-08-03,Sugar,Grocery,1,171.45,171.45,Karachi,Cash
ORD09371,CUST0526,Maham Raza,2025-02-14,Lipstick,Beauty,6,1105.94,6635.64,Multan,Cash
ORD09372,CUST2495,Sana Malik,2025-06-26,T-Shirt,Clothing,7,4543.37,31803.59,Islamabad,Bank Transfer
ORD09373,CUST0068,Talha Malik,2026-05-19,Tea,Grocery,8,878.61,7028.88,Lahore,Credit Card
ORD09374,CUST1472,Zainab Ali,2025-12-31,Air Fryer,Home & Kitchen,2,20690.79,41381.58,Islamabad,JazzCash
ORD09375,CUST2334,Hamza Shah,2026-02-13,Microwave,Home & Kitchen,2,48606.47,97212.94,Sialkot,Debit Card
ORD09376,CUST2327,Ali Khan,2025-04-28,Tea,Grocery,5,1035.84,5179.2,Faisalabad,Debit Card
ORD09377,CUST2036,Saad Khan,2025-11-05,Dinner Set,Home & Kitchen,6,4785.48,28712.88,Islamabad,EasyPaisa
ORD09378,CUST1652,Usman Malik,2026-03-14,Jacket,Clothing,7,4784.91,33494.37,Karachi,EasyPaisa
ORD09379,CUST2271,Danish Ahmed,2025-10-03,Rice,Grocery,8,714.58,5716.64,Lahore,Cash
ORD09380,CUST0777,Hamza Shah,2025-02-03,Rice,Grocery,3,552.72,1658.16,Multan,Debit Card
ORD09381,CUST0472,Sara Khan,2025-07-10,Sugar,Grocery,6,265.47,1592.82,Rawalpindi,Debit Card
ORD09382,CUST1456,Ali Khan,2025-11-05,Face Wash,Beauty,5,2064.58,10322.9,Quetta,JazzCash
ORD09383,CUST1522,Danish Ahmed,2025-11-21,Air Fryer,Home & Kitchen,2,22499.25,44998.5,Rawalpindi,EasyPaisa
ORD09384,CUST1260,Bilal Ahmed,2025-05-01,Skin Cream,Beauty,6,2705.11,16230.66,Multan,Bank Transfer
ORD09385,CUST0650,Hamza Shah,2025-05-29,Perfume,Beauty,5,11201.15,56005.75,Islamabad,Cash
ORD09386,CUST0046,Hamza Shah,2025-01-13,Shoes,Clothing,7,19353.29,135473.03,Faisalabad,Debit Card
ORD09387,CUST1181,Bilal Ahmed,2025-04-22,Jeans,Clothing,3,3649.69,10949.07,Lahore,Debit Card
ORD09388,CUST2094,Sana Malik,2025-08-13,Headphones,Electronics,6,18678.23,112069.38,Rawalpindi,Cash
ORD09389,CUST1766,Ali Khan,2026-02-25,Rice,Grocery,5,629.26,3146.3,Sialkot,Cash
ORD09390,CUST0209,Omar Farooq,2026-09-04,Jacket,Clothing,5,5541.24,27706.2,Rawalpindi,Credit Card
ORD09391,CUST1458,Talha Malik,2025-02-06,Smartphone,Electronics,7,113224.21,792569.47,Islamabad,Bank Transfer
ORD09392,CUST1480,Sara Khan,2025-03-14,Keyboard,Electronics,2,6232.15,12464.3,Quetta,JazzCash
ORD09393,CUST2179,Bilal Ahmed,2026-01-03,Cricket Bat,Sports,7,23532.08,164724.56,Peshawar,Credit Card
ORD09394,CUST2064,Ahmed Raza,2025-03-21,Mouse,Electronics,7,1495.2,10466.4,Rawalpindi,Cash
ORD09395,CUST1630,Omar Farooq,2025-06-11,Cricket Bat,Sports,5,14521.69,72608.45,Faisalabad,Cash
ORD09396,CUST1526,Usman Malik,2026-01-02,Cricket Ball,Sports,8,1089.71,8717.68,Multan,Bank Transfer
ORD09397,CUST2495,Abdullah Raza,2025-07-11,Biscuits,Grocery,3,180.03,540.09,Karachi,Bank Transfer
ORD09398,CUST0280,Abdullah Raza,2026-09-16,Perfume,Beauty,1,5351.05,5351.05,Karachi,JazzCash
ORD09399,CUST1897,Hamza Shah,2026-05-15,Cereal,Grocery,3,431.61,1294.83,Quetta,EasyPaisa
ORD09400,CUST1793,Hira Shah,2026-07-29,Coffee Maker,Home & Kitchen,6,18415.73,110494.38,Peshawar,Cash
ORD09401,CUST1058,Sana Malik,2025-10-17,T-Shirt,Clothing,8,3902.71,31221.68,Karachi,Debit Card
ORD09402,CUST1376,Danish Ahmed,2026-05-08,Tea,Grocery,4,704.76,2819.04,Gujranwala,Credit Card
ORD09403,CUST0477,Saad Khan,2026-07-06,Dinner Set,Home & Kitchen,3,5194.83,15584.49,Lahore,Cash
ORD09404,CUST1118,Fatima Ahmed,2026-05-30,Hoodie,Clothing,6,7648.36,45890.16,Multan,JazzCash
ORD09405,CUST1832,Hamza Shah,2025-02-05,Jacket,Clothing,5,6324.28,31621.4,Faisalabad,Bank Transfer
ORD09406,CUST1767,Maham Raza,2025-09-29,Perfume,Beauty,1,5958.56,5958.56,Islamabad,JazzCash
ORD09407,CUST1769,Fatima Ahmed,2025-12-31,Blender,Home & Kitchen,5,17638.04,88190.2,Multan,Debit Card
ORD09408,CUST2164,Hassan Ali,2025-09-01,T-Shirt,Clothing,1,3607.64,3607.64,Peshawar,Debit Card
ORD09409,CUST0760,Abdullah Raza,2026-04-07,Smartphone,Electronics,5,142288.24,711441.2,Sialkot,Credit Card
ORD09410,CUST2454,Maham Raza,2025-02-04,Cooking Oil,Grocery,1,695.08,695.08,Karachi,Cash
ORD09411,CUST0597,Bilal Ahmed,2025-07-08,Hoodie,Clothing,2,8981.21,17962.42,Quetta,Bank Transfer
ORD09412,CUST1422,Usman Malik,2025-06-04,Rice,Grocery,5,443.12,2215.6,Karachi,EasyPaisa
ORD09413,CUST0978,Hamza Shah,2025-06-11,Cereal,Grocery,3,725.58,2176.74,Gujranwala,Debit Card
ORD09414,CUST1977,Maham Raza,2025-06-25,Face Wash,Beauty,4,2942.76,11771.04,Quetta,Cash
ORD09415,CUST0481,Huzaifa Ali,2026-03-30,Jacket,Clothing,1,16892.0,16892.0,Karachi,Debit Card
ORD09416,CUST1801,Fatima Ahmed,2025-05-29,Shampoo,Beauty,7,1494.8,10463.6,Gujranwala,Bank Transfer
ORD09417,CUST2268,Zainab Ali,2026-05-06,Smart Watch,Electronics,2,23583.91,47167.82,Islamabad,EasyPaisa
ORD09418,CUST2253,Zainab Ali,2026-02-04,Sugar,Grocery,5,222.66,1113.3,Karachi,EasyPaisa
ORD09419,CUST1634,Danish Ahmed,2026-07-07,Shoes,Clothing,6,4447.07,26682.42,Islamabad,JazzCash
ORD09420,CUST0920,Danish Ahmed,2025-02-24,Cricket Ball,Sports,1,821.49,821.49,Karachi,JazzCash
ORD09421,CUST0435,Hamza Shah,2025-04-21,Laptop,Electronics,2,94836.93,189673.86,Quetta,Cash
ORD09422,CUST1923,Ayesha Khan,2026-07-12,Blender,Home & Kitchen,8,8766.16,70129.28,Quetta,Debit Card
ORD09423,CUST0016,Bilal Ahmed,2026-04-20,Perfume,Beauty,2,9038.6,18077.2,Lahore,JazzCash
ORD09424,CUST1705,Ayesha Khan,2025-03-23,Hoodie,Clothing,1,8872.9,8872.9,Karachi,JazzCash
ORD09425,CUST1850,Talha Malik,2025-02-23,Hoodie,Clothing,2,4866.44,9732.88,Karachi,EasyPaisa
ORD09426,CUST1050,Usman Malik,2026-05-17,Cereal,Grocery,7,1408.61,9860.27,Peshawar,JazzCash
ORD09427,CUST2145,Huzaifa Ali,2026-07-17,Headphones,Electronics,6,9828.31,58969.86,Faisalabad,Bank Transfer
ORD09428,CUST0239,Fatima Ahmed,2025-12-16,Air Fryer,Home & Kitchen,5,27312.26,136561.3,Sialkot,Bank Transfer
ORD09429,CUST2057,Sara Khan,2025-08-16,Skin Cream,Beauty,6,2437.35,14624.1,Gujranwala,Bank Transfer
ORD09430,CUST0728,Talha Malik,2025-12-04,Air Fryer,Home & Kitchen,7,14450.17,101151.19,Peshawar,JazzCash
ORD09431,CUST0705,Zainab Ali,2026-01-13,Cooking Oil,Grocery,6,1448.28,8689.68,Faisalabad,Cash
ORD09432,CUST0363,Usman Malik,2025-07-06,Running Shoes,Sports,4,21425.25,85701.0,Islamabad,JazzCash
ORD09433,CUST1601,Omar Farooq,2025-01-25,Perfume,Beauty,6,12173.92,73043.52,Faisalabad,Debit Card
ORD09434,CUST0260,Ali Khan,2026-05-12,Shampoo,Beauty,8,1808.49,14467.92,Faisalabad,Debit Card
ORD09435,CUST0968,Sana Malik,2026-03-21,Running Shoes,Sports,3,14602.1,43806.3,Islamabad,Debit Card
ORD09436,CUST2130,Talha Malik,2026-06-28,Jeans,Clothing,3,4837.17,14511.51,Lahore,Cash
ORD09437,CUST0746,Talha Malik,2026-02-08,Microwave,Home & Kitchen,4,29175.46,116701.84,Islamabad,Debit Card
ORD09438,CUST0267,Fatima Ahmed,2025-04-11,Lipstick,Beauty,3,910.95,2732.85,Lahore,Bank Transfer
ORD09439,CUST0635,Sara Khan,2025-09-22,Shampoo,Beauty,8,3399.41,27195.28,Karachi,Debit Card
ORD09440,CUST1539,Bilal Ahmed,2025-03-12,Cricket Ball,Sports,3,1435.33,4305.99,Quetta,Debit Card
ORD09441,CUST0101,Sara Khan,2025-02-03,Cereal,Grocery,3,610.73,1832.19,Karachi,Cash
ORD09442,CUST2498,Maham Raza,2026-07-21,Yoga Mat,Sports,7,4944.14,34608.98,Islamabad,EasyPaisa
ORD09443,CUST0796,Ayesha Khan,2025-06-22,Running Shoes,Sports,1,20337.43,20337.43,Multan,Credit Card
ORD09444,CUST2448,Sara Khan,2026-01-18,Jacket,Clothing,5,16097.98,80489.9,Rawalpindi,EasyPaisa
ORD09445,CUST1182,Abdullah Raza,2026-04-07,Hoodie,Clothing,1,4810.13,4810.13,Karachi,JazzCash
ORD09446,CUST1339,Zainab Ali,2025-11-21,Yoga Mat,Sports,2,3611.1,7222.2,Peshawar,Cash
ORD09447,CUST1936,Zainab Ali,2025-11-15,Hoodie,Clothing,1,5713.52,5713.52,Karachi,Bank Transfer
ORD09448,CUST2280,Fatima Ahmed,2025-11-25,Tablet,Electronics,3,38467.84,115403.52,Peshawar,Debit Card
ORD09449,CUST1388,Talha Malik,2025-09-08,Skin Cream,Beauty,4,3198.98,12795.92,Karachi,JazzCash
ORD09450,CUST2080,Fatima Ahmed,2025-07-16,Biscuits,Grocery,6,245.7,1474.2,Sialkot,EasyPaisa
ORD09451,CUST1904,Bilal Ahmed,2026-04-09,Blender,Home & Kitchen,5,11802.49,59012.45,Quetta,EasyPaisa
ORD09452,CUST1873,Usman Malik,2026-05-25,Cooking Oil,Grocery,3,1011.12,3033.36,Faisalabad,Cash
ORD09453,CUST0216,Saad Khan,2025-09-20,Mouse,Electronics,7,5722.19,40055.33,Quetta,EasyPaisa
ORD09454,CUST0451,Saad Khan,2026-03-19,Perfume,Beauty,4,19204.06,76816.24,Gujranwala,Debit Card
ORD09455,CUST0661,Hamza Shah,2026-01-08,Cereal,Grocery,5,777.92,3889.6,Peshawar,Debit Card
ORD09456,CUST2119,Ahmed Raza,2025-04-24,T-Shirt,Clothing,2,3832.18,7664.36,Gujranwala,Credit Card
ORD09457,CUST0344,Usman Malik,2025-05-17,Yoga Mat,Sports,6,2630.0,15780.0,Islamabad,Cash
ORD09458,CUST1008,Omar Farooq,2026-03-09,Cricket Ball,Sports,5,1653.09,8265.45,Rawalpindi,EasyPaisa
ORD09459,CUST2193,Fatima Ahmed,2026-08-06,Mouse,Electronics,8,7417.74,59341.92,Islamabad,JazzCash
ORD09460,CUST1914,Ali Khan,2026-04-24,Biscuits,Grocery,2,276.89,553.78,Peshawar,EasyPaisa
ORD09461,CUST0806,Maryam Ahmed,2025-08-23,Football,Sports,6,5987.88,35927.28,Lahore,Bank Transfer
ORD09462,CUST2471,Danish Ahmed,2025-08-21,Smart Watch,Electronics,7,30351.51,212460.57,Gujranwala,Bank Transfer
ORD09463,CUST0888,Sara Khan,2025-09-23,Cereal,Grocery,2,773.12,1546.24,Faisalabad,JazzCash
ORD09464,CUST1279,Zainab Ali,2025-12-20,Hoodie,Clothing,1,5357.74,5357.74,Islamabad,Cash
ORD09465,CUST1943,Hamza Shah,2026-02-10,Perfume,Beauty,3,16191.22,48573.66,Islamabad,Debit Card
ORD09466,CUST0239,Saad Khan,2026-03-01,Shampoo,Beauty,8,632.74,5061.92,Rawalpindi,Bank Transfer
ORD09467,CUST0197,Ali Khan,2026-03-07,Headphones,Electronics,5,9290.27,46451.35,Quetta,EasyPaisa
ORD09468,CUST2114,Maham Raza,2026-03-24,Cereal,Grocery,8,679.67,5437.36,Peshawar,Debit Card
ORD09469,CUST2362,Ayesha Khan,2025-12-14,Dinner Set,Home & Kitchen,6,15054.03,90324.18,Rawalpindi,Debit Card
ORD09470,CUST1666,Huzaifa Ali,2025-11-12,Skin Cream,Beauty,6,2338.53,14031.18,Lahore,Cash
ORD09471,CUST1125,Hira Shah,2026-03-09,Jeans,Clothing,8,8682.81,69462.48,Multan,Credit Card
ORD09472,CUST1385,Abdullah Raza,2026-09-24,Keyboard,Electronics,6,9132.06,54792.36,Peshawar,Credit Card
ORD09473,CUST1231,Hamza Shah,2025-08-26,Running Shoes,Sports,4,9547.64,38190.56,Islamabad,EasyPaisa
ORD09474,CUST0096,Ayesha Khan,2026-04-27,Cricket Bat,Sports,4,9325.96,37303.84,Quetta,Debit Card
ORD09475,CUST1534,Talha Malik,2026-06-09,Shoes,Clothing,7,22083.81,154586.67,Multan,Credit Card
ORD09476,CUST1077,Hira Shah,2025-07-13,Perfume,Beauty,2,9198.42,18396.84,Gujranwala,EasyPaisa
ORD09477,CUST0362,Hira Shah,2026-02-11,Jeans,Clothing,7,3329.05,23303.35,Rawalpindi,EasyPaisa
ORD09478,CUST0622,Bilal Ahmed,2026-04-15,Shampoo,Beauty,2,2118.12,4236.24,Multan,Cash
ORD09479,CUST0856,Hassan Ali,2025-12-24,Jacket,Clothing,2,10732.79,21465.58,Faisalabad,JazzCash
ORD09480,CUST2105,Hamza Shah,2026-09-12,Football,Sports,4,5640.16,22560.64,Gujranwala,Cash
ORD09481,CUST1604,Ali Khan,2025-02-05,Shampoo,Beauty,3,1617.7,4853.1,Sialkot,Bank Transfer
ORD09482,CUST0226,Talha Malik,2025-02-24,Face Wash,Beauty,7,2025.58,14179.06,Gujranwala,EasyPaisa
ORD09483,CUST0027,Hira Shah,2025-12-13,Cricket Ball,Sports,4,1653.35,6613.4,Karachi,JazzCash
ORD09484,CUST1868,Maham Raza,2025-02-02,Cooking Oil,Grocery,3,1439.81,4319.43,Karachi,Cash
ORD09485,CUST1847,Abdullah Raza,2025-12-14,Jacket,Clothing,7,11832.89,82830.23,Peshawar,Bank Transfer
ORD09486,CUST0563,Hassan Ali,2025-03-04,Perfume,Beauty,3,2709.83,8129.49,Faisalabad,Cash
ORD09487,CUST0340,Zainab Ali,2026-07-27,Headphones,Electronics,3,8614.77,25844.31,Sialkot,Bank Transfer
ORD09488,CUST0265,Bilal Ahmed,2025-08-03,Cricket Ball,Sports,5,2015.85,10079.25,Faisalabad,Bank Transfer
ORD09489,CUST1183,Ali Khan,2026-09-25,Sugar,Grocery,1,212.56,212.56,Faisalabad,Credit Card
ORD09490,CUST0479,Abdullah Raza,2025-03-13,Biscuits,Grocery,5,75.24,376.2,Multan,EasyPaisa
ORD09491,CUST0206,Sara Khan,2026-03-06,Cereal,Grocery,4,1419.69,5678.76,Rawalpindi,Debit Card
ORD09492,CUST0150,Ahmed Raza,2025-07-26,Tablet,Electronics,2,117795.54,235591.08,Multan,JazzCash
ORD09493,CUST1853,Abdullah Raza,2025-07-11,Jeans,Clothing,4,6174.89,24699.56,Karachi,EasyPaisa
ORD09494,CUST1992,Hamza Shah,2026-02-23,Jeans,Clothing,2,3933.23,7866.46,Peshawar,Credit Card
ORD09495,CUST1366,Sana Malik,2026-04-25,Skin Cream,Beauty,2,2485.19,4970.38,Gujranwala,Cash
ORD09496,CUST1410,Bilal Ahmed,2025-08-13,Air Fryer,Home & Kitchen,4,30795.39,123181.56,Karachi,Debit Card
ORD09497,CUST2031,Sana Malik,2025-11-05,Rice,Grocery,3,327.41,982.23,Peshawar,EasyPaisa
ORD09498,CUST2257,Maham Raza,2025-03-29,Biscuits,Grocery,8,83.15,665.2,Multan,Bank Transfer
ORD09499,CUST2381,Maryam Ahmed,2025-12-26,Smartphone,Electronics,4,97400.99,389603.96,Sialkot,JazzCash
ORD09500,CUST1876,Saad Khan,2025-04-13,Perfume,Beauty,5,12279.52,61397.6,Peshawar,JazzCash
ORD09501,CUST2442,Ayesha Khan,2026-03-22,Face Wash,Beauty,4,2039.65,8158.6,Sialkot,Debit Card
ORD09502,CUST0759,Ali Khan,2026-05-19,Yoga Mat,Sports,6,3931.72,23590.32,Islamabad,Cash
ORD09503,CUST2214,Hamza Shah,2025-11-06,Jacket,Clothing,1,6288.3,6288.3,Karachi,Debit Card
ORD09504,CUST2407,Ayesha Khan,2026-07-01,Biscuits,Grocery,4,208.08,832.32,Rawalpindi,Cash
ORD09505,CUST0556,Omar Farooq,2026-08-12,Hoodie,Clothing,5,5728.8,28644.0,Multan,Bank Transfer
ORD09506,CUST0458,Ahmed Raza,2026-05-15,Cricket Bat,Sports,4,19374.85,77499.4,Faisalabad,Cash
ORD09507,CUST0027,Ayesha Khan,2025-04-18,Sugar,Grocery,6,196.61,1179.66,Lahore,Cash
ORD09508,CUST0934,Danish Ahmed,2025-01-27,Tea,Grocery,5,1055.17,5275.85,Quetta,Bank Transfer
ORD09509,CUST0152,Fatima Ahmed,2026-03-24,Cooking Oil,Grocery,1,615.38,615.38,Rawalpindi,EasyPaisa
ORD09510,CUST2493,Abdullah Raza,2025-03-13,Perfume,Beauty,3,4386.65,13159.95,Karachi,Credit Card
ORD09511,CUST0262,Saad Khan,2025-10-22,Headphones,Electronics,5,6532.69,32663.45,Multan,Cash
ORD09512,CUST0324,Zainab Ali,2025-10-26,Keyboard,Electronics,7,10993.16,76952.12,Lahore,EasyPaisa
ORD09513,CUST2159,Usman Malik,2026-01-31,Shampoo,Beauty,6,3334.76,20008.56,Karachi,Bank Transfer
ORD09514,CUST0754,Danish Ahmed,2025-08-17,Jacket,Clothing,6,7109.7,42658.2,Rawalpindi,Cash
ORD09515,CUST0634,Hassan Ali,2026-06-14,Dinner Set,Home & Kitchen,3,7717.36,23152.08,Rawalpindi,Debit Card
ORD09516,CUST1960,Hassan Ali,2025-10-11,Yoga Mat,Sports,4,5249.38,20997.52,Peshawar,Credit Card
ORD09517,CUST0957,Abdullah Raza,2026-09-01,Cricket Ball,Sports,2,2174.12,4348.24,Karachi,JazzCash
ORD09518,CUST0023,Huzaifa Ali,2025-07-23,Microwave,Home & Kitchen,8,32202.62,257620.96,Quetta,Bank Transfer
ORD09519,CUST1175,Saad Khan,2026-02-10,Jacket,Clothing,4,16285.45,65141.8,Lahore,Cash
ORD09520,CUST0038,Sara Khan,2025-10-22,Cricket Bat,Sports,6,17620.58,105723.48,Faisalabad,Bank Transfer
ORD09521,CUST1499,Usman Malik,2026-03-09,Running Shoes,Sports,8,18054.81,144438.48,Quetta,Credit Card
ORD09522,CUST0644,Abdullah Raza,2025-08-13,Cereal,Grocery,6,949.17,5695.02,Karachi,Credit Card
ORD09523,CUST1199,Fatima Ahmed,2026-03-22,Shoes,Clothing,6,10138.65,60831.9,Karachi,Debit Card
ORD09524,CUST0005,Omar Farooq,2026-01-12,Face Wash,Beauty,2,511.03,1022.06,Gujranwala,Credit Card
ORD09525,CUST2078,Ayesha Khan,2025-05-22,Blender,Home & Kitchen,3,8094.35,24283.05,Faisalabad,Credit Card
ORD09526,CUST1740,Omar Farooq,2026-01-28,Tea,Grocery,6,1167.27,7003.62,Lahore,EasyPaisa
ORD09527,CUST0218,Sana Malik,2026-07-17,Football,Sports,6,3962.61,23775.66,Sialkot,Debit Card
ORD09528,CUST1672,Maham Raza,2025-11-15,Headphones,Electronics,5,28976.39,144881.95,Karachi,Debit Card
ORD09529,CUST0207,Ali Khan,2025-08-26,Rice,Grocery,3,516.96,1550.88,Islamabad,EasyPaisa
ORD09530,CUST0519,Huzaifa Ali,2026-08-15,Face Wash,Beauty,5,2849.91,14249.55,Faisalabad,Debit Card
ORD09531,CUST1271,Hassan Ali,2026-05-02,Air Fryer,Home & Kitchen,1,29363.69,29363.69,Sialkot,Bank Transfer
ORD09532,CUST1999,Abdullah Raza,2025-07-20,Face Wash,Beauty,1,2679.73,2679.73,Faisalabad,Debit Card
ORD09533,CUST1776,Saad Khan,2025-12-03,Laptop,Electronics,1,71826.79,71826.79,Sialkot,JazzCash
ORD09534,CUST2496,Hira Shah,2025-09-21,Biscuits,Grocery,7,62.6,438.2,Faisalabad,Debit Card
ORD09535,CUST2386,Sara Khan,2026-02-17,Jeans,Clothing,2,7928.05,15856.1,Gujranwala,EasyPaisa
ORD09536,CUST1859,Abdullah Raza,2026-08-21,Hoodie,Clothing,8,5743.44,45947.52,Rawalpindi,Debit Card
ORD09537,CUST1941,Bilal Ahmed,2026-01-05,Shampoo,Beauty,4,2397.17,9588.68,Islamabad,Bank Transfer
ORD09538,CUST1476,Maryam Ahmed,2025-02-04,T-Shirt,Clothing,7,2400.28,16801.96,Sialkot,Debit Card
ORD09539,CUST0490,Ali Khan,2026-06-27,Perfume,Beauty,6,7977.35,47864.1,Lahore,Cash
ORD09540,CUST0261,Hassan Ali,2026-01-04,Cricket Ball,Sports,8,1113.52,8908.16,Faisalabad,Debit Card
ORD09541,CUST0156,Ahmed Raza,2026-06-08,Cooking Oil,Grocery,5,976.75,4883.75,Islamabad,Cash
ORD09542,CUST1810,Saad Khan,2025-02-22,Cricket Bat,Sports,8,6697.78,53582.24,Sialkot,JazzCash
ORD09543,CUST0546,Maham Raza,2025-06-03,Football,Sports,4,4611.17,18444.68,Lahore,EasyPaisa
ORD09544,CUST0940,Hassan Ali,2026-04-09,Football,Sports,6,6614.13,39684.78,Islamabad,Credit Card
ORD09545,CUST0370,Maryam Ahmed,2025-02-07,Jeans,Clothing,7,7067.34,49471.38,Multan,Debit Card
ORD09546,CUST0248,Danish Ahmed,2025-06-21,Shoes,Clothing,4,16709.17,66836.68,Sialkot,Bank Transfer
ORD09547,CUST2263,Omar Farooq,2025-11-15,Smartphone,Electronics,4,67247.59,268990.36,Sialkot,Bank Transfer
ORD09548,CUST1661,Talha Malik,2025-12-06,Keyboard,Electronics,5,5890.89,29454.45,Islamabad,JazzCash
ORD09549,CUST0861,Abdullah Raza,2025-05-18,Shampoo,Beauty,1,1990.76,1990.76,Faisalabad,EasyPaisa
ORD09550,CUST1614,Talha Malik,2025-10-03,Coffee Maker,Home & Kitchen,2,23037.89,46075.78,Rawalpindi,Credit Card
ORD09551,CUST0501,Ayesha Khan,2025-06-07,Yoga Mat,Sports,1,4630.79,4630.79,Quetta,Cash
ORD09552,CUST1075,Ali Khan,2026-05-13,Smart Watch,Electronics,3,13495.05,40485.15,Rawalpindi,Cash
ORD09553,CUST0991,Fatima Ahmed,2025-10-02,Biscuits,Grocery,8,122.25,978.0,Karachi,EasyPaisa
ORD09554,CUST1757,Maham Raza,2026-04-03,Perfume,Beauty,6,19288.1,115728.6,Karachi,Debit Card
ORD09555,CUST1396,Danish Ahmed,2025-09-24,Smartphone,Electronics,7,39997.97,279985.79,Gujranwala,Credit Card
ORD09556,CUST1947,Sara Khan,2025-03-28,Smart Watch,Electronics,6,17113.8,102682.8,Rawalpindi,EasyPaisa
ORD09557,CUST1434,Sana Malik,2026-07-16,Rice,Grocery,1,553.5,553.5,Lahore,Bank Transfer
ORD09558,CUST1516,Zainab Ali,2025-08-16,T-Shirt,Clothing,6,1939.93,11639.58,Multan,EasyPaisa
ORD09559,CUST0046,Zainab Ali,2025-07-05,Shampoo,Beauty,8,1168.18,9345.44,Peshawar,Cash
ORD09560,CUST0010,Danish Ahmed,2025-05-24,Keyboard,Electronics,5,5885.25,29426.25,Islamabad,Credit Card
ORD09561,CUST1699,Maryam Ahmed,2026-09-25,Dinner Set,Home & Kitchen,4,11868.96,47475.84,Lahore,JazzCash
ORD09562,CUST0350,Ayesha Khan,2025-04-13,Laptop,Electronics,1,140047.64,140047.64,Lahore,Credit Card
ORD09563,CUST1454,Sana Malik,2025-09-13,Jeans,Clothing,3,3872.14,11616.42,Rawalpindi,Credit Card
ORD09564,CUST0851,Sara Khan,2025-11-23,Running Shoes,Sports,5,19135.8,95679.0,Multan,JazzCash
ORD09565,CUST0409,Hassan Ali,2025-11-16,Mouse,Electronics,8,1790.04,14320.32,Karachi,JazzCash
ORD09566,CUST1568,Hassan Ali,2026-08-21,Hoodie,Clothing,6,3739.7,22438.2,Islamabad,Credit Card
ORD09567,CUST2344,Sara Khan,2025-08-12,Lipstick,Beauty,5,1000.88,5004.4,Lahore,EasyPaisa
ORD09568,CUST0780,Abdullah Raza,2026-08-20,Lipstick,Beauty,8,2942.32,23538.56,Karachi,Cash
ORD09569,CUST0286,Ahmed Raza,2026-04-16,Blender,Home & Kitchen,1,9591.57,9591.57,Gujranwala,Cash
ORD09570,CUST2183,Maham Raza,2026-08-12,Tea,Grocery,6,480.06,2880.36,Karachi,Debit Card
ORD09571,CUST0699,Huzaifa Ali,2025-03-05,Cricket Bat,Sports,3,16758.15,50274.45,Rawalpindi,Bank Transfer
ORD09572,CUST1358,Ali Khan,2026-09-11,Microwave,Home & Kitchen,5,26709.69,133548.45,Karachi,Debit Card
ORD09573,CUST1078,Saad Khan,2026-03-03,Hoodie,Clothing,1,9710.87,9710.87,Peshawar,Cash
ORD09574,CUST2384,Omar Farooq,2026-08-27,Cricket Ball,Sports,8,1393.74,11149.92,Islamabad,Debit Card
ORD09575,CUST2479,Hassan Ali,2025-09-30,Cereal,Grocery,7,1084.01,7588.07,Gujranwala,EasyPaisa
ORD09576,CUST0045,Hamza Shah,2026-06-06,Cooking Oil,Grocery,7,1267.74,8874.18,Islamabad,Bank Transfer
ORD09577,CUST0139,Zainab Ali,2025-02-25,Sugar,Grocery,4,292.54,1170.16,Faisalabad,JazzCash
ORD09578,CUST1115,Sana Malik,2025-10-22,Tea,Grocery,3,1171.59,3514.77,Islamabad,Bank Transfer
ORD09579,CUST0786,Bilal Ahmed,2026-06-11,Face Wash,Beauty,2,2600.87,5201.74,Multan,Debit Card
ORD09580,CUST0269,Talha Malik,2026-09-01,Mouse,Electronics,7,1939.5,13576.5,Gujranwala,Credit Card
ORD09581,CUST0980,Sara Khan,2025-04-26,Cooking Oil,Grocery,3,1105.65,3316.95,Sialkot,Bank Transfer
ORD09582,CUST0529,Abdullah Raza,2025-06-22,Smart Watch,Electronics,1,20761.73,20761.73,Peshawar,Credit Card
ORD09583,CUST0740,Fatima Ahmed,2025-04-30,Headphones,Electronics,1,12280.22,12280.22,Lahore,Debit Card
ORD09584,CUST0397,Talha Malik,2025-11-16,Football,Sports,4,6372.09,25488.36,Peshawar,Cash
ORD09585,CUST1956,Talha Malik,2026-05-27,Yoga Mat,Sports,4,3440.68,13762.72,Sialkot,Credit Card
ORD09586,CUST0126,Fatima Ahmed,2026-04-22,Lipstick,Beauty,5,1541.82,7709.1,Islamabad,Cash
ORD09587,CUST1217,Talha Malik,2026-02-18,Yoga Mat,Sports,7,5725.78,40080.46,Gujranwala,JazzCash
ORD09588,CUST0057,Usman Malik,2025-09-13,Jacket,Clothing,5,13782.89,68914.45,Islamabad,Credit Card
ORD09589,CUST1325,Fatima Ahmed,2025-09-07,Biscuits,Grocery,6,125.23,751.38,Rawalpindi,Cash
ORD09590,CUST0165,Danish Ahmed,2025-12-22,Lipstick,Beauty,1,3336.51,3336.51,Gujranwala,Credit Card
ORD09591,CUST0910,Hassan Ali,2026-01-19,T-Shirt,Clothing,3,4065.44,12196.32,Islamabad,Debit Card
ORD09592,CUST2040,Sana Malik,2025-01-17,Keyboard,Electronics,5,9689.92,48449.6,Sialkot,Credit Card
ORD09593,CUST0574,Ayesha Khan,2026-02-21,Face Wash,Beauty,2,1162.48,2324.96,Islamabad,Debit Card
ORD09594,CUST0106,Bilal Ahmed,2025-11-12,Cricket Bat,Sports,5,14217.07,71085.35,Sialkot,Cash
ORD09595,CUST0084,Omar Farooq,2026-03-10,Jeans,Clothing,8,3383.99,27071.92,Sialkot,Credit Card
ORD09596,CUST2051,Ahmed Raza,2025-12-01,Smart Watch,Electronics,7,9137.9,63965.3,Peshawar,Debit Card
ORD09597,CUST0569,Danish Ahmed,2025-03-06,Hoodie,Clothing,6,5284.91,31709.46,Sialkot,EasyPaisa
ORD09598,CUST0124,Zainab Ali,2026-06-14,Sugar,Grocery,2,325.61,651.22,Gujranwala,Credit Card
ORD09599,CUST1539,Omar Farooq,2025-10-31,Smart Watch,Electronics,1,23058.91,23058.91,Multan,Cash
ORD09600,CUST2197,Zainab Ali,2026-07-15,Sugar,Grocery,2,208.15,416.3,Sialkot,Credit Card
ORD09601,CUST2438,Fatima Ahmed,2025-12-26,Sugar,Grocery,4,240.45,961.8,Lahore,EasyPaisa
ORD09602,CUST0695,Fatima Ahmed,2025-07-17,Vacuum Cleaner,Home & Kitchen,4,55678.05,222712.2,Rawalpindi,Credit Card
ORD09603,CUST2156,Sana Malik,2026-08-13,Cricket Ball,Sports,7,2245.65,15719.55,Faisalabad,Credit Card
ORD09604,CUST1089,Talha Malik,2025-11-28,Hoodie,Clothing,3,7143.84,21431.52,Karachi,Bank Transfer
ORD09605,CUST1547,Fatima Ahmed,2026-02-08,Shoes,Clothing,1,24450.99,24450.99,Faisalabad,EasyPaisa
ORD09606,CUST1544,Saad Khan,2026-07-15,Vacuum Cleaner,Home & Kitchen,8,58567.46,468539.68,Sialkot,Credit Card
ORD09607,CUST0452,Bilal Ahmed,2025-11-20,Cereal,Grocery,6,1441.44,8648.64,Quetta,Cash
ORD09608,CUST0230,Hira Shah,2026-03-08,Football,Sports,4,2170.5,8682.0,Rawalpindi,Bank Transfer
ORD09609,CUST1261,Maham Raza,2025-12-11,Rice,Grocery,6,682.5,4095.0,Peshawar,Bank Transfer
ORD09610,CUST0721,Ayesha Khan,2025-10-12,Blender,Home & Kitchen,2,9345.99,18691.98,Gujranwala,JazzCash
ORD09611,CUST0921,Huzaifa Ali,2025-05-08,Tablet,Electronics,5,51504.77,257523.85,Islamabad,Credit Card
ORD09612,CUST0038,Hamza Shah,2025-03-28,Dinner Set,Home & Kitchen,1,5028.65,5028.65,Karachi,EasyPaisa
ORD09613,CUST0700,Huzaifa Ali,2025-11-12,Tablet,Electronics,5,23473.85,117369.25,Karachi,JazzCash
ORD09614,CUST0447,Ahmed Raza,2026-06-25,Air Fryer,Home & Kitchen,1,23592.81,23592.81,Peshawar,Bank Transfer
ORD09615,CUST1634,Omar Farooq,2025-05-27,Jacket,Clothing,8,8991.37,71930.96,Faisalabad,Bank Transfer
ORD09616,CUST0650,Sana Malik,2026-07-19,Air Fryer,Home & Kitchen,6,19323.73,115942.38,Quetta,JazzCash
ORD09617,CUST1038,Maham Raza,2026-07-02,Face Wash,Beauty,6,2225.71,13354.26,Sialkot,JazzCash
ORD09618,CUST0352,Hira Shah,2025-05-04,Jeans,Clothing,1,2811.68,2811.68,Lahore,Cash
ORD09619,CUST1878,Talha Malik,2026-05-03,Shoes,Clothing,7,14404.66,100832.62,Peshawar,Bank Transfer
ORD09620,CUST1909,Hira Shah,2026-08-16,Smart Watch,Electronics,3,12070.64,36211.92,Rawalpindi,JazzCash
ORD09621,CUST1218,Ayesha Khan,2026-03-30,Tea,Grocery,6,612.46,3674.76,Karachi,Bank Transfer
ORD09622,CUST1822,Usman Malik,2026-01-27,Yoga Mat,Sports,7,1947.19,13630.33,Karachi,JazzCash
ORD09623,CUST2486,Ayesha Khan,2025-05-19,Jacket,Clothing,3,6839.61,20518.83,Gujranwala,JazzCash
ORD09624,CUST0824,Maryam Ahmed,2026-08-22,Hoodie,Clothing,8,7377.74,59021.92,Multan,EasyPaisa
ORD09625,CUST0405,Omar Farooq,2025-12-29,Shoes,Clothing,8,16964.32,135714.56,Karachi,Debit Card
ORD09626,CUST0297,Omar Farooq,2026-04-29,Lipstick,Beauty,1,999.38,999.38,Gujranwala,EasyPaisa
ORD09627,CUST0213,Maryam Ahmed,2025-11-03,Coffee Maker,Home & Kitchen,6,22320.77,133924.62,Sialkot,Debit Card
ORD09628,CUST0423,Hassan Ali,2025-03-28,Microwave,Home & Kitchen,5,37685.55,188427.75,Rawalpindi,JazzCash
ORD09629,CUST1538,Abdullah Raza,2025-02-20,Coffee Maker,Home & Kitchen,6,22941.47,137648.82,Peshawar,JazzCash
ORD09630,CUST1089,Maryam Ahmed,2026-02-11,Cricket Bat,Sports,1,18840.29,18840.29,Faisalabad,Cash
ORD09631,CUST1949,Zainab Ali,2025-08-18,Cricket Ball,Sports,1,1241.12,1241.12,Lahore,Cash
ORD09632,CUST0178,Fatima Ahmed,2026-05-17,Running Shoes,Sports,6,4001.47,24008.82,Quetta,EasyPaisa
ORD09633,CUST1965,Hassan Ali,2025-08-26,Cereal,Grocery,3,469.32,1407.96,Gujranwala,JazzCash
ORD09634,CUST1466,Sara Khan,2026-06-16,Cricket Bat,Sports,7,10955.98,76691.86,Faisalabad,Credit Card
ORD09635,CUST1281,Sana Malik,2026-09-27,Lipstick,Beauty,1,1716.42,1716.42,Quetta,Cash
ORD09636,CUST1732,Saad Khan,2025-04-09,Cereal,Grocery,5,882.35,4411.75,Peshawar,JazzCash
ORD09637,CUST1378,Hamza Shah,2025-05-02,Vacuum Cleaner,Home & Kitchen,7,27499.22,192494.54,Peshawar,Cash
ORD09638,CUST1490,Huzaifa Ali,2025-07-28,Smart Watch,Electronics,5,5470.38,27351.9,Rawalpindi,Debit Card
ORD09639,CUST0137,Maryam Ahmed,2026-04-28,Football,Sports,7,1512.25,10585.75,Peshawar,Cash
ORD09640,CUST0080,Ahmed Raza,2025-08-16,Jacket,Clothing,6,14621.61,87729.66,Quetta,Bank Transfer
ORD09641,CUST1132,Bilal Ahmed,2026-05-07,Jacket,Clothing,3,5227.08,15681.24,Karachi,Credit Card
ORD09642,CUST1213,Ayesha Khan,2026-09-16,Perfume,Beauty,1,6800.63,6800.63,Gujranwala,Cash
ORD09643,CUST2014,Maham Raza,2026-07-08,Mouse,Electronics,1,4750.2,4750.2,Rawalpindi,JazzCash
ORD09644,CUST0073,Ali Khan,2026-03-04,Blender,Home & Kitchen,3,16432.64,49297.92,Islamabad,JazzCash
ORD09645,CUST2139,Abdullah Raza,2025-03-17,Running Shoes,Sports,7,9596.24,67173.68,Faisalabad,Credit Card
ORD09646,CUST2191,Maryam Ahmed,2026-07-03,Headphones,Electronics,5,6638.64,33193.2,Gujranwala,Credit Card
ORD09647,CUST0799,Sara Khan,2025-12-24,Football,Sports,3,6955.66,20866.98,Multan,Debit Card
ORD09648,CUST1176,Saad Khan,2026-07-06,Jeans,Clothing,4,2641.47,10565.88,Lahore,Credit Card
ORD09649,CUST1909,Hamza Shah,2025-12-19,Smartphone,Electronics,2,172840.37,345680.74,Peshawar,Cash
ORD09650,CUST0621,Omar Farooq,2026-04-14,Shampoo,Beauty,7,2672.9,18710.3,Sialkot,Cash
ORD09651,CUST1504,Ahmed Raza,2026-07-14,Cricket Ball,Sports,2,2414.39,4828.78,Quetta,Cash
ORD09652,CUST0274,Fatima Ahmed,2025-12-20,Smartphone,Electronics,4,102953.7,411814.8,Peshawar,Credit Card
ORD09653,CUST2195,Fatima Ahmed,2026-01-12,Air Fryer,Home & Kitchen,7,34950.81,244655.67,Gujranwala,Bank Transfer
ORD09654,CUST1877,Sara Khan,2025-11-03,Yoga Mat,Sports,6,4908.57,29451.42,Islamabad,Cash
ORD09655,CUST1599,Talha Malik,2026-06-07,Biscuits,Grocery,5,256.46,1282.3,Rawalpindi,JazzCash
ORD09656,CUST0495,Talha Malik,2026-02-06,Keyboard,Electronics,8,3442.78,27542.24,Faisalabad,Credit Card
ORD09657,CUST0655,Hassan Ali,2026-05-08,Shoes,Clothing,2,9674.41,19348.82,Multan,Debit Card
ORD09658,CUST0509,Huzaifa Ali,2025-01-23,Tablet,Electronics,6,54960.43,329762.58,Islamabad,EasyPaisa
ORD09659,CUST0447,Ahmed Raza,2025-01-11,Skin Cream,Beauty,2,4970.66,9941.32,Islamabad,JazzCash
ORD09660,CUST2466,Abdullah Raza,2025-04-15,Hoodie,Clothing,1,7603.74,7603.74,Lahore,JazzCash
ORD09661,CUST2281,Ayesha Khan,2026-07-29,Cricket Bat,Sports,5,15483.74,77418.7,Faisalabad,Cash
ORD09662,CUST1946,Usman Malik,2026-04-09,Hoodie,Clothing,1,2773.1,2773.1,Gujranwala,JazzCash
ORD09663,CUST1288,Ahmed Raza,2025-09-24,Hoodie,Clothing,4,6146.82,24587.28,Multan,EasyPaisa
ORD09664,CUST1025,Fatima Ahmed,2025-06-25,Yoga Mat,Sports,1,4688.16,4688.16,Peshawar,Bank Transfer
ORD09665,CUST1930,Sana Malik,2026-09-21,Shampoo,Beauty,4,2421.06,9684.24,Islamabad,Credit Card
ORD09666,CUST1267,Bilal Ahmed,2025-01-10,Coffee Maker,Home & Kitchen,4,18309.97,73239.88,Karachi,Debit Card
ORD09667,CUST0691,Usman Malik,2025-09-03,Microwave,Home & Kitchen,4,34261.59,137046.36,Rawalpindi,Bank Transfer
ORD09668,CUST1573,Saad Khan,2026-07-17,Laptop,Electronics,4,221921.18,887684.72,Islamabad,Credit Card
ORD09669,CUST1721,Hamza Shah,2025-12-18,Sugar,Grocery,4,391.35,1565.4,Karachi,EasyPaisa
ORD09670,CUST1342,Hira Shah,2026-05-18,Microwave,Home & Kitchen,5,31140.54,155702.7,Islamabad,EasyPaisa
ORD09671,CUST1390,Omar Farooq,2026-01-01,Biscuits,Grocery,4,185.78,743.12,Karachi,EasyPaisa
ORD09672,CUST2457,Ahmed Raza,2026-02-04,Cricket Ball,Sports,5,1085.04,5425.2,Faisalabad,EasyPaisa
ORD09673,CUST2002,Hamza Shah,2025-10-19,Face Wash,Beauty,4,1339.79,5359.16,Peshawar,EasyPaisa
ORD09674,CUST0353,Ahmed Raza,2026-04-14,Yoga Mat,Sports,8,1292.19,10337.52,Gujranwala,Bank Transfer
ORD09675,CUST1621,Maham Raza,2025-02-10,Biscuits,Grocery,5,148.1,740.5,Lahore,Cash
ORD09676,CUST1224,Ahmed Raza,2025-03-27,Jeans,Clothing,5,4904.26,24521.3,Quetta,JazzCash
ORD09677,CUST0093,Zainab Ali,2025-03-25,Mouse,Electronics,3,2616.15,7848.45,Faisalabad,Credit Card
ORD09678,CUST1813,Hamza Shah,2025-07-15,Vacuum Cleaner,Home & Kitchen,2,50664.43,101328.86,Gujranwala,Credit Card
ORD09679,CUST2348,Bilal Ahmed,2026-08-19,Cricket Ball,Sports,8,2282.59,18260.72,Islamabad,EasyPaisa
ORD09680,CUST1828,Huzaifa Ali,2026-03-28,Laptop,Electronics,1,199356.77,199356.77,Multan,Bank Transfer
ORD09681,CUST0714,Saad Khan,2026-09-24,Shampoo,Beauty,2,2367.84,4735.68,Sialkot,Bank Transfer
ORD09682,CUST2407,Sara Khan,2026-03-21,Cricket Bat,Sports,8,5590.92,44727.36,Lahore,Credit Card
ORD09683,CUST1678,Fatima Ahmed,2025-06-02,Face Wash,Beauty,7,1154.1,8078.7,Peshawar,Cash
ORD09684,CUST2180,Sara Khan,2025-03-10,Running Shoes,Sports,1,6500.61,6500.61,Lahore,Debit Card
ORD09685,CUST2044,Huzaifa Ali,2025-01-14,Smartphone,Electronics,1,75685.85,75685.85,Peshawar,Cash
ORD09686,CUST1901,Sara Khan,2025-01-23,Keyboard,Electronics,5,11585.11,57925.55,Quetta,Cash
ORD09687,CUST0140,Saad Khan,2025-01-22,Jacket,Clothing,8,17430.63,139445.04,Islamabad,JazzCash
ORD09688,CUST1537,Bilal Ahmed,2025-10-17,Shoes,Clothing,7,23753.58,166275.06,Islamabad,Bank Transfer
ORD09689,CUST1784,Hassan Ali,2026-04-14,Blender,Home & Kitchen,5,13341.72,66708.6,Karachi,EasyPaisa
ORD09690,CUST2337,Ayesha Khan,2025-11-23,Skin Cream,Beauty,4,3870.93,15483.72,Lahore,Cash
ORD09691,CUST1809,Usman Malik,2025-03-04,Biscuits,Grocery,8,245.82,1966.56,Sialkot,EasyPaisa
ORD09692,CUST1876,Usman Malik,2025-04-16,Jacket,Clothing,2,10767.2,21534.4,Faisalabad,Debit Card
ORD09693,CUST2199,Maryam Ahmed,2025-07-02,Football,Sports,5,7176.97,35884.85,Multan,Bank Transfer
ORD09694,CUST0194,Hamza Shah,2025-04-19,Sugar,Grocery,2,200.35,400.7,Quetta,JazzCash
ORD09695,CUST0376,Bilal Ahmed,2026-03-27,Rice,Grocery,3,758.08,2274.24,Peshawar,Cash
ORD09696,CUST2466,Usman Malik,2026-02-15,Air Fryer,Home & Kitchen,6,12844.76,77068.56,Lahore,Credit Card
ORD09697,CUST0242,Ayesha Khan,2025-03-01,Face Wash,Beauty,2,1245.67,2491.34,Rawalpindi,Debit Card
ORD09698,CUST1949,Sana Malik,2025-04-24,Cricket Ball,Sports,4,920.2,3680.8,Islamabad,Credit Card
ORD09699,CUST1480,Talha Malik,2025-03-28,Headphones,Electronics,2,12455.1,24910.2,Sialkot,Cash
ORD09700,CUST2453,Zainab Ali,2026-06-19,Shoes,Clothing,8,21342.95,170743.6,Rawalpindi,JazzCash
ORD09701,CUST0985,Danish Ahmed,2026-02-04,Face Wash,Beauty,1,2960.21,2960.21,Peshawar,Bank Transfer
ORD09702,CUST0763,Danish Ahmed,2026-05-20,Face Wash,Beauty,2,1152.67,2305.34,Quetta,Cash
ORD09703,CUST0691,Zainab Ali,2026-06-12,T-Shirt,Clothing,6,1551.03,9306.18,Lahore,EasyPaisa
ORD09704,CUST0481,Hassan Ali,2025-04-06,Microwave,Home & Kitchen,3,26916.9,80750.7,Karachi,Bank Transfer
ORD09705,CUST0388,Fatima Ahmed,2026-08-25,Face Wash,Beauty,3,1844.6,5533.8,Multan,Debit Card
ORD09706,CUST1018,Omar Farooq,2025-10-17,Rice,Grocery,6,604.8,3628.8,Islamabad,Cash
ORD09707,CUST0788,Bilal Ahmed,2025-10-28,Jacket,Clothing,6,12250.92,73505.52,Faisalabad,Debit Card
ORD09708,CUST0245,Maryam Ahmed,2025-06-28,Cricket Bat,Sports,3,19273.53,57820.59,Gujranwala,Bank Transfer
ORD09709,CUST2246,Abdullah Raza,2025-01-31,Football,Sports,6,6810.74,40864.44,Gujranwala,Bank Transfer
ORD09710,CUST0339,Hira Shah,2026-07-08,Yoga Mat,Sports,1,4551.91,4551.91,Quetta,Credit Card
ORD09711,CUST0410,Ahmed Raza,2026-01-17,Jeans,Clothing,4,5112.12,20448.48,Quetta,Credit Card
ORD09712,CUST0870,Maham Raza,2025-10-23,Shampoo,Beauty,4,782.52,3130.08,Peshawar,JazzCash
ORD09713,CUST1236,Sara Khan,2025-01-07,Shampoo,Beauty,5,807.05,4035.25,Karachi,JazzCash
ORD09714,CUST2276,Ahmed Raza,2026-05-16,Air Fryer,Home & Kitchen,4,19340.34,77361.36,Karachi,EasyPaisa
ORD09715,CUST0036,Ali Khan,2025-08-21,Rice,Grocery,2,645.16,1290.32,Peshawar,Credit Card
ORD09716,CUST2406,Abdullah Raza,2025-06-29,Blender,Home & Kitchen,2,12696.83,25393.66,Islamabad,JazzCash
ORD09717,CUST2226,Hamza Shah,2025-04-23,Jeans,Clothing,7,7465.36,52257.52,Multan,JazzCash
ORD09718,CUST0826,Maryam Ahmed,2025-05-15,Lipstick,Beauty,5,2049.93,10249.65,Gujranwala,Bank Transfer
ORD09719,CUST1888,Maham Raza,2025-11-11,Shampoo,Beauty,1,707.26,707.26,Multan,Credit Card
ORD09720,CUST0082,Hamza Shah,2025-11-17,T-Shirt,Clothing,4,4167.56,16670.24,Islamabad,Credit Card
ORD09721,CUST0477,Hassan Ali,2025-04-16,Hoodie,Clothing,1,2542.39,2542.39,Faisalabad,EasyPaisa
ORD09722,CUST0619,Bilal Ahmed,2026-06-03,Jacket,Clothing,6,5486.6,32919.6,Karachi,Credit Card
ORD09723,CUST0179,Huzaifa Ali,2025-04-16,Mouse,Electronics,2,7921.16,15842.32,Gujranwala,Cash
ORD09724,CUST1589,Sara Khan,2025-02-20,Yoga Mat,Sports,6,3711.08,22266.48,Multan,EasyPaisa
ORD09725,CUST0240,Ali Khan,2025-10-04,Cricket Bat,Sports,2,10522.91,21045.82,Gujranwala,Bank Transfer
ORD09726,CUST1608,Ali Khan,2026-07-19,Tablet,Electronics,3,87538.21,262614.63,Peshawar,EasyPaisa
ORD09727,CUST1074,Talha Malik,2025-11-11,Face Wash,Beauty,8,2518.01,20144.08,Lahore,JazzCash
ORD09728,CUST0569,Sana Malik,2025-06-27,Dinner Set,Home & Kitchen,6,14692.97,88157.82,Sialkot,EasyPaisa
ORD09729,CUST0939,Abdullah Raza,2026-02-13,Vacuum Cleaner,Home & Kitchen,8,42272.97,338183.76,Karachi,JazzCash
ORD09730,CUST1713,Zainab Ali,2025-03-26,Laptop,Electronics,5,150785.76,753928.8,Gujranwala,JazzCash
ORD09731,CUST1426,Ahmed Raza,2025-05-10,Keyboard,Electronics,6,10870.28,65221.68,Peshawar,Credit Card
ORD09732,CUST2154,Zainab Ali,2026-03-31,Air Fryer,Home & Kitchen,7,14534.2,101739.4,Rawalpindi,Cash
ORD09733,CUST2371,Saad Khan,2025-12-20,Air Fryer,Home & Kitchen,8,19219.62,153756.96,Karachi,EasyPaisa
ORD09734,CUST0857,Omar Farooq,2025-11-04,Running Shoes,Sports,3,9119.56,27358.68,Multan,Cash
ORD09735,CUST1904,Fatima Ahmed,2025-05-11,Shampoo,Beauty,2,860.43,1720.86,Gujranwala,Bank Transfer
ORD09736,CUST1508,Hassan Ali,2026-06-27,Football,Sports,7,3992.66,27948.62,Lahore,Debit Card
ORD09737,CUST2310,Abdullah Raza,2026-08-13,Cereal,Grocery,6,854.96,5129.76,Rawalpindi,Credit Card
ORD09738,CUST1535,Hira Shah,2026-02-16,Football,Sports,5,5245.81,26229.05,Rawalpindi,Bank Transfer
ORD09739,CUST2155,Maryam Ahmed,2025-06-11,Face Wash,Beauty,1,1430.01,1430.01,Peshawar,Cash
ORD09740,CUST0384,Ayesha Khan,2026-07-05,Yoga Mat,Sports,7,3194.99,22364.93,Gujranwala,EasyPaisa
ORD09741,CUST2046,Sana Malik,2026-07-12,Laptop,Electronics,1,93431.52,93431.52,Lahore,Credit Card
ORD09742,CUST0074,Ahmed Raza,2025-12-07,Skin Cream,Beauty,7,3202.89,22420.23,Rawalpindi,Cash
ORD09743,CUST2278,Hassan Ali,2026-07-24,Perfume,Beauty,8,11810.01,94480.08,Multan,EasyPaisa
ORD09744,CUST0517,Ahmed Raza,2025-12-31,Microwave,Home & Kitchen,7,23895.61,167269.27,Quetta,JazzCash
ORD09745,CUST1449,Sara Khan,2025-07-04,Dinner Set,Home & Kitchen,1,19578.52,19578.52,Rawalpindi,JazzCash
ORD09746,CUST0218,Danish Ahmed,2026-08-26,Perfume,Beauty,7,4071.95,28503.65,Quetta,Credit Card
ORD09747,CUST2017,Maryam Ahmed,2026-01-17,Cooking Oil,Grocery,6,671.97,4031.82,Sialkot,JazzCash
ORD09748,CUST1478,Hassan Ali,2026-06-19,Dinner Set,Home & Kitchen,1,18899.64,18899.64,Islamabad,EasyPaisa
ORD09749,CUST0604,Sara Khan,2026-03-26,Rice,Grocery,3,783.73,2351.19,Lahore,JazzCash
ORD09750,CUST2464,Sara Khan,2026-09-26,Coffee Maker,Home & Kitchen,3,16973.88,50921.64,Quetta,Credit Card
ORD09751,CUST1889,Saad Khan,2025-04-18,Face Wash,Beauty,5,2548.56,12742.8,Peshawar,EasyPaisa
ORD09752,CUST2442,Hassan Ali,2026-06-08,Tablet,Electronics,8,36850.29,294802.32,Multan,EasyPaisa
ORD09753,CUST0499,Danish Ahmed,2025-10-31,Lipstick,Beauty,3,3607.82,10823.46,Multan,Debit Card
ORD09754,CUST1787,Hassan Ali,2026-05-02,Keyboard,Electronics,2,5317.55,10635.1,Peshawar,EasyPaisa
ORD09755,CUST1990,Sara Khan,2026-01-04,Sugar,Grocery,3,359.58,1078.74,Multan,Debit Card
ORD09756,CUST2408,Saad Khan,2026-09-14,Blender,Home & Kitchen,6,8422.96,50537.76,Rawalpindi,Cash
ORD09757,CUST0649,Hamza Shah,2025-08-23,Microwave,Home & Kitchen,6,49642.59,297855.54,Gujranwala,EasyPaisa
ORD09758,CUST0192,Zainab Ali,2025-09-12,T-Shirt,Clothing,6,4514.29,27085.74,Gujranwala,Bank Transfer
ORD09759,CUST2062,Huzaifa Ali,2025-08-25,Tea,Grocery,4,536.67,2146.68,Lahore,JazzCash
ORD09760,CUST0711,Maham Raza,2025-10-19,Rice,Grocery,8,582.17,4657.36,Karachi,EasyPaisa
ORD09761,CUST1549,Talha Malik,2026-02-26,Running Shoes,Sports,6,17103.89,102623.34,Karachi,JazzCash
ORD09762,CUST0187,Danish Ahmed,2025-11-04,Cricket Ball,Sports,3,2233.08,6699.24,Quetta,Bank Transfer
ORD09763,CUST0943,Fatima Ahmed,2026-08-01,Dinner Set,Home & Kitchen,4,10021.74,40086.96,Quetta,Debit Card
ORD09764,CUST1217,Sana Malik,2025-02-19,Yoga Mat,Sports,1,2820.16,2820.16,Karachi,EasyPaisa
ORD09765,CUST0794,Ali Khan,2025-02-07,Vacuum Cleaner,Home & Kitchen,7,17520.92,122646.44,Quetta,Bank Transfer
ORD09766,CUST0953,Fatima Ahmed,2026-01-21,Yoga Mat,Sports,4,3596.63,14386.52,Gujranwala,JazzCash
ORD09767,CUST2092,Talha Malik,2026-07-13,Tablet,Electronics,6,92028.81,552172.86,Sialkot,Credit Card
ORD09768,CUST1612,Danish Ahmed,2026-07-22,Blender,Home & Kitchen,5,16700.87,83504.35,Rawalpindi,EasyPaisa
ORD09769,CUST1813,Saad Khan,2025-01-17,Cricket Ball,Sports,8,642.89,5143.12,Quetta,Cash
ORD09770,CUST0272,Hamza Shah,2025-10-14,Jeans,Clothing,2,7833.73,15667.46,Gujranwala,Credit Card
ORD09771,CUST2161,Hassan Ali,2026-02-02,Cereal,Grocery,1,462.13,462.13,Karachi,JazzCash
ORD09772,CUST2048,Ali Khan,2026-02-13,Lipstick,Beauty,5,3642.12,18210.6,Multan,JazzCash
ORD09773,CUST2184,Ahmed Raza,2025-03-04,Microwave,Home & Kitchen,1,18005.02,18005.02,Lahore,Cash
ORD09774,CUST1636,Hassan Ali,2025-01-05,Smart Watch,Electronics,7,31157.28,218100.96,Lahore,Cash
ORD09775,CUST2286,Talha Malik,2026-07-03,Smart Watch,Electronics,7,29131.83,203922.81,Lahore,Bank Transfer
ORD09776,CUST0669,Ayesha Khan,2025-11-12,Yoga Mat,Sports,1,1200.66,1200.66,Islamabad,JazzCash
ORD09777,CUST1643,Sana Malik,2025-12-24,Running Shoes,Sports,5,8691.17,43455.85,Multan,Cash
ORD09778,CUST1203,Bilal Ahmed,2026-08-30,Cricket Ball,Sports,8,2048.61,16388.88,Multan,EasyPaisa
ORD09779,CUST1339,Bilal Ahmed,2025-08-22,Jeans,Clothing,2,2599.74,5199.48,Lahore,JazzCash
ORD09780,CUST2326,Omar Farooq,2025-12-18,Tea,Grocery,4,1156.6,4626.4,Islamabad,Debit Card
ORD09781,CUST0164,Hamza Shah,2026-04-27,Rice,Grocery,4,758.01,3032.04,Multan,JazzCash
ORD09782,CUST0624,Hamza Shah,2026-03-10,Tea,Grocery,7,579.78,4058.46,Faisalabad,Bank Transfer
ORD09783,CUST1103,Talha Malik,2026-06-14,Vacuum Cleaner,Home & Kitchen,5,40368.13,201840.65,Karachi,JazzCash
ORD09784,CUST2023,Zainab Ali,2025-04-11,Yoga Mat,Sports,7,4461.65,31231.55,Peshawar,EasyPaisa
ORD09785,CUST0480,Maham Raza,2025-09-22,Shoes,Clothing,2,14766.35,29532.7,Multan,Bank Transfer
ORD09786,CUST0057,Ali Khan,2026-04-12,Laptop,Electronics,6,184280.98,1105685.88,Faisalabad,Bank Transfer
ORD09787,CUST1876,Zainab Ali,2025-08-21,Mouse,Electronics,4,1476.05,5904.2,Sialkot,Cash
ORD09788,CUST0937,Hamza Shah,2025-03-21,Keyboard,Electronics,7,3288.96,23022.72,Gujranwala,EasyPaisa
ORD09789,CUST0371,Sara Khan,2025-02-06,Hoodie,Clothing,8,5043.5,40348.0,Lahore,Cash
ORD09790,CUST1218,Hassan Ali,2026-08-11,Rice,Grocery,6,613.36,3680.16,Multan,Bank Transfer
ORD09791,CUST1843,Ali Khan,2025-08-31,Jacket,Clothing,6,14526.51,87159.06,Sialkot,Debit Card
ORD09792,CUST2398,Abdullah Raza,2026-01-02,T-Shirt,Clothing,7,4362.98,30540.86,Multan,Bank Transfer
ORD09793,CUST0050,Abdullah Raza,2026-07-17,Cricket Ball,Sports,1,2419.15,2419.15,Sialkot,Debit Card
ORD09794,CUST1369,Sana Malik,2025-04-29,Skin Cream,Beauty,3,1369.35,4108.05,Sialkot,Bank Transfer
ORD09795,CUST0964,Danish Ahmed,2026-06-01,Running Shoes,Sports,1,7970.41,7970.41,Quetta,JazzCash
ORD09796,CUST2297,Abdullah Raza,2025-07-18,Jacket,Clothing,4,5588.48,22353.92,Multan,Credit Card
ORD09797,CUST1592,Ayesha Khan,2025-07-02,Dinner Set,Home & Kitchen,1,19747.55,19747.55,Sialkot,EasyPaisa
ORD09798,CUST1207,Fatima Ahmed,2026-01-12,Running Shoes,Sports,4,10044.05,40176.2,Sialkot,EasyPaisa
ORD09799,CUST1190,Maham Raza,2025-11-23,Running Shoes,Sports,6,4255.66,25533.96,Rawalpindi,EasyPaisa
ORD09800,CUST2316,Hamza Shah,2025-01-31,Face Wash,Beauty,5,889.52,4447.6,Quetta,Cash
ORD09801,CUST0871,Saad Khan,2025-11-09,Skin Cream,Beauty,8,2078.82,16630.56,Islamabad,JazzCash
ORD09802,CUST1445,Abdullah Raza,2026-03-28,Biscuits,Grocery,3,87.47,262.41,Gujranwala,JazzCash
ORD09803,CUST2271,Usman Malik,2026-08-12,Biscuits,Grocery,8,269.65,2157.2,Lahore,Debit Card
ORD09804,CUST2386,Hassan Ali,2026-03-24,Keyboard,Electronics,5,3925.89,19629.45,Sialkot,EasyPaisa
ORD09805,CUST1086,Maham Raza,2025-08-10,Jeans,Clothing,7,8855.11,61985.77,Gujranwala,JazzCash
ORD09806,CUST0615,Saad Khan,2026-01-20,Jeans,Clothing,4,5000.03,20000.12,Multan,Bank Transfer
ORD09807,CUST1057,Maham Raza,2025-04-19,Yoga Mat,Sports,2,2437.52,4875.04,Quetta,Debit Card
ORD09808,CUST2155,Ali Khan,2026-07-13,Lipstick,Beauty,7,1281.95,8973.65,Multan,Cash
ORD09809,CUST1366,Hassan Ali,2025-05-07,Running Shoes,Sports,2,10332.55,20665.1,Faisalabad,JazzCash
ORD09810,CUST0159,Ali Khan,2025-01-20,Smart Watch,Electronics,2,34628.16,69256.32,Rawalpindi,Cash
ORD09811,CUST1330,Hamza Shah,2026-05-02,Smartphone,Electronics,3,77847.42,233542.26,Quetta,Bank Transfer
ORD09812,CUST1253,Huzaifa Ali,2025-10-14,Hoodie,Clothing,3,5445.0,16335.0,Quetta,Bank Transfer
ORD09813,CUST0605,Danish Ahmed,2025-02-12,Face Wash,Beauty,1,1560.39,1560.39,Gujranwala,Debit Card
ORD09814,CUST0290,Sana Malik,2026-06-01,Cricket Ball,Sports,3,1790.77,5372.31,Peshawar,Bank Transfer
ORD09815,CUST0128,Usman Malik,2026-04-26,Headphones,Electronics,3,26533.99,79601.97,Gujranwala,EasyPaisa
ORD09816,CUST0465,Talha Malik,2025-05-09,Smartphone,Electronics,8,104687.18,837497.44,Islamabad,Bank Transfer
ORD09817,CUST1557,Sara Khan,2026-09-14,Face Wash,Beauty,7,1506.94,10548.58,Gujranwala,EasyPaisa
ORD09818,CUST0993,Usman Malik,2026-09-17,Air Fryer,Home & Kitchen,5,24546.77,122733.85,Quetta,Credit Card
ORD09819,CUST1142,Huzaifa Ali,2025-06-29,Jeans,Clothing,7,3344.6,23412.2,Lahore,JazzCash
ORD09820,CUST1489,Hira Shah,2026-06-07,Shoes,Clothing,6,9254.18,55525.08,Sialkot,Credit Card
ORD09821,CUST1187,Bilal Ahmed,2025-09-09,Hoodie,Clothing,5,9756.05,48780.25,Lahore,Debit Card
ORD09822,CUST0169,Huzaifa Ali,2025-12-28,Smartphone,Electronics,1,69355.38,69355.38,Rawalpindi,Bank Transfer
ORD09823,CUST0955,Maham Raza,2026-04-08,Cricket Ball,Sports,4,1195.76,4783.04,Lahore,EasyPaisa
ORD09824,CUST0664,Sara Khan,2025-12-18,Shoes,Clothing,3,23036.42,69109.26,Karachi,JazzCash
ORD09825,CUST2143,Huzaifa Ali,2025-03-30,Blender,Home & Kitchen,5,9764.57,48822.85,Islamabad,Bank Transfer
ORD09826,CUST0278,Omar Farooq,2025-05-27,Hoodie,Clothing,1,5886.65,5886.65,Peshawar,Bank Transfer
ORD09827,CUST0635,Omar Farooq,2025-08-02,Smartphone,Electronics,3,118424.16,355272.48,Sialkot,Bank Transfer
ORD09828,CUST1345,Hamza Shah,2025-10-24,Lipstick,Beauty,5,3408.58,17042.9,Islamabad,Credit Card
ORD09829,CUST2189,Sara Khan,2026-04-07,Sugar,Grocery,1,312.77,312.77,Peshawar,Cash
ORD09830,CUST0015,Maryam Ahmed,2025-05-11,Cereal,Grocery,5,843.7,4218.5,Lahore,JazzCash
ORD09831,CUST0639,Ayesha Khan,2026-08-10,Rice,Grocery,6,377.18,2263.08,Rawalpindi,Cash
ORD09832,CUST0364,Saad Khan,2025-04-30,Hoodie,Clothing,6,7154.23,42925.38,Peshawar,Bank Transfer
ORD09833,CUST0309,Hamza Shah,2025-07-24,Football,Sports,3,3756.6,11269.8,Islamabad,JazzCash
ORD09834,CUST2442,Fatima Ahmed,2026-06-10,Jacket,Clothing,5,14892.47,74462.35,Peshawar,JazzCash
ORD09835,CUST0099,Maham Raza,2025-12-17,Running Shoes,Sports,6,10414.86,62489.16,Quetta,Debit Card
ORD09836,CUST0524,Zainab Ali,2025-09-18,Football,Sports,4,5197.28,20789.12,Faisalabad,EasyPaisa
ORD09837,CUST0325,Maham Raza,2025-03-06,Jacket,Clothing,6,13316.61,79899.66,Faisalabad,EasyPaisa
ORD09838,CUST1214,Sara Khan,2025-01-09,Coffee Maker,Home & Kitchen,6,22896.35,137378.1,Multan,Credit Card
ORD09839,CUST2053,Huzaifa Ali,2025-06-04,Microwave,Home & Kitchen,3,28910.74,86732.22,Lahore,Bank Transfer
ORD09840,CUST1966,Sana Malik,2026-08-07,Jeans,Clothing,3,5238.22,15714.66,Gujranwala,Cash
ORD09841,CUST0849,Maham Raza,2025-07-22,Coffee Maker,Home & Kitchen,8,20663.62,165308.96,Islamabad,Cash
ORD09842,CUST0369,Usman Malik,2026-02-09,Smart Watch,Electronics,8,27025.33,216202.64,Lahore,Bank Transfer
ORD09843,CUST0670,Saad Khan,2025-02-09,Lipstick,Beauty,4,3426.78,13707.12,Peshawar,JazzCash
ORD09844,CUST2372,Huzaifa Ali,2026-07-18,Cricket Ball,Sports,2,987.45,1974.9,Multan,JazzCash
ORD09845,CUST1088,Saad Khan,2025-03-24,Perfume,Beauty,3,14011.8,42035.4,Peshawar,EasyPaisa
ORD09846,CUST0495,Maham Raza,2025-12-20,Face Wash,Beauty,6,2089.89,12539.34,Karachi,Cash
ORD09847,CUST1733,Maryam Ahmed,2026-02-18,Yoga Mat,Sports,5,2225.36,11126.8,Rawalpindi,Cash
ORD09848,CUST0017,Saad Khan,2026-07-10,Skin Cream,Beauty,5,4746.31,23731.55,Karachi,Credit Card
ORD09849,CUST1138,Sara Khan,2026-05-20,Running Shoes,Sports,3,20199.72,60599.16,Lahore,Cash
ORD09850,CUST1702,Ayesha Khan,2026-03-22,Mouse,Electronics,6,1677.62,10065.72,Karachi,Bank Transfer
ORD09851,CUST1517,Zainab Ali,2026-07-12,Laptop,Electronics,5,202026.27,1010131.35,Quetta,Bank Transfer
ORD09852,CUST0416,Bilal Ahmed,2026-06-15,Face Wash,Beauty,4,2653.21,10612.84,Faisalabad,Cash
ORD09853,CUST2387,Hira Shah,2026-01-31,Mouse,Electronics,7,2859.58,20017.06,Faisalabad,EasyPaisa
ORD09854,CUST0436,Ali Khan,2026-09-22,Coffee Maker,Home & Kitchen,6,9002.42,54014.52,Karachi,Debit Card
ORD09855,CUST1867,Omar Farooq,2025-04-15,Microwave,Home & Kitchen,8,47418.94,379351.52,Lahore,Debit Card
ORD09856,CUST2066,Maryam Ahmed,2025-07-14,T-Shirt,Clothing,2,4731.62,9463.24,Multan,Cash
ORD09857,CUST0430,Talha Malik,2026-02-25,Face Wash,Beauty,1,681.91,681.91,Rawalpindi,Debit Card
ORD09858,CUST1960,Talha Malik,2025-05-06,Cricket Ball,Sports,8,1829.28,14634.24,Quetta,Credit Card
ORD09859,CUST0324,Hira Shah,2025-03-02,Headphones,Electronics,5,13009.56,65047.8,Islamabad,Debit Card
ORD09860,CUST1104,Maryam Ahmed,2026-01-04,Shampoo,Beauty,5,1168.04,5840.2,Sialkot,JazzCash
ORD09861,CUST2445,Omar Farooq,2026-05-29,Hoodie,Clothing,1,9269.31,9269.31,Quetta,Credit Card
ORD09862,CUST1605,Huzaifa Ali,2025-04-20,Dinner Set,Home & Kitchen,7,9565.72,66960.04,Sialkot,EasyPaisa
ORD09863,CUST1253,Huzaifa Ali,2025-04-19,Shoes,Clothing,1,17737.45,17737.45,Karachi,Bank Transfer
ORD09864,CUST1134,Hira Shah,2026-02-11,Smartphone,Electronics,4,102064.99,408259.96,Multan,Bank Transfer
ORD09865,CUST0574,Talha Malik,2026-01-04,Sugar,Grocery,1,166.9,166.9,Islamabad,Credit Card
ORD09866,CUST1330,Sana Malik,2025-07-21,Running Shoes,Sports,5,21129.14,105645.7,Quetta,JazzCash
ORD09867,CUST0045,Talha Malik,2026-03-18,Perfume,Beauty,3,4582.73,13748.19,Faisalabad,EasyPaisa
ORD09868,CUST2107,Saad Khan,2025-12-11,Biscuits,Grocery,4,228.63,914.52,Rawalpindi,EasyPaisa
ORD09869,CUST2454,Hamza Shah,2026-04-04,Cereal,Grocery,5,1007.17,5035.85,Peshawar,JazzCash
ORD09870,CUST1061,Maham Raza,2025-11-05,Dinner Set,Home & Kitchen,5,14275.95,71379.75,Lahore,Credit Card
ORD09871,CUST2320,Hamza Shah,2026-06-07,Jeans,Clothing,5,3302.66,16513.3,Faisalabad,Credit Card
ORD09872,CUST2312,Hamza Shah,2026-06-02,Tea,Grocery,6,415.42,2492.52,Multan,EasyPaisa
ORD09873,CUST0889,Maryam Ahmed,2026-05-09,Tea,Grocery,3,569.82,1709.46,Islamabad,Cash
ORD09874,CUST1093,Hassan Ali,2026-09-16,Blender,Home & Kitchen,4,10669.25,42677.0,Faisalabad,Cash
ORD09875,CUST2405,Ahmed Raza,2026-06-22,Shampoo,Beauty,5,3305.96,16529.8,Lahore,JazzCash
ORD09876,CUST0518,Fatima Ahmed,2026-02-13,Headphones,Electronics,8,16035.95,128287.6,Lahore,EasyPaisa
ORD09877,CUST0127,Abdullah Raza,2025-02-23,Hoodie,Clothing,4,4112.49,16449.96,Islamabad,JazzCash
ORD09878,CUST2462,Hassan Ali,2026-07-26,Jeans,Clothing,3,5883.34,17650.02,Multan,JazzCash
ORD09879,CUST0647,Usman Malik,2026-05-24,Mouse,Electronics,7,1824.04,12768.28,Gujranwala,Credit Card
ORD09880,CUST1854,Talha Malik,2026-01-04,Coffee Maker,Home & Kitchen,2,27802.1,55604.2,Rawalpindi,Bank Transfer
ORD09881,CUST2494,Maryam Ahmed,2025-08-21,Headphones,Electronics,7,11541.53,80790.71,Gujranwala,JazzCash
ORD09882,CUST2157,Fatima Ahmed,2025-04-30,Yoga Mat,Sports,7,1214.48,8501.36,Rawalpindi,EasyPaisa
ORD09883,CUST2111,Omar Farooq,2026-08-22,Running Shoes,Sports,3,15249.94,45749.82,Rawalpindi,JazzCash
ORD09884,CUST1950,Huzaifa Ali,2025-04-21,Perfume,Beauty,8,12760.71,102085.68,Rawalpindi,Cash
ORD09885,CUST1265,Fatima Ahmed,2026-01-24,Keyboard,Electronics,6,3538.52,21231.12,Karachi,Debit Card
ORD09886,CUST2135,Bilal Ahmed,2025-11-10,Skin Cream,Beauty,8,2438.3,19506.4,Gujranwala,JazzCash
ORD09887,CUST0399,Huzaifa Ali,2025-07-16,Vacuum Cleaner,Home & Kitchen,4,39128.18,156512.72,Rawalpindi,Bank Transfer
ORD09888,CUST1338,Talha Malik,2025-03-30,Perfume,Beauty,3,15549.19,46647.57,Rawalpindi,Bank Transfer
ORD09889,CUST0409,Hira Shah,2026-02-25,T-Shirt,Clothing,4,3230.66,12922.64,Islamabad,Credit Card
ORD09890,CUST0357,Usman Malik,2025-08-27,Lipstick,Beauty,8,2563.65,20509.2,Lahore,EasyPaisa
ORD09891,CUST0458,Sara Khan,2026-06-18,Face Wash,Beauty,5,646.52,3232.6,Karachi,Cash
ORD09892,CUST2250,Maham Raza,2026-07-25,Jeans,Clothing,3,5288.74,15866.22,Quetta,Bank Transfer
ORD09893,CUST0443,Abdullah Raza,2026-04-29,Laptop,Electronics,7,137064.46,959451.22,Peshawar,Debit Card
ORD09894,CUST1665,Sara Khan,2025-06-19,Shoes,Clothing,1,17370.73,17370.73,Sialkot,EasyPaisa
ORD09895,CUST2306,Abdullah Raza,2025-08-03,Mouse,Electronics,8,2269.54,18156.32,Peshawar,JazzCash
ORD09896,CUST1871,Sana Malik,2025-07-28,Cooking Oil,Grocery,2,1075.69,2151.38,Karachi,Credit Card
ORD09897,CUST1413,Hira Shah,2026-03-29,Face Wash,Beauty,2,2299.77,4599.54,Quetta,Credit Card
ORD09898,CUST0041,Fatima Ahmed,2025-05-14,Blender,Home & Kitchen,3,13878.76,41636.28,Quetta,Bank Transfer
ORD09899,CUST2359,Ali Khan,2025-09-27,Cricket Bat,Sports,3,3485.7,10457.1,Quetta,Debit Card
ORD09900,CUST0874,Omar Farooq,2026-07-15,Skin Cream,Beauty,2,1459.53,2919.06,Multan,JazzCash
ORD09901,CUST0076,Hamza Shah,2026-08-26,Cooking Oil,Grocery,2,531.07,1062.14,Faisalabad,Bank Transfer
ORD09902,CUST0709,Hassan Ali,2026-04-24,Cooking Oil,Grocery,3,1232.87,3698.61,Lahore,EasyPaisa
ORD09903,CUST0106,Hamza Shah,2026-09-22,Shampoo,Beauty,1,2159.29,2159.29,Multan,Cash
ORD09904,CUST0522,Ali Khan,2025-05-16,Tea,Grocery,7,896.05,6272.35,Peshawar,EasyPaisa
ORD09905,CUST2189,Danish Ahmed,2025-09-02,Sugar,Grocery,5,211.16,1055.8,Faisalabad,Cash
ORD09906,CUST0554,Abdullah Raza,2025-03-05,Microwave,Home & Kitchen,3,25963.1,77889.3,Lahore,Cash
ORD09907,CUST1487,Usman Malik,2025-04-19,Cereal,Grocery,6,1240.44,7442.64,Quetta,Debit Card
ORD09908,CUST1153,Omar Farooq,2025-09-06,Sugar,Grocery,3,391.74,1175.22,Peshawar,JazzCash
ORD09909,CUST1375,Ali Khan,2026-03-18,Running Shoes,Sports,5,9931.8,49659.0,Rawalpindi,Credit Card
ORD09910,CUST1314,Bilal Ahmed,2025-04-15,Blender,Home & Kitchen,1,8461.6,8461.6,Quetta,JazzCash
ORD09911,CUST1010,Ahmed Raza,2025-02-04,Blender,Home & Kitchen,7,13116.68,91816.76,Quetta,Debit Card
ORD09912,CUST0955,Bilal Ahmed,2026-03-01,Yoga Mat,Sports,4,2715.2,10860.8,Islamabad,EasyPaisa
ORD09913,CUST1543,Ayesha Khan,2026-05-12,Perfume,Beauty,6,13141.21,78847.26,Faisalabad,Credit Card
ORD09914,CUST0713,Ayesha Khan,2025-03-13,Hoodie,Clothing,8,6862.78,54902.24,Peshawar,Credit Card
ORD09915,CUST1913,Ahmed Raza,2026-04-01,Headphones,Electronics,4,5735.61,22942.44,Peshawar,Cash
ORD09916,CUST2249,Maryam Ahmed,2025-03-24,Skin Cream,Beauty,1,4322.51,4322.51,Karachi,JazzCash
ORD09917,CUST0360,Ahmed Raza,2025-10-01,Cereal,Grocery,4,1043.99,4175.96,Multan,Debit Card
ORD09918,CUST0525,Maryam Ahmed,2025-09-28,Sugar,Grocery,3,341.14,1023.42,Faisalabad,Credit Card
ORD09919,CUST1894,Hamza Shah,2025-07-02,Keyboard,Electronics,5,8328.92,41644.6,Quetta,Bank Transfer
ORD09920,CUST1252,Huzaifa Ali,2026-02-14,Smartphone,Electronics,6,93067.27,558403.62,Peshawar,JazzCash
ORD09921,CUST1133,Huzaifa Ali,2026-02-27,Football,Sports,4,3213.73,12854.92,Sialkot,Credit Card
ORD09922,CUST0046,Saad Khan,2026-09-05,Rice,Grocery,6,790.02,4740.12,Gujranwala,Bank Transfer
ORD09923,CUST0638,Maham Raza,2025-03-02,Cereal,Grocery,1,1466.96,1466.96,Karachi,EasyPaisa
ORD09924,CUST0685,Zainab Ali,2025-02-16,Face Wash,Beauty,7,1894.81,13263.67,Rawalpindi,Credit Card
ORD09925,CUST0704,Hassan Ali,2025-01-02,Air Fryer,Home & Kitchen,2,13589.09,27178.18,Lahore,Cash
ORD09926,CUST2350,Bilal Ahmed,2025-01-26,Hoodie,Clothing,7,3509.75,24568.25,Islamabad,EasyPaisa
ORD09927,CUST1715,Ayesha Khan,2025-06-28,Face Wash,Beauty,8,1646.48,13171.84,Rawalpindi,Credit Card
ORD09928,CUST0050,Bilal Ahmed,2025-02-23,Face Wash,Beauty,4,2786.84,11147.36,Rawalpindi,Credit Card
ORD09929,CUST0035,Ahmed Raza,2025-10-02,Shampoo,Beauty,3,1072.75,3218.25,Peshawar,Credit Card
ORD09930,CUST1660,Ahmed Raza,2026-06-25,Jacket,Clothing,5,5313.68,26568.4,Lahore,JazzCash
ORD09931,CUST1857,Sara Khan,2025-09-14,Dinner Set,Home & Kitchen,3,14950.6,44851.8,Sialkot,Cash
ORD09932,CUST1643,Abdullah Raza,2026-04-20,Cricket Bat,Sports,3,16021.95,48065.85,Sialkot,EasyPaisa
ORD09933,CUST0192,Huzaifa Ali,2025-11-19,Mouse,Electronics,5,6482.57,32412.85,Islamabad,Cash
ORD09934,CUST1873,Huzaifa Ali,2025-05-16,Cricket Bat,Sports,7,20022.54,140157.78,Islamabad,Bank Transfer
ORD09935,CUST2363,Saad Khan,2025-08-07,Lipstick,Beauty,6,1064.27,6385.62,Rawalpindi,Bank Transfer
ORD09936,CUST0215,Usman Malik,2025-09-30,Tea,Grocery,8,584.68,4677.44,Islamabad,JazzCash
ORD09937,CUST1410,Sara Khan,2026-07-04,Shampoo,Beauty,1,2784.88,2784.88,Faisalabad,Credit Card
ORD09938,CUST0482,Bilal Ahmed,2025-08-21,T-Shirt,Clothing,6,2763.12,16578.72,Faisalabad,EasyPaisa
ORD09939,CUST2494,Ahmed Raza,2026-04-06,Hoodie,Clothing,3,9170.0,27510.0,Peshawar,Bank Transfer
ORD09940,CUST2288,Zainab Ali,2025-09-27,Air Fryer,Home & Kitchen,4,19754.03,79016.12,Faisalabad,Cash
ORD09941,CUST1708,Hassan Ali,2025-03-15,Jeans,Clothing,7,4016.63,28116.41,Multan,Credit Card
ORD09942,CUST1889,Omar Farooq,2026-09-04,T-Shirt,Clothing,2,4775.92,9551.84,Rawalpindi,Bank Transfer
ORD09943,CUST0062,Fatima Ahmed,2025-05-29,Cricket Ball,Sports,6,1730.23,10381.38,Multan,Credit Card
ORD09944,CUST0682,Sara Khan,2025-12-29,Microwave,Home & Kitchen,1,38993.55,38993.55,Quetta,Credit Card
ORD09945,CUST1551,Hamza Shah,2026-04-08,Skin Cream,Beauty,1,3327.83,3327.83,Rawalpindi,Cash
ORD09946,CUST2498,Zainab Ali,2025-08-22,Yoga Mat,Sports,7,4851.3,33959.1,Faisalabad,Bank Transfer
ORD09947,CUST0036,Hassan Ali,2025-05-21,Laptop,Electronics,3,216089.81,648269.43,Peshawar,JazzCash
ORD09948,CUST0644,Talha Malik,2025-04-16,Skin Cream,Beauty,6,4119.48,24716.88,Lahore,Debit Card
ORD09949,CUST0085,Ayesha Khan,2025-07-15,Rice,Grocery,8,641.35,5130.8,Gujranwala,Credit Card
ORD09950,CUST2407,Ali Khan,2025-08-12,Laptop,Electronics,1,71525.48,71525.48,Karachi,Cash
ORD09951,CUST0690,Hamza Shah,2026-07-27,Smart Watch,Electronics,3,6958.86,20876.58,Lahore,Credit Card
ORD09952,CUST0470,Sana Malik,2025-12-09,Skin Cream,Beauty,2,2768.55,5537.1,Karachi,JazzCash
ORD09953,CUST1170,Ahmed Raza,2026-01-11,Skin Cream,Beauty,7,4323.26,30262.82,Karachi,JazzCash
ORD09954,CUST1509,Ayesha Khan,2026-01-11,Jacket,Clothing,6,16113.93,96683.58,Gujranwala,JazzCash
ORD09955,CUST1240,Hassan Ali,2025-11-21,Smart Watch,Electronics,2,24129.7,48259.4,Islamabad,Bank Transfer
ORD09956,CUST2131,Ayesha Khan,2025-05-22,Football,Sports,4,3837.12,15348.48,Quetta,Cash
ORD09957,CUST1279,Fatima Ahmed,2025-12-04,Cricket Ball,Sports,8,2370.49,18963.92,Sialkot,JazzCash
ORD09958,CUST1606,Hira Shah,2025-10-26,Jeans,Clothing,3,4226.33,12678.99,Lahore,Debit Card
ORD09959,CUST0753,Ali Khan,2025-06-07,Cooking Oil,Grocery,5,1099.03,5495.15,Sialkot,Cash
ORD09960,CUST0163,Usman Malik,2025-04-11,Laptop,Electronics,4,204260.16,817040.64,Peshawar,Bank Transfer
ORD09961,CUST1881,Ahmed Raza,2026-03-18,Smart Watch,Electronics,1,22656.71,22656.71,Faisalabad,Bank Transfer
ORD09962,CUST0883,Maham Raza,2026-09-23,T-Shirt,Clothing,2,1810.08,3620.16,Lahore,EasyPaisa
ORD09963,CUST0904,Maham Raza,2025-07-29,Football,Sports,3,3911.42,11734.26,Quetta,Debit Card
ORD09964,CUST1026,Hassan Ali,2025-08-29,Tablet,Electronics,2,32097.06,64194.12,Gujranwala,Bank Transfer
ORD09965,CUST0988,Abdullah Raza,2026-03-29,Perfume,Beauty,5,8840.21,44201.05,Sialkot,Cash
ORD09966,CUST1372,Talha Malik,2025-12-20,Microwave,Home & Kitchen,2,32857.96,65715.92,Islamabad,EasyPaisa
ORD09967,CUST2138,Hamza Shah,2025-04-12,Running Shoes,Sports,5,12124.88,60624.4,Peshawar,Credit Card
ORD09968,CUST1614,Bilal Ahmed,2025-07-23,Yoga Mat,Sports,2,1935.94,3871.88,Faisalabad,Credit Card
ORD09969,CUST0816,Abdullah Raza,2026-04-20,Cricket Ball,Sports,2,1827.01,3654.02,Multan,EasyPaisa
ORD09970,CUST0116,Zainab Ali,2025-09-30,Jeans,Clothing,5,6353.01,31765.05,Multan,Debit Card
ORD09971,CUST2269,Hassan Ali,2025-03-30,Running Shoes,Sports,3,8964.14,26892.42,Quetta,Cash
ORD09972,CUST1759,Huzaifa Ali,2025-05-23,Mouse,Electronics,7,6293.88,44057.16,Peshawar,Cash
ORD09973,CUST1934,Sara Khan,2025-11-01,Smart Watch,Electronics,5,42137.73,210688.65,Lahore,Bank Transfer
ORD09974,CUST2133,Sara Khan,2025-06-11,Sugar,Grocery,7,300.31,2102.17,Quetta,Debit Card
ORD09975,CUST1312,Huzaifa Ali,2025-06-09,Jeans,Clothing,6,3787.03,22722.18,Gujranwala,Cash
ORD09976,CUST0683,Maham Raza,2025-12-31,Dinner Set,Home & Kitchen,3,14495.35,43486.05,Multan,EasyPaisa
ORD09977,CUST0905,Danish Ahmed,2025-12-02,Mouse,Electronics,2,2581.23,5162.46,Multan,Credit Card
ORD09978,CUST0532,Usman Malik,2025-12-31,Keyboard,Electronics,4,3542.79,14171.16,Faisalabad,Bank Transfer
ORD09979,CUST1844,Fatima Ahmed,2025-03-19,Shampoo,Beauty,6,2519.46,15116.76,Rawalpindi,Cash
ORD09980,CUST0322,Abdullah Raza,2025-05-12,Face Wash,Beauty,7,2824.47,19771.29,Quetta,Bank Transfer
ORD09981,CUST1751,Maham Raza,2025-07-05,T-Shirt,Clothing,8,2334.45,18675.6,Faisalabad,Credit Card
ORD09982,CUST0481,Abdullah Raza,2025-01-04,Dinner Set,Home & Kitchen,7,14529.14,101703.98,Faisalabad,JazzCash
ORD09983,CUST0470,Ali Khan,2026-07-06,Football,Sports,1,2285.04,2285.04,Quetta,Debit Card
ORD09984,CUST2236,Hira Shah,2025-11-08,Cricket Ball,Sports,6,2312.97,13877.82,Karachi,Bank Transfer
ORD09985,CUST0455,Usman Malik,2025-12-01,Cricket Ball,Sports,6,583.06,3498.36,Lahore,Bank Transfer
ORD09986,CUST1644,Hamza Shah,2025-01-16,Perfume,Beauty,4,17594.89,70379.56,Multan,Debit Card
ORD09987,CUST2201,Maryam Ahmed,2026-04-20,Rice,Grocery,6,283.34,1700.04,Lahore,Credit Card
ORD09988,CUST2400,Sana Malik,2025-04-01,Running Shoes,Sports,2,6195.01,12390.02,Islamabad,Bank Transfer
ORD09989,CUST1579,Sara Khan,2026-03-05,Rice,Grocery,4,274.56,1098.24,Lahore,JazzCash
ORD09990,CUST2146,Huzaifa Ali,2026-09-27,Jeans,Clothing,8,6111.36,48890.88,Karachi,Debit Card
ORD09991,CUST0252,Hira Shah,2026-03-15,Shampoo,Beauty,6,2665.28,15991.68,Sialkot,Bank Transfer
ORD09992,CUST0728,Fatima Ahmed,2025-12-05,Air Fryer,Home & Kitchen,2,26941.87,53883.74,Islamabad,JazzCash
ORD09993,CUST1542,Hamza Shah,2025-04-15,Cricket Ball,Sports,1,1831.46,1831.46,Multan,Credit Card
ORD09994,CUST1562,Hassan Ali,2025-03-09,Running Shoes,Sports,4,9382.42,37529.68,Rawalpindi,Cash
ORD09995,CUST1438,Hassan Ali,2025-11-12,Mouse,Electronics,1,2586.19,2586.19,Lahore,EasyPaisa
ORD09996,CUST2191,Saad Khan,2026-06-10,Jeans,Clothing,7,4531.56,31720.92,Gujranwala,Bank Transfer
ORD09997,CUST2085,Sara Khan,2025-07-22,T-Shirt,Clothing,7,1532.21,10725.47,Quetta,JazzCash
ORD09998,CUST0270,Bilal Ahmed,2025-10-08,Shampoo,Beauty,5,3243.24,16216.2,Karachi,EasyPaisa
ORD09999,CUST0591,Hamza Shah,2025-06-01,Headphones,Electronics,7,23529.43,164706.01,Quetta,EasyPaisa
ORD10000,CUST0806,Bilal Ahmed,2025-01-04,Shampoo,Beauty,7,966.49,6765.43,Lahore,Cash
