Order_ID,Order_Date,Customer,Product,Category,Supplier,Warehouse,Origin,Destination,Region,Transport_Mode,Carrier,Order_Qty,Shipping_Cost,Distance_KM,Delivery_Date,Expected_Date,Status,Delay_Reason,Delivery_Days,Delay_Days,On_Time,Month
ORD0001,2026-11-24,ABC Store,Printer,Electronics,Supplier B,WH-02,Lahore,Multan,,Truck,Pakistan Railways,12,19837,,2026-11-30,2026-11-29,Delayed,Weather,6,1,No,2026-11
ORD0002,2026-04-30,Star Enterprises,Monitor,Electronics,Supplier E,WH-04,Islamabad,Peshawar,,Courier,Pakistan Railways,36,68430,,2026-05-01,2026-05-02,On Time,None,1,-1,Yes,2026-04
ORD0003,2026-12-24,Super Store,Flour,Grocery,Supplier B,WH-02,Faisalabad,Lahore,,Truck,TCS,49,71292,,2026-12-28,2026-12-28,On Time,None,4,0,Yes,2026-12
ORD0004,2026-01-23,Global Traders,Mouse,Electronics,Supplier A,WH-03,Karachi,Faisalabad,,Rail,Pakistan Railways,25,25271,,2026-01-27,2026-01-25,Delayed,Vehicle Breakdown,4,2,No,2026-01
ORD0005,2026-02-10,Metro Mart,Mouse,Electronics,Supplier C,WH-04,Karachi,Faisalabad,,Rail,DHL,48,43110,,2026-02-12,2026-02-13,On Time,None,2,-1,Yes,2026-02
ORD0006,2026-11-08,XYZ Ltd,Table,Furniture,Supplier D,WH-04,Karachi,Islamabad,,Van,M&P,99,112256,,2026-11-09,2026-11-10,On Time,None,1,-1,Yes,2026-11
ORD0007,2026-06-11,Super Store,Rice,Grocery,Supplier B,WH-03,Islamabad,Peshawar,,Courier,Leopards,83,150158,,2026-06-13,2026-06-14,On Time,None,2,-1,Yes,2026-06
ORD0008,2026-10-15,Star Enterprises,Milk Powder,Grocery,Supplier E,WH-04,Peshawar,Islamabad,,Courier,M&P,29,50333,,2026-10-20,2026-10-21,On Time,None,5,-1,Yes,2026-10
ORD0009,2026-02-26,XYZ Ltd,Office Chair,Furniture,Supplier D,WH-01,Multan,Karachi,,Courier,Pakistan Railways,60,109334,,2026-03-01,2026-03-02,On Time,None,3,-1,Yes,2026-02
ORD0010,2026-12-15,ABC Store,Milk Powder,Grocery,Supplier C,WH-01,Karachi,Islamabad,,Courier,DHL,59,103226,,2026-12-22,2026-12-22,On Time,None,7,0,Yes,2026-12
ORD0011,2026-09-14,XYZ Ltd,Printer,Electronics,Supplier E,WH-02,Lahore,Multan,,Rail,DHL,70,67811,,2026-09-20,2026-09-20,On Time,None,6,0,Yes,2026-09
ORD0012,2026-09-08,Ali Traders,Keyboard,Electronics,Supplier C,WH-02,Lahore,Islamabad,,Van,Pakistan Railways,11,9801,,2026-09-14,2026-09-15,On Time,None,6,-1,Yes,2026-09
ORD0013,2026-09-30,XYZ Ltd,Bookshelf,Furniture,Supplier D,WH-02,Karachi,Islamabad,,Courier,DHL,70,129187,,2026-10-07,2026-10-07,On Time,None,7,0,Yes,2026-09
ORD0014,2026-07-24,Pak Furniture,T-Shirt,Clothing,Supplier D,WH-01,Islamabad,Peshawar,,Van,TCS,44,45572,,2026-07-29,2026-07-30,On Time,None,5,-1,Yes,2026-07
ORD0015,2026-01-04,ABC Store,Monitor,Electronics,Supplier A,WH-01,Faisalabad,Lahore,,Truck,Pakistan Railways,31,45781,,2026-01-10,2026-01-11,On Time,None,6,-1,Yes,2026-01
ORD0016,2026-10-20,New City Store,Trousers,Clothing,Supplier D,WH-04,Islamabad,Peshawar,,Truck,TCS,85,128031,,2026-10-24,2026-10-24,On Time,None,4,0,Yes,2026-10
ORD0017,2026-01-28,ABC Store,Mouse,Electronics,Supplier C,WH-01,Islamabad,Peshawar,,Van,DHL,69,76575,,2026-01-31,2026-01-31,On Time,None,3,0,Yes,2026-01
ORD0018,2026-08-25,Metro Mart,Router,Electronics,Supplier E,WH-01,Lahore,Islamabad,,Truck,TCS,97,149452,,2026-09-01,2026-08-28,Delayed,Warehouse Issue,7,4,No,2026-08
ORD0019,2026-04-20,Super Store,Tablet,Electronics,Supplier D,WH-01,Multan,Karachi,,Rail,Leopards,37,33765,,2026-04-27,2026-04-27,On Time,None,7,0,Yes,2026-04
ORD0020,2026-03-21,Metro Mart,Sugar,Grocery,Supplier A,WH-01,Gujranwala,Lahore,,Rail,TCS,7,8085,,2026-03-25,2026-03-26,On Time,None,4,-1,Yes,2026-03
ORD0021,2026-01-30,Star Enterprises,Tablet,Electronics,Supplier A,WH-01,Karachi,Faisalabad,,Van,Leopards,16,22313,,2026-02-04,2026-02-05,On Time,None,5,-1,Yes,2026-01
ORD0022,2026-11-14,ABC Store,Uniform,Clothing,Supplier E,WH-03,Karachi,Islamabad,,Van,M&P,31,33275,,2026-11-22,2026-11-19,Delayed,Warehouse Issue,8,3,No,2026-11
ORD0023,2026-06-11,ABC Store,Router,Electronics,Supplier E,WH-01,Karachi,Lahore,,Van,Pakistan Railways,34,35485,,2026-06-14,2026-06-15,On Time,None,3,-1,Yes,2026-06
ORD0024,2026-07-09,City Electronics,Sofa,Furniture,Supplier E,WH-03,Peshawar,Islamabad,,Truck,Pakistan Railways,39,63132,,2026-07-18,2026-07-16,Delayed,Vehicle Breakdown,9,2,No,2026-07
ORD0025,2026-03-01,ABC Store,Desk,Furniture,Supplier C,WH-02,Gujranwala,Lahore,,Rail,DHL,88,81395,,2026-03-05,2026-03-05,On Time,None,4,0,Yes,2026-03
ORD0026,2026-01-27,ABC Store,Jacket,Clothing,Supplier A,WH-01,Faisalabad,Lahore,,Van,M&P,21,26172,,2026-02-01,2026-02-01,On Time,None,5,0,Yes,2026-01
ORD0027,2026-10-15,Ali Traders,Mobile,Electronics,Supplier B,WH-01,Faisalabad,Lahore,,Van,Leopards,17,16042,,2026-10-18,2026-10-19,On Time,None,3,-1,Yes,2026-10
ORD0028,2026-07-03,Metro Mart,Bookshelf,Furniture,Supplier A,WH-03,Lahore,Faisalabad,,Courier,Pakistan Railways,96,171066,,2026-07-05,2026-07-06,On Time,None,2,-1,Yes,2026-07
ORD0029,2026-07-31,Ali Traders,Bookshelf,Furniture,Supplier C,WH-04,Karachi,Faisalabad,,Van,M&P,21,26550,,2026-08-08,2026-08-07,Delayed,Warehouse Issue,8,1,No,2026-07
ORD0030,2026-04-24,Metro Mart,Jacket,Clothing,Supplier C,WH-02,Islamabad,Peshawar,,Truck,DHL,52,77689,,2026-04-28,2026-04-28,On Time,None,4,0,Yes,2026-04
ORD0031,2026-06-29,Star Enterprises,Uniform,Clothing,Supplier E,WH-03,Lahore,Islamabad,,Truck,M&P,23,36256,,2026-07-08,2026-07-03,Delayed,Warehouse Issue,9,5,No,2026-06
ORD0032,2026-06-26,Pak Furniture,T-Shirt,Clothing,Supplier E,WH-01,Multan,Karachi,,Van,M&P,6,9406,,2026-07-06,2026-07-01,Delayed,Weather,10,5,No,2026-06
ORD0033,2026-07-06,Super Store,Keyboard,Electronics,Supplier E,WH-03,Karachi,Faisalabad,,Truck,M&P,65,97033,,2026-07-13,2026-07-13,On Time,None,7,0,Yes,2026-07
ORD0034,2026-12-23,City Electronics,Table,Furniture,Supplier D,WH-04,Karachi,Faisalabad,,Van,Pakistan Railways,73,79765,,2026-12-27,2026-12-28,On Time,None,4,-1,Yes,2026-12
ORD0035,2026-06-05,City Electronics,Sofa,Furniture,Supplier E,WH-03,Rawalpindi,Lahore,,Courier,Leopards,87,155350,,2026-06-10,2026-06-11,On Time,None,5,-1,Yes,2026-06
ORD0036,2026-12-04,ABC Store,Tea,Grocery,Supplier E,WH-03,Karachi,Lahore,,Van,M&P,29,35507,,2026-12-08,2026-12-07,Delayed,Weather,4,1,No,2026-12
ORD0037,2026-09-01,New City Store,Router,Electronics,Supplier D,WH-02,Gujranwala,Lahore,,Courier,Leopards,52,92598,,2026-09-03,2026-09-04,On Time,None,2,-1,Yes,2026-09
ORD0038,2026-02-24,Super Store,Table,Furniture,Supplier E,WH-04,Lahore,Islamabad,,Van,TCS,59,62992,,2026-03-01,2026-03-01,On Time,None,5,0,Yes,2026-02
ORD0039,2026-08-15,New City Store,T-Shirt,Clothing,Supplier D,WH-02,Gujranwala,Lahore,,Courier,Leopards,34,64358,,2026-08-18,2026-08-18,On Time,None,3,0,Yes,2026-08
ORD0040,2026-09-24,Global Traders,Desk,Furniture,Supplier D,WH-01,Gujranwala,Lahore,,Rail,DHL,35,31251,,2026-09-27,2026-09-28,On Time,None,3,-1,Yes,2026-09
ORD0041,2026-03-12,XYZ Ltd,Sofa,Furniture,Supplier B,WH-02,Karachi,Lahore,,Courier,Leopards,43,78845,,2026-03-16,2026-03-17,On Time,None,4,-1,Yes,2026-03
ORD0042,2026-08-04,Super Store,Mouse,Electronics,Supplier D,WH-01,Faisalabad,Lahore,,Rail,Leopards,54,50009,,2026-08-10,2026-08-11,On Time,None,6,-1,Yes,2026-08
ORD0043,2026-09-07,Metro Mart,Cooking Oil,Grocery,Supplier D,WH-01,Multan,Karachi,,Rail,Leopards,93,82052,,2026-09-11,2026-09-12,On Time,None,4,-1,Yes,2026-09
ORD0044,2026-07-21,New City Store,Mobile,Electronics,Supplier D,WH-02,Rawalpindi,Lahore,,Van,TCS,34,37505,,2026-07-25,2026-07-25,On Time,None,4,0,Yes,2026-07
ORD0045,2026-06-22,Super Store,Cooking Oil,Grocery,Supplier C,WH-01,Rawalpindi,Lahore,,Truck,Pakistan Railways,7,15298,,2026-06-25,2026-06-26,On Time,None,3,-1,Yes,2026-06
ORD0046,2026-11-30,Ali Traders,Monitor,Electronics,Supplier B,WH-01,Peshawar,Islamabad,,Van,DHL,17,19579,,2026-12-09,2026-12-07,Delayed,Warehouse Issue,9,2,No,2026-11
ORD0047,2026-12-25,City Electronics,Sugar,Grocery,Supplier E,WH-01,Lahore,Multan,,Rail,TCS,75,64710,,2026-12-29,2026-12-29,On Time,None,4,0,Yes,2026-12
ORD0048,2026-07-23,Metro Mart,Monitor,Electronics,Supplier A,WH-03,Karachi,Faisalabad,,Truck,Pakistan Railways,6,8844,,2026-07-29,2026-07-29,On Time,None,6,0,Yes,2026-07
ORD0049,2026-02-05,Star Enterprises,Rice,Grocery,Supplier D,WH-04,Karachi,Lahore,,Courier,M&P,82,151903,,2026-02-10,2026-02-10,On Time,None,5,0,Yes,2026-02
ORD0050,2026-04-01,Star Enterprises,Tea,Grocery,Supplier E,WH-04,Rawalpindi,Lahore,,Courier,Pakistan Railways,35,62640,,2026-04-03,2026-04-04,On Time,None,2,-1,Yes,2026-04
ORD0051,2026-05-23,Global Traders,Office Chair,Furniture,Supplier D,WH-04,Faisalabad,Lahore,,Truck,Leopards,42,61489,,2026-05-28,2026-05-28,On Time,None,5,0,Yes,2026-05
ORD0052,2026-06-24,City Electronics,Tea,Grocery,Supplier A,WH-02,Karachi,Lahore,,Van,Leopards,63,70848,,2026-06-27,2026-06-27,On Time,None,3,0,Yes,2026-06
ORD0053,2026-08-18,Ali Traders,Printer,Electronics,Supplier B,WH-04,Gujranwala,Lahore,,Van,M&P,85,95264,,2026-08-22,2026-08-22,On Time,None,4,0,Yes,2026-08
ORD0054,2026-08-06,Star Enterprises,Flour,Grocery,Supplier D,WH-03,Karachi,Islamabad,,Rail,DHL,16,17308,,2026-08-08,2026-08-09,On Time,None,2,-1,Yes,2026-08
ORD0055,2026-04-09,Metro Mart,Jacket,Clothing,Supplier E,WH-03,Karachi,Lahore,,Van,M&P,30,32956,,2026-04-11,2026-04-12,On Time,None,2,-1,Yes,2026-04
ORD0056,2026-05-21,Ali Traders,Printer,Electronics,Supplier B,WH-04,Karachi,Lahore,,Truck,Pakistan Railways,37,56345,,2026-05-25,2026-05-26,On Time,None,4,-1,Yes,2026-05
ORD0057,2026-01-27,City Electronics,Shirt,Clothing,Supplier A,WH-04,Rawalpindi,Lahore,,Truck,Pakistan Railways,81,124123,,2026-02-03,2026-01-29,Delayed,Vehicle Breakdown,7,5,No,2026-01
ORD0058,2026-02-13,Metro Mart,Mouse,Electronics,Supplier E,WH-02,Lahore,Faisalabad,,Courier,Leopards,57,102035,,2026-02-19,2026-02-19,On Time,None,6,0,Yes,2026-02
ORD0059,2026-10-19,New City Store,Mobile,Electronics,Supplier B,WH-02,Karachi,Islamabad,,Truck,DHL,31,44923,,2026-10-26,2026-10-25,Delayed,Warehouse Issue,7,1,No,2026-10
ORD0060,2026-08-19,New City Store,Jacket,Clothing,Supplier A,WH-02,Karachi,Islamabad,,Rail,Leopards,10,11631,,2026-08-21,2026-08-22,On Time,None,2,-1,Yes,2026-08
ORD0061,2026-08-06,ABC Store,Bookshelf,Furniture,Supplier B,WH-03,Lahore,Multan,,Truck,TCS,22,36493,,2026-08-10,2026-08-10,On Time,None,4,0,Yes,2026-08
ORD0062,2026-08-13,ABC Store,Uniform,Clothing,Supplier C,WH-04,Karachi,Islamabad,,Courier,Leopards,11,21699,,2026-08-15,2026-08-15,On Time,None,2,0,Yes,2026-08
ORD0063,2026-11-06,City Electronics,Mobile,Electronics,Supplier B,WH-01,Karachi,Faisalabad,,Rail,Pakistan Railways,6,8651,,2026-11-09,2026-11-09,On Time,None,3,0,Yes,2026-11
ORD0064,2026-05-23,XYZ Ltd,Uniform,Clothing,Supplier D,WH-01,Rawalpindi,Lahore,,Rail,Leopards,43,38330,,2026-06-01,2026-05-30,Delayed,Vehicle Breakdown,9,2,No,2026-05
ORD0065,2026-07-30,Global Traders,Milk Powder,Grocery,Supplier D,WH-01,Rawalpindi,Lahore,,Truck,M&P,33,49148,,2026-08-01,2026-08-01,On Time,None,2,0,Yes,2026-07
ORD0066,2026-09-21,Ali Traders,Shoes,Clothing,Supplier A,WH-02,Lahore,Faisalabad,,Rail,Pakistan Railways,97,88383,,2026-09-27,2026-09-28,On Time,None,6,-1,Yes,2026-09
ORD0067,2026-04-15,City Electronics,Desk,Furniture,Supplier D,WH-04,Karachi,Lahore,,Truck,Pakistan Railways,31,49314,,2026-04-17,2026-04-18,On Time,None,2,-1,Yes,2026-04
ORD0068,2026-10-10,Super Store,Monitor,Electronics,Supplier A,WH-04,Karachi,Lahore,,Van,Leopards,92,100590,,2026-10-16,2026-10-16,On Time,None,6,0,Yes,2026-10
ORD0069,2026-09-05,Global Traders,Sofa,Furniture,Supplier E,WH-02,Multan,Karachi,,Van,Pakistan Railways,66,75713,,2026-09-08,2026-09-08,On Time,None,3,0,Yes,2026-09
ORD0070,2026-08-01,Pak Furniture,Rice,Grocery,Supplier C,WH-03,Peshawar,Islamabad,,Courier,DHL,58,105812,,2026-08-06,2026-08-06,On Time,None,5,0,Yes,2026-08
ORD0071,2026-08-22,Pak Furniture,Bookshelf,Furniture,Supplier B,WH-04,Islamabad,Peshawar,,Courier,TCS,41,76900,,2026-08-27,2026-08-27,On Time,None,5,0,Yes,2026-08
ORD0072,2026-07-17,XYZ Ltd,Shirt,Clothing,Supplier B,WH-03,Karachi,Lahore,,Courier,TCS,68,126858,,2026-07-24,2026-07-22,Delayed,Warehouse Issue,7,2,No,2026-07
ORD0073,2026-12-02,XYZ Ltd,Router,Electronics,Supplier C,WH-03,Peshawar,Islamabad,,Courier,TCS,43,81382,,2026-12-09,2026-12-09,On Time,None,7,0,Yes,2026-12
ORD0074,2026-06-12,Global Traders,Mobile,Electronics,Supplier B,WH-03,Islamabad,Peshawar,,Truck,Leopards,13,22728,,2026-06-18,2026-06-19,On Time,None,6,-1,Yes,2026-06
ORD0075,2026-08-16,XYZ Ltd,Rice,Grocery,Supplier A,WH-03,Lahore,Islamabad,,Rail,M&P,48,43728,,2026-08-19,2026-08-19,On Time,None,3,0,Yes,2026-08
ORD0076,2026-10-17,XYZ Ltd,Table,Furniture,Supplier A,WH-04,Peshawar,Islamabad,,Van,Leopards,75,80672,,2026-10-20,2026-10-20,On Time,None,3,0,Yes,2026-10
ORD0077,2026-08-24,City Electronics,Router,Electronics,Supplier C,WH-02,Karachi,Lahore,,Courier,M&P,76,136250,,2026-08-31,2026-08-31,On Time,None,7,0,Yes,2026-08
ORD0078,2026-08-22,City Electronics,Sofa,Furniture,Supplier D,WH-01,Islamabad,Peshawar,,Courier,Pakistan Railways,46,84508,,2026-08-26,2026-08-26,On Time,None,4,0,Yes,2026-08
ORD0079,2026-01-12,Super Store,Rice,Grocery,Supplier E,WH-01,Peshawar,Islamabad,,Courier,M&P,100,183544,,2026-01-15,2026-01-15,On Time,None,3,0,Yes,2026-01
ORD0080,2026-04-23,Metro Mart,Milk Powder,Grocery,Supplier B,WH-01,Karachi,Faisalabad,,Truck,M&P,57,82773,,2026-04-28,2026-04-29,On Time,None,5,-1,Yes,2026-04
ORD0081,2026-02-16,City Electronics,Milk Powder,Grocery,Supplier D,WH-02,Islamabad,Peshawar,,Van,Pakistan Railways,47,53048,,2026-02-21,2026-02-22,On Time,None,5,-1,Yes,2026-02
ORD0082,2026-05-12,Global Traders,Milk Powder,Grocery,Supplier C,WH-01,Rawalpindi,Lahore,,Truck,DHL,97,150417,,2026-05-15,2026-05-15,On Time,None,3,0,Yes,2026-05
ORD0083,2026-10-13,Pak Furniture,Mouse,Electronics,Supplier A,WH-03,Lahore,Faisalabad,,Truck,Leopards,48,74511,,2026-10-20,2026-10-20,On Time,None,7,0,Yes,2026-10
ORD0084,2026-11-23,Pak Furniture,Monitor,Electronics,Supplier D,WH-01,Peshawar,Islamabad,,Rail,Pakistan Railways,29,28405,,2026-11-25,2026-11-25,On Time,None,2,0,Yes,2026-11
ORD0085,2026-12-25,City Electronics,Shirt,Clothing,Supplier B,WH-01,Lahore,Islamabad,,Rail,Leopards,15,11296,,2026-12-27,2026-12-28,On Time,None,2,-1,Yes,2026-12
ORD0086,2026-07-18,Global Traders,Milk Powder,Grocery,Supplier E,WH-04,Peshawar,Islamabad,,Van,Leopards,84,90211,,2026-07-23,2026-07-23,On Time,None,5,0,Yes,2026-07
ORD0087,2026-01-17,Pak Furniture,Sofa,Furniture,Supplier D,WH-02,Faisalabad,Lahore,,Truck,M&P,70,109386,,2026-01-24,2026-01-24,On Time,None,7,0,Yes,2026-01
ORD0088,2026-05-22,Metro Mart,Router,Electronics,Supplier A,WH-02,Karachi,Faisalabad,,Truck,TCS,43,63495,,2026-05-24,2026-05-25,On Time,None,2,-1,Yes,2026-05
ORD0089,2026-02-05,Star Enterprises,Cabinet,Furniture,Supplier B,WH-02,Faisalabad,Lahore,,Van,Pakistan Railways,1,1500,,2026-02-08,2026-02-08,On Time,None,3,0,Yes,2026-02
ORD0090,2026-03-31,ABC Store,Tablet,Electronics,Supplier A,WH-03,Islamabad,Peshawar,,Rail,TCS,23,19873,,2026-04-06,2026-04-02,Delayed,Supplier Delay,6,4,No,2026-03
ORD0091,2026-02-28,ABC Store,Shoes,Clothing,Supplier C,WH-01,Rawalpindi,Lahore,,Van,Pakistan Railways,6,9557,,2026-03-07,2026-03-07,On Time,None,7,0,Yes,2026-02
ORD0092,2026-11-26,Ali Traders,Router,Electronics,Supplier D,WH-04,Karachi,Faisalabad,,Truck,Leopards,92,142452,,2026-12-02,2026-12-01,Delayed,Vehicle Breakdown,6,1,No,2026-11
ORD0093,2026-11-08,XYZ Ltd,Tablet,Electronics,Supplier C,WH-03,Multan,Karachi,,Rail,Leopards,65,60459,,2026-11-14,2026-11-13,Delayed,Supplier Delay,6,1,No,2026-11
ORD0094,2026-04-21,Super Store,Trousers,Clothing,Supplier D,WH-03,Rawalpindi,Lahore,,Courier,Leopards,94,166978,,2026-04-25,2026-04-25,On Time,None,4,0,Yes,2026-04
ORD0095,2026-07-11,XYZ Ltd,Shirt,Clothing,Supplier A,WH-01,Karachi,Lahore,,Courier,TCS,96,175852,,2026-07-14,2026-07-15,On Time,None,3,-1,Yes,2026-07
ORD0096,2026-10-28,Star Enterprises,Milk Powder,Grocery,Supplier A,WH-04,Faisalabad,Lahore,,Courier,TCS,37,68518,,2026-10-31,2026-11-01,On Time,None,3,-1,Yes,2026-10
ORD0097,2026-03-21,Global Traders,Office Chair,Furniture,Supplier A,WH-03,Lahore,Faisalabad,,Rail,TCS,98,87482,,2026-03-27,2026-03-27,On Time,None,6,0,Yes,2026-03
ORD0098,2026-10-15,New City Store,Printer,Electronics,Supplier A,WH-02,Karachi,Islamabad,,Rail,M&P,45,37550,,2026-10-18,2026-10-18,On Time,None,3,0,Yes,2026-10
ORD0099,2026-02-05,XYZ Ltd,Mobile,Electronics,Supplier E,WH-02,Multan,Karachi,,Courier,Leopards,44,77489,,2026-02-09,2026-02-09,On Time,None,4,0,Yes,2026-02
ORD0100,2026-10-18,New City Store,Laptop,Electronics,Supplier B,WH-02,Peshawar,Islamabad,,Truck,TCS,35,53129,,2026-10-25,2026-10-25,On Time,None,7,0,Yes,2026-10
ORD0101,2026-08-01,City Electronics,Office Chair,Furniture,Supplier E,WH-01,Faisalabad,Lahore,,Courier,TCS,37,69155,,2026-08-08,2026-08-08,On Time,None,7,0,Yes,2026-08
ORD0102,2026-01-24,Metro Mart,T-Shirt,Clothing,Supplier A,WH-01,Islamabad,Peshawar,,Rail,DHL,99,87224,,2026-01-27,2026-01-28,On Time,None,3,-1,Yes,2026-01
ORD0103,2026-01-04,Global Traders,Trousers,Clothing,Supplier B,WH-04,Lahore,Faisalabad,,Van,Pakistan Railways,72,83026,,2026-01-10,2026-01-11,On Time,None,6,-1,Yes,2026-01
ORD0104,2026-07-23,Ali Traders,Shirt,Clothing,Supplier D,WH-01,Faisalabad,Lahore,,Courier,Pakistan Railways,52,96412,,2026-07-29,2026-07-30,On Time,None,6,-1,Yes,2026-07
ORD0105,2026-07-27,Ali Traders,Sugar,Grocery,Supplier E,WH-04,Gujranwala,Lahore,,Rail,TCS,56,54318,,2026-07-29,2026-07-29,On Time,None,2,0,Yes,2026-07
ORD0106,2026-09-26,ABC Store,Jacket,Clothing,Supplier C,WH-02,Faisalabad,Lahore,,Van,TCS,66,74787,,2026-09-27,2026-09-28,On Time,None,1,-1,Yes,2026-09
ORD0107,2026-06-28,Pak Furniture,Table,Furniture,Supplier A,WH-02,Karachi,Islamabad,,Van,DHL,78,84052,,2026-07-09,2026-07-05,Delayed,Warehouse Issue,11,4,No,2026-06
ORD0108,2026-10-16,New City Store,Uniform,Clothing,Supplier E,WH-03,Karachi,Faisalabad,,Rail,DHL,57,48859,,2026-10-21,2026-10-21,On Time,None,5,0,Yes,2026-10
ORD0109,2026-05-21,New City Store,Keyboard,Electronics,Supplier E,WH-01,Karachi,Islamabad,,Courier,Leopards,5,6466,,2026-05-24,2026-05-25,On Time,None,3,-1,Yes,2026-05
ORD0110,2026-11-27,ABC Store,Shoes,Clothing,Supplier E,WH-01,Rawalpindi,Lahore,,Van,M&P,78,86696,,2026-12-04,2026-12-03,Delayed,Warehouse Issue,7,1,No,2026-11
ORD0111,2026-02-22,Pak Furniture,Tablet,Electronics,Supplier A,WH-02,Gujranwala,Lahore,,Courier,Leopards,68,123682,,2026-03-03,2026-02-28,Delayed,Vehicle Breakdown,9,3,No,2026-02
ORD0112,2026-07-18,Super Store,Milk Powder,Grocery,Supplier E,WH-01,Karachi,Faisalabad,,Rail,TCS,43,36474,,2026-07-24,2026-07-24,On Time,None,6,0,Yes,2026-07
ORD0113,2026-05-10,New City Store,Desk,Furniture,Supplier A,WH-02,Faisalabad,Lahore,,Rail,Leopards,17,17174,,2026-05-17,2026-05-17,On Time,None,7,0,Yes,2026-05
ORD0114,2026-10-14,Super Store,Sugar,Grocery,Supplier E,WH-01,Karachi,Faisalabad,,Courier,Pakistan Railways,47,81749,,2026-10-17,2026-10-18,On Time,None,3,-1,Yes,2026-10
ORD0115,2026-06-24,Global Traders,Table,Furniture,Supplier B,WH-02,Karachi,Lahore,,Rail,TCS,65,61815,,2026-06-29,2026-06-30,On Time,None,5,-1,Yes,2026-06
ORD0116,2026-12-05,Pak Furniture,Cabinet,Furniture,Supplier D,WH-02,Lahore,Multan,,Van,Pakistan Railways,22,27107,,2026-12-13,2026-12-10,Delayed,Weather,8,3,No,2026-12
ORD0117,2026-08-16,New City Store,Milk Powder,Grocery,Supplier D,WH-02,Lahore,Faisalabad,,Van,M&P,61,71505,,2026-08-19,2026-08-19,On Time,None,3,0,Yes,2026-08
ORD0118,2026-08-25,City Electronics,T-Shirt,Clothing,Supplier E,WH-04,Lahore,Multan,,Van,Pakistan Railways,18,23951,,2026-09-02,2026-08-29,Delayed,Vehicle Breakdown,8,4,No,2026-08
ORD0119,2026-10-11,ABC Store,Printer,Electronics,Supplier A,WH-02,Karachi,Islamabad,,Courier,Pakistan Railways,19,38007,,2026-10-18,2026-10-16,Delayed,Warehouse Issue,7,2,No,2026-10
ORD0120,2026-06-28,Ali Traders,Shirt,Clothing,Supplier D,WH-03,Islamabad,Peshawar,,Courier,TCS,48,85239,,2026-06-29,2026-06-30,On Time,None,1,-1,Yes,2026-06
ORD0121,2026-11-29,Pak Furniture,Table,Furniture,Supplier A,WH-03,Rawalpindi,Lahore,,Van,Leopards,58,65840,,2026-11-30,2026-12-01,On Time,None,1,-1,Yes,2026-11
ORD0122,2026-05-12,Metro Mart,Cabinet,Furniture,Supplier E,WH-04,Karachi,Lahore,,Rail,DHL,39,33098,,2026-05-14,2026-05-14,On Time,None,2,0,Yes,2026-05
ORD0123,2026-02-02,ABC Store,T-Shirt,Clothing,Supplier E,WH-01,Karachi,Faisalabad,,Van,DHL,38,42316,,2026-02-03,2026-02-04,On Time,None,1,-1,Yes,2026-02
ORD0124,2026-10-20,Super Store,Bookshelf,Furniture,Supplier A,WH-03,Karachi,Lahore,,Truck,Leopards,61,88856,,2026-10-27,2026-10-27,On Time,None,7,0,Yes,2026-10
ORD0125,2026-05-10,Ali Traders,Rice,Grocery,Supplier C,WH-02,Gujranwala,Lahore,,Truck,Pakistan Railways,95,145698,,2026-05-17,2026-05-14,Delayed,Supplier Delay,7,3,No,2026-05
ORD0126,2026-06-23,XYZ Ltd,Uniform,Clothing,Supplier D,WH-02,Lahore,Multan,,Truck,Leopards,5,6903,,2026-06-28,2026-06-26,Delayed,Traffic,5,2,No,2026-06
ORD0127,2026-06-11,City Electronics,T-Shirt,Clothing,Supplier D,WH-03,Lahore,Islamabad,,Van,M&P,46,54662,,2026-06-13,2026-06-13,On Time,None,2,0,Yes,2026-06
ORD0128,2026-05-20,ABC Store,Cooking Oil,Grocery,Supplier D,WH-04,Multan,Karachi,,Rail,DHL,64,60269,,2026-05-25,2026-05-25,On Time,None,5,0,Yes,2026-05
ORD0129,2026-02-12,Super Store,Mouse,Electronics,Supplier E,WH-02,Lahore,Faisalabad,,Rail,M&P,14,10255,,2026-02-16,2026-02-16,On Time,None,4,0,Yes,2026-02
ORD0130,2026-08-17,New City Store,Trousers,Clothing,Supplier D,WH-03,Rawalpindi,Lahore,,Truck,M&P,79,119063,,2026-08-20,2026-08-21,On Time,None,3,-1,Yes,2026-08
ORD0131,2026-02-08,Super Store,Tea,Grocery,Supplier B,WH-01,Lahore,Multan,,Courier,TCS,17,28150,,2026-02-11,2026-02-11,On Time,None,3,0,Yes,2026-02
ORD0132,2026-07-05,Super Store,Tablet,Electronics,Supplier D,WH-03,Faisalabad,Lahore,,Courier,TCS,74,131327,,2026-07-11,2026-07-11,On Time,None,6,0,Yes,2026-07
ORD0133,2026-11-29,City Electronics,Chair,Furniture,Supplier A,WH-02,Rawalpindi,Lahore,,Courier,Pakistan Railways,16,27944,,2026-12-02,2026-12-03,On Time,None,3,-1,Yes,2026-11
ORD0134,2026-11-10,City Electronics,Trousers,Clothing,Supplier A,WH-02,Karachi,Lahore,,Courier,DHL,92,166246,,2026-11-12,2026-11-12,On Time,None,2,0,Yes,2026-11
ORD0135,2026-12-08,Pak Furniture,Printer,Electronics,Supplier C,WH-02,Gujranwala,Lahore,,Van,M&P,66,71436,,2026-12-09,2026-12-10,On Time,None,1,-1,Yes,2026-12
ORD0136,2026-05-02,Global Traders,Keyboard,Electronics,Supplier E,WH-03,Rawalpindi,Lahore,,Van,Pakistan Railways,12,10738,,2026-05-06,2026-05-06,On Time,None,4,0,Yes,2026-05
ORD0137,2026-09-27,Super Store,T-Shirt,Clothing,Supplier A,WH-02,Faisalabad,Lahore,,Truck,Leopards,60,92571,,2026-10-02,2026-10-03,On Time,None,5,-1,Yes,2026-09
ORD0138,2026-03-08,Super Store,Mobile,Electronics,Supplier E,WH-02,Karachi,Islamabad,,Van,DHL,42,50857,,2026-03-15,2026-03-15,On Time,None,7,0,Yes,2026-03
ORD0139,2026-02-10,City Electronics,Bookshelf,Furniture,Supplier E,WH-03,Lahore,Multan,,Rail,Pakistan Railways,69,59865,,2026-02-15,2026-02-16,On Time,None,5,-1,Yes,2026-02
ORD0140,2026-03-29,New City Store,Tea,Grocery,Supplier A,WH-01,Karachi,Lahore,,Truck,Pakistan Railways,34,53334,,2026-04-01,2026-04-01,On Time,None,3,0,Yes,2026-03
ORD0141,2026-11-13,Ali Traders,Uniform,Clothing,Supplier E,WH-03,Karachi,Faisalabad,,Rail,Leopards,32,32392,,2026-11-20,2026-11-20,On Time,None,7,0,Yes,2026-11
ORD0142,2026-02-07,Ali Traders,Sofa,Furniture,Supplier D,WH-04,Rawalpindi,Lahore,,Van,M&P,78,83976,,2026-02-11,2026-02-11,On Time,None,4,0,Yes,2026-02
ORD0143,2026-06-26,Super Store,Office Chair,Furniture,Supplier C,WH-01,Faisalabad,Lahore,,Van,Leopards,16,16791,,2026-06-30,2026-07-01,On Time,None,4,-1,Yes,2026-06
ORD0144,2026-01-26,City Electronics,T-Shirt,Clothing,Supplier D,WH-02,Lahore,Multan,,Rail,Pakistan Railways,93,83261,,2026-01-29,2026-01-29,On Time,None,3,0,Yes,2026-01
ORD0145,2026-09-21,Global Traders,Jacket,Clothing,Supplier D,WH-01,Karachi,Lahore,,Courier,Pakistan Railways,59,111119,,2026-09-24,2026-09-24,On Time,None,3,0,Yes,2026-09
ORD0146,2026-01-25,Ali Traders,Cooking Oil,Grocery,Supplier E,WH-04,Karachi,Islamabad,,Truck,TCS,56,82097,,2026-01-29,2026-01-29,On Time,None,4,0,Yes,2026-01
ORD0147,2026-07-07,Ali Traders,Shirt,Clothing,Supplier E,WH-02,Faisalabad,Lahore,,Rail,TCS,50,46130,,2026-07-12,2026-07-12,On Time,None,5,0,Yes,2026-07
ORD0148,2026-11-16,New City Store,Tablet,Electronics,Supplier A,WH-04,Faisalabad,Lahore,,Rail,Pakistan Railways,47,45484,,2026-11-24,2026-11-19,Delayed,Warehouse Issue,8,5,No,2026-11
ORD0149,2026-09-14,Ali Traders,Laptop,Electronics,Supplier B,WH-03,Rawalpindi,Lahore,,Courier,DHL,78,144716,,2026-09-25,2026-09-20,Delayed,Vehicle Breakdown,11,5,No,2026-09
ORD0150,2026-03-25,Super Store,Tea,Grocery,Supplier C,WH-04,Gujranwala,Lahore,,Rail,Leopards,3,2717,,2026-03-29,2026-03-29,On Time,None,4,0,Yes,2026-03
ORD0151,2026-10-26,City Electronics,Router,Electronics,Supplier C,WH-02,Gujranwala,Lahore,,Truck,Pakistan Railways,62,91396,,2026-11-01,2026-11-01,On Time,None,6,0,Yes,2026-10
ORD0152,2026-03-17,Metro Mart,Mobile,Electronics,Supplier B,WH-01,Rawalpindi,Lahore,,Rail,Leopards,20,18382,,2026-03-24,2026-03-24,On Time,None,7,0,Yes,2026-03
ORD0153,2026-02-01,XYZ Ltd,Cabinet,Furniture,Supplier C,WH-04,Lahore,Faisalabad,,Courier,M&P,23,42165,,2026-02-07,2026-02-07,On Time,None,6,0,Yes,2026-02
ORD0154,2026-12-13,City Electronics,Trousers,Clothing,Supplier B,WH-03,Lahore,Faisalabad,,Rail,DHL,39,38417,,2026-12-17,2026-12-17,On Time,None,4,0,Yes,2026-12
ORD0155,2026-06-12,Global Traders,Tea,Grocery,Supplier C,WH-03,Karachi,Lahore,,Courier,Leopards,45,85820,,2026-06-15,2026-06-15,On Time,None,3,0,Yes,2026-06
ORD0156,2026-02-10,Pak Furniture,Uniform,Clothing,Supplier C,WH-04,Islamabad,Peshawar,,Van,Pakistan Railways,35,43143,,2026-02-15,2026-02-16,On Time,None,5,-1,Yes,2026-02
ORD0157,2026-02-25,New City Store,Table,Furniture,Supplier A,WH-02,Karachi,Faisalabad,,Van,TCS,13,14685,,2026-02-28,2026-03-01,On Time,None,3,-1,Yes,2026-02
ORD0158,2026-12-15,XYZ Ltd,Tablet,Electronics,Supplier D,WH-04,Rawalpindi,Lahore,,Van,M&P,42,45538,,2026-12-23,2026-12-22,Delayed,Supplier Delay,8,1,No,2026-12
ORD0159,2026-04-29,Star Enterprises,Tablet,Electronics,Supplier D,WH-02,Lahore,Islamabad,,Courier,Leopards,24,47872,,2026-05-06,2026-05-06,On Time,None,7,0,Yes,2026-04
ORD0160,2026-01-20,Ali Traders,Tea,Grocery,Supplier E,WH-01,Faisalabad,Lahore,,Rail,Leopards,83,76150,,2026-01-25,2026-01-26,On Time,None,5,-1,Yes,2026-01
ORD0161,2026-09-16,Global Traders,Sugar,Grocery,Supplier A,WH-03,Lahore,Multan,,Courier,M&P,92,164125,,2026-09-18,2026-09-18,On Time,None,2,0,Yes,2026-09
ORD0162,2026-10-18,Metro Mart,Cabinet,Furniture,Supplier D,WH-04,Lahore,Faisalabad,,Rail,TCS,52,49282,,2026-10-22,2026-10-20,Delayed,Warehouse Issue,4,2,No,2026-10
ORD0163,2026-06-15,Metro Mart,Printer,Electronics,Supplier D,WH-02,Rawalpindi,Lahore,,Rail,M&P,39,36871,,2026-06-22,2026-06-22,On Time,None,7,0,Yes,2026-06
ORD0164,2026-12-01,Pak Furniture,Chair,Furniture,Supplier A,WH-04,Karachi,Islamabad,,Van,Leopards,88,97916,,2026-12-07,2026-12-08,On Time,None,6,-1,Yes,2026-12
ORD0165,2026-11-24,City Electronics,Tea,Grocery,Supplier B,WH-02,Lahore,Multan,,Courier,DHL,59,109325,,2026-11-30,2026-11-30,On Time,None,6,0,Yes,2026-11
ORD0166,2026-10-03,Metro Mart,Bookshelf,Furniture,Supplier E,WH-01,Lahore,Faisalabad,,Courier,Pakistan Railways,91,163763,,2026-10-04,2026-10-05,On Time,None,1,-1,Yes,2026-10
ORD0167,2026-02-01,Star Enterprises,Cabinet,Furniture,Supplier E,WH-02,Lahore,Multan,,Rail,Pakistan Railways,57,49252,,2026-02-08,2026-02-08,On Time,None,7,0,Yes,2026-02
ORD0168,2026-02-16,Star Enterprises,Shirt,Clothing,Supplier D,WH-02,Lahore,Faisalabad,,Courier,Leopards,73,128872,,2026-02-22,2026-02-22,On Time,None,6,0,Yes,2026-02
ORD0169,2026-01-12,Super Store,Rice,Grocery,Supplier B,WH-01,Lahore,Islamabad,,Courier,M&P,90,159522,,2026-01-17,2026-01-18,On Time,None,5,-1,Yes,2026-01
ORD0170,2026-08-30,Ali Traders,Cooking Oil,Grocery,Supplier B,WH-02,Karachi,Faisalabad,,Courier,M&P,49,88874,,2026-09-03,2026-09-04,On Time,None,4,-1,Yes,2026-08
ORD0171,2026-12-01,Pak Furniture,Tablet,Electronics,Supplier E,WH-04,Lahore,Faisalabad,,Van,DHL,1,4294,,2026-12-03,2026-12-03,On Time,None,2,0,Yes,2026-12
ORD0172,2026-12-11,Star Enterprises,T-Shirt,Clothing,Supplier D,WH-02,Islamabad,Peshawar,,Courier,M&P,20,35258,,2026-12-13,2026-12-14,On Time,None,2,-1,Yes,2026-12
ORD0173,2026-01-17,Super Store,Monitor,Electronics,Supplier B,WH-01,Karachi,Lahore,,Truck,Leopards,77,118005,,2026-01-23,2026-01-24,On Time,None,6,-1,Yes,2026-01
ORD0174,2026-01-23,Super Store,Trousers,Clothing,Supplier E,WH-02,Lahore,Islamabad,,Van,Pakistan Railways,38,40718,,2026-01-30,2026-01-30,On Time,None,7,0,Yes,2026-01
ORD0175,2026-05-02,City Electronics,Bookshelf,Furniture,Supplier E,WH-02,Multan,Karachi,,Rail,M&P,8,8760,,2026-05-07,2026-05-08,On Time,None,5,-1,Yes,2026-05
ORD0176,2026-11-17,Super Store,Shirt,Clothing,Supplier C,WH-04,Lahore,Faisalabad,,Rail,Leopards,53,45922,,2026-11-21,2026-11-21,On Time,None,4,0,Yes,2026-11
ORD0177,2026-05-04,Metro Mart,Milk Powder,Grocery,Supplier B,WH-04,Lahore,Islamabad,,Courier,Leopards,72,130941,,2026-05-07,2026-05-07,On Time,None,3,0,Yes,2026-05
ORD0178,2026-04-15,Pak Furniture,Router,Electronics,Supplier C,WH-01,Lahore,Faisalabad,,Van,TCS,35,38589,,2026-04-21,2026-04-22,On Time,None,6,-1,Yes,2026-04
ORD0179,2026-02-07,Metro Mart,Sofa,Furniture,Supplier B,WH-03,Karachi,Islamabad,,Truck,DHL,25,42381,,2026-02-18,2026-02-14,Delayed,Weather,11,4,No,2026-02
ORD0180,2026-12-23,New City Store,Sofa,Furniture,Supplier B,WH-03,Karachi,Islamabad,,Courier,Leopards,69,126514,,2026-12-27,2026-12-27,On Time,None,4,0,Yes,2026-12
ORD0181,2026-09-20,Global Traders,Shirt,Clothing,Supplier D,WH-03,Islamabad,Peshawar,,Rail,M&P,53,45074,,2026-09-25,2026-09-26,On Time,None,5,-1,Yes,2026-09
ORD0182,2026-01-09,City Electronics,Jacket,Clothing,Supplier B,WH-02,Faisalabad,Lahore,,Van,Leopards,73,84126,,2026-01-12,2026-01-12,On Time,None,3,0,Yes,2026-01
ORD0183,2026-05-12,Global Traders,Shoes,Clothing,Supplier B,WH-03,Lahore,Multan,,Van,Pakistan Railways,63,67807,,2026-05-17,2026-05-18,On Time,None,5,-1,Yes,2026-05
ORD0184,2026-09-26,Ali Traders,Laptop,Electronics,Supplier A,WH-04,Lahore,Multan,,Van,TCS,91,98337,,2026-09-28,2026-09-28,On Time,None,2,0,Yes,2026-09
ORD0185,2026-07-11,Ali Traders,Uniform,Clothing,Supplier D,WH-01,Lahore,Islamabad,,Courier,TCS,3,6736,,2026-07-18,2026-07-18,On Time,None,7,0,Yes,2026-07
ORD0186,2026-01-09,Star Enterprises,Trousers,Clothing,Supplier A,WH-01,Lahore,Faisalabad,,Van,DHL,25,29577,,2026-01-15,2026-01-15,On Time,None,6,0,Yes,2026-01
ORD0187,2026-05-17,Super Store,Keyboard,Electronics,Supplier D,WH-04,Peshawar,Islamabad,,Van,DHL,39,45503,,2026-05-18,2026-05-19,On Time,None,1,-1,Yes,2026-05
ORD0188,2026-02-17,Super Store,Shoes,Clothing,Supplier E,WH-04,Lahore,Islamabad,,Truck,DHL,11,17594,,2026-02-22,2026-02-22,On Time,None,5,0,Yes,2026-02
ORD0189,2026-10-17,ABC Store,Monitor,Electronics,Supplier B,WH-04,Karachi,Islamabad,,Truck,TCS,88,136582,,2026-10-20,2026-10-21,On Time,None,3,-1,Yes,2026-10
ORD0190,2026-04-02,Pak Furniture,Monitor,Electronics,Supplier E,WH-02,Gujranwala,Lahore,,Courier,TCS,39,68530,,2026-04-08,2026-04-08,On Time,None,6,0,Yes,2026-04
ORD0191,2026-12-13,Star Enterprises,Cooking Oil,Grocery,Supplier B,WH-01,Lahore,Faisalabad,,Rail,TCS,13,12280,,2026-12-16,2026-12-16,On Time,None,3,0,Yes,2026-12
ORD0192,2026-11-06,New City Store,Jacket,Clothing,Supplier A,WH-03,Rawalpindi,Lahore,,Courier,DHL,46,84330,,2026-11-11,2026-11-11,On Time,None,5,0,Yes,2026-11
ORD0193,2026-02-13,New City Store,Sugar,Grocery,Supplier A,WH-01,Karachi,Islamabad,,Van,Leopards,92,104621,,2026-02-24,2026-02-20,Delayed,Vehicle Breakdown,11,4,No,2026-02
ORD0194,2026-07-04,ABC Store,Laptop,Electronics,Supplier C,WH-04,Faisalabad,Lahore,,Rail,TCS,17,13015,,2026-07-07,2026-07-07,On Time,None,3,0,Yes,2026-07
ORD0195,2026-02-22,Ali Traders,Keyboard,Electronics,Supplier E,WH-01,Peshawar,Islamabad,,Rail,Leopards,2,1500,,2026-02-26,2026-02-27,On Time,None,4,-1,Yes,2026-02
ORD0196,2026-10-14,Metro Mart,Bookshelf,Furniture,Supplier D,WH-02,Lahore,Multan,,Rail,M&P,35,32539,,2026-10-21,2026-10-17,Delayed,Vehicle Breakdown,7,4,No,2026-10
ORD0197,2026-08-04,City Electronics,Shirt,Clothing,Supplier C,WH-03,Islamabad,Peshawar,,Courier,Pakistan Railways,79,140801,,2026-08-12,2026-08-09,Delayed,Traffic,8,3,No,2026-08
ORD0198,2026-07-22,Pak Furniture,Jacket,Clothing,Supplier D,WH-03,Multan,Karachi,,Van,M&P,42,48141,,2026-07-29,2026-07-29,On Time,None,7,0,Yes,2026-07
ORD0199,2026-04-01,Super Store,Flour,Grocery,Supplier D,WH-02,Faisalabad,Lahore,,Courier,M&P,51,91790,,2026-04-02,2026-04-03,On Time,None,1,-1,Yes,2026-04
ORD0200,2026-10-31,Star Enterprises,Bookshelf,Furniture,Supplier E,WH-01,Gujranwala,Lahore,,Courier,DHL,57,106134,,2026-11-03,2026-11-04,On Time,None,3,-1,Yes,2026-10
ORD0201,2026-07-29,Global Traders,Bookshelf,Furniture,Supplier C,WH-02,Karachi,Islamabad,,Van,Leopards,49,51505,,2026-08-03,2026-08-03,On Time,None,5,0,Yes,2026-07
ORD0202,2026-10-26,Super Store,T-Shirt,Clothing,Supplier A,WH-03,Gujranwala,Lahore,,Truck,TCS,99,147533,,2026-11-01,2026-11-02,On Time,None,6,-1,Yes,2026-10
ORD0203,2026-11-28,New City Store,Mouse,Electronics,Supplier C,WH-04,Karachi,Lahore,,Truck,TCS,34,49818,,2026-12-03,2026-12-04,On Time,None,5,-1,Yes,2026-11
ORD0204,2026-08-17,Pak Furniture,Shoes,Clothing,Supplier E,WH-02,Faisalabad,Lahore,,Truck,Leopards,14,20420,,2026-08-21,2026-08-22,On Time,None,4,-1,Yes,2026-08
ORD0205,2026-03-01,XYZ Ltd,Flour,Grocery,Supplier C,WH-04,Islamabad,Peshawar,,Courier,M&P,61,107599,,2026-03-06,2026-03-06,On Time,None,5,0,Yes,2026-03
ORD0206,2026-06-13,ABC Store,Rice,Grocery,Supplier A,WH-01,Faisalabad,Lahore,,Truck,DHL,95,141498,,2026-06-21,2026-06-19,Delayed,Vehicle Breakdown,8,2,No,2026-06
ORD0207,2026-10-14,Super Store,Trousers,Clothing,Supplier D,WH-02,Lahore,Multan,,Courier,Leopards,4,10240,,2026-10-20,2026-10-20,On Time,None,6,0,Yes,2026-10
ORD0208,2026-10-31,Super Store,Shirt,Clothing,Supplier B,WH-02,Karachi,Islamabad,,Truck,Pakistan Railways,14,24549,,2026-11-09,2026-11-06,Delayed,Weather,9,3,No,2026-10
ORD0209,2026-08-23,ABC Store,Milk Powder,Grocery,Supplier D,WH-03,Peshawar,Islamabad,,Courier,Pakistan Railways,51,93608,,2026-08-25,2026-08-25,On Time,None,2,0,Yes,2026-08
ORD0210,2026-11-13,XYZ Ltd,Tea,Grocery,Supplier E,WH-01,Karachi,Faisalabad,,Van,M&P,16,16554,,2026-11-20,2026-11-17,Delayed,Weather,7,3,No,2026-11
ORD0211,2026-09-19,Super Store,T-Shirt,Clothing,Supplier B,WH-04,Multan,Karachi,,Van,Leopards,82,91602,,2026-09-25,2026-09-26,On Time,None,6,-1,Yes,2026-09
ORD0212,2026-10-12,XYZ Ltd,Jacket,Clothing,Supplier B,WH-02,Faisalabad,Lahore,,Courier,Pakistan Railways,7,16690,,2026-10-16,2026-10-16,On Time,None,4,0,Yes,2026-10
ORD0213,2026-03-11,Metro Mart,T-Shirt,Clothing,Supplier E,WH-04,Multan,Karachi,,Courier,Leopards,91,167680,,2026-03-15,2026-03-16,On Time,None,4,-1,Yes,2026-03
ORD0214,2026-10-17,Ali Traders,Desk,Furniture,Supplier A,WH-03,Islamabad,Peshawar,,Rail,DHL,100,90746,,2026-10-23,2026-10-23,On Time,None,6,0,Yes,2026-10
ORD0215,2026-10-09,Star Enterprises,Mobile,Electronics,Supplier C,WH-03,Lahore,Faisalabad,,Truck,Leopards,70,103790,,2026-10-16,2026-10-14,Delayed,Vehicle Breakdown,7,2,No,2026-10
ORD0216,2026-01-17,Global Traders,Flour,Grocery,Supplier A,WH-04,Karachi,Lahore,,Van,DHL,95,106316,,2026-01-24,2026-01-24,On Time,None,7,0,Yes,2026-01
ORD0217,2026-03-26,New City Store,Office Chair,Furniture,Supplier B,WH-02,Lahore,Islamabad,,Rail,Pakistan Railways,36,34289,,2026-04-04,2026-04-01,Delayed,Vehicle Breakdown,9,3,No,2026-03
ORD0218,2026-10-21,City Electronics,Tablet,Electronics,Supplier D,WH-01,Karachi,Islamabad,,Van,DHL,32,33398,,2026-10-27,2026-10-28,On Time,None,6,-1,Yes,2026-10
ORD0219,2026-12-13,Super Store,Trousers,Clothing,Supplier E,WH-03,Karachi,Faisalabad,,Courier,Leopards,58,102018,,2026-12-19,2026-12-20,On Time,None,6,-1,Yes,2026-12
ORD0220,2026-07-26,Star Enterprises,Milk Powder,Grocery,Supplier C,WH-04,Rawalpindi,Lahore,,Rail,Pakistan Railways,1,5018,,2026-08-06,2026-08-02,Delayed,Vehicle Breakdown,11,4,No,2026-07
ORD0221,2026-02-02,Star Enterprises,Trousers,Clothing,Supplier D,WH-02,Rawalpindi,Lahore,,Rail,M&P,37,33066,,2026-02-08,2026-02-08,On Time,None,6,0,Yes,2026-02
ORD0222,2026-06-25,Ali Traders,Mobile,Electronics,Supplier D,WH-01,Karachi,Lahore,,Van,Leopards,59,61905,,2026-06-29,2026-06-30,On Time,None,4,-1,Yes,2026-06
ORD0223,2026-11-29,City Electronics,Office Chair,Furniture,Supplier C,WH-01,Karachi,Faisalabad,,Rail,M&P,11,9946,,2026-12-05,2026-12-06,On Time,None,6,-1,Yes,2026-11
ORD0224,2026-01-27,Super Store,Milk Powder,Grocery,Supplier B,WH-04,Karachi,Faisalabad,,Truck,TCS,1,1500,,2026-02-06,2026-02-01,Delayed,Weather,10,5,No,2026-01
ORD0225,2026-09-23,Global Traders,Laptop,Electronics,Supplier C,WH-01,Multan,Karachi,,Van,Leopards,10,9875,,2026-09-29,2026-09-28,Delayed,Traffic,6,1,No,2026-09
ORD0226,2026-06-10,Pak Furniture,Sugar,Grocery,Supplier D,WH-02,Karachi,Faisalabad,,Van,TCS,68,76414,,2026-06-11,2026-06-12,On Time,None,1,-1,Yes,2026-06
ORD0227,2026-08-14,Pak Furniture,Bookshelf,Furniture,Supplier B,WH-04,Peshawar,Islamabad,,Courier,DHL,12,25944,,2026-08-17,2026-08-16,Delayed,Supplier Delay,3,1,No,2026-08
ORD0228,2026-07-16,Pak Furniture,Jacket,Clothing,Supplier B,WH-02,Karachi,Islamabad,,Truck,DHL,71,108423,,2026-07-22,2026-07-22,On Time,None,6,0,Yes,2026-07
ORD0229,2026-12-20,Ali Traders,Sugar,Grocery,Supplier E,WH-02,Gujranwala,Lahore,,Courier,M&P,83,146847,,2026-12-22,2026-12-23,On Time,None,2,-1,Yes,2026-12
ORD0230,2026-05-04,Global Traders,Laptop,Electronics,Supplier C,WH-03,Lahore,Multan,,Courier,Pakistan Railways,54,97193,,2026-05-10,2026-05-10,On Time,None,6,0,Yes,2026-05
ORD0231,2026-02-07,Ali Traders,Laptop,Electronics,Supplier C,WH-02,Lahore,Islamabad,,Truck,Leopards,65,96846,,2026-02-14,2026-02-14,On Time,None,7,0,Yes,2026-02
ORD0232,2026-08-05,Super Store,Tablet,Electronics,Supplier C,WH-01,Karachi,Islamabad,,Truck,Pakistan Railways,27,45481,,2026-08-08,2026-08-08,On Time,None,3,0,Yes,2026-08
ORD0233,2026-10-28,ABC Store,Milk Powder,Grocery,Supplier D,WH-02,Lahore,Islamabad,,Van,TCS,56,59550,,2026-11-01,2026-11-02,On Time,None,4,-1,Yes,2026-10
ORD0234,2026-06-08,XYZ Ltd,Laptop,Electronics,Supplier B,WH-01,Lahore,Multan,,Courier,M&P,67,121837,,2026-06-15,2026-06-15,On Time,None,7,0,Yes,2026-06
ORD0235,2026-03-06,City Electronics,Laptop,Electronics,Supplier C,WH-04,Karachi,Islamabad,,Truck,M&P,92,142987,,2026-03-12,2026-03-12,On Time,None,6,0,Yes,2026-03
ORD0236,2026-08-22,Star Enterprises,Rice,Grocery,Supplier D,WH-02,Faisalabad,Lahore,,Van,M&P,99,106742,,2026-08-27,2026-08-28,On Time,None,5,-1,Yes,2026-08
ORD0237,2026-04-27,Star Enterprises,Laptop,Electronics,Supplier A,WH-02,Lahore,Islamabad,,Courier,M&P,50,94538,,2026-05-01,2026-04-30,Delayed,Supplier Delay,4,1,No,2026-04
ORD0238,2026-12-02,Super Store,Desk,Furniture,Supplier B,WH-04,Gujranwala,Lahore,,Rail,M&P,10,10682,,2026-12-07,2026-12-06,Delayed,Weather,5,1,No,2026-12
ORD0239,2026-04-25,Star Enterprises,Mouse,Electronics,Supplier A,WH-04,Karachi,Islamabad,,Rail,M&P,12,12330,,2026-05-02,2026-04-30,Delayed,Vehicle Breakdown,7,2,No,2026-04
ORD0240,2026-10-16,City Electronics,Sofa,Furniture,Supplier C,WH-04,Islamabad,Peshawar,,Van,DHL,1,5738,,2026-10-26,2026-10-21,Delayed,Vehicle Breakdown,10,5,No,2026-10
ORD0241,2026-11-22,Ali Traders,Rice,Grocery,Supplier D,WH-03,Karachi,Lahore,,Van,Pakistan Railways,31,34539,,2026-11-26,2026-11-27,On Time,None,4,-1,Yes,2026-11
ORD0242,2026-12-31,City Electronics,Laptop,Electronics,Supplier B,WH-04,Gujranwala,Lahore,,Rail,Leopards,96,84095,,2027-01-08,2027-01-06,Delayed,Warehouse Issue,8,2,No,2026-12
ORD0243,2026-02-08,New City Store,Mouse,Electronics,Supplier B,WH-02,Karachi,Islamabad,,Rail,M&P,51,48640,,2026-02-15,2026-02-15,On Time,None,7,0,Yes,2026-02
ORD0244,2026-05-20,Metro Mart,Monitor,Electronics,Supplier B,WH-01,Lahore,Multan,,Truck,DHL,58,87817,,2026-05-24,2026-05-24,On Time,None,4,0,Yes,2026-05
ORD0245,2026-04-17,Global Traders,Cooking Oil,Grocery,Supplier C,WH-01,Karachi,Lahore,,Van,M&P,91,102808,,2026-04-26,2026-04-23,Delayed,Weather,9,3,No,2026-04
ORD0246,2026-02-16,Metro Mart,Cooking Oil,Grocery,Supplier E,WH-01,Karachi,Faisalabad,,Rail,M&P,23,17954,,2026-02-20,2026-02-21,On Time,None,4,-1,Yes,2026-02
ORD0247,2026-02-18,Global Traders,Tablet,Electronics,Supplier A,WH-01,Lahore,Islamabad,,Van,DHL,26,32347,,2026-02-22,2026-02-23,On Time,None,4,-1,Yes,2026-02
ORD0248,2026-10-26,New City Store,Rice,Grocery,Supplier A,WH-01,Islamabad,Peshawar,,Courier,DHL,12,26014,,2026-11-03,2026-10-30,Delayed,Traffic,8,4,No,2026-10
ORD0249,2026-03-28,New City Store,Uniform,Clothing,Supplier D,WH-04,Lahore,Islamabad,,Courier,Leopards,23,41299,,2026-03-31,2026-03-31,On Time,None,3,0,Yes,2026-03
ORD0250,2026-05-24,Global Traders,Chair,Furniture,Supplier E,WH-02,Karachi,Faisalabad,,Rail,Leopards,53,51931,,2026-05-29,2026-05-30,On Time,None,5,-1,Yes,2026-05
ORD0251,2026-05-24,Super Store,Sofa,Furniture,Supplier B,WH-02,Karachi,Faisalabad,,Truck,Leopards,92,137941,,2026-05-29,2026-05-29,On Time,None,5,0,Yes,2026-05
ORD0252,2026-06-26,New City Store,Cooking Oil,Grocery,Supplier C,WH-02,Lahore,Islamabad,,Rail,Pakistan Railways,29,23340,,2026-07-04,2026-06-30,Delayed,Supplier Delay,8,4,No,2026-06
ORD0253,2026-07-03,New City Store,Table,Furniture,Supplier A,WH-02,Karachi,Faisalabad,,Van,M&P,69,79587,,2026-07-12,2026-07-10,Delayed,Supplier Delay,9,2,No,2026-07
ORD0254,2026-07-18,Pak Furniture,Table,Furniture,Supplier B,WH-03,Gujranwala,Lahore,,Rail,Pakistan Railways,4,6362,,2026-07-24,2026-07-25,On Time,None,6,-1,Yes,2026-07
ORD0255,2026-10-16,Metro Mart,T-Shirt,Clothing,Supplier C,WH-02,Rawalpindi,Lahore,,Truck,TCS,8,10905,,2026-10-22,2026-10-22,On Time,None,6,0,Yes,2026-10
ORD0256,2026-01-01,Pak Furniture,Office Chair,Furniture,Supplier B,WH-03,Gujranwala,Lahore,,Van,M&P,8,5979,,2026-01-03,2026-01-04,On Time,None,2,-1,Yes,2026-01
ORD0257,2026-02-26,Star Enterprises,Rice,Grocery,Supplier C,WH-04,Peshawar,Islamabad,,Truck,M&P,39,58142,,2026-03-01,2026-03-01,On Time,None,3,0,Yes,2026-02
ORD0258,2026-11-24,Global Traders,Sugar,Grocery,Supplier E,WH-03,Islamabad,Peshawar,,Van,Leopards,40,47012,,2026-11-30,2026-12-01,On Time,None,6,-1,Yes,2026-11
ORD0259,2026-01-01,New City Store,T-Shirt,Clothing,Supplier A,WH-02,Peshawar,Islamabad,,Rail,Pakistan Railways,29,28339,,2026-01-11,2026-01-07,Delayed,Weather,10,4,No,2026-01
ORD0260,2026-06-19,ABC Store,Desk,Furniture,Supplier C,WH-02,Karachi,Faisalabad,,Truck,M&P,58,84093,,2026-06-22,2026-06-23,On Time,None,3,-1,Yes,2026-06
ORD0261,2026-06-29,City Electronics,Laptop,Electronics,Supplier A,WH-04,Rawalpindi,Lahore,,Courier,DHL,53,96439,,2026-07-04,2026-07-04,On Time,None,5,0,Yes,2026-06
ORD0262,2026-02-21,Global Traders,Table,Furniture,Supplier D,WH-01,Lahore,Islamabad,,Rail,TCS,41,36039,,2026-02-25,2026-02-23,Delayed,Warehouse Issue,4,2,No,2026-02
ORD0263,2026-03-24,ABC Store,Keyboard,Electronics,Supplier E,WH-04,Gujranwala,Lahore,,Truck,Leopards,84,124351,,2026-03-29,2026-03-30,On Time,None,5,-1,Yes,2026-03
ORD0264,2026-01-28,ABC Store,Sugar,Grocery,Supplier B,WH-04,Gujranwala,Lahore,,Rail,M&P,39,34045,,2026-02-04,2026-01-30,Delayed,Supplier Delay,7,5,No,2026-01
ORD0265,2026-09-09,XYZ Ltd,Keyboard,Electronics,Supplier A,WH-04,Karachi,Lahore,,Rail,Pakistan Railways,62,54435,,2026-09-13,2026-09-11,Delayed,Vehicle Breakdown,4,2,No,2026-09
ORD0266,2026-02-11,Global Traders,Printer,Electronics,Supplier D,WH-04,Rawalpindi,Lahore,,Rail,TCS,83,76157,,2026-02-20,2026-02-16,Delayed,Vehicle Breakdown,9,4,No,2026-02
ORD0267,2026-04-06,Global Traders,Printer,Electronics,Supplier D,WH-04,Karachi,Islamabad,,Van,M&P,73,77804,,2026-04-08,2026-04-09,On Time,None,2,-1,Yes,2026-04
ORD0268,2026-02-13,Pak Furniture,T-Shirt,Clothing,Supplier B,WH-01,Multan,Karachi,,Courier,Pakistan Railways,88,162501,,2026-02-17,2026-02-18,On Time,None,4,-1,Yes,2026-02
ORD0269,2026-09-01,City Electronics,Mouse,Electronics,Supplier A,WH-02,Karachi,Lahore,,Courier,DHL,22,44563,,2026-09-03,2026-09-04,On Time,None,2,-1,Yes,2026-09
ORD0270,2026-01-22,Super Store,Mouse,Electronics,Supplier B,WH-02,Peshawar,Islamabad,,Rail,M&P,94,89088,,2026-01-29,2026-01-24,Delayed,Warehouse Issue,7,5,No,2026-01
ORD0271,2026-10-10,Pak Furniture,Tea,Grocery,Supplier D,WH-01,Gujranwala,Lahore,,Courier,TCS,54,95425,,2026-10-12,2026-10-13,On Time,None,2,-1,Yes,2026-10
ORD0272,2026-02-24,New City Store,Printer,Electronics,Supplier E,WH-03,Multan,Karachi,,Rail,Leopards,84,76577,,2026-03-01,2026-03-02,On Time,None,5,-1,Yes,2026-02
ORD0273,2026-03-30,City Electronics,Trousers,Clothing,Supplier E,WH-04,Lahore,Islamabad,,Courier,M&P,89,159146,,2026-04-01,2026-04-01,On Time,None,2,0,Yes,2026-03
ORD0274,2026-07-10,Ali Traders,Flour,Grocery,Supplier C,WH-03,Rawalpindi,Lahore,,Truck,DHL,18,26461,,2026-07-17,2026-07-17,On Time,None,7,0,Yes,2026-07
ORD0275,2026-05-18,Super Store,Monitor,Electronics,Supplier D,WH-02,Multan,Karachi,,Courier,Pakistan Railways,48,90125,,2026-05-19,2026-05-20,On Time,None,1,-1,Yes,2026-05
ORD0276,2026-02-03,City Electronics,Trousers,Clothing,Supplier E,WH-01,Lahore,Multan,,Van,DHL,8,7843,,2026-02-05,2026-02-05,On Time,None,2,0,Yes,2026-02
ORD0277,2026-12-27,Metro Mart,Flour,Grocery,Supplier D,WH-04,Karachi,Faisalabad,,Truck,TCS,31,46551,,2026-12-31,2027-01-01,On Time,None,4,-1,Yes,2026-12
ORD0278,2026-08-31,New City Store,Flour,Grocery,Supplier B,WH-03,Gujranwala,Lahore,,Truck,M&P,4,6166,,2026-09-07,2026-09-02,Delayed,Weather,7,5,No,2026-08
ORD0279,2026-04-24,Metro Mart,Desk,Furniture,Supplier D,WH-01,Karachi,Faisalabad,,Truck,Leopards,17,27803,,2026-04-26,2026-04-27,On Time,None,2,-1,Yes,2026-04
ORD0280,2026-04-25,City Electronics,Milk Powder,Grocery,Supplier C,WH-04,Multan,Karachi,,Rail,Leopards,33,28487,,2026-04-30,2026-04-30,On Time,None,5,0,Yes,2026-04
ORD0281,2026-10-27,ABC Store,Keyboard,Electronics,Supplier E,WH-03,Karachi,Islamabad,,Truck,Leopards,9,13254,,2026-10-31,2026-10-31,On Time,None,4,0,Yes,2026-10
ORD0282,2026-05-14,City Electronics,Table,Furniture,Supplier E,WH-02,Lahore,Islamabad,,Courier,M&P,88,156546,,2026-05-25,2026-05-21,Delayed,Vehicle Breakdown,11,4,No,2026-05
ORD0283,2026-05-13,Super Store,Shoes,Clothing,Supplier A,WH-02,Faisalabad,Lahore,,Van,Pakistan Railways,82,93629,,2026-05-18,2026-05-18,On Time,None,5,0,Yes,2026-05
ORD0284,2026-09-17,City Electronics,Office Chair,Furniture,Supplier E,WH-02,Karachi,Islamabad,,Truck,Leopards,17,28569,,2026-09-20,2026-09-21,On Time,None,3,-1,Yes,2026-09
ORD0285,2026-12-15,Pak Furniture,Monitor,Electronics,Supplier C,WH-02,Gujranwala,Lahore,,Rail,Leopards,43,38744,,2026-12-19,2026-12-19,On Time,None,4,0,Yes,2026-12
ORD0286,2026-03-02,Global Traders,Mobile,Electronics,Supplier D,WH-02,Lahore,Faisalabad,,Truck,Leopards,68,101444,,2026-03-09,2026-03-07,Delayed,Weather,7,2,No,2026-03
ORD0287,2026-04-13,Pak Furniture,T-Shirt,Clothing,Supplier D,WH-02,Faisalabad,Lahore,,Van,TCS,63,69024,,2026-04-20,2026-04-20,On Time,None,7,0,Yes,2026-04
ORD0288,2026-11-21,Ali Traders,Router,Electronics,Supplier C,WH-02,Lahore,Multan,,Van,Leopards,98,111187,,2026-11-27,2026-11-23,Delayed,Warehouse Issue,6,4,No,2026-11
ORD0289,2026-07-26,Super Store,Shoes,Clothing,Supplier A,WH-01,Lahore,Faisalabad,,Van,M&P,2,6507,,2026-07-29,2026-07-30,On Time,None,3,-1,Yes,2026-07
ORD0290,2026-01-10,Ali Traders,Table,Furniture,Supplier C,WH-03,Lahore,Multan,,Truck,Leopards,65,99322,,2026-01-15,2026-01-14,Delayed,Vehicle Breakdown,5,1,No,2026-01
ORD0291,2026-05-29,Global Traders,Cooking Oil,Grocery,Supplier B,WH-03,Rawalpindi,Lahore,,Rail,DHL,22,24566,,2026-06-05,2026-06-03,Delayed,Weather,7,2,No,2026-05
ORD0292,2026-04-19,Ali Traders,Chair,Furniture,Supplier C,WH-01,Multan,Karachi,,Rail,Pakistan Railways,80,69398,,2026-04-24,2026-04-25,On Time,None,5,-1,Yes,2026-04
ORD0293,2026-12-01,Ali Traders,Mobile,Electronics,Supplier D,WH-04,Multan,Karachi,,Truck,Pakistan Railways,33,50386,,2026-12-09,2026-12-08,Delayed,Vehicle Breakdown,8,1,No,2026-12
ORD0294,2026-08-04,ABC Store,Tea,Grocery,Supplier E,WH-02,Multan,Karachi,,Truck,Pakistan Railways,93,141560,,2026-08-05,2026-08-06,On Time,None,1,-1,Yes,2026-08
ORD0295,2026-09-12,Metro Mart,Office Chair,Furniture,Supplier C,WH-02,Faisalabad,Lahore,,Courier,M&P,21,35122,,2026-09-17,2026-09-18,On Time,None,5,-1,Yes,2026-09
ORD0296,2026-12-19,Global Traders,Sugar,Grocery,Supplier A,WH-01,Karachi,Faisalabad,,Truck,TCS,74,113480,,2026-12-25,2026-12-24,Delayed,Supplier Delay,6,1,No,2026-12
ORD0297,2026-02-08,ABC Store,Milk Powder,Grocery,Supplier B,WH-04,Karachi,Islamabad,,Rail,Leopards,7,4117,,2026-02-11,2026-02-11,On Time,None,3,0,Yes,2026-02
ORD0298,2026-07-04,Pak Furniture,Uniform,Clothing,Supplier A,WH-01,Lahore,Islamabad,,Truck,DHL,85,129801,,2026-07-07,2026-07-07,On Time,None,3,0,Yes,2026-07
ORD0299,2026-11-15,City Electronics,Keyboard,Electronics,Supplier C,WH-02,Karachi,Lahore,,Courier,Leopards,59,105426,,2026-11-20,2026-11-20,On Time,None,5,0,Yes,2026-11
ORD0300,2026-08-04,XYZ Ltd,Tablet,Electronics,Supplier A,WH-02,Karachi,Lahore,,Courier,Pakistan Railways,62,115172,,2026-08-09,2026-08-10,On Time,None,5,-1,Yes,2026-08
ORD0301,2026-11-09,Super Store,Tea,Grocery,Supplier A,WH-02,Rawalpindi,Lahore,,Courier,TCS,53,96010,,2026-11-14,2026-11-11,Delayed,Traffic,5,3,No,2026-11
ORD0302,2026-12-27,Star Enterprises,Bookshelf,Furniture,Supplier C,WH-01,Multan,Karachi,,Van,Leopards,45,51937,,2027-01-02,2027-01-03,On Time,None,6,-1,Yes,2026-12
ORD0303,2026-10-13,New City Store,Laptop,Electronics,Supplier B,WH-04,Rawalpindi,Lahore,,Van,TCS,97,107727,,2026-10-17,2026-10-17,On Time,None,4,0,Yes,2026-10
ORD0304,2026-01-26,Star Enterprises,Cabinet,Furniture,Supplier D,WH-04,Islamabad,Peshawar,,Truck,Leopards,57,89063,,2026-02-01,2026-02-01,On Time,None,6,0,Yes,2026-01
ORD0305,2026-08-17,Pak Furniture,Router,Electronics,Supplier A,WH-01,Multan,Karachi,,Courier,TCS,72,131098,,2026-08-19,2026-08-19,On Time,None,2,0,Yes,2026-08
ORD0306,2026-09-18,Star Enterprises,Bookshelf,Furniture,Supplier D,WH-03,Faisalabad,Lahore,,Truck,DHL,59,88219,,2026-09-24,2026-09-24,On Time,None,6,0,Yes,2026-09
ORD0307,2026-12-03,Pak Furniture,Shirt,Clothing,Supplier A,WH-02,Lahore,Islamabad,,Rail,M&P,82,78700,,2026-12-07,2026-12-07,On Time,None,4,0,Yes,2026-12
ORD0308,2026-12-26,ABC Store,Tablet,Electronics,Supplier D,WH-02,Gujranwala,Lahore,,Courier,TCS,33,61404,,2027-01-02,2026-12-29,Delayed,Weather,7,4,No,2026-12
ORD0309,2026-08-23,Metro Mart,Rice,Grocery,Supplier D,WH-01,Karachi,Faisalabad,,Truck,Leopards,59,90894,,2026-08-28,2026-08-29,On Time,None,5,-1,Yes,2026-08
ORD0310,2026-09-13,Ali Traders,Mouse,Electronics,Supplier E,WH-04,Lahore,Faisalabad,,Van,Pakistan Railways,23,28284,,2026-09-21,2026-09-16,Delayed,Supplier Delay,8,5,No,2026-09
ORD0311,2026-06-14,Star Enterprises,Shoes,Clothing,Supplier E,WH-02,Karachi,Islamabad,,Courier,M&P,38,69109,,2026-06-22,2026-06-17,Delayed,Supplier Delay,8,5,No,2026-06
ORD0312,2026-06-03,Star Enterprises,Milk Powder,Grocery,Supplier E,WH-02,Islamabad,Peshawar,,Van,Pakistan Railways,92,100580,,2026-06-09,2026-06-10,On Time,None,6,-1,Yes,2026-06
ORD0313,2026-12-30,XYZ Ltd,Milk Powder,Grocery,Supplier A,WH-03,Lahore,Faisalabad,,Courier,Pakistan Railways,74,137922,,2027-01-06,2027-01-06,On Time,None,7,0,Yes,2026-12
ORD0314,2026-08-05,Ali Traders,Laptop,Electronics,Supplier D,WH-02,Lahore,Islamabad,,Truck,DHL,35,55645,,2026-08-08,2026-08-08,On Time,None,3,0,Yes,2026-08
ORD0315,2026-03-16,Ali Traders,Sugar,Grocery,Supplier E,WH-01,Faisalabad,Lahore,,Courier,TCS,79,146310,,2026-03-22,2026-03-23,On Time,None,6,-1,Yes,2026-03
ORD0316,2026-11-28,Star Enterprises,Trousers,Clothing,Supplier E,WH-03,Gujranwala,Lahore,,Truck,Leopards,50,75412,,2026-12-04,2026-12-05,On Time,None,6,-1,Yes,2026-11
ORD0317,2026-01-07,City Electronics,Cabinet,Furniture,Supplier D,WH-02,Karachi,Faisalabad,,Rail,Pakistan Railways,70,66049,,2026-01-15,2026-01-13,Delayed,Vehicle Breakdown,8,2,No,2026-01
ORD0318,2026-08-18,XYZ Ltd,Tablet,Electronics,Supplier B,WH-01,Multan,Karachi,,Truck,Leopards,36,55559,,2026-08-27,2026-08-22,Delayed,Vehicle Breakdown,9,5,No,2026-08
ORD0319,2026-01-03,Pak Furniture,Uniform,Clothing,Supplier B,WH-01,Lahore,Multan,,Rail,Pakistan Railways,7,9637,,2026-01-10,2026-01-10,On Time,None,7,0,Yes,2026-01
ORD0320,2026-09-09,New City Store,Rice,Grocery,Supplier C,WH-02,Lahore,Multan,,Truck,Pakistan Railways,21,31907,,2026-09-14,2026-09-15,On Time,None,5,-1,Yes,2026-09
ORD0321,2026-06-28,Metro Mart,Bookshelf,Furniture,Supplier C,WH-03,Faisalabad,Lahore,,Rail,DHL,97,89364,,2026-07-03,2026-07-04,On Time,None,5,-1,Yes,2026-06
ORD0322,2026-02-28,Pak Furniture,Trousers,Clothing,Supplier E,WH-02,Lahore,Islamabad,,Rail,Leopards,15,13661,,2026-03-04,2026-03-04,On Time,None,4,0,Yes,2026-02
ORD0323,2026-01-13,Star Enterprises,Tea,Grocery,Supplier E,WH-04,Rawalpindi,Lahore,,Truck,M&P,84,124577,,2026-01-16,2026-01-17,On Time,None,3,-1,Yes,2026-01
ORD0324,2026-03-27,Star Enterprises,Mobile,Electronics,Supplier B,WH-02,Karachi,Faisalabad,,Courier,TCS,27,50005,,2026-04-03,2026-04-03,On Time,None,7,0,Yes,2026-03
ORD0325,2026-11-28,ABC Store,Chair,Furniture,Supplier D,WH-03,Lahore,Islamabad,,Truck,TCS,7,8958,,2026-12-01,2026-12-02,On Time,None,3,-1,Yes,2026-11
ORD0326,2026-05-13,Super Store,Shoes,Clothing,Supplier D,WH-04,Faisalabad,Lahore,,Truck,Leopards,87,128469,,2026-05-24,2026-05-19,Delayed,Traffic,11,5,No,2026-05
ORD0327,2026-10-27,Ali Traders,Keyboard,Electronics,Supplier E,WH-01,Karachi,Islamabad,,Rail,Pakistan Railways,12,10106,,2026-10-31,2026-11-01,On Time,None,4,-1,Yes,2026-10
ORD0328,2026-08-31,XYZ Ltd,Table,Furniture,Supplier D,WH-03,Karachi,Faisalabad,,Van,M&P,87,99966,,2026-09-06,2026-09-07,On Time,None,6,-1,Yes,2026-08
ORD0329,2026-10-11,Star Enterprises,Chair,Furniture,Supplier A,WH-01,Peshawar,Islamabad,,Courier,Pakistan Railways,71,132557,,2026-10-13,2026-10-13,On Time,None,2,0,Yes,2026-10
ORD0330,2026-04-19,Super Store,Table,Furniture,Supplier B,WH-02,Peshawar,Islamabad,,Rail,DHL,15,11985,,2026-04-25,2026-04-26,On Time,None,6,-1,Yes,2026-04
ORD0331,2026-10-09,Global Traders,Printer,Electronics,Supplier A,WH-03,Karachi,Lahore,,Van,Pakistan Railways,63,74095,,2026-10-12,2026-10-13,On Time,None,3,-1,Yes,2026-10
ORD0332,2026-02-21,City Electronics,Monitor,Electronics,Supplier C,WH-04,Rawalpindi,Lahore,,Rail,Pakistan Railways,85,76004,,2026-02-28,2026-02-28,On Time,None,7,0,Yes,2026-02
ORD0333,2026-06-11,Super Store,Chair,Furniture,Supplier C,WH-02,Islamabad,Peshawar,,Courier,M&P,47,82700,,2026-06-18,2026-06-18,On Time,None,7,0,Yes,2026-06
ORD0334,2026-08-25,Global Traders,Flour,Grocery,Supplier D,WH-01,Lahore,Multan,,Truck,M&P,18,31301,,2026-09-01,2026-08-31,Delayed,Traffic,7,1,No,2026-08
ORD0335,2026-01-10,Star Enterprises,Mouse,Electronics,Supplier E,WH-02,Lahore,Islamabad,,Rail,Pakistan Railways,70,63867,,2026-01-17,2026-01-17,On Time,None,7,0,Yes,2026-01
ORD0336,2026-07-20,Metro Mart,Sugar,Grocery,Supplier D,WH-01,Multan,Karachi,,Rail,Pakistan Railways,2,4228,,2026-07-22,2026-07-23,On Time,None,2,-1,Yes,2026-07
ORD0337,2026-09-21,XYZ Ltd,Trousers,Clothing,Supplier B,WH-02,Gujranwala,Lahore,,Courier,M&P,6,9592,,2026-09-26,2026-09-26,On Time,None,5,0,Yes,2026-09
ORD0338,2026-07-09,Metro Mart,Monitor,Electronics,Supplier E,WH-03,Multan,Karachi,,Courier,Leopards,6,8126,,2026-07-16,2026-07-16,On Time,None,7,0,Yes,2026-07
ORD0339,2026-05-15,New City Store,Sofa,Furniture,Supplier D,WH-03,Peshawar,Islamabad,,Truck,Pakistan Railways,33,49582,,2026-05-18,2026-05-18,On Time,None,3,0,Yes,2026-05
ORD0340,2026-06-26,Global Traders,T-Shirt,Clothing,Supplier A,WH-02,Rawalpindi,Lahore,,Van,DHL,10,12215,,2026-07-02,2026-07-03,On Time,None,6,-1,Yes,2026-06
ORD0341,2026-04-06,XYZ Ltd,Tea,Grocery,Supplier A,WH-02,Multan,Karachi,,Rail,TCS,62,58331,,2026-04-10,2026-04-11,On Time,None,4,-1,Yes,2026-04
ORD0342,2026-11-28,Super Store,Monitor,Electronics,Supplier A,WH-02,Peshawar,Islamabad,,Van,DHL,81,90299,,2026-11-29,2026-11-30,On Time,None,1,-1,Yes,2026-11
ORD0343,2026-01-29,XYZ Ltd,Sugar,Grocery,Supplier E,WH-04,Peshawar,Islamabad,,Truck,M&P,11,15274,,2026-02-03,2026-02-03,On Time,None,5,0,Yes,2026-01
ORD0344,2026-09-04,XYZ Ltd,Office Chair,Furniture,Supplier D,WH-02,Peshawar,Islamabad,,Van,Pakistan Railways,85,94684,,2026-09-11,2026-09-08,Delayed,Warehouse Issue,7,3,No,2026-09
ORD0345,2026-11-02,New City Store,Monitor,Electronics,Supplier D,WH-04,Lahore,Multan,,Truck,TCS,26,40282,,2026-11-07,2026-11-08,On Time,None,5,-1,Yes,2026-11
ORD0346,2026-11-07,ABC Store,Sofa,Furniture,Supplier E,WH-01,Lahore,Faisalabad,,Truck,TCS,62,95401,,2026-11-09,2026-11-10,On Time,None,2,-1,Yes,2026-11
ORD0347,2026-12-14,Super Store,Jacket,Clothing,Supplier A,WH-04,Islamabad,Peshawar,,Courier,Leopards,45,82825,,2026-12-20,2026-12-21,On Time,None,6,-1,Yes,2026-12
ORD0348,2026-08-06,XYZ Ltd,Cooking Oil,Grocery,Supplier B,WH-01,Karachi,Islamabad,,Courier,M&P,25,42044,,2026-08-12,2026-08-13,On Time,None,6,-1,Yes,2026-08
ORD0349,2026-10-23,Star Enterprises,Laptop,Electronics,Supplier D,WH-02,Gujranwala,Lahore,,Rail,Leopards,47,40173,,2026-10-26,2026-10-26,On Time,None,3,0,Yes,2026-10
ORD0350,2026-05-14,Star Enterprises,T-Shirt,Clothing,Supplier C,WH-03,Karachi,Faisalabad,,Courier,DHL,53,96922,,2026-05-20,2026-05-20,On Time,None,6,0,Yes,2026-05
ORD0351,2026-10-14,Star Enterprises,Jacket,Clothing,Supplier C,WH-03,Gujranwala,Lahore,,Courier,DHL,85,150975,,2026-10-20,2026-10-21,On Time,None,6,-1,Yes,2026-10
ORD0352,2026-02-21,Metro Mart,Jacket,Clothing,Supplier E,WH-01,Lahore,Multan,,Courier,TCS,12,25344,,2026-02-24,2026-02-24,On Time,None,3,0,Yes,2026-02
ORD0353,2026-02-15,ABC Store,Sugar,Grocery,Supplier C,WH-01,Peshawar,Islamabad,,Truck,Leopards,52,80029,,2026-02-21,2026-02-22,On Time,None,6,-1,Yes,2026-02
ORD0354,2026-03-31,Global Traders,Shirt,Clothing,Supplier B,WH-03,Islamabad,Peshawar,,Truck,Pakistan Railways,66,100225,,2026-04-06,2026-04-07,On Time,None,6,-1,Yes,2026-03
ORD0355,2026-12-12,Ali Traders,Sugar,Grocery,Supplier A,WH-02,Karachi,Lahore,,Rail,Leopards,46,43885,,2026-12-16,2026-12-17,On Time,None,4,-1,Yes,2026-12
ORD0356,2026-09-23,Ali Traders,Mobile,Electronics,Supplier E,WH-03,Gujranwala,Lahore,,Rail,M&P,36,31253,,2026-09-29,2026-09-29,On Time,None,6,0,Yes,2026-09
ORD0357,2026-07-26,New City Store,Printer,Electronics,Supplier B,WH-04,Lahore,Faisalabad,,Truck,Pakistan Railways,10,16121,,2026-07-29,2026-07-30,On Time,None,3,-1,Yes,2026-07
ORD0358,2026-09-20,City Electronics,Milk Powder,Grocery,Supplier D,WH-04,Peshawar,Islamabad,,Courier,DHL,97,174382,,2026-09-24,2026-09-25,On Time,None,4,-1,Yes,2026-09
ORD0359,2026-09-04,ABC Store,Rice,Grocery,Supplier D,WH-02,Karachi,Faisalabad,,Van,M&P,53,63127,,2026-09-07,2026-09-08,On Time,None,3,-1,Yes,2026-09
ORD0360,2026-12-25,City Electronics,Desk,Furniture,Supplier A,WH-04,Karachi,Faisalabad,,Rail,TCS,71,68529,,2026-12-28,2026-12-28,On Time,None,3,0,Yes,2026-12
ORD0361,2026-04-22,New City Store,Sugar,Grocery,Supplier B,WH-04,Gujranwala,Lahore,,Van,DHL,95,103482,,2026-04-25,2026-04-26,On Time,None,3,-1,Yes,2026-04
ORD0362,2026-05-08,New City Store,Sugar,Grocery,Supplier A,WH-01,Karachi,Lahore,,Courier,Pakistan Railways,1,5060,,2026-05-14,2026-05-14,On Time,None,6,0,Yes,2026-05
ORD0363,2026-07-10,New City Store,Cooking Oil,Grocery,Supplier E,WH-03,Rawalpindi,Lahore,,Van,Pakistan Railways,36,39859,,2026-07-12,2026-07-13,On Time,None,2,-1,Yes,2026-07
ORD0364,2026-01-28,Star Enterprises,Shoes,Clothing,Supplier E,WH-01,Lahore,Faisalabad,,Rail,Leopards,88,82556,,2026-01-30,2026-01-31,On Time,None,2,-1,Yes,2026-01
ORD0365,2026-12-24,Star Enterprises,Jacket,Clothing,Supplier A,WH-01,Karachi,Faisalabad,,Van,Leopards,75,80325,,2026-12-28,2026-12-28,On Time,None,4,0,Yes,2026-12
ORD0366,2026-04-06,Star Enterprises,Sugar,Grocery,Supplier C,WH-04,Peshawar,Islamabad,,Rail,M&P,24,22685,,2026-04-11,2026-04-11,On Time,None,5,0,Yes,2026-04
ORD0367,2026-07-06,Super Store,Cooking Oil,Grocery,Supplier B,WH-02,Peshawar,Islamabad,,Van,TCS,93,101511,,2026-07-09,2026-07-09,On Time,None,3,0,Yes,2026-07
ORD0368,2026-04-11,XYZ Ltd,Sofa,Furniture,Supplier A,WH-02,Multan,Karachi,,Courier,DHL,81,147035,,2026-04-17,2026-04-17,On Time,None,6,0,Yes,2026-04
ORD0369,2026-06-03,City Electronics,Mouse,Electronics,Supplier A,WH-02,Lahore,Islamabad,,Van,M&P,61,70972,,2026-06-13,2026-06-10,Delayed,Vehicle Breakdown,10,3,No,2026-06
ORD0370,2026-07-04,Pak Furniture,Flour,Grocery,Supplier A,WH-04,Karachi,Lahore,,Rail,Pakistan Railways,26,25125,,2026-07-09,2026-07-10,On Time,None,5,-1,Yes,2026-07
ORD0371,2026-05-26,Pak Furniture,Milk Powder,Grocery,Supplier E,WH-04,Gujranwala,Lahore,,Courier,TCS,49,90227,,2026-05-29,2026-05-30,On Time,None,3,-1,Yes,2026-05
ORD0372,2026-03-27,Pak Furniture,Uniform,Clothing,Supplier E,WH-04,Karachi,Lahore,,Truck,DHL,44,64869,,2026-03-31,2026-03-31,On Time,None,4,0,Yes,2026-03
ORD0373,2026-12-30,City Electronics,Jacket,Clothing,Supplier D,WH-03,Gujranwala,Lahore,,Courier,Leopards,22,38106,,2027-01-03,2027-01-01,Delayed,Vehicle Breakdown,4,2,No,2026-12
ORD0374,2026-12-25,ABC Store,Table,Furniture,Supplier D,WH-01,Karachi,Lahore,,Truck,Leopards,71,103940,,2026-12-26,2026-12-27,On Time,None,1,-1,Yes,2026-12
ORD0375,2026-02-23,City Electronics,Chair,Furniture,Supplier D,WH-03,Islamabad,Peshawar,,Van,M&P,57,64832,,2026-02-28,2026-02-26,Delayed,Traffic,5,2,No,2026-02
ORD0376,2026-01-18,Pak Furniture,Cooking Oil,Grocery,Supplier D,WH-03,Lahore,Faisalabad,,Courier,DHL,90,163417,,2026-01-21,2026-01-21,On Time,None,3,0,Yes,2026-01
ORD0377,2026-11-20,New City Store,T-Shirt,Clothing,Supplier E,WH-03,Faisalabad,Lahore,,Courier,Pakistan Railways,30,57592,,2026-11-22,2026-11-22,On Time,None,2,0,Yes,2026-11
ORD0378,2026-07-31,City Electronics,Desk,Furniture,Supplier A,WH-01,Lahore,Faisalabad,,Van,M&P,37,41543,,2026-08-10,2026-08-06,Delayed,Warehouse Issue,10,4,No,2026-07
ORD0379,2026-06-03,Ali Traders,Jacket,Clothing,Supplier E,WH-02,Lahore,Islamabad,,Rail,DHL,53,51926,,2026-06-08,2026-06-09,On Time,None,5,-1,Yes,2026-06
ORD0380,2026-03-25,Super Store,Trousers,Clothing,Supplier C,WH-01,Multan,Karachi,,Van,Pakistan Railways,98,111353,,2026-03-31,2026-03-31,On Time,None,6,0,Yes,2026-03
ORD0381,2026-05-26,Star Enterprises,Cooking Oil,Grocery,Supplier B,WH-01,Lahore,Multan,,Van,M&P,15,18717,,2026-05-31,2026-05-31,On Time,None,5,0,Yes,2026-05
ORD0382,2026-12-25,New City Store,Trousers,Clothing,Supplier C,WH-01,Lahore,Multan,,Truck,Pakistan Railways,3,3023,,2026-12-26,2026-12-27,On Time,None,1,-1,Yes,2026-12
ORD0383,2026-08-13,Ali Traders,Chair,Furniture,Supplier B,WH-01,Rawalpindi,Lahore,,Van,M&P,54,58952,,2026-08-18,2026-08-18,On Time,None,5,0,Yes,2026-08
ORD0384,2026-12-23,Ali Traders,Rice,Grocery,Supplier B,WH-01,Karachi,Islamabad,,Courier,TCS,70,126851,,2026-12-29,2026-12-26,Delayed,Warehouse Issue,6,3,No,2026-12
ORD0385,2026-01-07,ABC Store,Sofa,Furniture,Supplier D,WH-02,Gujranwala,Lahore,,Truck,DHL,59,91523,,2026-01-08,2026-01-09,On Time,None,1,-1,Yes,2026-01
ORD0386,2026-08-31,Super Store,Flour,Grocery,Supplier B,WH-01,Gujranwala,Lahore,,Truck,M&P,62,95230,,2026-09-05,2026-09-04,Delayed,Weather,5,1,No,2026-08
ORD0387,2026-02-27,Metro Mart,Jacket,Clothing,Supplier A,WH-02,Karachi,Islamabad,,Truck,Leopards,32,45073,,2026-03-01,2026-03-01,On Time,None,2,0,Yes,2026-02
ORD0388,2026-12-19,New City Store,Desk,Furniture,Supplier A,WH-02,Lahore,Multan,,Courier,TCS,88,160467,,2026-12-22,2026-12-23,On Time,None,3,-1,Yes,2026-12
ORD0389,2026-01-31,Pak Furniture,Bookshelf,Furniture,Supplier E,WH-01,Lahore,Multan,,Courier,DHL,41,75374,,2026-02-07,2026-02-07,On Time,None,7,0,Yes,2026-01
ORD0390,2026-04-09,Ali Traders,Jacket,Clothing,Supplier B,WH-03,Lahore,Islamabad,,Courier,Leopards,72,129014,,2026-04-14,2026-04-15,On Time,None,5,-1,Yes,2026-04
ORD0391,2026-10-18,XYZ Ltd,Flour,Grocery,Supplier D,WH-03,Peshawar,Islamabad,,Van,TCS,68,73069,,2026-10-23,2026-10-23,On Time,None,5,0,Yes,2026-10
ORD0392,2026-10-05,Pak Furniture,Shirt,Clothing,Supplier E,WH-04,Gujranwala,Lahore,,Van,TCS,80,92019,,2026-10-08,2026-10-09,On Time,None,3,-1,Yes,2026-10
ORD0393,2026-06-14,ABC Store,Trousers,Clothing,Supplier E,WH-04,Lahore,Faisalabad,,Van,Pakistan Railways,37,40342,,2026-06-18,2026-06-19,On Time,None,4,-1,Yes,2026-06
ORD0394,2026-02-19,Star Enterprises,Laptop,Electronics,Supplier B,WH-02,Lahore,Islamabad,,Van,TCS,63,67869,,2026-02-25,2026-02-21,Delayed,Warehouse Issue,6,4,No,2026-02
ORD0395,2026-09-27,New City Store,Rice,Grocery,Supplier C,WH-02,Peshawar,Islamabad,,Truck,TCS,27,42871,,2026-10-01,2026-10-02,On Time,None,4,-1,Yes,2026-09
ORD0396,2026-08-28,Ali Traders,Tea,Grocery,Supplier D,WH-03,Gujranwala,Lahore,,Truck,Pakistan Railways,35,53833,,2026-08-30,2026-08-30,On Time,None,2,0,Yes,2026-08
ORD0397,2026-02-09,Metro Mart,Mobile,Electronics,Supplier B,WH-04,Islamabad,Peshawar,,Van,Pakistan Railways,85,92537,,2026-02-14,2026-02-15,On Time,None,5,-1,Yes,2026-02
ORD0398,2026-10-13,Star Enterprises,Uniform,Clothing,Supplier A,WH-03,Karachi,Faisalabad,,Courier,Leopards,14,23566,,2026-10-16,2026-10-16,On Time,None,3,0,Yes,2026-10
ORD0399,2026-12-03,XYZ Ltd,Jacket,Clothing,Supplier C,WH-03,Faisalabad,Lahore,,Courier,Leopards,93,167049,,2026-12-08,2026-12-09,On Time,None,5,-1,Yes,2026-12
ORD0400,2026-07-12,Star Enterprises,Flour,Grocery,Supplier D,WH-04,Multan,Karachi,,Truck,TCS,37,57380,,2026-07-14,2026-07-14,On Time,None,2,0,Yes,2026-07
ORD0401,2026-01-04,City Electronics,Table,Furniture,Supplier C,WH-01,Gujranwala,Lahore,,Rail,Pakistan Railways,66,60957,,2026-01-09,2026-01-10,On Time,None,5,-1,Yes,2026-01
ORD0402,2026-02-18,Ali Traders,Jacket,Clothing,Supplier B,WH-02,Karachi,Islamabad,,Rail,Pakistan Railways,32,27708,,2026-02-21,2026-02-22,On Time,None,3,-1,Yes,2026-02
ORD0403,2026-10-20,Super Store,Bookshelf,Furniture,Supplier A,WH-03,Rawalpindi,Lahore,,Van,Leopards,89,100657,,2026-10-25,2026-10-26,On Time,None,5,-1,Yes,2026-10
ORD0404,2026-11-01,City Electronics,Mouse,Electronics,Supplier A,WH-01,Faisalabad,Lahore,,Rail,Leopards,54,53220,,2026-11-02,2026-11-03,On Time,None,1,-1,Yes,2026-11
ORD0405,2026-12-01,New City Store,Mouse,Electronics,Supplier A,WH-03,Lahore,Faisalabad,,Truck,M&P,70,106627,,2026-12-03,2026-12-04,On Time,None,2,-1,Yes,2026-12
ORD0406,2026-03-20,Ali Traders,Shoes,Clothing,Supplier E,WH-01,Islamabad,Peshawar,,Courier,M&P,51,90012,,2026-03-23,2026-03-23,On Time,None,3,0,Yes,2026-03
ORD0407,2026-10-20,Ali Traders,Jacket,Clothing,Supplier A,WH-04,Lahore,Faisalabad,,Courier,DHL,98,174504,,2026-10-25,2026-10-25,On Time,None,5,0,Yes,2026-10
ORD0408,2026-07-22,New City Store,Cabinet,Furniture,Supplier E,WH-02,Islamabad,Peshawar,,Truck,M&P,100,150523,,2026-07-25,2026-07-26,On Time,None,3,-1,Yes,2026-07
ORD0409,2026-02-27,Super Store,Jacket,Clothing,Supplier C,WH-02,Faisalabad,Lahore,,Rail,Pakistan Railways,84,72798,,2026-03-06,2026-03-03,Delayed,Supplier Delay,7,3,No,2026-02
ORD0410,2026-08-15,New City Store,Sofa,Furniture,Supplier A,WH-02,Islamabad,Peshawar,,Rail,DHL,97,90267,,2026-08-18,2026-08-17,Delayed,Weather,3,1,No,2026-08
ORD0411,2026-11-14,XYZ Ltd,Rice,Grocery,Supplier C,WH-01,Karachi,Islamabad,,Courier,Leopards,3,5118,,2026-11-16,2026-11-17,On Time,None,2,-1,Yes,2026-11
ORD0412,2026-04-15,Star Enterprises,Tea,Grocery,Supplier D,WH-02,Gujranwala,Lahore,,Truck,Leopards,75,116922,,2026-04-22,2026-04-22,On Time,None,7,0,Yes,2026-04
ORD0413,2026-03-29,Ali Traders,Sugar,Grocery,Supplier E,WH-03,Lahore,Islamabad,,Courier,TCS,9,16383,,2026-04-05,2026-04-05,On Time,None,7,0,Yes,2026-03
ORD0414,2026-02-25,Ali Traders,Milk Powder,Grocery,Supplier D,WH-02,Multan,Karachi,,Truck,M&P,63,98600,,2026-03-02,2026-03-03,On Time,None,5,-1,Yes,2026-02
ORD0415,2026-04-12,Star Enterprises,T-Shirt,Clothing,Supplier A,WH-01,Islamabad,Peshawar,,Rail,M&P,63,56922,,2026-04-22,2026-04-19,Delayed,Vehicle Breakdown,10,3,No,2026-04
ORD0416,2026-07-01,City Electronics,Cabinet,Furniture,Supplier C,WH-01,Karachi,Faisalabad,,Rail,Leopards,4,8334,,2026-07-06,2026-07-07,On Time,None,5,-1,Yes,2026-07
ORD0417,2026-03-19,Pak Furniture,Uniform,Clothing,Supplier B,WH-01,Gujranwala,Lahore,,Courier,Pakistan Railways,87,158617,,2026-03-26,2026-03-26,On Time,None,7,0,Yes,2026-03
ORD0418,2026-05-04,New City Store,Sofa,Furniture,Supplier C,WH-03,Rawalpindi,Lahore,,Van,DHL,84,90535,,2026-05-09,2026-05-10,On Time,None,5,-1,Yes,2026-05
ORD0419,2026-03-12,City Electronics,Sofa,Furniture,Supplier B,WH-02,Faisalabad,Lahore,,Truck,Pakistan Railways,69,108270,,2026-03-22,2026-03-19,Delayed,Weather,10,3,No,2026-03
ORD0420,2026-01-16,Pak Furniture,Shoes,Clothing,Supplier C,WH-04,Gujranwala,Lahore,,Rail,DHL,100,88539,,2026-01-19,2026-01-18,Delayed,Supplier Delay,3,1,No,2026-01
ORD0421,2026-11-12,City Electronics,Cabinet,Furniture,Supplier B,WH-02,Karachi,Faisalabad,,Truck,M&P,11,19137,,2026-11-22,2026-11-17,Delayed,Warehouse Issue,10,5,No,2026-11
ORD0422,2026-12-31,Pak Furniture,Office Chair,Furniture,Supplier D,WH-04,Rawalpindi,Lahore,,Van,DHL,25,26353,,2027-01-01,2027-01-02,On Time,None,1,-1,Yes,2026-12
ORD0423,2026-05-19,Super Store,Bookshelf,Furniture,Supplier B,WH-02,Karachi,Lahore,,Van,Leopards,79,87913,,2026-05-26,2026-05-26,On Time,None,7,0,Yes,2026-05
ORD0424,2026-05-07,Super Store,Shirt,Clothing,Supplier E,WH-04,Gujranwala,Lahore,,Rail,Leopards,79,75793,,2026-05-13,2026-05-14,On Time,None,6,-1,Yes,2026-05
ORD0425,2026-09-24,ABC Store,Shoes,Clothing,Supplier A,WH-02,Lahore,Faisalabad,,Courier,TCS,72,129773,,2026-09-29,2026-09-30,On Time,None,5,-1,Yes,2026-09
ORD0426,2026-04-08,City Electronics,Shoes,Clothing,Supplier C,WH-03,Rawalpindi,Lahore,,Van,Leopards,38,43822,,2026-04-09,2026-04-10,On Time,None,1,-1,Yes,2026-04
ORD0427,2026-08-26,Global Traders,Mobile,Electronics,Supplier B,WH-02,Multan,Karachi,,Courier,M&P,58,101604,,2026-08-28,2026-08-29,On Time,None,2,-1,Yes,2026-08
ORD0428,2026-08-21,ABC Store,Flour,Grocery,Supplier B,WH-01,Karachi,Lahore,,Truck,Leopards,82,122973,,2026-08-23,2026-08-23,On Time,None,2,0,Yes,2026-08
ORD0429,2026-09-19,New City Store,Sofa,Furniture,Supplier E,WH-04,Lahore,Islamabad,,Van,M&P,73,84437,,2026-09-25,2026-09-26,On Time,None,6,-1,Yes,2026-09
ORD0430,2026-03-16,XYZ Ltd,Mouse,Electronics,Supplier C,WH-03,Gujranwala,Lahore,,Courier,M&P,81,144280,,2026-03-17,2026-03-18,On Time,None,1,-1,Yes,2026-03
ORD0431,2026-01-02,New City Store,Rice,Grocery,Supplier D,WH-04,Rawalpindi,Lahore,,Truck,Pakistan Railways,64,94948,,2026-01-05,2026-01-05,On Time,None,3,0,Yes,2026-01
ORD0432,2026-08-21,Super Store,Shirt,Clothing,Supplier E,WH-01,Islamabad,Peshawar,,Rail,Pakistan Railways,81,74467,,2026-08-26,2026-08-24,Delayed,Traffic,5,2,No,2026-08
ORD0433,2026-12-01,Pak Furniture,Tablet,Electronics,Supplier A,WH-03,Faisalabad,Lahore,,Truck,TCS,14,21415,,2026-12-07,2026-12-04,Delayed,Supplier Delay,6,3,No,2026-12
ORD0434,2026-12-05,New City Store,Sofa,Furniture,Supplier E,WH-03,Lahore,Islamabad,,Truck,M&P,42,63019,,2026-12-10,2026-12-10,On Time,None,5,0,Yes,2026-12
ORD0435,2026-10-09,ABC Store,Cooking Oil,Grocery,Supplier B,WH-01,Gujranwala,Lahore,,Rail,M&P,68,61589,,2026-10-14,2026-10-15,On Time,None,5,-1,Yes,2026-10
ORD0436,2026-11-10,Ali Traders,Mobile,Electronics,Supplier D,WH-03,Multan,Karachi,,Rail,M&P,68,62911,,2026-11-15,2026-11-16,On Time,None,5,-1,Yes,2026-11
ORD0437,2026-11-11,New City Store,T-Shirt,Clothing,Supplier D,WH-04,Lahore,Multan,,Van,M&P,25,24512,,2026-11-14,2026-11-13,Delayed,Weather,3,1,No,2026-11
ORD0438,2026-11-12,Super Store,Shirt,Clothing,Supplier C,WH-03,Lahore,Faisalabad,,Van,TCS,82,88848,,2026-11-18,2026-11-19,On Time,None,6,-1,Yes,2026-11
ORD0439,2026-06-07,City Electronics,Rice,Grocery,Supplier A,WH-03,Faisalabad,Lahore,,Courier,Pakistan Railways,79,147065,,2026-06-08,2026-06-09,On Time,None,1,-1,Yes,2026-06
ORD0440,2026-06-19,Pak Furniture,Shoes,Clothing,Supplier A,WH-02,Rawalpindi,Lahore,,Van,Leopards,69,80239,,2026-06-23,2026-06-23,On Time,None,4,0,Yes,2026-06
ORD0441,2026-01-29,Star Enterprises,Tea,Grocery,Supplier C,WH-01,Islamabad,Peshawar,,Rail,M&P,9,13043,,2026-01-31,2026-02-01,On Time,None,2,-1,Yes,2026-01
ORD0442,2026-06-23,Super Store,Cabinet,Furniture,Supplier E,WH-04,Lahore,Multan,,Truck,M&P,91,140527,,2026-06-27,2026-06-27,On Time,None,4,0,Yes,2026-06
ORD0443,2026-07-31,ABC Store,Trousers,Clothing,Supplier C,WH-04,Karachi,Islamabad,,Van,Pakistan Railways,39,41333,,2026-08-01,2026-08-02,On Time,None,1,-1,Yes,2026-07
ORD0444,2026-04-14,ABC Store,T-Shirt,Clothing,Supplier A,WH-04,Lahore,Faisalabad,,Van,DHL,44,52966,,2026-04-19,2026-04-19,On Time,None,5,0,Yes,2026-04
ORD0445,2026-06-17,XYZ Ltd,Tablet,Electronics,Supplier B,WH-01,Rawalpindi,Lahore,,Courier,Pakistan Railways,15,24033,,2026-06-20,2026-06-21,On Time,None,3,-1,Yes,2026-06
ORD0446,2026-06-20,Global Traders,Mobile,Electronics,Supplier E,WH-03,Lahore,Islamabad,,Rail,DHL,42,36442,,2026-06-23,2026-06-23,On Time,None,3,0,Yes,2026-06
ORD0447,2026-08-14,ABC Store,Sugar,Grocery,Supplier B,WH-03,Karachi,Lahore,,Truck,Pakistan Railways,72,109211,,2026-08-16,2026-08-16,On Time,None,2,0,Yes,2026-08
ORD0448,2026-10-09,Pak Furniture,Sugar,Grocery,Supplier C,WH-02,Lahore,Multan,,Truck,M&P,79,122809,,2026-10-12,2026-10-13,On Time,None,3,-1,Yes,2026-10
ORD0449,2026-03-08,Ali Traders,Uniform,Clothing,Supplier A,WH-01,Multan,Karachi,,Truck,TCS,55,82710,,2026-03-11,2026-03-11,On Time,None,3,0,Yes,2026-03
ORD0450,2026-11-12,Pak Furniture,Flour,Grocery,Supplier B,WH-01,Rawalpindi,Lahore,,Van,TCS,90,99836,,2026-11-14,2026-11-14,On Time,None,2,0,Yes,2026-11
ORD0451,2026-08-29,Metro Mart,Table,Furniture,Supplier E,WH-03,Faisalabad,Lahore,,Courier,DHL,90,166514,,2026-09-05,2026-09-05,On Time,None,7,0,Yes,2026-08
ORD0452,2026-08-21,Global Traders,Mobile,Electronics,Supplier D,WH-01,Faisalabad,Lahore,,Courier,Leopards,22,38912,,2026-08-24,2026-08-25,On Time,None,3,-1,Yes,2026-08
ORD0453,2026-09-18,ABC Store,Uniform,Clothing,Supplier A,WH-03,Lahore,Faisalabad,,Truck,M&P,69,104276,,2026-09-22,2026-09-23,On Time,None,4,-1,Yes,2026-09
ORD0454,2026-11-14,Metro Mart,Sofa,Furniture,Supplier D,WH-01,Faisalabad,Lahore,,Van,Pakistan Railways,56,65025,,2026-11-19,2026-11-19,On Time,None,5,0,Yes,2026-11
ORD0455,2026-10-06,Metro Mart,Bookshelf,Furniture,Supplier A,WH-04,Karachi,Lahore,,Courier,M&P,72,127399,,2026-10-15,2026-10-11,Delayed,Traffic,9,4,No,2026-10
ORD0456,2026-11-03,ABC Store,Jacket,Clothing,Supplier D,WH-01,Karachi,Lahore,,Van,DHL,75,86899,,2026-11-09,2026-11-10,On Time,None,6,-1,Yes,2026-11
ORD0457,2026-12-05,XYZ Ltd,T-Shirt,Clothing,Supplier C,WH-04,Peshawar,Islamabad,,Courier,DHL,27,51182,,2026-12-09,2026-12-09,On Time,None,4,0,Yes,2026-12
ORD0458,2026-08-11,Pak Furniture,Laptop,Electronics,Supplier E,WH-04,Lahore,Multan,,Rail,TCS,48,47581,,2026-08-16,2026-08-17,On Time,None,5,-1,Yes,2026-08
ORD0459,2026-12-27,Star Enterprises,Rice,Grocery,Supplier C,WH-01,Islamabad,Peshawar,,Courier,Pakistan Railways,51,93921,,2026-12-31,2026-12-31,On Time,None,4,0,Yes,2026-12
ORD0460,2026-07-15,Super Store,Bookshelf,Furniture,Supplier B,WH-04,Lahore,Multan,,Van,Pakistan Railways,50,58908,,2026-07-18,2026-07-19,On Time,None,3,-1,Yes,2026-07
ORD0461,2026-05-28,XYZ Ltd,Chair,Furniture,Supplier A,WH-01,Lahore,Multan,,Courier,Leopards,18,30093,,2026-05-31,2026-05-31,On Time,None,3,0,Yes,2026-05
ORD0462,2026-08-22,New City Store,T-Shirt,Clothing,Supplier B,WH-04,Lahore,Faisalabad,,Courier,Pakistan Railways,58,104551,,2026-08-26,2026-08-26,On Time,None,4,0,Yes,2026-08
ORD0463,2026-11-06,Ali Traders,Uniform,Clothing,Supplier B,WH-03,Multan,Karachi,,Rail,TCS,5,6154,,2026-11-10,2026-11-11,On Time,None,4,-1,Yes,2026-11
ORD0464,2026-10-25,Global Traders,Tablet,Electronics,Supplier E,WH-03,Rawalpindi,Lahore,,Truck,Pakistan Railways,79,116224,,2026-10-27,2026-10-28,On Time,None,2,-1,Yes,2026-10
ORD0465,2026-12-17,Star Enterprises,Tea,Grocery,Supplier A,WH-03,Lahore,Faisalabad,,Truck,Leopards,59,89699,,2026-12-22,2026-12-22,On Time,None,5,0,Yes,2026-12
ORD0466,2026-08-04,Pak Furniture,Flour,Grocery,Supplier B,WH-01,Gujranwala,Lahore,,Rail,Pakistan Railways,34,28103,,2026-08-10,2026-08-11,On Time,None,6,-1,Yes,2026-08
ORD0467,2026-10-21,Ali Traders,Milk Powder,Grocery,Supplier E,WH-01,Karachi,Islamabad,,Courier,TCS,17,31741,,2026-10-23,2026-10-23,On Time,None,2,0,Yes,2026-10
ORD0468,2026-05-10,XYZ Ltd,Flour,Grocery,Supplier C,WH-01,Gujranwala,Lahore,,Truck,Pakistan Railways,23,38955,,2026-05-16,2026-05-16,On Time,None,6,0,Yes,2026-05
ORD0469,2026-07-09,XYZ Ltd,Milk Powder,Grocery,Supplier B,WH-04,Lahore,Multan,,Truck,M&P,11,21424,,2026-07-11,2026-07-12,On Time,None,2,-1,Yes,2026-07
ORD0470,2026-09-11,Super Store,Trousers,Clothing,Supplier D,WH-02,Islamabad,Peshawar,,Rail,TCS,83,73865,,2026-09-17,2026-09-13,Delayed,Warehouse Issue,6,4,No,2026-09
ORD0471,2026-09-01,City Electronics,Uniform,Clothing,Supplier E,WH-02,Multan,Karachi,,Courier,Leopards,34,59389,,2026-09-06,2026-09-07,On Time,None,5,-1,Yes,2026-09
ORD0472,2026-05-28,Global Traders,Uniform,Clothing,Supplier C,WH-01,Karachi,Lahore,,Rail,Leopards,79,75620,,2026-06-04,2026-06-04,On Time,None,7,0,Yes,2026-05
ORD0473,2026-05-19,City Electronics,Printer,Electronics,Supplier E,WH-04,Rawalpindi,Lahore,,Van,Pakistan Railways,99,107496,,2026-05-24,2026-05-25,On Time,None,5,-1,Yes,2026-05
ORD0474,2026-06-10,Star Enterprises,Laptop,Electronics,Supplier A,WH-01,Multan,Karachi,,Truck,Pakistan Railways,14,23615,,2026-06-15,2026-06-15,On Time,None,5,0,Yes,2026-06
ORD0475,2026-05-09,Metro Mart,Laptop,Electronics,Supplier E,WH-01,Lahore,Islamabad,,Van,Pakistan Railways,82,88197,,2026-05-15,2026-05-16,On Time,None,6,-1,Yes,2026-05
ORD0476,2026-11-06,XYZ Ltd,Uniform,Clothing,Supplier E,WH-02,Karachi,Lahore,,Van,M&P,38,42625,,2026-11-13,2026-11-13,On Time,None,7,0,Yes,2026-11
ORD0477,2026-05-22,Super Store,Flour,Grocery,Supplier B,WH-01,Karachi,Islamabad,,Truck,Leopards,50,74725,,2026-05-24,2026-05-24,On Time,None,2,0,Yes,2026-05
ORD0478,2026-04-02,Global Traders,Router,Electronics,Supplier B,WH-04,Lahore,Multan,,Courier,TCS,19,35628,,2026-04-06,2026-04-07,On Time,None,4,-1,Yes,2026-04
ORD0479,2026-08-15,City Electronics,Laptop,Electronics,Supplier A,WH-01,Peshawar,Islamabad,,Rail,Leopards,3,7044,,2026-08-21,2026-08-20,Delayed,Traffic,6,1,No,2026-08
ORD0480,2026-12-07,Super Store,Sugar,Grocery,Supplier C,WH-04,Peshawar,Islamabad,,Truck,Pakistan Railways,91,141199,,2026-12-12,2026-12-12,On Time,None,5,0,Yes,2026-12
ORD0481,2026-02-05,Star Enterprises,Chair,Furniture,Supplier D,WH-04,Karachi,Lahore,,Rail,M&P,88,78680,,2026-02-11,2026-02-10,Delayed,Vehicle Breakdown,6,1,No,2026-02
ORD0482,2026-10-01,Pak Furniture,Router,Electronics,Supplier C,WH-02,Lahore,Multan,,Truck,Leopards,85,126064,,2026-10-04,2026-10-05,On Time,None,3,-1,Yes,2026-10
ORD0483,2026-11-19,Pak Furniture,Shirt,Clothing,Supplier D,WH-02,Lahore,Multan,,Truck,DHL,4,8896,,2026-11-25,2026-11-25,On Time,None,6,0,Yes,2026-11
ORD0484,2026-02-02,Star Enterprises,Cooking Oil,Grocery,Supplier E,WH-04,Lahore,Islamabad,,Truck,M&P,8,11766,,2026-02-10,2026-02-09,Delayed,Weather,8,1,No,2026-02
ORD0485,2026-12-01,Star Enterprises,Uniform,Clothing,Supplier E,WH-02,Gujranwala,Lahore,,Van,TCS,5,8524,,2026-12-03,2026-12-04,On Time,None,2,-1,Yes,2026-12
ORD0486,2026-08-30,New City Store,Monitor,Electronics,Supplier B,WH-01,Lahore,Multan,,Truck,M&P,13,20237,,2026-09-10,2026-09-05,Delayed,Traffic,11,5,No,2026-08
ORD0487,2026-02-24,ABC Store,T-Shirt,Clothing,Supplier E,WH-02,Karachi,Lahore,,Van,Leopards,44,52047,,2026-03-03,2026-03-03,On Time,None,7,0,Yes,2026-02
ORD0488,2026-03-03,New City Store,Desk,Furniture,Supplier B,WH-01,Peshawar,Islamabad,,Van,M&P,9,7889,,2026-03-11,2026-03-07,Delayed,Weather,8,4,No,2026-03
ORD0489,2026-12-23,Pak Furniture,Sofa,Furniture,Supplier B,WH-01,Lahore,Multan,,Truck,Pakistan Railways,49,76870,,2026-12-30,2026-12-26,Delayed,Traffic,7,4,No,2026-12
ORD0490,2026-01-04,Ali Traders,Chair,Furniture,Supplier E,WH-03,Multan,Karachi,,Courier,DHL,27,46772,,2026-01-11,2026-01-11,On Time,None,7,0,Yes,2026-01
ORD0491,2026-07-30,Metro Mart,Cabinet,Furniture,Supplier A,WH-02,Gujranwala,Lahore,,Courier,Pakistan Railways,12,23737,,2026-08-02,2026-08-03,On Time,None,3,-1,Yes,2026-07
ORD0492,2026-10-13,Metro Mart,Chair,Furniture,Supplier E,WH-01,Peshawar,Islamabad,,Rail,Pakistan Railways,65,57296,,2026-10-17,2026-10-18,On Time,None,4,-1,Yes,2026-10
ORD0493,2026-05-22,Ali Traders,Chair,Furniture,Supplier B,WH-04,Rawalpindi,Lahore,,Van,DHL,86,99158,,2026-05-27,2026-05-24,Delayed,Vehicle Breakdown,5,3,No,2026-05
ORD0494,2026-04-18,Super Store,Flour,Grocery,Supplier E,WH-04,Lahore,Islamabad,,Truck,TCS,69,101940,,2026-04-21,2026-04-21,On Time,None,3,0,Yes,2026-04
ORD0495,2026-09-21,ABC Store,Monitor,Electronics,Supplier D,WH-03,Multan,Karachi,,Van,M&P,30,36381,,2026-09-22,2026-09-23,On Time,None,1,-1,Yes,2026-09
ORD0496,2026-05-02,Super Store,Sofa,Furniture,Supplier B,WH-01,Rawalpindi,Lahore,,Courier,TCS,56,98987,,2026-05-05,2026-05-05,On Time,None,3,0,Yes,2026-05
ORD0497,2026-04-02,Super Store,Sugar,Grocery,Supplier D,WH-02,Karachi,Faisalabad,,Rail,M&P,26,23151,,2026-04-10,2026-04-05,Delayed,Traffic,8,5,No,2026-04
ORD0498,2026-05-24,XYZ Ltd,Router,Electronics,Supplier D,WH-04,Lahore,Multan,,Rail,DHL,38,36144,,2026-05-26,2026-05-27,On Time,None,2,-1,Yes,2026-05
ORD0499,2026-10-23,Star Enterprises,Chair,Furniture,Supplier D,WH-04,Islamabad,Peshawar,,Courier,Leopards,36,61918,,2026-10-29,2026-10-30,On Time,None,6,-1,Yes,2026-10
ORD0500,2026-05-07,Pak Furniture,T-Shirt,Clothing,Supplier B,WH-02,Peshawar,Islamabad,,Truck,Leopards,6,6328,,2026-05-11,2026-05-12,On Time,None,4,-1,Yes,2026-05
ORD0501,2026-08-06,Star Enterprises,Shoes,Clothing,Supplier A,WH-04,Rawalpindi,Lahore,,Van,TCS,72,82369,,2026-08-08,2026-08-08,On Time,None,2,0,Yes,2026-08
ORD0502,2026-04-22,XYZ Ltd,Flour,Grocery,Supplier B,WH-01,Lahore,Islamabad,,Courier,M&P,21,40561,,2026-04-26,2026-04-27,On Time,None,4,-1,Yes,2026-04
ORD0503,2026-08-21,Global Traders,Office Chair,Furniture,Supplier D,WH-02,Faisalabad,Lahore,,Courier,TCS,81,143379,,2026-08-26,2026-08-26,On Time,None,5,0,Yes,2026-08
ORD0504,2026-09-29,Ali Traders,Cooking Oil,Grocery,Supplier C,WH-02,Karachi,Faisalabad,,Truck,Pakistan Railways,43,67527,,2026-10-01,2026-10-01,On Time,None,2,0,Yes,2026-09
ORD0505,2026-01-27,ABC Store,Jacket,Clothing,Supplier D,WH-01,Faisalabad,Lahore,,Rail,DHL,83,76277,,2026-02-05,2026-02-03,Delayed,Weather,9,2,No,2026-01
ORD0506,2026-06-21,Metro Mart,Router,Electronics,Supplier E,WH-02,Gujranwala,Lahore,,Van,M&P,46,54955,,2026-06-25,2026-06-25,On Time,None,4,0,Yes,2026-06
ORD0507,2026-05-22,Ali Traders,Keyboard,Electronics,Supplier C,WH-04,Rawalpindi,Lahore,,Truck,Leopards,91,137857,,2026-05-29,2026-05-29,On Time,None,7,0,Yes,2026-05
ORD0508,2026-08-20,New City Store,Milk Powder,Grocery,Supplier A,WH-02,Rawalpindi,Lahore,,Truck,TCS,51,80855,,2026-08-22,2026-08-23,On Time,None,2,-1,Yes,2026-08
ORD0509,2026-02-25,XYZ Ltd,Rice,Grocery,Supplier B,WH-04,Lahore,Multan,,Van,Pakistan Railways,81,86285,,2026-02-28,2026-03-01,On Time,None,3,-1,Yes,2026-02
ORD0510,2026-08-31,Pak Furniture,Shoes,Clothing,Supplier A,WH-03,Islamabad,Peshawar,,Truck,TCS,30,48839,,2026-09-06,2026-09-06,On Time,None,6,0,Yes,2026-08
ORD0511,2026-10-24,Pak Furniture,Cooking Oil,Grocery,Supplier E,WH-04,Rawalpindi,Lahore,,Rail,Pakistan Railways,17,19658,,2026-10-31,2026-10-28,Delayed,Weather,7,3,No,2026-10
ORD0512,2026-09-05,Pak Furniture,Rice,Grocery,Supplier B,WH-03,Karachi,Islamabad,,Courier,DHL,80,148570,,2026-09-08,2026-09-08,On Time,None,3,0,Yes,2026-09
ORD0513,2026-04-04,XYZ Ltd,Table,Furniture,Supplier B,WH-01,Lahore,Islamabad,,Rail,Pakistan Railways,17,15911,,2026-04-07,2026-04-08,On Time,None,3,-1,Yes,2026-04
ORD0514,2026-10-15,Ali Traders,Flour,Grocery,Supplier B,WH-03,Rawalpindi,Lahore,,Van,Pakistan Railways,39,40895,,2026-10-17,2026-10-17,On Time,None,2,0,Yes,2026-10
ORD0515,2026-03-16,Global Traders,Sugar,Grocery,Supplier A,WH-03,Karachi,Faisalabad,,Rail,Leopards,38,39143,,2026-03-22,2026-03-22,On Time,None,6,0,Yes,2026-03
ORD0516,2026-06-23,ABC Store,Shirt,Clothing,Supplier B,WH-01,Karachi,Islamabad,,Truck,Leopards,80,123888,,2026-06-25,2026-06-26,On Time,None,2,-1,Yes,2026-06
ORD0517,2026-06-17,Ali Traders,Cabinet,Furniture,Supplier E,WH-02,Karachi,Islamabad,,Van,TCS,11,13510,,2026-06-21,2026-06-22,On Time,None,4,-1,Yes,2026-06
ORD0518,2026-09-20,Super Store,Sofa,Furniture,Supplier C,WH-01,Karachi,Faisalabad,,Rail,Leopards,19,19965,,2026-09-25,2026-09-25,On Time,None,5,0,Yes,2026-09
ORD0519,2026-01-07,City Electronics,Flour,Grocery,Supplier C,WH-04,Lahore,Faisalabad,,Truck,DHL,94,145272,,2026-01-12,2026-01-12,On Time,None,5,0,Yes,2026-01
ORD0520,2026-08-15,City Electronics,Office Chair,Furniture,Supplier D,WH-04,Lahore,Multan,,Truck,DHL,27,39984,,2026-08-20,2026-08-20,On Time,None,5,0,Yes,2026-08
ORD0521,2026-02-03,New City Store,Shirt,Clothing,Supplier A,WH-04,Karachi,Faisalabad,,Rail,Leopards,23,22253,,2026-02-07,2026-02-08,On Time,None,4,-1,Yes,2026-02
ORD0522,2026-04-13,XYZ Ltd,Jacket,Clothing,Supplier E,WH-04,Lahore,Islamabad,,Rail,Pakistan Railways,39,36147,,2026-04-18,2026-04-19,On Time,None,5,-1,Yes,2026-04
ORD0523,2026-01-14,Ali Traders,Desk,Furniture,Supplier C,WH-04,Karachi,Lahore,,Rail,Leopards,23,21729,,2026-01-20,2026-01-21,On Time,None,6,-1,Yes,2026-01
ORD0524,2026-03-03,City Electronics,Shirt,Clothing,Supplier E,WH-03,Peshawar,Islamabad,,Courier,Pakistan Railways,56,104913,,2026-03-07,2026-03-07,On Time,None,4,0,Yes,2026-03
ORD0525,2026-12-22,ABC Store,Tea,Grocery,Supplier E,WH-01,Karachi,Islamabad,,Van,Pakistan Railways,8,6997,,2026-12-25,2026-12-26,On Time,None,3,-1,Yes,2026-12
ORD0526,2026-07-02,XYZ Ltd,Printer,Electronics,Supplier C,WH-04,Karachi,Faisalabad,,Rail,TCS,38,33589,,2026-07-07,2026-07-08,On Time,None,5,-1,Yes,2026-07
ORD0527,2026-09-21,Metro Mart,Office Chair,Furniture,Supplier A,WH-02,Lahore,Faisalabad,,Rail,M&P,88,82752,,2026-09-25,2026-09-25,On Time,None,4,0,Yes,2026-09
ORD0528,2026-02-19,Star Enterprises,Sugar,Grocery,Supplier A,WH-02,Lahore,Faisalabad,,Rail,M&P,100,90972,,2026-02-23,2026-02-24,On Time,None,4,-1,Yes,2026-02
ORD0529,2026-02-22,Metro Mart,Cabinet,Furniture,Supplier B,WH-02,Lahore,Faisalabad,,Truck,Leopards,59,93004,,2026-02-26,2026-02-24,Delayed,Traffic,4,2,No,2026-02
ORD0530,2026-09-03,Pak Furniture,Milk Powder,Grocery,Supplier C,WH-02,Rawalpindi,Lahore,,Rail,DHL,91,81395,,2026-09-04,2026-09-05,On Time,None,1,-1,Yes,2026-09
ORD0531,2026-04-24,XYZ Ltd,Bookshelf,Furniture,Supplier B,WH-03,Lahore,Multan,,Van,DHL,11,12580,,2026-04-30,2026-05-01,On Time,None,6,-1,Yes,2026-04
ORD0532,2026-02-09,Ali Traders,Shoes,Clothing,Supplier A,WH-02,Karachi,Lahore,,Truck,Pakistan Railways,76,111485,,2026-02-17,2026-02-14,Delayed,Traffic,8,3,No,2026-02
ORD0533,2026-02-03,City Electronics,Mobile,Electronics,Supplier A,WH-02,Peshawar,Islamabad,,Van,DHL,86,94479,,2026-02-08,2026-02-05,Delayed,Supplier Delay,5,3,No,2026-02
ORD0534,2026-06-28,Pak Furniture,Office Chair,Furniture,Supplier E,WH-02,Lahore,Faisalabad,,Truck,TCS,75,115752,,2026-06-29,2026-06-30,On Time,None,1,-1,Yes,2026-06
ORD0535,2026-05-25,XYZ Ltd,Mobile,Electronics,Supplier B,WH-04,Faisalabad,Lahore,,Van,Leopards,87,100545,,2026-05-30,2026-05-27,Delayed,Warehouse Issue,5,3,No,2026-05
ORD0536,2026-08-06,Metro Mart,Sofa,Furniture,Supplier A,WH-03,Karachi,Lahore,,Courier,TCS,67,118713,,2026-08-11,2026-08-11,On Time,None,5,0,Yes,2026-08
ORD0537,2026-10-13,Ali Traders,Keyboard,Electronics,Supplier D,WH-01,Multan,Karachi,,Rail,Leopards,77,72330,,2026-10-17,2026-10-17,On Time,None,4,0,Yes,2026-10
ORD0538,2026-04-26,Star Enterprises,Jacket,Clothing,Supplier D,WH-02,Karachi,Lahore,,Courier,M&P,23,38504,,2026-05-02,2026-05-03,On Time,None,6,-1,Yes,2026-04
ORD0539,2026-07-22,Global Traders,Mobile,Electronics,Supplier B,WH-04,Multan,Karachi,,Truck,DHL,9,13479,,2026-07-25,2026-07-25,On Time,None,3,0,Yes,2026-07
ORD0540,2026-03-04,Metro Mart,Uniform,Clothing,Supplier D,WH-03,Gujranwala,Lahore,,Rail,Leopards,46,42297,,2026-03-11,2026-03-11,On Time,None,7,0,Yes,2026-03
ORD0541,2026-09-06,Star Enterprises,Sugar,Grocery,Supplier D,WH-01,Karachi,Lahore,,Rail,Leopards,64,56490,,2026-09-12,2026-09-13,On Time,None,6,-1,Yes,2026-09
ORD0542,2026-02-20,Ali Traders,Router,Electronics,Supplier A,WH-02,Multan,Karachi,,Rail,DHL,39,37195,,2026-02-27,2026-02-26,Delayed,Supplier Delay,7,1,No,2026-02
ORD0543,2026-09-10,Global Traders,Desk,Furniture,Supplier D,WH-04,Lahore,Faisalabad,,Rail,Pakistan Railways,44,43231,,2026-09-15,2026-09-16,On Time,None,5,-1,Yes,2026-09
ORD0544,2026-08-09,ABC Store,Shoes,Clothing,Supplier C,WH-04,Rawalpindi,Lahore,,Courier,TCS,5,7448,,2026-08-15,2026-08-15,On Time,None,6,0,Yes,2026-08
ORD0545,2026-12-28,XYZ Ltd,Shoes,Clothing,Supplier B,WH-03,Gujranwala,Lahore,,Courier,Leopards,98,174296,,2027-01-03,2027-01-03,On Time,None,6,0,Yes,2026-12
ORD0546,2026-09-01,Star Enterprises,Cabinet,Furniture,Supplier A,WH-04,Karachi,Islamabad,,Courier,Pakistan Railways,49,90253,,2026-09-08,2026-09-08,On Time,None,7,0,Yes,2026-09
ORD0547,2026-06-14,Ali Traders,Laptop,Electronics,Supplier B,WH-03,Faisalabad,Lahore,,Truck,M&P,49,71297,,2026-06-19,2026-06-19,On Time,None,5,0,Yes,2026-06
ORD0548,2026-07-30,Pak Furniture,Monitor,Electronics,Supplier B,WH-02,Karachi,Faisalabad,,Rail,Pakistan Railways,11,14357,,2026-08-09,2026-08-06,Delayed,Traffic,10,3,No,2026-07
ORD0549,2026-06-22,XYZ Ltd,Keyboard,Electronics,Supplier A,WH-04,Karachi,Faisalabad,,Courier,Pakistan Railways,66,123184,,2026-06-27,2026-06-27,On Time,None,5,0,Yes,2026-06
ORD0550,2026-10-29,Ali Traders,Cooking Oil,Grocery,Supplier E,WH-04,Faisalabad,Lahore,,Truck,Leopards,13,22159,,2026-11-05,2026-11-05,On Time,None,7,0,Yes,2026-10
ORD0551,2026-09-15,Pak Furniture,Cabinet,Furniture,Supplier C,WH-03,Multan,Karachi,,Van,Leopards,82,94141,,2026-09-16,2026-09-17,On Time,None,1,-1,Yes,2026-09
ORD0552,2026-05-28,City Electronics,Printer,Electronics,Supplier E,WH-04,Islamabad,Peshawar,,Truck,Pakistan Railways,13,21348,,2026-06-01,2026-06-01,On Time,None,4,0,Yes,2026-05
ORD0553,2026-08-07,Metro Mart,Rice,Grocery,Supplier C,WH-03,Multan,Karachi,,Rail,DHL,54,48895,,2026-08-11,2026-08-11,On Time,None,4,0,Yes,2026-08
ORD0554,2026-12-10,Star Enterprises,Chair,Furniture,Supplier E,WH-02,Peshawar,Islamabad,,Courier,DHL,85,157881,,2026-12-17,2026-12-17,On Time,None,7,0,Yes,2026-12
ORD0555,2026-11-23,Star Enterprises,T-Shirt,Clothing,Supplier A,WH-02,Faisalabad,Lahore,,Courier,DHL,31,54032,,2026-11-30,2026-11-30,On Time,None,7,0,Yes,2026-11
ORD0556,2026-08-11,Super Store,Rice,Grocery,Supplier B,WH-04,Karachi,Islamabad,,Rail,DHL,33,32326,,2026-08-16,2026-08-17,On Time,None,5,-1,Yes,2026-08
ORD0557,2026-02-28,XYZ Ltd,Chair,Furniture,Supplier B,WH-03,Rawalpindi,Lahore,,Courier,Pakistan Railways,56,101257,,2026-03-06,2026-03-07,On Time,None,6,-1,Yes,2026-02
ORD0558,2026-03-23,City Electronics,Chair,Furniture,Supplier C,WH-03,Karachi,Faisalabad,,Van,TCS,93,103280,,2026-03-26,2026-03-25,Delayed,Vehicle Breakdown,3,1,No,2026-03
ORD0559,2026-11-05,City Electronics,Mouse,Electronics,Supplier C,WH-01,Multan,Karachi,,Van,DHL,15,18177,,2026-11-11,2026-11-12,On Time,None,6,-1,Yes,2026-11
ORD0560,2026-09-25,New City Store,Cooking Oil,Grocery,Supplier A,WH-02,Peshawar,Islamabad,,Truck,M&P,43,68318,,2026-09-30,2026-10-01,On Time,None,5,-1,Yes,2026-09
ORD0561,2026-08-05,Metro Mart,Chair,Furniture,Supplier B,WH-02,Karachi,Islamabad,,Courier,Leopards,33,63468,,2026-08-16,2026-08-11,Delayed,Vehicle Breakdown,11,5,No,2026-08
ORD0562,2026-12-25,ABC Store,Tea,Grocery,Supplier D,WH-04,Karachi,Faisalabad,,Van,M&P,19,20873,,2026-12-30,2026-12-30,On Time,None,5,0,Yes,2026-12
ORD0563,2026-01-11,New City Store,Laptop,Electronics,Supplier B,WH-03,Lahore,Faisalabad,,Courier,M&P,82,152451,,2026-01-17,2026-01-18,On Time,None,6,-1,Yes,2026-01
ORD0564,2026-10-01,Metro Mart,Shoes,Clothing,Supplier A,WH-04,Karachi,Islamabad,,Rail,TCS,97,86228,,2026-10-04,2026-10-05,On Time,None,3,-1,Yes,2026-10
ORD0565,2026-08-13,Pak Furniture,Shirt,Clothing,Supplier C,WH-01,Rawalpindi,Lahore,,Courier,Leopards,43,80276,,2026-08-17,2026-08-18,On Time,None,4,-1,Yes,2026-08
ORD0566,2026-03-24,City Electronics,Keyboard,Electronics,Supplier D,WH-03,Rawalpindi,Lahore,,Truck,TCS,83,126755,,2026-03-26,2026-03-27,On Time,None,2,-1,Yes,2026-03
ORD0567,2026-01-02,Super Store,Bookshelf,Furniture,Supplier C,WH-03,Peshawar,Islamabad,,Truck,TCS,21,30544,,2026-01-07,2026-01-08,On Time,None,5,-1,Yes,2026-01
ORD0568,2026-11-01,Super Store,Cooking Oil,Grocery,Supplier D,WH-02,Karachi,Islamabad,,Van,Pakistan Railways,42,49749,,2026-11-09,2026-11-05,Delayed,Vehicle Breakdown,8,4,No,2026-11
ORD0569,2026-04-04,Super Store,T-Shirt,Clothing,Supplier B,WH-01,Lahore,Islamabad,,Van,TCS,60,64624,,2026-04-07,2026-04-08,On Time,None,3,-1,Yes,2026-04
ORD0570,2026-01-26,Super Store,T-Shirt,Clothing,Supplier C,WH-02,Karachi,Lahore,,Rail,DHL,73,63661,,2026-01-28,2026-01-28,On Time,None,2,0,Yes,2026-01
ORD0571,2026-08-21,Global Traders,Monitor,Electronics,Supplier B,WH-02,Karachi,Islamabad,,Rail,Leopards,49,42166,,2026-08-25,2026-08-26,On Time,None,4,-1,Yes,2026-08
ORD0572,2026-05-25,Metro Mart,Trousers,Clothing,Supplier D,WH-02,Lahore,Islamabad,,Rail,M&P,31,29960,,2026-05-30,2026-05-30,On Time,None,5,0,Yes,2026-05
ORD0573,2026-10-26,Global Traders,Laptop,Electronics,Supplier D,WH-02,Faisalabad,Lahore,,Courier,DHL,92,165741,,2026-11-02,2026-11-02,On Time,None,7,0,Yes,2026-10
ORD0574,2026-02-07,ABC Store,Laptop,Electronics,Supplier C,WH-02,Rawalpindi,Lahore,,Rail,Pakistan Railways,86,82323,,2026-02-12,2026-02-13,On Time,None,5,-1,Yes,2026-02
ORD0575,2026-01-03,City Electronics,Jacket,Clothing,Supplier D,WH-03,Lahore,Multan,,Truck,Pakistan Railways,23,33632,,2026-01-06,2026-01-06,On Time,None,3,0,Yes,2026-01
ORD0576,2026-08-28,XYZ Ltd,Keyboard,Electronics,Supplier E,WH-04,Lahore,Multan,,Rail,TCS,41,34261,,2026-08-31,2026-08-31,On Time,None,3,0,Yes,2026-08
ORD0577,2026-07-04,Super Store,Flour,Grocery,Supplier E,WH-03,Lahore,Faisalabad,,Rail,Leopards,22,19384,,2026-07-10,2026-07-11,On Time,None,6,-1,Yes,2026-07
ORD0578,2026-10-12,Global Traders,Monitor,Electronics,Supplier B,WH-01,Islamabad,Peshawar,,Van,TCS,61,66231,,2026-10-15,2026-10-15,On Time,None,3,0,Yes,2026-10
ORD0579,2026-03-01,Global Traders,Router,Electronics,Supplier C,WH-04,Rawalpindi,Lahore,,Courier,TCS,93,171501,,2026-03-05,2026-03-04,Delayed,Weather,4,1,No,2026-03
ORD0580,2026-05-26,XYZ Ltd,Bookshelf,Furniture,Supplier E,WH-03,Peshawar,Islamabad,,Van,Pakistan Railways,1,2409,,2026-06-02,2026-06-01,Delayed,Weather,7,1,No,2026-05
ORD0581,2026-09-13,ABC Store,Rice,Grocery,Supplier C,WH-01,Multan,Karachi,,Rail,Pakistan Railways,14,16456,,2026-09-18,2026-09-17,Delayed,Warehouse Issue,5,1,No,2026-09
ORD0582,2026-12-29,Global Traders,Uniform,Clothing,Supplier C,WH-01,Faisalabad,Lahore,,Truck,Pakistan Railways,58,86661,,2027-01-04,2027-01-05,On Time,None,6,-1,Yes,2026-12
ORD0583,2026-04-19,Ali Traders,Flour,Grocery,Supplier A,WH-01,Lahore,Faisalabad,,Courier,TCS,52,92690,,2026-04-22,2026-04-22,On Time,None,3,0,Yes,2026-04
ORD0584,2026-02-15,Ali Traders,Table,Furniture,Supplier D,WH-04,Karachi,Islamabad,,Van,TCS,39,43921,,2026-02-20,2026-02-20,On Time,None,5,0,Yes,2026-02
ORD0585,2026-12-17,New City Store,Desk,Furniture,Supplier A,WH-03,Lahore,Faisalabad,,Van,Leopards,58,68053,,2026-12-22,2026-12-22,On Time,None,5,0,Yes,2026-12
ORD0586,2026-02-16,Super Store,Tea,Grocery,Supplier B,WH-04,Karachi,Faisalabad,,Courier,TCS,6,12005,,2026-02-19,2026-02-20,On Time,None,3,-1,Yes,2026-02
ORD0587,2026-11-28,XYZ Ltd,T-Shirt,Clothing,Supplier E,WH-01,Karachi,Islamabad,,Courier,Leopards,11,24231,,2026-12-02,2026-12-03,On Time,None,4,-1,Yes,2026-11
ORD0588,2026-12-17,City Electronics,Cabinet,Furniture,Supplier D,WH-03,Peshawar,Islamabad,,Truck,Pakistan Railways,10,19514,,2026-12-19,2026-12-19,On Time,None,2,0,Yes,2026-12
ORD0589,2026-07-31,ABC Store,Uniform,Clothing,Supplier E,WH-03,Faisalabad,Lahore,,Rail,Pakistan Railways,11,13196,,2026-08-10,2026-08-06,Delayed,Weather,10,4,No,2026-07
ORD0590,2026-04-04,Super Store,Mobile,Electronics,Supplier D,WH-03,Faisalabad,Lahore,,Courier,Leopards,80,147617,,2026-04-07,2026-04-08,On Time,None,3,-1,Yes,2026-04
ORD0591,2026-04-19,XYZ Ltd,Printer,Electronics,Supplier A,WH-04,Lahore,Faisalabad,,Truck,TCS,51,74455,,2026-04-25,2026-04-21,Delayed,Warehouse Issue,6,4,No,2026-04
ORD0592,2026-12-21,Super Store,Jacket,Clothing,Supplier E,WH-03,Gujranwala,Lahore,,Courier,M&P,12,19624,,2026-12-25,2026-12-24,Delayed,Traffic,4,1,No,2026-12
ORD0593,2026-12-23,Metro Mart,Monitor,Electronics,Supplier D,WH-02,Karachi,Faisalabad,,Van,Leopards,81,93130,,2027-01-01,2026-12-29,Delayed,Warehouse Issue,9,3,No,2026-12
ORD0594,2026-03-17,Global Traders,Shirt,Clothing,Supplier A,WH-02,Lahore,Multan,,Courier,Leopards,61,106960,,2026-03-21,2026-03-22,On Time,None,4,-1,Yes,2026-03
ORD0595,2026-05-31,New City Store,Shirt,Clothing,Supplier C,WH-01,Karachi,Lahore,,Courier,Leopards,64,118238,,2026-06-06,2026-06-06,On Time,None,6,0,Yes,2026-05
ORD0596,2026-01-19,Global Traders,Shoes,Clothing,Supplier E,WH-04,Islamabad,Peshawar,,Truck,Pakistan Railways,3,4957,,2026-01-24,2026-01-25,On Time,None,5,-1,Yes,2026-01
ORD0597,2026-05-18,Super Store,Shirt,Clothing,Supplier D,WH-03,Rawalpindi,Lahore,,Courier,TCS,21,37159,,2026-05-28,2026-05-25,Delayed,Warehouse Issue,10,3,No,2026-05
ORD0598,2026-04-29,Star Enterprises,Cabinet,Furniture,Supplier C,WH-04,Lahore,Multan,,Rail,Leopards,54,52424,,2026-05-06,2026-05-06,On Time,None,7,0,Yes,2026-04
ORD0599,2026-08-30,XYZ Ltd,Desk,Furniture,Supplier A,WH-04,Lahore,Multan,,Van,DHL,21,25062,,2026-09-08,2026-09-04,Delayed,Warehouse Issue,9,4,No,2026-08
ORD0600,2026-06-05,Metro Mart,Cabinet,Furniture,Supplier A,WH-01,Faisalabad,Lahore,,Rail,M&P,87,76599,,2026-06-07,2026-06-08,On Time,None,2,-1,Yes,2026-06
ORD0601,2026-02-02,Pak Furniture,Shirt,Clothing,Supplier E,WH-02,Karachi,Lahore,,Van,Leopards,34,37187,,2026-02-06,2026-02-06,On Time,None,4,0,Yes,2026-02
ORD0602,2026-03-19,Star Enterprises,Laptop,Electronics,Supplier D,WH-04,Karachi,Lahore,,Truck,Pakistan Railways,79,121907,,2026-03-20,2026-03-21,On Time,None,1,-1,Yes,2026-03
ORD0603,2026-09-17,ABC Store,Bookshelf,Furniture,Supplier A,WH-02,Faisalabad,Lahore,,Van,M&P,91,100716,,2026-09-22,2026-09-23,On Time,None,5,-1,Yes,2026-09
ORD0604,2026-03-20,Pak Furniture,Sugar,Grocery,Supplier A,WH-02,Rawalpindi,Lahore,,Courier,TCS,32,61438,,2026-03-24,2026-03-25,On Time,None,4,-1,Yes,2026-03
ORD0605,2026-02-13,City Electronics,Milk Powder,Grocery,Supplier D,WH-03,Karachi,Faisalabad,,Van,DHL,97,109872,,2026-02-18,2026-02-19,On Time,None,5,-1,Yes,2026-02
ORD0606,2026-03-12,Super Store,Shoes,Clothing,Supplier D,WH-03,Lahore,Islamabad,,Courier,DHL,99,175281,,2026-03-18,2026-03-19,On Time,None,6,-1,Yes,2026-03
ORD0607,2026-02-13,Pak Furniture,Cooking Oil,Grocery,Supplier B,WH-04,Lahore,Islamabad,,Courier,TCS,85,157557,,2026-02-25,2026-02-20,Delayed,Traffic,12,5,No,2026-02
ORD0608,2026-11-20,Star Enterprises,Cooking Oil,Grocery,Supplier D,WH-03,Gujranwala,Lahore,,Rail,M&P,2,5574,,2026-11-23,2026-11-24,On Time,None,3,-1,Yes,2026-11
ORD0609,2026-12-25,Super Store,Uniform,Clothing,Supplier B,WH-04,Gujranwala,Lahore,,Rail,Leopards,100,88616,,2027-01-03,2026-12-29,Delayed,Vehicle Breakdown,9,5,No,2026-12
ORD0610,2026-07-19,XYZ Ltd,Sugar,Grocery,Supplier A,WH-03,Lahore,Faisalabad,,Rail,DHL,3,1500,,2026-07-24,2026-07-25,On Time,None,5,-1,Yes,2026-07
ORD0611,2026-06-05,Super Store,Laptop,Electronics,Supplier C,WH-03,Karachi,Faisalabad,,Rail,TCS,7,9497,,2026-06-12,2026-06-12,On Time,None,7,0,Yes,2026-06
ORD0612,2026-06-02,New City Store,Router,Electronics,Supplier C,WH-02,Gujranwala,Lahore,,Van,M&P,39,42230,,2026-06-08,2026-06-09,On Time,None,6,-1,Yes,2026-06
ORD0613,2026-07-13,Star Enterprises,Chair,Furniture,Supplier C,WH-02,Faisalabad,Lahore,,Courier,TCS,19,37029,,2026-07-17,2026-07-18,On Time,None,4,-1,Yes,2026-07
ORD0614,2026-02-17,Ali Traders,Trousers,Clothing,Supplier D,WH-02,Rawalpindi,Lahore,,Truck,M&P,87,131811,,2026-02-22,2026-02-22,On Time,None,5,0,Yes,2026-02
ORD0615,2026-05-16,New City Store,Uniform,Clothing,Supplier D,WH-04,Gujranwala,Lahore,,Courier,Leopards,21,35982,,2026-05-26,2026-05-22,Delayed,Weather,10,4,No,2026-05
ORD0616,2026-12-27,Star Enterprises,Monitor,Electronics,Supplier D,WH-04,Lahore,Islamabad,,Van,Pakistan Railways,48,57350,,2026-12-29,2026-12-29,On Time,None,2,0,Yes,2026-12
ORD0617,2026-02-26,ABC Store,Tea,Grocery,Supplier C,WH-01,Lahore,Faisalabad,,Van,TCS,48,52297,,2026-03-02,2026-03-02,On Time,None,4,0,Yes,2026-02
ORD0618,2026-01-15,XYZ Ltd,Office Chair,Furniture,Supplier E,WH-04,Lahore,Islamabad,,Rail,M&P,28,23699,,2026-01-21,2026-01-22,On Time,None,6,-1,Yes,2026-01
ORD0619,2026-10-08,Pak Furniture,Laptop,Electronics,Supplier D,WH-04,Peshawar,Islamabad,,Rail,Pakistan Railways,58,56575,,2026-10-12,2026-10-12,On Time,None,4,0,Yes,2026-10
ORD0620,2026-11-07,XYZ Ltd,Cabinet,Furniture,Supplier D,WH-04,Karachi,Faisalabad,,Courier,DHL,94,168864,,2026-11-09,2026-11-09,On Time,None,2,0,Yes,2026-11
ORD0621,2026-07-18,Metro Mart,Jacket,Clothing,Supplier E,WH-01,Karachi,Faisalabad,,Courier,M&P,83,147125,,2026-07-21,2026-07-21,On Time,None,3,0,Yes,2026-07
ORD0622,2026-10-15,ABC Store,Monitor,Electronics,Supplier E,WH-01,Peshawar,Islamabad,,Van,Leopards,65,75847,,2026-10-22,2026-10-17,Delayed,Weather,7,5,No,2026-10
ORD0623,2026-01-10,City Electronics,Table,Furniture,Supplier E,WH-04,Karachi,Lahore,,Rail,Leopards,76,65768,,2026-01-14,2026-01-15,On Time,None,4,-1,Yes,2026-01
ORD0624,2026-06-24,Super Store,Sofa,Furniture,Supplier A,WH-03,Multan,Karachi,,Rail,TCS,15,11313,,2026-07-02,2026-06-30,Delayed,Weather,8,2,No,2026-06
ORD0625,2026-05-11,ABC Store,Desk,Furniture,Supplier D,WH-02,Lahore,Islamabad,,Rail,DHL,4,6443,,2026-05-12,2026-05-13,On Time,None,1,-1,Yes,2026-05
ORD0626,2026-06-13,XYZ Ltd,Jacket,Clothing,Supplier C,WH-04,Karachi,Lahore,,Truck,DHL,31,49661,,2026-06-19,2026-06-19,On Time,None,6,0,Yes,2026-06
ORD0627,2026-09-18,Star Enterprises,Shirt,Clothing,Supplier C,WH-01,Faisalabad,Lahore,,Courier,Pakistan Railways,53,92936,,2026-09-25,2026-09-23,Delayed,Traffic,7,2,No,2026-09
ORD0628,2026-05-18,Star Enterprises,Monitor,Electronics,Supplier E,WH-02,Karachi,Islamabad,,Courier,Leopards,11,23732,,2026-05-24,2026-05-25,On Time,None,6,-1,Yes,2026-05
ORD0629,2026-07-11,Star Enterprises,Office Chair,Furniture,Supplier B,WH-04,Lahore,Faisalabad,,Courier,TCS,1,5457,,2026-07-16,2026-07-16,On Time,None,5,0,Yes,2026-07
ORD0630,2026-12-01,XYZ Ltd,Laptop,Electronics,Supplier D,WH-03,Peshawar,Islamabad,,Rail,Leopards,45,44401,,2026-12-08,2026-12-08,On Time,None,7,0,Yes,2026-12
ORD0631,2026-01-24,XYZ Ltd,Printer,Electronics,Supplier A,WH-04,Gujranwala,Lahore,,Truck,DHL,93,141058,,2026-01-27,2026-01-28,On Time,None,3,-1,Yes,2026-01
ORD0632,2026-11-09,Star Enterprises,Milk Powder,Grocery,Supplier C,WH-03,Gujranwala,Lahore,,Courier,M&P,32,60025,,2026-11-13,2026-11-13,On Time,None,4,0,Yes,2026-11
ORD0633,2026-11-03,Pak Furniture,Tablet,Electronics,Supplier A,WH-04,Lahore,Islamabad,,Truck,DHL,53,81053,,2026-11-10,2026-11-10,On Time,None,7,0,Yes,2026-11
ORD0634,2026-10-03,ABC Store,Laptop,Electronics,Supplier D,WH-01,Faisalabad,Lahore,,Courier,Pakistan Railways,46,82968,,2026-10-05,2026-10-06,On Time,None,2,-1,Yes,2026-10
ORD0635,2026-03-05,Global Traders,Sugar,Grocery,Supplier D,WH-01,Islamabad,Peshawar,,Truck,M&P,88,136548,,2026-03-11,2026-03-12,On Time,None,6,-1,Yes,2026-03
ORD0636,2026-11-11,City Electronics,Table,Furniture,Supplier D,WH-03,Lahore,Islamabad,,Rail,Leopards,91,84691,,2026-11-16,2026-11-17,On Time,None,5,-1,Yes,2026-11
ORD0637,2026-11-23,Super Store,Printer,Electronics,Supplier E,WH-04,Lahore,Multan,,Van,Pakistan Railways,87,98290,,2026-11-28,2026-11-29,On Time,None,5,-1,Yes,2026-11
ORD0638,2026-10-29,XYZ Ltd,Tablet,Electronics,Supplier C,WH-02,Lahore,Faisalabad,,Rail,DHL,87,75489,,2026-11-05,2026-11-05,On Time,None,7,0,Yes,2026-10
ORD0639,2026-12-15,Star Enterprises,Shirt,Clothing,Supplier D,WH-01,Faisalabad,Lahore,,Courier,Leopards,36,62797,,2026-12-22,2026-12-22,On Time,None,7,0,Yes,2026-12
ORD0640,2026-07-05,Star Enterprises,Monitor,Electronics,Supplier A,WH-03,Multan,Karachi,,Courier,M&P,1,2010,,2026-07-07,2026-07-08,On Time,None,2,-1,Yes,2026-07
ORD0641,2026-04-26,Super Store,Monitor,Electronics,Supplier B,WH-02,Faisalabad,Lahore,,Rail,TCS,81,75022,,2026-05-02,2026-04-28,Delayed,Traffic,6,4,No,2026-04
ORD0642,2026-10-31,Pak Furniture,Sugar,Grocery,Supplier A,WH-04,Islamabad,Peshawar,,Rail,TCS,43,39957,,2026-11-03,2026-11-03,On Time,None,3,0,Yes,2026-10
ORD0643,2026-02-18,Global Traders,Mobile,Electronics,Supplier A,WH-01,Multan,Karachi,,Rail,TCS,17,12807,,2026-02-28,2026-02-23,Delayed,Warehouse Issue,10,5,No,2026-02
ORD0644,2026-02-03,ABC Store,Laptop,Electronics,Supplier C,WH-04,Multan,Karachi,,Truck,Pakistan Railways,97,145867,,2026-02-05,2026-02-06,On Time,None,2,-1,Yes,2026-02
ORD0645,2026-08-21,Super Store,Shoes,Clothing,Supplier E,WH-01,Faisalabad,Lahore,,Truck,Leopards,67,100188,,2026-08-28,2026-08-27,Delayed,Traffic,7,1,No,2026-08
ORD0646,2026-11-01,ABC Store,Cabinet,Furniture,Supplier B,WH-03,Faisalabad,Lahore,,Courier,Leopards,93,169486,,2026-11-08,2026-11-06,Delayed,Traffic,7,2,No,2026-11
ORD0647,2026-01-31,XYZ Ltd,Tea,Grocery,Supplier D,WH-03,Karachi,Islamabad,,Van,DHL,61,66628,,2026-02-06,2026-02-06,On Time,None,6,0,Yes,2026-01
ORD0648,2026-01-05,Star Enterprises,Chair,Furniture,Supplier B,WH-01,Multan,Karachi,,Rail,DHL,26,25647,,2026-01-08,2026-01-08,On Time,None,3,0,Yes,2026-01
ORD0649,2026-04-07,Global Traders,T-Shirt,Clothing,Supplier C,WH-03,Peshawar,Islamabad,,Rail,Leopards,43,37029,,2026-04-08,2026-04-09,On Time,None,1,-1,Yes,2026-04
ORD0650,2026-09-11,Metro Mart,Monitor,Electronics,Supplier B,WH-04,Peshawar,Islamabad,,Van,DHL,62,71217,,2026-09-15,2026-09-15,On Time,None,4,0,Yes,2026-09
ORD0651,2026-04-16,Super Store,Office Chair,Furniture,Supplier A,WH-03,Lahore,Islamabad,,Truck,M&P,4,7544,,2026-04-22,2026-04-18,Delayed,Weather,6,4,No,2026-04
ORD0652,2026-11-20,New City Store,Rice,Grocery,Supplier A,WH-02,Islamabad,Peshawar,,Rail,DHL,29,30353,,2026-11-24,2026-11-24,On Time,None,4,0,Yes,2026-11
ORD0653,2026-10-11,Metro Mart,Table,Furniture,Supplier A,WH-02,Karachi,Islamabad,,Truck,TCS,87,128624,,2026-10-15,2026-10-16,On Time,None,4,-1,Yes,2026-10
ORD0654,2026-06-23,Metro Mart,Cooking Oil,Grocery,Supplier B,WH-03,Faisalabad,Lahore,,Van,Pakistan Railways,80,92222,,2026-06-27,2026-06-28,On Time,None,4,-1,Yes,2026-06
ORD0655,2026-03-02,XYZ Ltd,Office Chair,Furniture,Supplier B,WH-02,Lahore,Faisalabad,,Courier,M&P,41,75711,,2026-03-06,2026-03-07,On Time,None,4,-1,Yes,2026-03
ORD0656,2026-01-24,New City Store,Office Chair,Furniture,Supplier E,WH-03,Lahore,Multan,,Rail,DHL,7,8456,,2026-01-28,2026-01-28,On Time,None,4,0,Yes,2026-01
ORD0657,2026-04-18,ABC Store,Uniform,Clothing,Supplier E,WH-01,Lahore,Multan,,Courier,Pakistan Railways,48,87484,,2026-04-24,2026-04-24,On Time,None,6,0,Yes,2026-04
ORD0658,2026-12-31,Pak Furniture,Uniform,Clothing,Supplier D,WH-04,Karachi,Islamabad,,Courier,Pakistan Railways,84,148499,,2027-01-02,2027-01-03,On Time,None,2,-1,Yes,2026-12
ORD0659,2026-08-20,Metro Mart,Trousers,Clothing,Supplier C,WH-04,Multan,Karachi,,Van,M&P,33,37810,,2026-08-23,2026-08-22,Delayed,Vehicle Breakdown,3,1,No,2026-08
ORD0660,2026-08-16,Star Enterprises,Sugar,Grocery,Supplier E,WH-01,Rawalpindi,Lahore,,Rail,Leopards,58,53030,,2026-08-21,2026-08-21,On Time,None,5,0,Yes,2026-08
ORD0661,2026-06-12,City Electronics,Shirt,Clothing,Supplier B,WH-04,Islamabad,Peshawar,,Rail,TCS,46,45784,,2026-06-13,2026-06-14,On Time,None,1,-1,Yes,2026-06
ORD0662,2026-05-22,Metro Mart,Mobile,Electronics,Supplier A,WH-03,Lahore,Islamabad,,Van,M&P,26,31130,,2026-05-26,2026-05-26,On Time,None,4,0,Yes,2026-05
ORD0663,2026-04-08,New City Store,Office Chair,Furniture,Supplier E,WH-03,Lahore,Islamabad,,Rail,M&P,45,43915,,2026-04-12,2026-04-13,On Time,None,4,-1,Yes,2026-04
ORD0664,2026-08-30,Star Enterprises,Office Chair,Furniture,Supplier D,WH-02,Islamabad,Peshawar,,Van,Leopards,30,34225,,2026-09-05,2026-09-05,On Time,None,6,0,Yes,2026-08
ORD0665,2026-08-25,Pak Furniture,Keyboard,Electronics,Supplier B,WH-04,Gujranwala,Lahore,,Courier,DHL,57,103286,,2026-09-02,2026-08-31,Delayed,Supplier Delay,8,2,No,2026-08
ORD0666,2026-03-07,City Electronics,Router,Electronics,Supplier C,WH-03,Islamabad,Peshawar,,Courier,Leopards,88,161565,,2026-03-12,2026-03-12,On Time,None,5,0,Yes,2026-03
ORD0667,2026-06-16,New City Store,Laptop,Electronics,Supplier B,WH-02,Faisalabad,Lahore,,Courier,Leopards,27,53371,,2026-06-25,2026-06-21,Delayed,Weather,9,4,No,2026-06
ORD0668,2026-09-01,ABC Store,Tea,Grocery,Supplier D,WH-03,Karachi,Lahore,,Van,TCS,87,97229,,2026-09-09,2026-09-04,Delayed,Warehouse Issue,8,5,No,2026-09
ORD0669,2026-01-14,XYZ Ltd,Chair,Furniture,Supplier D,WH-03,Islamabad,Peshawar,,Van,M&P,85,94795,,2026-01-16,2026-01-16,On Time,None,2,0,Yes,2026-01
ORD0670,2026-09-23,Ali Traders,Desk,Furniture,Supplier D,WH-04,Lahore,Multan,,Truck,DHL,69,103927,,2026-09-28,2026-09-28,On Time,None,5,0,Yes,2026-09
ORD0671,2026-04-16,XYZ Ltd,Desk,Furniture,Supplier D,WH-04,Lahore,Multan,,Rail,Pakistan Railways,26,24516,,2026-04-23,2026-04-23,On Time,None,7,0,Yes,2026-04
ORD0672,2026-04-14,Ali Traders,Sofa,Furniture,Supplier A,WH-04,Peshawar,Islamabad,,Van,Pakistan Railways,43,51757,,2026-04-20,2026-04-20,On Time,None,6,0,Yes,2026-04
ORD0673,2026-08-25,New City Store,Mobile,Electronics,Supplier C,WH-04,Faisalabad,Lahore,,Rail,Leopards,79,74845,,2026-08-27,2026-08-28,On Time,None,2,-1,Yes,2026-08
ORD0674,2026-11-13,Super Store,Shoes,Clothing,Supplier B,WH-01,Multan,Karachi,,Truck,DHL,21,30742,,2026-11-19,2026-11-20,On Time,None,6,-1,Yes,2026-11
ORD0675,2026-12-24,Metro Mart,Shoes,Clothing,Supplier E,WH-01,Faisalabad,Lahore,,Truck,TCS,65,100779,,2026-12-27,2026-12-28,On Time,None,3,-1,Yes,2026-12
ORD0676,2026-05-10,Metro Mart,Router,Electronics,Supplier A,WH-01,Karachi,Faisalabad,,Courier,Leopards,44,82310,,2026-05-15,2026-05-15,On Time,None,5,0,Yes,2026-05
ORD0677,2026-01-20,Ali Traders,Rice,Grocery,Supplier B,WH-03,Karachi,Faisalabad,,Courier,Leopards,60,105558,,2026-01-21,2026-01-22,On Time,None,1,-1,Yes,2026-01
ORD0678,2026-08-13,XYZ Ltd,Jacket,Clothing,Supplier B,WH-02,Lahore,Islamabad,,Truck,DHL,38,55017,,2026-08-18,2026-08-19,On Time,None,5,-1,Yes,2026-08
ORD0679,2026-02-09,Ali Traders,Sugar,Grocery,Supplier D,WH-03,Lahore,Multan,,Van,TCS,87,97060,,2026-02-11,2026-02-12,On Time,None,2,-1,Yes,2026-02
ORD0680,2026-11-22,Star Enterprises,Mouse,Electronics,Supplier C,WH-04,Lahore,Islamabad,,Truck,TCS,99,148591,,2026-11-25,2026-11-25,On Time,None,3,0,Yes,2026-11
ORD0681,2026-05-03,Metro Mart,Laptop,Electronics,Supplier D,WH-01,Lahore,Islamabad,,Rail,DHL,88,81680,,2026-05-04,2026-05-05,On Time,None,1,-1,Yes,2026-05
ORD0682,2026-12-07,XYZ Ltd,Chair,Furniture,Supplier D,WH-01,Faisalabad,Lahore,,Rail,Pakistan Railways,81,71452,,2026-12-13,2026-12-13,On Time,None,6,0,Yes,2026-12
ORD0683,2026-08-08,ABC Store,Table,Furniture,Supplier A,WH-03,Faisalabad,Lahore,,Van,TCS,52,59557,,2026-08-14,2026-08-12,Delayed,Warehouse Issue,6,2,No,2026-08
ORD0684,2026-04-23,ABC Store,Milk Powder,Grocery,Supplier E,WH-03,Lahore,Islamabad,,Truck,DHL,53,78970,,2026-04-28,2026-04-29,On Time,None,5,-1,Yes,2026-04
ORD0685,2026-12-31,Star Enterprises,Desk,Furniture,Supplier A,WH-03,Karachi,Faisalabad,,Courier,DHL,43,75836,,2027-01-07,2027-01-07,On Time,None,7,0,Yes,2026-12
ORD0686,2026-12-08,Global Traders,Keyboard,Electronics,Supplier A,WH-04,Multan,Karachi,,Van,Pakistan Railways,76,86372,,2026-12-09,2026-12-10,On Time,None,1,-1,Yes,2026-12
ORD0687,2026-06-08,Metro Mart,Trousers,Clothing,Supplier E,WH-01,Lahore,Islamabad,,Van,M&P,64,69829,,2026-06-13,2026-06-11,Delayed,Traffic,5,2,No,2026-06
ORD0688,2026-05-02,New City Store,Uniform,Clothing,Supplier C,WH-02,Karachi,Islamabad,,Rail,TCS,67,63786,,2026-05-07,2026-05-07,On Time,None,5,0,Yes,2026-05
ORD0689,2026-01-13,Metro Mart,Flour,Grocery,Supplier B,WH-02,Lahore,Faisalabad,,Truck,DHL,88,134703,,2026-01-20,2026-01-20,On Time,None,7,0,Yes,2026-01
ORD0690,2026-09-24,Pak Furniture,Sofa,Furniture,Supplier A,WH-01,Rawalpindi,Lahore,,Truck,DHL,7,12696,,2026-09-26,2026-09-27,On Time,None,2,-1,Yes,2026-09
ORD0691,2026-02-16,XYZ Ltd,Table,Furniture,Supplier E,WH-01,Multan,Karachi,,Courier,M&P,22,42511,,2026-02-18,2026-02-19,On Time,None,2,-1,Yes,2026-02
ORD0692,2026-11-07,Metro Mart,Flour,Grocery,Supplier E,WH-04,Karachi,Faisalabad,,Van,M&P,62,65855,,2026-11-10,2026-11-11,On Time,None,3,-1,Yes,2026-11
ORD0693,2026-08-30,Global Traders,T-Shirt,Clothing,Supplier E,WH-04,Lahore,Multan,,Courier,TCS,98,176524,,2026-09-04,2026-09-04,On Time,None,5,0,Yes,2026-08
ORD0694,2026-11-01,Star Enterprises,Cabinet,Furniture,Supplier B,WH-03,Multan,Karachi,,Courier,M&P,59,105520,,2026-11-06,2026-11-06,On Time,None,5,0,Yes,2026-11
ORD0695,2026-02-06,Pak Furniture,Bookshelf,Furniture,Supplier D,WH-02,Lahore,Multan,,Van,TCS,2,6258,,2026-02-12,2026-02-12,On Time,None,6,0,Yes,2026-02
ORD0696,2026-09-09,Super Store,Shoes,Clothing,Supplier C,WH-04,Rawalpindi,Lahore,,Rail,Pakistan Railways,10,9348,,2026-09-10,2026-09-11,On Time,None,1,-1,Yes,2026-09
ORD0697,2026-07-17,New City Store,Table,Furniture,Supplier D,WH-03,Gujranwala,Lahore,,Rail,Pakistan Railways,91,82902,,2026-07-23,2026-07-24,On Time,None,6,-1,Yes,2026-07
ORD0698,2026-11-30,Super Store,Uniform,Clothing,Supplier B,WH-02,Rawalpindi,Lahore,,Truck,M&P,81,124288,,2026-12-09,2026-12-07,Delayed,Vehicle Breakdown,9,2,No,2026-11
ORD0699,2026-11-06,Global Traders,Desk,Furniture,Supplier B,WH-02,Lahore,Islamabad,,Truck,TCS,83,127329,,2026-11-10,2026-11-11,On Time,None,4,-1,Yes,2026-11
ORD0700,2026-09-23,Metro Mart,Trousers,Clothing,Supplier D,WH-03,Gujranwala,Lahore,,Rail,Pakistan Railways,69,64494,,2026-09-28,2026-09-28,On Time,None,5,0,Yes,2026-09
ORD0701,2026-02-15,ABC Store,Sugar,Grocery,Supplier C,WH-02,Gujranwala,Lahore,,Courier,M&P,1,1500,,2026-02-21,2026-02-20,Delayed,Warehouse Issue,6,1,No,2026-02
ORD0702,2026-09-26,Super Store,Milk Powder,Grocery,Supplier D,WH-02,Lahore,Multan,,Rail,DHL,91,80000,,2026-09-28,2026-09-29,On Time,None,2,-1,Yes,2026-09
ORD0703,2026-08-19,New City Store,Table,Furniture,Supplier B,WH-01,Gujranwala,Lahore,,Van,DHL,34,41791,,2026-08-23,2026-08-24,On Time,None,4,-1,Yes,2026-08
ORD0704,2026-11-22,XYZ Ltd,Printer,Electronics,Supplier A,WH-04,Karachi,Lahore,,Rail,TCS,44,36843,,2026-11-28,2026-11-28,On Time,None,6,0,Yes,2026-11
ORD0705,2026-12-11,ABC Store,Laptop,Electronics,Supplier C,WH-01,Karachi,Faisalabad,,Truck,TCS,28,43278,,2026-12-13,2026-12-13,On Time,None,2,0,Yes,2026-12
ORD0706,2026-09-06,Global Traders,Tea,Grocery,Supplier D,WH-03,Faisalabad,Lahore,,Rail,M&P,31,32608,,2026-09-10,2026-09-10,On Time,None,4,0,Yes,2026-09
ORD0707,2026-11-09,Ali Traders,Flour,Grocery,Supplier A,WH-01,Rawalpindi,Lahore,,Courier,DHL,4,9130,,2026-11-11,2026-11-11,On Time,None,2,0,Yes,2026-11
ORD0708,2026-12-25,Metro Mart,Cooking Oil,Grocery,Supplier E,WH-04,Lahore,Faisalabad,,Courier,DHL,1,4027,,2027-01-01,2026-12-29,Delayed,Traffic,7,3,No,2026-12
ORD0709,2026-06-16,Global Traders,Cabinet,Furniture,Supplier D,WH-04,Gujranwala,Lahore,,Truck,M&P,55,87192,,2026-06-20,2026-06-21,On Time,None,4,-1,Yes,2026-06
ORD0710,2026-07-17,City Electronics,Bookshelf,Furniture,Supplier B,WH-01,Lahore,Multan,,Courier,TCS,39,74018,,2026-07-24,2026-07-24,On Time,None,7,0,Yes,2026-07
ORD0711,2026-03-28,Global Traders,Router,Electronics,Supplier E,WH-02,Islamabad,Peshawar,,Van,DHL,97,111434,,2026-04-03,2026-04-04,On Time,None,6,-1,Yes,2026-03
ORD0712,2026-08-11,Ali Traders,Desk,Furniture,Supplier D,WH-03,Islamabad,Peshawar,,Rail,Leopards,86,75408,,2026-08-23,2026-08-18,Delayed,Warehouse Issue,12,5,No,2026-08
ORD0713,2026-02-16,Pak Furniture,Cabinet,Furniture,Supplier E,WH-01,Karachi,Faisalabad,,Rail,Leopards,92,85886,,2026-02-23,2026-02-23,On Time,None,7,0,Yes,2026-02
ORD0714,2026-04-30,Metro Mart,Rice,Grocery,Supplier C,WH-01,Karachi,Lahore,,Truck,M&P,95,144351,,2026-05-02,2026-05-03,On Time,None,2,-1,Yes,2026-04
ORD0715,2026-10-21,Pak Furniture,Office Chair,Furniture,Supplier C,WH-04,Peshawar,Islamabad,,Truck,M&P,8,13833,,2026-10-31,2026-10-27,Delayed,Warehouse Issue,10,4,No,2026-10
ORD0716,2026-06-13,Pak Furniture,Cabinet,Furniture,Supplier E,WH-02,Karachi,Lahore,,Courier,TCS,69,128182,,2026-06-18,2026-06-18,On Time,None,5,0,Yes,2026-06
ORD0717,2026-04-23,Global Traders,Trousers,Clothing,Supplier E,WH-03,Lahore,Multan,,Truck,Pakistan Railways,41,61030,,2026-04-28,2026-04-29,On Time,None,5,-1,Yes,2026-04
ORD0718,2026-05-21,New City Store,Uniform,Clothing,Supplier B,WH-04,Karachi,Islamabad,,Courier,TCS,43,75650,,2026-05-27,2026-05-28,On Time,None,6,-1,Yes,2026-05
ORD0719,2026-12-25,Ali Traders,Office Chair,Furniture,Supplier D,WH-04,Karachi,Islamabad,,Van,TCS,71,78313,,2026-12-29,2026-12-29,On Time,None,4,0,Yes,2026-12
ORD0720,2026-06-28,Super Store,Shirt,Clothing,Supplier E,WH-03,Karachi,Islamabad,,Van,Pakistan Railways,51,53897,,2026-06-30,2026-07-01,On Time,None,2,-1,Yes,2026-06
ORD0721,2026-12-30,City Electronics,Uniform,Clothing,Supplier B,WH-02,Rawalpindi,Lahore,,Courier,M&P,19,32918,,2027-01-01,2027-01-02,On Time,None,2,-1,Yes,2026-12
ORD0722,2026-11-30,Ali Traders,Milk Powder,Grocery,Supplier E,WH-01,Karachi,Faisalabad,,Van,Leopards,55,63066,,2026-12-02,2026-12-03,On Time,None,2,-1,Yes,2026-11
ORD0723,2026-07-02,Global Traders,Chair,Furniture,Supplier A,WH-03,Peshawar,Islamabad,,Courier,DHL,81,148719,,2026-07-06,2026-07-07,On Time,None,4,-1,Yes,2026-07
ORD0724,2026-05-04,Super Store,Jacket,Clothing,Supplier E,WH-02,Karachi,Faisalabad,,Courier,TCS,100,180798,,2026-05-11,2026-05-11,On Time,None,7,0,Yes,2026-05
ORD0725,2026-07-08,Ali Traders,Mobile,Electronics,Supplier A,WH-01,Rawalpindi,Lahore,,Van,TCS,76,85293,,2026-07-13,2026-07-14,On Time,None,5,-1,Yes,2026-07
ORD0726,2026-10-31,XYZ Ltd,Shoes,Clothing,Supplier D,WH-03,Peshawar,Islamabad,,Van,TCS,42,43720,,2026-11-06,2026-11-07,On Time,None,6,-1,Yes,2026-10
ORD0727,2026-07-27,Ali Traders,T-Shirt,Clothing,Supplier E,WH-04,Karachi,Lahore,,Truck,DHL,85,131853,,2026-08-03,2026-07-29,Delayed,Weather,7,5,No,2026-07
ORD0728,2026-01-03,Star Enterprises,Jacket,Clothing,Supplier A,WH-01,Lahore,Multan,,Van,DHL,12,14807,,2026-01-06,2026-01-07,On Time,None,3,-1,Yes,2026-01
ORD0729,2026-02-13,ABC Store,Flour,Grocery,Supplier E,WH-02,Multan,Karachi,,Truck,DHL,39,55878,,2026-02-19,2026-02-19,On Time,None,6,0,Yes,2026-02
ORD0730,2026-12-04,Star Enterprises,Trousers,Clothing,Supplier E,WH-04,Gujranwala,Lahore,,Rail,Pakistan Railways,46,43365,,2026-12-09,2026-12-10,On Time,None,5,-1,Yes,2026-12
ORD0731,2026-12-06,Ali Traders,Chair,Furniture,Supplier B,WH-02,Karachi,Islamabad,,Van,DHL,78,87322,,2026-12-09,2026-12-09,On Time,None,3,0,Yes,2026-12
ORD0732,2026-03-07,New City Store,Shirt,Clothing,Supplier E,WH-03,Karachi,Islamabad,,Courier,DHL,52,94336,,2026-03-09,2026-03-09,On Time,None,2,0,Yes,2026-03
ORD0733,2026-12-22,XYZ Ltd,Chair,Furniture,Supplier C,WH-02,Gujranwala,Lahore,,Rail,Pakistan Railways,85,78806,,2026-12-28,2026-12-28,On Time,None,6,0,Yes,2026-12
ORD0734,2026-03-20,Pak Furniture,Shoes,Clothing,Supplier A,WH-02,Karachi,Lahore,,Rail,TCS,69,60001,,2026-03-26,2026-03-27,On Time,None,6,-1,Yes,2026-03
ORD0735,2026-06-18,ABC Store,Flour,Grocery,Supplier C,WH-02,Islamabad,Peshawar,,Rail,TCS,13,11789,,2026-06-20,2026-06-21,On Time,None,2,-1,Yes,2026-06
ORD0736,2026-03-05,XYZ Ltd,Tea,Grocery,Supplier D,WH-01,Lahore,Faisalabad,,Rail,Pakistan Railways,37,34818,,2026-03-08,2026-03-09,On Time,None,3,-1,Yes,2026-03
ORD0737,2026-03-29,Pak Furniture,Trousers,Clothing,Supplier C,WH-04,Rawalpindi,Lahore,,Van,M&P,2,4825,,2026-04-03,2026-04-04,On Time,None,5,-1,Yes,2026-03
ORD0738,2026-03-15,Super Store,Rice,Grocery,Supplier C,WH-02,Karachi,Faisalabad,,Courier,Leopards,24,43795,,2026-03-19,2026-03-19,On Time,None,4,0,Yes,2026-03
ORD0739,2026-05-22,Super Store,Desk,Furniture,Supplier A,WH-03,Multan,Karachi,,Rail,TCS,82,71451,,2026-05-23,2026-05-24,On Time,None,1,-1,Yes,2026-05
ORD0740,2026-03-26,New City Store,Mobile,Electronics,Supplier C,WH-04,Lahore,Islamabad,,Courier,Pakistan Railways,94,167317,,2026-03-30,2026-03-31,On Time,None,4,-1,Yes,2026-03
ORD0741,2026-07-27,Ali Traders,Office Chair,Furniture,Supplier A,WH-04,Gujranwala,Lahore,,Rail,DHL,95,87916,,2026-08-01,2026-08-02,On Time,None,5,-1,Yes,2026-07
ORD0742,2026-11-07,Global Traders,Bookshelf,Furniture,Supplier E,WH-02,Lahore,Multan,,Truck,M&P,18,28208,,2026-11-11,2026-11-11,On Time,None,4,0,Yes,2026-11
ORD0743,2026-09-11,Super Store,Desk,Furniture,Supplier A,WH-03,Karachi,Faisalabad,,Van,Pakistan Railways,99,112927,,2026-09-13,2026-09-13,On Time,None,2,0,Yes,2026-09
ORD0744,2026-05-31,City Electronics,Chair,Furniture,Supplier E,WH-04,Islamabad,Peshawar,,Rail,Pakistan Railways,5,9162,,2026-06-05,2026-06-05,On Time,None,5,0,Yes,2026-05
ORD0745,2026-01-30,Pak Furniture,Router,Electronics,Supplier C,WH-03,Faisalabad,Lahore,,Truck,TCS,45,71792,,2026-02-09,2026-02-06,Delayed,Traffic,10,3,No,2026-01
ORD0746,2026-02-21,Super Store,Trousers,Clothing,Supplier A,WH-02,Multan,Karachi,,Truck,Leopards,1,1500,,2026-02-28,2026-02-28,On Time,None,7,0,Yes,2026-02
ORD0747,2026-07-22,Pak Furniture,Flour,Grocery,Supplier D,WH-02,Lahore,Faisalabad,,Rail,TCS,57,53676,,2026-07-30,2026-07-27,Delayed,Warehouse Issue,8,3,No,2026-07
ORD0748,2026-01-03,Pak Furniture,Chair,Furniture,Supplier B,WH-03,Lahore,Islamabad,,Van,Leopards,54,62494,,2026-01-06,2026-01-07,On Time,None,3,-1,Yes,2026-01
ORD0749,2026-12-08,Metro Mart,Uniform,Clothing,Supplier C,WH-01,Multan,Karachi,,Courier,Pakistan Railways,64,118752,,2026-12-15,2026-12-15,On Time,None,7,0,Yes,2026-12
ORD0750,2026-07-24,Star Enterprises,Trousers,Clothing,Supplier A,WH-01,Lahore,Islamabad,,Van,DHL,45,50596,,2026-07-25,2026-07-26,On Time,None,1,-1,Yes,2026-07
ORD0751,2026-01-27,Pak Furniture,T-Shirt,Clothing,Supplier A,WH-04,Rawalpindi,Lahore,,Rail,M&P,63,54376,,2026-01-31,2026-02-01,On Time,None,4,-1,Yes,2026-01
ORD0752,2026-09-19,XYZ Ltd,Desk,Furniture,Supplier A,WH-03,Gujranwala,Lahore,,Van,Leopards,26,29482,,2026-09-25,2026-09-26,On Time,None,6,-1,Yes,2026-09
ORD0753,2026-12-25,Star Enterprises,Table,Furniture,Supplier E,WH-02,Islamabad,Peshawar,,Truck,DHL,52,75314,,2026-12-28,2026-12-29,On Time,None,3,-1,Yes,2026-12
ORD0754,2026-08-07,Ali Traders,Chair,Furniture,Supplier A,WH-04,Multan,Karachi,,Rail,DHL,29,25853,,2026-08-12,2026-08-12,On Time,None,5,0,Yes,2026-08
ORD0755,2026-11-26,Ali Traders,Rice,Grocery,Supplier C,WH-03,Karachi,Islamabad,,Rail,Leopards,32,28420,,2026-11-29,2026-11-28,Delayed,Traffic,3,1,No,2026-11
ORD0756,2026-12-05,Pak Furniture,Desk,Furniture,Supplier D,WH-03,Peshawar,Islamabad,,Truck,Leopards,24,35066,,2026-12-10,2026-12-10,On Time,None,5,0,Yes,2026-12
ORD0757,2026-02-27,ABC Store,Tablet,Electronics,Supplier C,WH-03,Gujranwala,Lahore,,Rail,Pakistan Railways,68,63153,,2026-03-03,2026-03-03,On Time,None,4,0,Yes,2026-02
ORD0758,2026-04-18,New City Store,Shirt,Clothing,Supplier A,WH-02,Karachi,Faisalabad,,Truck,TCS,76,118932,,2026-04-24,2026-04-25,On Time,None,6,-1,Yes,2026-04
ORD0759,2026-12-27,Global Traders,Mobile,Electronics,Supplier E,WH-03,Karachi,Islamabad,,Courier,DHL,69,127104,,2027-01-01,2026-12-30,Delayed,Warehouse Issue,5,2,No,2026-12
ORD0760,2026-10-09,City Electronics,Flour,Grocery,Supplier D,WH-01,Multan,Karachi,,Truck,Leopards,54,82290,,2026-10-14,2026-10-15,On Time,None,5,-1,Yes,2026-10
ORD0761,2026-11-03,City Electronics,Desk,Furniture,Supplier A,WH-01,Gujranwala,Lahore,,Van,Leopards,64,73009,,2026-11-08,2026-11-09,On Time,None,5,-1,Yes,2026-11
ORD0762,2026-03-26,Global Traders,T-Shirt,Clothing,Supplier D,WH-04,Peshawar,Islamabad,,Rail,DHL,24,18629,,2026-03-28,2026-03-29,On Time,None,2,-1,Yes,2026-03
ORD0763,2026-09-20,Global Traders,Flour,Grocery,Supplier B,WH-03,Gujranwala,Lahore,,Rail,Pakistan Railways,16,12801,,2026-09-25,2026-09-23,Delayed,Vehicle Breakdown,5,2,No,2026-09
ORD0764,2026-01-21,XYZ Ltd,Sugar,Grocery,Supplier C,WH-01,Karachi,Faisalabad,,Van,DHL,69,73851,,2026-01-23,2026-01-23,On Time,None,2,0,Yes,2026-01
ORD0765,2026-06-16,ABC Store,Milk Powder,Grocery,Supplier B,WH-04,Peshawar,Islamabad,,Rail,M&P,8,9327,,2026-06-17,2026-06-18,On Time,None,1,-1,Yes,2026-06
ORD0766,2026-05-24,XYZ Ltd,Rice,Grocery,Supplier E,WH-01,Gujranwala,Lahore,,Courier,M&P,81,147996,,2026-05-30,2026-05-30,On Time,None,6,0,Yes,2026-05
ORD0767,2026-04-23,Pak Furniture,Sugar,Grocery,Supplier E,WH-04,Lahore,Multan,,Courier,DHL,94,172149,,2026-04-28,2026-04-28,On Time,None,5,0,Yes,2026-04
ORD0768,2026-02-17,Global Traders,Sofa,Furniture,Supplier B,WH-02,Islamabad,Peshawar,,Courier,DHL,83,148710,,2026-02-18,2026-02-19,On Time,None,1,-1,Yes,2026-02
ORD0769,2026-07-21,New City Store,Chair,Furniture,Supplier B,WH-01,Multan,Karachi,,Van,Leopards,83,96249,,2026-07-31,2026-07-26,Delayed,Weather,10,5,No,2026-07
ORD0770,2026-01-07,New City Store,Mouse,Electronics,Supplier D,WH-01,Karachi,Lahore,,Truck,TCS,17,24534,,2026-01-08,2026-01-09,On Time,None,1,-1,Yes,2026-01
ORD0771,2026-01-05,ABC Store,Milk Powder,Grocery,Supplier A,WH-02,Lahore,Multan,,Courier,Pakistan Railways,57,106280,,2026-01-08,2026-01-08,On Time,None,3,0,Yes,2026-01
ORD0772,2026-03-21,Metro Mart,Printer,Electronics,Supplier E,WH-01,Lahore,Islamabad,,Truck,TCS,70,104430,,2026-03-23,2026-03-23,On Time,None,2,0,Yes,2026-03
ORD0773,2026-03-14,Ali Traders,Chair,Furniture,Supplier B,WH-04,Multan,Karachi,,Van,M&P,84,91749,,2026-03-17,2026-03-17,On Time,None,3,0,Yes,2026-03
ORD0774,2026-12-18,ABC Store,Trousers,Clothing,Supplier A,WH-02,Karachi,Lahore,,Rail,M&P,10,11043,,2026-12-23,2026-12-22,Delayed,Traffic,5,1,No,2026-12
ORD0775,2026-11-06,XYZ Ltd,Sofa,Furniture,Supplier E,WH-03,Peshawar,Islamabad,,Van,Leopards,20,26316,,2026-11-13,2026-11-13,On Time,None,7,0,Yes,2026-11
ORD0776,2026-06-28,ABC Store,Cooking Oil,Grocery,Supplier C,WH-03,Gujranwala,Lahore,,Truck,TCS,20,33371,,2026-07-07,2026-07-05,Delayed,Warehouse Issue,9,2,No,2026-06
ORD0777,2026-08-17,Global Traders,Mobile,Electronics,Supplier E,WH-04,Gujranwala,Lahore,,Rail,DHL,12,10446,,2026-08-24,2026-08-20,Delayed,Vehicle Breakdown,7,4,No,2026-08
ORD0778,2026-06-13,Global Traders,Shoes,Clothing,Supplier D,WH-03,Lahore,Multan,,Van,Leopards,54,60900,,2026-06-18,2026-06-18,On Time,None,5,0,Yes,2026-06
ORD0779,2026-09-30,Star Enterprises,Sofa,Furniture,Supplier A,WH-04,Lahore,Faisalabad,,Van,TCS,31,34063,,2026-10-01,2026-10-02,On Time,None,1,-1,Yes,2026-09
ORD0780,2026-07-05,Star Enterprises,Trousers,Clothing,Supplier A,WH-01,Faisalabad,Lahore,,Rail,DHL,38,34971,,2026-07-08,2026-07-08,On Time,None,3,0,Yes,2026-07
ORD0781,2026-05-05,Metro Mart,Chair,Furniture,Supplier B,WH-01,Gujranwala,Lahore,,Van,Leopards,94,100615,,2026-05-12,2026-05-12,On Time,None,7,0,Yes,2026-05
ORD0782,2026-01-28,ABC Store,Router,Electronics,Supplier E,WH-02,Lahore,Islamabad,,Van,M&P,19,18547,,2026-02-05,2026-01-31,Delayed,Warehouse Issue,8,5,No,2026-01
ORD0783,2026-03-18,XYZ Ltd,Uniform,Clothing,Supplier B,WH-03,Rawalpindi,Lahore,,Courier,M&P,57,106001,,2026-03-25,2026-03-25,On Time,None,7,0,Yes,2026-03
ORD0784,2026-02-26,XYZ Ltd,Laptop,Electronics,Supplier E,WH-02,Lahore,Faisalabad,,Van,TCS,51,59921,,2026-03-03,2026-03-03,On Time,None,5,0,Yes,2026-02
ORD0785,2026-10-11,City Electronics,Milk Powder,Grocery,Supplier B,WH-04,Lahore,Multan,,Rail,TCS,67,60392,,2026-10-14,2026-10-14,On Time,None,3,0,Yes,2026-10
ORD0786,2026-11-13,Ali Traders,Sofa,Furniture,Supplier B,WH-01,Gujranwala,Lahore,,Courier,Leopards,41,76146,,2026-11-20,2026-11-20,On Time,None,7,0,Yes,2026-11
ORD0787,2026-03-26,Ali Traders,Milk Powder,Grocery,Supplier D,WH-02,Karachi,Islamabad,,Truck,TCS,10,14971,,2026-04-01,2026-04-01,On Time,None,6,0,Yes,2026-03
ORD0788,2026-01-15,Metro Mart,Sugar,Grocery,Supplier E,WH-01,Karachi,Lahore,,Van,Pakistan Railways,2,5397,,2026-01-21,2026-01-19,Delayed,Traffic,6,2,No,2026-01
ORD0789,2026-05-04,City Electronics,Laptop,Electronics,Supplier E,WH-04,Lahore,Islamabad,,Truck,M&P,12,22729,,2026-05-11,2026-05-08,Delayed,Vehicle Breakdown,7,3,No,2026-05
ORD0790,2026-07-23,Star Enterprises,Desk,Furniture,Supplier D,WH-03,Lahore,Multan,,Truck,M&P,53,83844,,2026-07-29,2026-07-30,On Time,None,6,-1,Yes,2026-07
ORD0791,2026-01-13,New City Store,Shoes,Clothing,Supplier E,WH-01,Karachi,Islamabad,,Van,DHL,88,97593,,2026-01-14,2026-01-15,On Time,None,1,-1,Yes,2026-01
ORD0792,2026-04-29,Metro Mart,Office Chair,Furniture,Supplier B,WH-03,Rawalpindi,Lahore,,Van,M&P,38,41751,,2026-05-05,2026-05-05,On Time,None,6,0,Yes,2026-04
ORD0793,2026-01-21,Super Store,Table,Furniture,Supplier E,WH-01,Lahore,Multan,,Courier,TCS,2,1768,,2026-01-24,2026-01-25,On Time,None,3,-1,Yes,2026-01
ORD0794,2026-09-13,ABC Store,Jacket,Clothing,Supplier B,WH-03,Lahore,Multan,,Truck,M&P,74,110976,,2026-09-19,2026-09-17,Delayed,Warehouse Issue,6,2,No,2026-09
ORD0795,2026-05-13,Global Traders,Cooking Oil,Grocery,Supplier B,WH-01,Peshawar,Islamabad,,Courier,TCS,47,88636,,2026-05-16,2026-05-17,On Time,None,3,-1,Yes,2026-05
ORD0796,2026-08-14,Pak Furniture,Flour,Grocery,Supplier A,WH-04,Lahore,Faisalabad,,Courier,M&P,88,155749,,2026-08-19,2026-08-20,On Time,None,5,-1,Yes,2026-08
ORD0797,2026-05-06,Star Enterprises,Tablet,Electronics,Supplier A,WH-03,Multan,Karachi,,Van,Pakistan Railways,52,61194,,2026-05-08,2026-05-08,On Time,None,2,0,Yes,2026-05
ORD0798,2026-12-09,ABC Store,Cooking Oil,Grocery,Supplier D,WH-04,Karachi,Lahore,,Truck,DHL,94,138887,,2026-12-13,2026-12-14,On Time,None,4,-1,Yes,2026-12
ORD0799,2026-07-25,Pak Furniture,Keyboard,Electronics,Supplier C,WH-04,Islamabad,Peshawar,,Courier,TCS,36,65523,,2026-07-27,2026-07-27,On Time,None,2,0,Yes,2026-07
ORD0800,2026-03-16,Metro Mart,Tea,Grocery,Supplier A,WH-04,Lahore,Islamabad,,Rail,Leopards,61,53648,,2026-03-17,2026-03-18,On Time,None,1,-1,Yes,2026-03
ORD0801,2026-12-17,Super Store,Flour,Grocery,Supplier B,WH-01,Lahore,Multan,,Truck,M&P,52,75669,,2026-12-21,2026-12-21,On Time,None,4,0,Yes,2026-12
ORD0802,2026-08-03,Star Enterprises,Bookshelf,Furniture,Supplier C,WH-02,Lahore,Islamabad,,Truck,Leopards,44,70891,,2026-08-10,2026-08-07,Delayed,Warehouse Issue,7,3,No,2026-08
ORD0803,2026-09-04,Global Traders,Bookshelf,Furniture,Supplier D,WH-03,Gujranwala,Lahore,,Courier,TCS,72,133014,,2026-09-15,2026-09-10,Delayed,Supplier Delay,11,5,No,2026-09
ORD0804,2026-03-16,Pak Furniture,Rice,Grocery,Supplier B,WH-04,Lahore,Multan,,Courier,M&P,15,30488,,2026-03-22,2026-03-23,On Time,None,6,-1,Yes,2026-03
ORD0805,2026-08-19,XYZ Ltd,Uniform,Clothing,Supplier E,WH-01,Lahore,Islamabad,,Van,DHL,54,62105,,2026-08-25,2026-08-25,On Time,None,6,0,Yes,2026-08
ORD0806,2026-04-21,Pak Furniture,Table,Furniture,Supplier E,WH-01,Faisalabad,Lahore,,Rail,TCS,39,39445,,2026-04-24,2026-04-25,On Time,None,3,-1,Yes,2026-04
ORD0807,2026-12-25,Global Traders,Shoes,Clothing,Supplier D,WH-03,Faisalabad,Lahore,,Courier,Pakistan Railways,98,176151,,2026-12-27,2026-12-27,On Time,None,2,0,Yes,2026-12
ORD0808,2026-08-08,Pak Furniture,Cabinet,Furniture,Supplier E,WH-02,Lahore,Faisalabad,,Courier,Leopards,37,70522,,2026-08-15,2026-08-15,On Time,None,7,0,Yes,2026-08
ORD0809,2026-11-21,City Electronics,Mobile,Electronics,Supplier A,WH-01,Karachi,Faisalabad,,Truck,Pakistan Railways,53,77349,,2026-11-25,2026-11-26,On Time,None,4,-1,Yes,2026-11
ORD0810,2026-11-21,Global Traders,Printer,Electronics,Supplier D,WH-02,Islamabad,Peshawar,,Courier,Pakistan Railways,49,86137,,2026-11-23,2026-11-24,On Time,None,2,-1,Yes,2026-11
ORD0811,2026-06-29,Global Traders,Uniform,Clothing,Supplier D,WH-01,Faisalabad,Lahore,,Van,Pakistan Railways,37,39892,,2026-07-06,2026-07-06,On Time,None,7,0,Yes,2026-06
ORD0812,2026-12-11,Metro Mart,Mouse,Electronics,Supplier A,WH-01,Lahore,Islamabad,,Van,M&P,67,77417,,2026-12-18,2026-12-18,On Time,None,7,0,Yes,2026-12
ORD0813,2026-03-29,New City Store,Trousers,Clothing,Supplier E,WH-04,Islamabad,Peshawar,,Courier,TCS,74,133715,,2026-04-01,2026-04-01,On Time,None,3,0,Yes,2026-03
ORD0814,2026-03-30,Super Store,Tea,Grocery,Supplier B,WH-04,Islamabad,Peshawar,,Truck,DHL,65,95469,,2026-04-06,2026-04-06,On Time,None,7,0,Yes,2026-03
ORD0815,2026-11-18,City Electronics,Desk,Furniture,Supplier B,WH-01,Karachi,Lahore,,Truck,Leopards,2,5151,,2026-11-29,2026-11-24,Delayed,Supplier Delay,11,5,No,2026-11
ORD0816,2026-02-10,New City Store,Shirt,Clothing,Supplier B,WH-04,Karachi,Faisalabad,,Rail,DHL,31,30245,,2026-02-12,2026-02-13,On Time,None,2,-1,Yes,2026-02
ORD0817,2026-07-13,City Electronics,Printer,Electronics,Supplier A,WH-02,Karachi,Faisalabad,,Truck,Pakistan Railways,14,18908,,2026-07-17,2026-07-18,On Time,None,4,-1,Yes,2026-07
ORD0818,2026-02-24,XYZ Ltd,Flour,Grocery,Supplier B,WH-01,Karachi,Lahore,,Courier,M&P,27,48801,,2026-02-25,2026-02-26,On Time,None,1,-1,Yes,2026-02
ORD0819,2026-07-31,ABC Store,Uniform,Clothing,Supplier A,WH-02,Karachi,Faisalabad,,Courier,Leopards,41,75990,,2026-08-04,2026-08-05,On Time,None,4,-1,Yes,2026-07
ORD0820,2026-06-02,Ali Traders,Bookshelf,Furniture,Supplier E,WH-01,Karachi,Lahore,,Rail,M&P,62,57829,,2026-06-07,2026-06-08,On Time,None,5,-1,Yes,2026-06
ORD0821,2026-09-25,City Electronics,Monitor,Electronics,Supplier E,WH-01,Lahore,Faisalabad,,Truck,Pakistan Railways,66,102233,,2026-09-28,2026-09-28,On Time,None,3,0,Yes,2026-09
ORD0822,2026-02-28,Metro Mart,Keyboard,Electronics,Supplier B,WH-02,Karachi,Lahore,,Van,M&P,36,40545,,2026-03-03,2026-03-03,On Time,None,3,0,Yes,2026-02
ORD0823,2026-12-29,Star Enterprises,Cooking Oil,Grocery,Supplier D,WH-04,Lahore,Faisalabad,,Courier,DHL,33,57816,,2027-01-01,2027-01-01,On Time,None,3,0,Yes,2026-12
ORD0824,2026-07-21,ABC Store,Sugar,Grocery,Supplier B,WH-04,Multan,Karachi,,Courier,Leopards,77,141720,,2026-07-24,2026-07-25,On Time,None,3,-1,Yes,2026-07
ORD0825,2026-11-07,Super Store,Trousers,Clothing,Supplier E,WH-03,Faisalabad,Lahore,,Truck,Leopards,22,37286,,2026-11-09,2026-11-09,On Time,None,2,0,Yes,2026-11
ORD0826,2026-10-28,Super Store,Tea,Grocery,Supplier E,WH-03,Multan,Karachi,,Truck,TCS,24,39627,,2026-10-31,2026-11-01,On Time,None,3,-1,Yes,2026-10
ORD0827,2026-07-03,Metro Mart,Monitor,Electronics,Supplier C,WH-03,Lahore,Multan,,Rail,TCS,2,1500,,2026-07-13,2026-07-10,Delayed,Weather,10,3,No,2026-07
ORD0828,2026-08-27,New City Store,Sugar,Grocery,Supplier E,WH-01,Multan,Karachi,,Rail,Pakistan Railways,28,26519,,2026-09-02,2026-08-30,Delayed,Supplier Delay,6,3,No,2026-08
ORD0829,2026-12-10,ABC Store,Uniform,Clothing,Supplier D,WH-03,Faisalabad,Lahore,,Van,DHL,7,11275,,2026-12-15,2026-12-15,On Time,None,5,0,Yes,2026-12
ORD0830,2026-08-04,ABC Store,Router,Electronics,Supplier B,WH-03,Peshawar,Islamabad,,Courier,DHL,74,130374,,2026-08-13,2026-08-08,Delayed,Traffic,9,5,No,2026-08
ORD0831,2026-08-25,City Electronics,Office Chair,Furniture,Supplier D,WH-01,Lahore,Faisalabad,,Truck,M&P,83,121633,,2026-08-27,2026-08-27,On Time,None,2,0,Yes,2026-08
ORD0832,2026-06-04,City Electronics,Flour,Grocery,Supplier D,WH-01,Lahore,Faisalabad,,Rail,Leopards,79,68485,,2026-06-09,2026-06-09,On Time,None,5,0,Yes,2026-06
ORD0833,2026-09-10,ABC Store,Tea,Grocery,Supplier A,WH-01,Islamabad,Peshawar,,Truck,TCS,18,24861,,2026-09-14,2026-09-14,On Time,None,4,0,Yes,2026-09
ORD0834,2026-04-26,XYZ Ltd,Monitor,Electronics,Supplier C,WH-01,Gujranwala,Lahore,,Truck,M&P,6,6907,,2026-04-27,2026-04-28,On Time,None,1,-1,Yes,2026-04
ORD0835,2026-05-16,Pak Furniture,Jacket,Clothing,Supplier B,WH-02,Peshawar,Islamabad,,Courier,TCS,17,30215,,2026-05-19,2026-05-19,On Time,None,3,0,Yes,2026-05
ORD0836,2026-11-23,Global Traders,Monitor,Electronics,Supplier E,WH-04,Karachi,Faisalabad,,Courier,M&P,42,78929,,2026-11-29,2026-11-30,On Time,None,6,-1,Yes,2026-11
ORD0837,2026-05-16,City Electronics,Keyboard,Electronics,Supplier E,WH-02,Karachi,Faisalabad,,Van,TCS,10,15960,,2026-05-22,2026-05-21,Delayed,Weather,6,1,No,2026-05
ORD0838,2026-08-28,Super Store,Sofa,Furniture,Supplier A,WH-03,Islamabad,Peshawar,,Rail,M&P,91,82619,,2026-09-09,2026-09-04,Delayed,Traffic,12,5,No,2026-08
ORD0839,2026-03-08,Metro Mart,Cooking Oil,Grocery,Supplier D,WH-02,Multan,Karachi,,Van,TCS,36,40065,,2026-03-10,2026-03-11,On Time,None,2,-1,Yes,2026-03
ORD0840,2026-03-17,Global Traders,Mobile,Electronics,Supplier B,WH-01,Rawalpindi,Lahore,,Van,M&P,4,5301,,2026-03-24,2026-03-24,On Time,None,7,0,Yes,2026-03
ORD0841,2026-05-16,ABC Store,Keyboard,Electronics,Supplier D,WH-02,Lahore,Multan,,Courier,Pakistan Railways,56,101960,,2026-05-23,2026-05-20,Delayed,Vehicle Breakdown,7,3,No,2026-05
ORD0842,2026-02-20,Ali Traders,Uniform,Clothing,Supplier D,WH-02,Karachi,Islamabad,,Van,Leopards,23,27166,,2026-02-24,2026-02-24,On Time,None,4,0,Yes,2026-02
ORD0843,2026-09-23,Super Store,Laptop,Electronics,Supplier B,WH-01,Islamabad,Peshawar,,Truck,TCS,5,9212,,2026-09-26,2026-09-27,On Time,None,3,-1,Yes,2026-09
ORD0844,2026-05-22,Metro Mart,Shoes,Clothing,Supplier D,WH-01,Islamabad,Peshawar,,Rail,Leopards,27,22701,,2026-05-25,2026-05-25,On Time,None,3,0,Yes,2026-05
ORD0845,2026-12-28,New City Store,Milk Powder,Grocery,Supplier A,WH-01,Lahore,Multan,,Courier,M&P,89,159154,,2026-12-30,2026-12-31,On Time,None,2,-1,Yes,2026-12
ORD0846,2026-03-27,XYZ Ltd,Cooking Oil,Grocery,Supplier B,WH-01,Karachi,Faisalabad,,Courier,Leopards,43,74570,,2026-03-29,2026-03-30,On Time,None,2,-1,Yes,2026-03
ORD0847,2026-03-29,Ali Traders,Cooking Oil,Grocery,Supplier E,WH-01,Rawalpindi,Lahore,,Van,Leopards,15,13870,,2026-03-31,2026-03-31,On Time,None,2,0,Yes,2026-03
ORD0848,2026-04-27,Star Enterprises,Office Chair,Furniture,Supplier B,WH-01,Karachi,Lahore,,Rail,M&P,58,53219,,2026-05-04,2026-05-04,On Time,None,7,0,Yes,2026-04
ORD0849,2026-12-06,Global Traders,Flour,Grocery,Supplier D,WH-01,Faisalabad,Lahore,,Rail,M&P,67,63644,,2026-12-13,2026-12-13,On Time,None,7,0,Yes,2026-12
ORD0850,2026-02-27,City Electronics,Tablet,Electronics,Supplier D,WH-02,Karachi,Faisalabad,,Van,M&P,64,67653,,2026-03-02,2026-03-02,On Time,None,3,0,Yes,2026-02
ORD0851,2026-07-04,Metro Mart,Monitor,Electronics,Supplier D,WH-01,Karachi,Islamabad,,Courier,Pakistan Railways,23,40573,,2026-07-11,2026-07-11,On Time,None,7,0,Yes,2026-07
ORD0852,2026-07-20,New City Store,Jacket,Clothing,Supplier C,WH-02,Lahore,Islamabad,,Rail,Pakistan Railways,16,14950,,2026-07-25,2026-07-25,On Time,None,5,0,Yes,2026-07
ORD0853,2026-05-28,ABC Store,Router,Electronics,Supplier B,WH-04,Karachi,Faisalabad,,Van,Pakistan Railways,38,43910,,2026-06-03,2026-06-03,On Time,None,6,0,Yes,2026-05
ORD0854,2026-09-07,City Electronics,Printer,Electronics,Supplier A,WH-04,Lahore,Islamabad,,Van,M&P,76,81611,,2026-09-08,2026-09-09,On Time,None,1,-1,Yes,2026-09
ORD0855,2026-08-09,Pak Furniture,Laptop,Electronics,Supplier C,WH-02,Faisalabad,Lahore,,Rail,Pakistan Railways,86,82252,,2026-08-16,2026-08-15,Delayed,Vehicle Breakdown,7,1,No,2026-08
ORD0856,2026-03-15,Metro Mart,T-Shirt,Clothing,Supplier A,WH-03,Islamabad,Peshawar,,Truck,Leopards,46,68037,,2026-03-22,2026-03-22,On Time,None,7,0,Yes,2026-03
ORD0857,2026-07-24,ABC Store,Flour,Grocery,Supplier E,WH-03,Lahore,Multan,,Courier,M&P,75,133140,,2026-07-31,2026-07-31,On Time,None,7,0,Yes,2026-07
ORD0858,2026-03-11,Super Store,Desk,Furniture,Supplier C,WH-01,Karachi,Islamabad,,Courier,Pakistan Railways,24,43279,,2026-03-21,2026-03-16,Delayed,Warehouse Issue,10,5,No,2026-03
ORD0859,2026-12-22,Pak Furniture,Cooking Oil,Grocery,Supplier C,WH-04,Rawalpindi,Lahore,,Courier,Leopards,60,105226,,2027-01-01,2026-12-28,Delayed,Traffic,10,4,No,2026-12
ORD0860,2026-03-13,New City Store,Sugar,Grocery,Supplier E,WH-03,Lahore,Multan,,Rail,TCS,97,91223,,2026-03-19,2026-03-18,Delayed,Warehouse Issue,6,1,No,2026-03
ORD0861,2026-09-23,Global Traders,Mobile,Electronics,Supplier A,WH-03,Karachi,Faisalabad,,Truck,M&P,77,113297,,2026-09-27,2026-09-27,On Time,None,4,0,Yes,2026-09
ORD0862,2026-02-01,ABC Store,Monitor,Electronics,Supplier E,WH-02,Lahore,Faisalabad,,Courier,DHL,29,56532,,2026-02-07,2026-02-08,On Time,None,6,-1,Yes,2026-02
ORD0863,2026-06-04,City Electronics,Router,Electronics,Supplier E,WH-02,Karachi,Lahore,,Truck,TCS,20,31946,,2026-06-05,2026-06-06,On Time,None,1,-1,Yes,2026-06
ORD0864,2026-04-15,ABC Store,Shirt,Clothing,Supplier E,WH-04,Multan,Karachi,,Truck,TCS,39,58814,,2026-04-19,2026-04-20,On Time,None,4,-1,Yes,2026-04
ORD0865,2026-10-07,City Electronics,Uniform,Clothing,Supplier E,WH-01,Multan,Karachi,,Van,TCS,24,24560,,2026-10-13,2026-10-14,On Time,None,6,-1,Yes,2026-10
ORD0866,2026-09-19,Star Enterprises,Sofa,Furniture,Supplier D,WH-03,Karachi,Islamabad,,Truck,Pakistan Railways,64,96009,,2026-09-26,2026-09-26,On Time,None,7,0,Yes,2026-09
ORD0867,2026-12-24,ABC Store,Shoes,Clothing,Supplier D,WH-02,Lahore,Islamabad,,Rail,Leopards,16,16022,,2027-01-01,2026-12-29,Delayed,Traffic,8,3,No,2026-12
ORD0868,2026-11-27,New City Store,Shirt,Clothing,Supplier C,WH-02,Rawalpindi,Lahore,,Courier,M&P,2,1896,,2026-11-30,2026-12-01,On Time,None,3,-1,Yes,2026-11
ORD0869,2026-06-28,Star Enterprises,T-Shirt,Clothing,Supplier A,WH-02,Karachi,Faisalabad,,Van,M&P,84,95291,,2026-07-03,2026-07-04,On Time,None,5,-1,Yes,2026-06
ORD0870,2026-05-23,City Electronics,Shirt,Clothing,Supplier D,WH-04,Rawalpindi,Lahore,,Van,Pakistan Railways,91,104697,,2026-05-29,2026-05-29,On Time,None,6,0,Yes,2026-05
ORD0871,2026-03-08,Pak Furniture,Tea,Grocery,Supplier E,WH-04,Karachi,Lahore,,Truck,TCS,94,139303,,2026-03-12,2026-03-11,Delayed,Warehouse Issue,4,1,No,2026-03
ORD0872,2026-12-14,Global Traders,Sugar,Grocery,Supplier B,WH-01,Lahore,Multan,,Courier,Leopards,9,13707,,2026-12-19,2026-12-20,On Time,None,5,-1,Yes,2026-12
ORD0873,2026-02-07,Global Traders,Tea,Grocery,Supplier A,WH-02,Faisalabad,Lahore,,Truck,Leopards,49,71591,,2026-02-13,2026-02-14,On Time,None,6,-1,Yes,2026-02
ORD0874,2026-04-11,City Electronics,Shoes,Clothing,Supplier C,WH-02,Islamabad,Peshawar,,Van,Leopards,68,78424,,2026-04-15,2026-04-14,Delayed,Traffic,4,1,No,2026-04
ORD0875,2026-04-15,Ali Traders,Chair,Furniture,Supplier C,WH-04,Peshawar,Islamabad,,Truck,M&P,24,38589,,2026-04-22,2026-04-22,On Time,None,7,0,Yes,2026-04
ORD0876,2026-04-08,Metro Mart,T-Shirt,Clothing,Supplier C,WH-03,Peshawar,Islamabad,,Van,TCS,57,63202,,2026-04-14,2026-04-15,On Time,None,6,-1,Yes,2026-04
ORD0877,2026-10-19,ABC Store,Office Chair,Furniture,Supplier E,WH-03,Karachi,Lahore,,Truck,Leopards,30,42421,,2026-10-24,2026-10-25,On Time,None,5,-1,Yes,2026-10
ORD0878,2026-04-25,City Electronics,Cooking Oil,Grocery,Supplier C,WH-01,Lahore,Multan,,Rail,TCS,69,63813,,2026-04-28,2026-04-28,On Time,None,3,0,Yes,2026-04
ORD0879,2026-07-24,New City Store,Mobile,Electronics,Supplier E,WH-04,Karachi,Islamabad,,Truck,TCS,44,66452,,2026-07-27,2026-07-28,On Time,None,3,-1,Yes,2026-07
ORD0880,2026-03-13,Metro Mart,Milk Powder,Grocery,Supplier A,WH-02,Rawalpindi,Lahore,,Truck,Pakistan Railways,79,121259,,2026-03-14,2026-03-15,On Time,None,1,-1,Yes,2026-03
ORD0881,2026-08-02,New City Store,Router,Electronics,Supplier B,WH-03,Gujranwala,Lahore,,Truck,TCS,5,8568,,2026-08-08,2026-08-08,On Time,None,6,0,Yes,2026-08
ORD0882,2026-08-09,Global Traders,Sugar,Grocery,Supplier A,WH-01,Lahore,Islamabad,,Van,Pakistan Railways,78,89847,,2026-08-13,2026-08-14,On Time,None,4,-1,Yes,2026-08
ORD0883,2026-10-10,Global Traders,Mouse,Electronics,Supplier D,WH-02,Multan,Karachi,,Courier,Pakistan Railways,18,30346,,2026-10-20,2026-10-15,Delayed,Vehicle Breakdown,10,5,No,2026-10
ORD0884,2026-06-30,Metro Mart,Cooking Oil,Grocery,Supplier A,WH-02,Islamabad,Peshawar,,Truck,Pakistan Railways,2,1860,,2026-07-04,2026-07-05,On Time,None,4,-1,Yes,2026-06
ORD0885,2026-01-08,Metro Mart,Mobile,Electronics,Supplier A,WH-02,Rawalpindi,Lahore,,Van,M&P,6,6173,,2026-01-11,2026-01-12,On Time,None,3,-1,Yes,2026-01
ORD0886,2026-05-30,XYZ Ltd,Shoes,Clothing,Supplier A,WH-01,Karachi,Lahore,,Rail,Pakistan Railways,27,25354,,2026-06-06,2026-06-06,On Time,None,7,0,Yes,2026-05
ORD0887,2026-04-23,Global Traders,Flour,Grocery,Supplier E,WH-03,Karachi,Faisalabad,,Van,Pakistan Railways,35,38112,,2026-04-29,2026-04-30,On Time,None,6,-1,Yes,2026-04
ORD0888,2026-01-28,Pak Furniture,Uniform,Clothing,Supplier E,WH-04,Karachi,Islamabad,,Truck,DHL,18,30892,,2026-02-02,2026-02-03,On Time,None,5,-1,Yes,2026-01
ORD0889,2026-03-04,Pak Furniture,Chair,Furniture,Supplier B,WH-04,Karachi,Faisalabad,,Courier,TCS,3,6487,,2026-03-06,2026-03-06,On Time,None,2,0,Yes,2026-03
ORD0890,2026-06-03,ABC Store,Printer,Electronics,Supplier E,WH-04,Rawalpindi,Lahore,,Truck,Leopards,50,75637,,2026-06-05,2026-06-05,On Time,None,2,0,Yes,2026-06
ORD0891,2026-04-05,Super Store,Printer,Electronics,Supplier A,WH-03,Lahore,Islamabad,,Rail,M&P,97,89141,,2026-04-08,2026-04-08,On Time,None,3,0,Yes,2026-04
ORD0892,2026-11-15,Super Store,Uniform,Clothing,Supplier A,WH-01,Lahore,Faisalabad,,Courier,M&P,69,124997,,2026-11-20,2026-11-20,On Time,None,5,0,Yes,2026-11
ORD0893,2026-03-25,Super Store,Uniform,Clothing,Supplier B,WH-02,Lahore,Islamabad,,Rail,M&P,11,8947,,2026-03-31,2026-03-31,On Time,None,6,0,Yes,2026-03
ORD0894,2026-01-20,New City Store,Flour,Grocery,Supplier C,WH-03,Karachi,Faisalabad,,Truck,TCS,40,61656,,2026-01-27,2026-01-27,On Time,None,7,0,Yes,2026-01
ORD0895,2026-04-02,Global Traders,Shirt,Clothing,Supplier D,WH-01,Rawalpindi,Lahore,,Truck,M&P,62,95224,,2026-04-07,2026-04-08,On Time,None,5,-1,Yes,2026-04
ORD0896,2026-10-24,ABC Store,Tea,Grocery,Supplier E,WH-03,Karachi,Lahore,,Courier,DHL,34,64474,,2026-10-28,2026-10-28,On Time,None,4,0,Yes,2026-10
ORD0897,2026-03-07,Metro Mart,Table,Furniture,Supplier E,WH-01,Islamabad,Peshawar,,Truck,TCS,24,38606,,2026-03-13,2026-03-13,On Time,None,6,0,Yes,2026-03
ORD0898,2026-01-22,Star Enterprises,Chair,Furniture,Supplier C,WH-03,Lahore,Islamabad,,Rail,Pakistan Railways,92,80166,,2026-01-27,2026-01-28,On Time,None,5,-1,Yes,2026-01
ORD0899,2026-02-09,Star Enterprises,Shirt,Clothing,Supplier E,WH-01,Islamabad,Peshawar,,Van,M&P,74,81442,,2026-02-16,2026-02-16,On Time,None,7,0,Yes,2026-02
ORD0900,2026-05-25,XYZ Ltd,Keyboard,Electronics,Supplier E,WH-03,Faisalabad,Lahore,,Courier,M&P,61,114520,,2026-05-28,2026-05-29,On Time,None,3,-1,Yes,2026-05
ORD0901,2026-07-08,Ali Traders,Sugar,Grocery,Supplier E,WH-01,Karachi,Lahore,,Van,M&P,66,75463,,2026-07-15,2026-07-15,On Time,None,7,0,Yes,2026-07
ORD0902,2026-04-21,Super Store,Tablet,Electronics,Supplier D,WH-01,Karachi,Lahore,,Van,Pakistan Railways,65,73205,,2026-04-28,2026-04-28,On Time,None,7,0,Yes,2026-04
ORD0903,2026-10-03,ABC Store,Router,Electronics,Supplier E,WH-04,Faisalabad,Lahore,,Rail,DHL,74,66000,,2026-10-06,2026-10-06,On Time,None,3,0,Yes,2026-10
ORD0904,2026-04-29,Global Traders,Milk Powder,Grocery,Supplier A,WH-02,Rawalpindi,Lahore,,Courier,M&P,11,19683,,2026-05-05,2026-05-05,On Time,None,6,0,Yes,2026-04
ORD0905,2026-12-01,Global Traders,Sofa,Furniture,Supplier D,WH-02,Peshawar,Islamabad,,Van,Pakistan Railways,32,38560,,2026-12-05,2026-12-06,On Time,None,4,-1,Yes,2026-12
ORD0906,2026-11-07,City Electronics,Flour,Grocery,Supplier C,WH-01,Karachi,Lahore,,Courier,Leopards,65,115215,,2026-11-12,2026-11-13,On Time,None,5,-1,Yes,2026-11
ORD0907,2026-04-03,Global Traders,Tablet,Electronics,Supplier A,WH-04,Karachi,Islamabad,,Courier,TCS,17,34722,,2026-04-04,2026-04-05,On Time,None,1,-1,Yes,2026-04
ORD0908,2026-12-20,XYZ Ltd,Tablet,Electronics,Supplier E,WH-04,Multan,Karachi,,Rail,DHL,52,49509,,2026-12-26,2026-12-26,On Time,None,6,0,Yes,2026-12
ORD0909,2026-03-02,Pak Furniture,Tea,Grocery,Supplier E,WH-01,Gujranwala,Lahore,,Truck,TCS,95,147042,,2026-03-06,2026-03-06,On Time,None,4,0,Yes,2026-03
ORD0910,2026-11-19,Global Traders,Jacket,Clothing,Supplier D,WH-02,Gujranwala,Lahore,,Van,Pakistan Railways,66,70286,,2026-11-22,2026-11-22,On Time,None,3,0,Yes,2026-11
ORD0911,2026-12-12,Global Traders,Jacket,Clothing,Supplier D,WH-02,Lahore,Faisalabad,,Rail,TCS,30,26435,,2026-12-17,2026-12-17,On Time,None,5,0,Yes,2026-12
ORD0912,2026-05-27,Pak Furniture,Jacket,Clothing,Supplier B,WH-02,Lahore,Islamabad,,Van,Leopards,67,72979,,2026-06-02,2026-06-02,On Time,None,6,0,Yes,2026-05
ORD0913,2026-02-20,Pak Furniture,Sugar,Grocery,Supplier A,WH-03,Karachi,Islamabad,,Courier,Leopards,29,56452,,2026-02-23,2026-02-23,On Time,None,3,0,Yes,2026-02
ORD0914,2026-11-07,ABC Store,Bookshelf,Furniture,Supplier C,WH-02,Karachi,Lahore,,Van,Pakistan Railways,66,75783,,2026-11-11,2026-11-10,Delayed,Supplier Delay,4,1,No,2026-11
ORD0915,2026-10-03,Metro Mart,Router,Electronics,Supplier A,WH-03,Islamabad,Peshawar,,Rail,Pakistan Railways,55,52497,,2026-10-08,2026-10-08,On Time,None,5,0,Yes,2026-10
ORD0916,2026-06-01,ABC Store,Router,Electronics,Supplier D,WH-04,Karachi,Islamabad,,Truck,DHL,36,56993,,2026-06-11,2026-06-08,Delayed,Traffic,10,3,No,2026-06
ORD0917,2026-04-24,ABC Store,Sugar,Grocery,Supplier E,WH-03,Karachi,Islamabad,,Courier,Pakistan Railways,87,159965,,2026-04-26,2026-04-26,On Time,None,2,0,Yes,2026-04
ORD0918,2026-01-20,Super Store,Keyboard,Electronics,Supplier B,WH-01,Karachi,Faisalabad,,Truck,DHL,18,28803,,2026-01-24,2026-01-25,On Time,None,4,-1,Yes,2026-01
ORD0919,2026-12-11,Metro Mart,Cooking Oil,Grocery,Supplier B,WH-04,Lahore,Multan,,Courier,M&P,17,29226,,2026-12-17,2026-12-18,On Time,None,6,-1,Yes,2026-12
ORD0920,2026-01-02,Super Store,Router,Electronics,Supplier E,WH-02,Gujranwala,Lahore,,Van,TCS,54,62035,,2026-01-05,2026-01-06,On Time,None,3,-1,Yes,2026-01
ORD0921,2026-11-23,Pak Furniture,T-Shirt,Clothing,Supplier B,WH-03,Islamabad,Peshawar,,Rail,Leopards,63,60226,,2026-11-30,2026-11-30,On Time,None,7,0,Yes,2026-11
ORD0922,2026-10-06,Global Traders,Rice,Grocery,Supplier B,WH-01,Karachi,Islamabad,,Courier,Leopards,42,74626,,2026-10-12,2026-10-13,On Time,None,6,-1,Yes,2026-10
ORD0923,2026-08-26,Pak Furniture,Keyboard,Electronics,Supplier D,WH-02,Rawalpindi,Lahore,,Courier,Pakistan Railways,53,98029,,2026-09-01,2026-08-29,Delayed,Supplier Delay,6,3,No,2026-08
ORD0924,2026-04-21,Super Store,Keyboard,Electronics,Supplier C,WH-03,Multan,Karachi,,Courier,Leopards,55,99265,,2026-04-25,2026-04-25,On Time,None,4,0,Yes,2026-04
ORD0925,2026-09-06,Metro Mart,Milk Powder,Grocery,Supplier A,WH-03,Rawalpindi,Lahore,,Courier,DHL,74,137373,,2026-09-08,2026-09-09,On Time,None,2,-1,Yes,2026-09
ORD0926,2026-11-11,New City Store,Sugar,Grocery,Supplier E,WH-01,Gujranwala,Lahore,,Truck,Leopards,12,21393,,2026-11-18,2026-11-18,On Time,None,7,0,Yes,2026-11
ORD0927,2026-10-11,ABC Store,Monitor,Electronics,Supplier C,WH-02,Lahore,Multan,,Courier,DHL,38,71964,,2026-10-14,2026-10-14,On Time,None,3,0,Yes,2026-10
ORD0928,2026-07-31,Metro Mart,Chair,Furniture,Supplier A,WH-01,Lahore,Faisalabad,,Truck,Pakistan Railways,51,79982,,2026-08-08,2026-08-05,Delayed,Vehicle Breakdown,8,3,No,2026-07
ORD0929,2026-01-13,Metro Mart,Chair,Furniture,Supplier C,WH-01,Multan,Karachi,,Courier,DHL,95,175181,,2026-01-16,2026-01-17,On Time,None,3,-1,Yes,2026-01
ORD0930,2026-02-07,Star Enterprises,Shirt,Clothing,Supplier A,WH-02,Karachi,Lahore,,Courier,DHL,78,144439,,2026-02-11,2026-02-11,On Time,None,4,0,Yes,2026-02
ORD0931,2026-09-20,Ali Traders,Flour,Grocery,Supplier D,WH-02,Karachi,Lahore,,Rail,Pakistan Railways,61,54984,,2026-09-23,2026-09-24,On Time,None,3,-1,Yes,2026-09
ORD0932,2026-07-28,Star Enterprises,Cooking Oil,Grocery,Supplier C,WH-02,Multan,Karachi,,Truck,Leopards,94,141224,,2026-07-31,2026-08-01,On Time,None,3,-1,Yes,2026-07
ORD0933,2026-08-20,Metro Mart,Mouse,Electronics,Supplier B,WH-04,Faisalabad,Lahore,,Courier,Pakistan Railways,14,27465,,2026-08-23,2026-08-24,On Time,None,3,-1,Yes,2026-08
ORD0934,2026-02-18,Star Enterprises,Table,Furniture,Supplier D,WH-02,Karachi,Lahore,,Van,Leopards,79,90765,,2026-02-22,2026-02-23,On Time,None,4,-1,Yes,2026-02
ORD0935,2026-01-31,Global Traders,Cooking Oil,Grocery,Supplier C,WH-03,Lahore,Multan,,Truck,M&P,89,135131,,2026-02-05,2026-02-06,On Time,None,5,-1,Yes,2026-01
ORD0936,2026-05-18,Metro Mart,T-Shirt,Clothing,Supplier D,WH-03,Karachi,Faisalabad,,Van,M&P,60,68807,,2026-05-22,2026-05-23,On Time,None,4,-1,Yes,2026-05
ORD0937,2026-02-23,Super Store,Mouse,Electronics,Supplier B,WH-01,Lahore,Multan,,Truck,DHL,26,39584,,2026-03-01,2026-02-25,Delayed,Warehouse Issue,6,4,No,2026-02
ORD0938,2026-03-29,Star Enterprises,Trousers,Clothing,Supplier E,WH-04,Multan,Karachi,,Truck,M&P,16,24567,,2026-04-02,2026-04-02,On Time,None,4,0,Yes,2026-03
ORD0939,2026-09-25,Pak Furniture,Tea,Grocery,Supplier B,WH-02,Karachi,Islamabad,,Van,Pakistan Railways,92,101241,,2026-10-01,2026-10-01,On Time,None,6,0,Yes,2026-09
ORD0940,2026-08-25,Metro Mart,Milk Powder,Grocery,Supplier B,WH-02,Lahore,Faisalabad,,Courier,TCS,41,74210,,2026-08-29,2026-08-28,Delayed,Traffic,4,1,No,2026-08
ORD0941,2026-06-09,Metro Mart,Bookshelf,Furniture,Supplier A,WH-04,Faisalabad,Lahore,,Truck,TCS,80,120839,,2026-06-18,2026-06-15,Delayed,Supplier Delay,9,3,No,2026-06
ORD0942,2026-04-26,Pak Furniture,Monitor,Electronics,Supplier C,WH-03,Multan,Karachi,,Rail,M&P,80,75283,,2026-04-30,2026-05-01,On Time,None,4,-1,Yes,2026-04
ORD0943,2026-02-09,New City Store,Chair,Furniture,Supplier B,WH-03,Lahore,Multan,,Rail,Pakistan Railways,14,10637,,2026-02-15,2026-02-15,On Time,None,6,0,Yes,2026-02
ORD0944,2026-06-19,New City Store,Milk Powder,Grocery,Supplier E,WH-04,Islamabad,Peshawar,,Van,TCS,30,31773,,2026-06-20,2026-06-21,On Time,None,1,-1,Yes,2026-06
ORD0945,2026-03-15,XYZ Ltd,Shirt,Clothing,Supplier C,WH-01,Lahore,Islamabad,,Van,Pakistan Railways,57,63184,,2026-03-22,2026-03-22,On Time,None,7,0,Yes,2026-03
ORD0946,2026-09-14,ABC Store,Cabinet,Furniture,Supplier D,WH-04,Multan,Karachi,,Courier,M&P,40,75870,,2026-09-19,2026-09-20,On Time,None,5,-1,Yes,2026-09
ORD0947,2026-11-06,Metro Mart,Bookshelf,Furniture,Supplier C,WH-02,Multan,Karachi,,Courier,Leopards,89,163663,,2026-11-10,2026-11-10,On Time,None,4,0,Yes,2026-11
ORD0948,2026-11-30,Pak Furniture,Chair,Furniture,Supplier C,WH-04,Karachi,Faisalabad,,Rail,Leopards,28,27254,,2026-12-05,2026-12-06,On Time,None,5,-1,Yes,2026-11
ORD0949,2026-07-15,Pak Furniture,Bookshelf,Furniture,Supplier A,WH-02,Rawalpindi,Lahore,,Rail,Pakistan Railways,25,19545,,2026-07-20,2026-07-21,On Time,None,5,-1,Yes,2026-07
ORD0950,2026-07-08,City Electronics,Printer,Electronics,Supplier A,WH-03,Karachi,Faisalabad,,Courier,Leopards,6,13497,,2026-07-14,2026-07-15,On Time,None,6,-1,Yes,2026-07
ORD0951,2026-10-20,Ali Traders,T-Shirt,Clothing,Supplier D,WH-04,Lahore,Multan,,Courier,Pakistan Railways,14,22512,,2026-10-26,2026-10-24,Delayed,Weather,6,2,No,2026-10
ORD0952,2026-03-09,ABC Store,Shirt,Clothing,Supplier A,WH-04,Karachi,Faisalabad,,Truck,M&P,13,23527,,2026-03-14,2026-03-15,On Time,None,5,-1,Yes,2026-03
ORD0953,2026-12-02,New City Store,Keyboard,Electronics,Supplier C,WH-02,Peshawar,Islamabad,,Rail,Pakistan Railways,2,6504,,2026-12-08,2026-12-09,On Time,None,6,-1,Yes,2026-12
ORD0954,2026-02-03,Metro Mart,Bookshelf,Furniture,Supplier C,WH-01,Lahore,Multan,,Courier,TCS,36,66785,,2026-02-06,2026-02-06,On Time,None,3,0,Yes,2026-02
ORD0955,2026-03-30,Ali Traders,Flour,Grocery,Supplier E,WH-03,Karachi,Lahore,,Rail,Leopards,73,69549,,2026-04-10,2026-04-06,Delayed,Traffic,11,4,No,2026-03
ORD0956,2026-03-01,ABC Store,Bookshelf,Furniture,Supplier A,WH-02,Faisalabad,Lahore,,Truck,DHL,2,1781,,2026-03-07,2026-03-08,On Time,None,6,-1,Yes,2026-03
ORD0957,2026-05-07,City Electronics,Bookshelf,Furniture,Supplier B,WH-03,Lahore,Islamabad,,Courier,M&P,23,40685,,2026-05-10,2026-05-10,On Time,None,3,0,Yes,2026-05
ORD0958,2026-04-26,Metro Mart,Sugar,Grocery,Supplier B,WH-03,Karachi,Islamabad,,Courier,M&P,12,22613,,2026-04-30,2026-04-30,On Time,None,4,0,Yes,2026-04
ORD0959,2026-11-25,Star Enterprises,Uniform,Clothing,Supplier B,WH-01,Peshawar,Islamabad,,Courier,DHL,69,125858,,2026-11-28,2026-11-28,On Time,None,3,0,Yes,2026-11
ORD0960,2026-06-27,City Electronics,Desk,Furniture,Supplier E,WH-03,Karachi,Lahore,,Van,M&P,28,31631,,2026-07-02,2026-07-01,Delayed,Supplier Delay,5,1,No,2026-06
ORD0961,2026-12-04,XYZ Ltd,Trousers,Clothing,Supplier D,WH-03,Faisalabad,Lahore,,Courier,Pakistan Railways,5,8640,,2026-12-14,2026-12-11,Delayed,Traffic,10,3,No,2026-12
ORD0962,2026-03-23,Super Store,Jacket,Clothing,Supplier C,WH-01,Lahore,Multan,,Rail,M&P,21,19724,,2026-03-30,2026-03-29,Delayed,Warehouse Issue,7,1,No,2026-03
ORD0963,2026-11-12,Global Traders,Uniform,Clothing,Supplier D,WH-04,Islamabad,Peshawar,,Rail,M&P,77,69067,,2026-11-17,2026-11-17,On Time,None,5,0,Yes,2026-11
ORD0964,2026-01-21,Metro Mart,Mouse,Electronics,Supplier D,WH-03,Peshawar,Islamabad,,Courier,Pakistan Railways,4,5543,,2026-01-30,2026-01-27,Delayed,Supplier Delay,9,3,No,2026-01
ORD0965,2026-12-24,Star Enterprises,Cabinet,Furniture,Supplier B,WH-02,Karachi,Faisalabad,,Rail,TCS,12,10333,,2026-12-27,2026-12-27,On Time,None,3,0,Yes,2026-12
ORD0966,2026-07-22,XYZ Ltd,Shirt,Clothing,Supplier B,WH-02,Lahore,Multan,,Rail,M&P,11,8412,,2026-07-25,2026-07-25,On Time,None,3,0,Yes,2026-07
ORD0967,2026-02-16,Metro Mart,Bookshelf,Furniture,Supplier E,WH-03,Lahore,Islamabad,,Courier,DHL,45,78818,,2026-02-21,2026-02-21,On Time,None,5,0,Yes,2026-02
ORD0968,2026-12-24,Metro Mart,Uniform,Clothing,Supplier D,WH-04,Gujranwala,Lahore,,Van,TCS,50,53052,,2026-12-27,2026-12-28,On Time,None,3,-1,Yes,2026-12
ORD0969,2026-07-24,Pak Furniture,Milk Powder,Grocery,Supplier D,WH-04,Lahore,Faisalabad,,Truck,M&P,63,96987,,2026-07-30,2026-07-31,On Time,None,6,-1,Yes,2026-07
ORD0970,2026-04-24,New City Store,Office Chair,Furniture,Supplier B,WH-03,Faisalabad,Lahore,,Rail,Pakistan Railways,1,2901,,2026-04-29,2026-04-30,On Time,None,5,-1,Yes,2026-04
ORD0971,2026-11-27,Metro Mart,Sofa,Furniture,Supplier B,WH-01,Islamabad,Peshawar,,Rail,Leopards,12,10581,,2026-12-02,2026-12-02,On Time,None,5,0,Yes,2026-11
ORD0972,2026-03-19,City Electronics,Cooking Oil,Grocery,Supplier D,WH-01,Karachi,Islamabad,,Courier,DHL,21,38062,,2026-03-25,2026-03-26,On Time,None,6,-1,Yes,2026-03
ORD0973,2026-08-27,ABC Store,Milk Powder,Grocery,Supplier A,WH-04,Lahore,Islamabad,,Van,M&P,17,20407,,2026-09-02,2026-09-02,On Time,None,6,0,Yes,2026-08
ORD0974,2026-01-06,Global Traders,Shoes,Clothing,Supplier A,WH-03,Multan,Karachi,,Rail,TCS,78,73811,,2026-01-11,2026-01-11,On Time,None,5,0,Yes,2026-01
ORD0975,2026-12-31,Pak Furniture,Rice,Grocery,Supplier B,WH-04,Lahore,Faisalabad,,Courier,TCS,20,33056,,2027-01-04,2027-01-04,On Time,None,4,0,Yes,2026-12
ORD0976,2026-04-12,Star Enterprises,Shoes,Clothing,Supplier A,WH-04,Karachi,Islamabad,,Truck,TCS,63,95270,,2026-04-21,2026-04-16,Delayed,Vehicle Breakdown,9,5,No,2026-04
ORD0977,2026-05-10,Super Store,Milk Powder,Grocery,Supplier C,WH-01,Lahore,Faisalabad,,Rail,DHL,38,34123,,2026-05-18,2026-05-15,Delayed,Vehicle Breakdown,8,3,No,2026-05
ORD0978,2026-11-22,Ali Traders,Keyboard,Electronics,Supplier A,WH-04,Islamabad,Peshawar,,Van,TCS,69,73674,,2026-11-25,2026-11-25,On Time,None,3,0,Yes,2026-11
ORD0979,2026-08-09,City Electronics,Cooking Oil,Grocery,Supplier E,WH-02,Gujranwala,Lahore,,Courier,TCS,10,17675,,2026-08-18,2026-08-13,Delayed,Traffic,9,5,No,2026-08
ORD0980,2026-07-15,Star Enterprises,Keyboard,Electronics,Supplier C,WH-04,Multan,Karachi,,Truck,DHL,96,143104,,2026-07-21,2026-07-22,On Time,None,6,-1,Yes,2026-07
ORD0981,2026-08-10,ABC Store,Cabinet,Furniture,Supplier C,WH-03,Peshawar,Islamabad,,Van,TCS,48,54496,,2026-08-15,2026-08-15,On Time,None,5,0,Yes,2026-08
ORD0982,2026-05-21,XYZ Ltd,Tea,Grocery,Supplier A,WH-04,Lahore,Multan,,Rail,M&P,1,1500,,2026-05-28,2026-05-24,Delayed,Weather,7,4,No,2026-05
ORD0983,2026-05-21,City Electronics,T-Shirt,Clothing,Supplier C,WH-01,Islamabad,Peshawar,,Van,TCS,91,99759,,2026-05-27,2026-05-24,Delayed,Supplier Delay,6,3,No,2026-05
ORD0984,2026-08-24,New City Store,Uniform,Clothing,Supplier E,WH-03,Lahore,Faisalabad,,Courier,Leopards,72,126702,,2026-08-28,2026-08-28,On Time,None,4,0,Yes,2026-08
ORD0985,2026-08-16,XYZ Ltd,Uniform,Clothing,Supplier D,WH-02,Lahore,Faisalabad,,Van,Leopards,33,36600,,2026-08-17,2026-08-18,On Time,None,1,-1,Yes,2026-08
ORD0986,2026-11-20,Global Traders,Rice,Grocery,Supplier B,WH-03,Karachi,Islamabad,,Rail,M&P,58,54725,,2026-11-30,2026-11-25,Delayed,Supplier Delay,10,5,No,2026-11
ORD0987,2026-03-27,New City Store,Tea,Grocery,Supplier D,WH-04,Lahore,Islamabad,,Rail,Pakistan Railways,96,87420,,2026-03-29,2026-03-30,On Time,None,2,-1,Yes,2026-03
ORD0988,2026-07-13,New City Store,Mobile,Electronics,Supplier D,WH-02,Islamabad,Peshawar,,Truck,Pakistan Railways,38,55463,,2026-07-16,2026-07-16,On Time,None,3,0,Yes,2026-07
ORD0989,2026-10-09,Super Store,Sugar,Grocery,Supplier D,WH-03,Faisalabad,Lahore,,Rail,TCS,86,81647,,2026-10-16,2026-10-16,On Time,None,7,0,Yes,2026-10
ORD0990,2026-09-15,Star Enterprises,Trousers,Clothing,Supplier D,WH-04,Rawalpindi,Lahore,,Rail,Leopards,21,23468,,2026-09-17,2026-09-18,On Time,None,2,-1,Yes,2026-09
ORD0991,2026-09-30,Pak Furniture,Uniform,Clothing,Supplier B,WH-01,Multan,Karachi,,Courier,Leopards,53,93947,,2026-10-09,2026-10-07,Delayed,Weather,9,2,No,2026-09
ORD0992,2026-11-09,New City Store,Mouse,Electronics,Supplier A,WH-03,Peshawar,Islamabad,,Van,DHL,73,82424,,2026-11-14,2026-11-14,On Time,None,5,0,Yes,2026-11
ORD0993,2026-01-12,New City Store,T-Shirt,Clothing,Supplier E,WH-02,Lahore,Multan,,Courier,M&P,93,171565,,2026-01-17,2026-01-15,Delayed,Vehicle Breakdown,5,2,No,2026-01
ORD0994,2026-03-09,City Electronics,Laptop,Electronics,Supplier B,WH-04,Rawalpindi,Lahore,,Van,Pakistan Railways,57,61681,,2026-03-11,2026-03-12,On Time,None,2,-1,Yes,2026-03
ORD0995,2026-11-06,Pak Furniture,Table,Furniture,Supplier D,WH-01,Lahore,Islamabad,,Truck,Leopards,67,101351,,2026-11-15,2026-11-11,Delayed,Vehicle Breakdown,9,4,No,2026-11
ORD0996,2026-10-03,ABC Store,Router,Electronics,Supplier D,WH-01,Karachi,Islamabad,,Courier,TCS,47,84872,,2026-10-10,2026-10-10,On Time,None,7,0,Yes,2026-10
ORD0997,2026-08-08,ABC Store,Tablet,Electronics,Supplier C,WH-01,Gujranwala,Lahore,,Van,M&P,53,60678,,2026-08-14,2026-08-12,Delayed,Warehouse Issue,6,2,No,2026-08
ORD0998,2026-04-18,City Electronics,Keyboard,Electronics,Supplier A,WH-04,Gujranwala,Lahore,,Courier,DHL,97,173729,,2026-04-22,2026-04-22,On Time,None,4,0,Yes,2026-04
ORD0999,2026-06-19,Global Traders,Tea,Grocery,Supplier C,WH-01,Lahore,Multan,,Van,Pakistan Railways,37,37912,,2026-06-22,2026-06-22,On Time,None,3,0,Yes,2026-06
ORD1000,2026-05-30,City Electronics,Cabinet,Furniture,Supplier C,WH-04,Gujranwala,Lahore,,Courier,M&P,20,39092,,2026-06-11,2026-06-06,Delayed,Vehicle Breakdown,12,5,No,2026-05
ORD1001,2026-07-16,City Electronics,Chair,Furniture,Supplier B,WH-03,Lahore,Multan,,Truck,M&P,47,73407,,2026-07-22,2026-07-22,On Time,None,6,0,Yes,2026-07
ORD1002,2026-09-02,New City Store,Desk,Furniture,Supplier B,WH-03,Lahore,Faisalabad,,Rail,Leopards,63,59011,,2026-09-05,2026-09-05,On Time,None,3,0,Yes,2026-09
ORD1003,2026-03-31,Global Traders,Shirt,Clothing,Supplier A,WH-03,Islamabad,Peshawar,,Rail,DHL,29,24329,,2026-04-03,2026-04-04,On Time,None,3,-1,Yes,2026-03
ORD1004,2026-11-29,Metro Mart,Cooking Oil,Grocery,Supplier D,WH-01,Gujranwala,Lahore,,Van,DHL,47,54141,,2026-11-30,2026-12-01,On Time,None,1,-1,Yes,2026-11
ORD1005,2026-06-18,Star Enterprises,Printer,Electronics,Supplier E,WH-01,Lahore,Islamabad,,Courier,Pakistan Railways,67,119631,,2026-06-20,2026-06-21,On Time,None,2,-1,Yes,2026-06
ORD1006,2026-12-20,Metro Mart,Bookshelf,Furniture,Supplier D,WH-02,Lahore,Islamabad,,Rail,Pakistan Railways,36,30148,,2026-12-28,2026-12-27,Delayed,Weather,8,1,No,2026-12
ORD1007,2026-09-25,City Electronics,Monitor,Electronics,Supplier B,WH-02,Peshawar,Islamabad,,Courier,Leopards,13,24798,,2026-09-26,2026-09-27,On Time,None,1,-1,Yes,2026-09
ORD1008,2026-04-11,Global Traders,Router,Electronics,Supplier A,WH-04,Islamabad,Peshawar,,Truck,Pakistan Railways,76,112761,,2026-04-16,2026-04-17,On Time,None,5,-1,Yes,2026-04
ORD1009,2026-10-25,Super Store,Router,Electronics,Supplier B,WH-04,Lahore,Islamabad,,Rail,Leopards,77,68517,,2026-10-30,2026-10-30,On Time,None,5,0,Yes,2026-10
ORD1010,2026-09-17,Global Traders,Milk Powder,Grocery,Supplier C,WH-03,Lahore,Faisalabad,,Van,M&P,36,42152,,2026-09-23,2026-09-23,On Time,None,6,0,Yes,2026-09
ORD1011,2026-02-27,XYZ Ltd,Shirt,Clothing,Supplier C,WH-04,Rawalpindi,Lahore,,Van,DHL,9,13129,,2026-03-03,2026-03-04,On Time,None,4,-1,Yes,2026-02
ORD1012,2026-08-15,Pak Furniture,Table,Furniture,Supplier A,WH-02,Islamabad,Peshawar,,Rail,Pakistan Railways,40,35621,,2026-08-21,2026-08-21,On Time,None,6,0,Yes,2026-08
ORD1013,2026-11-09,Metro Mart,Desk,Furniture,Supplier B,WH-02,Multan,Karachi,,Van,DHL,79,89327,,2026-11-12,2026-11-12,On Time,None,3,0,Yes,2026-11
ORD1014,2026-12-01,New City Store,Uniform,Clothing,Supplier C,WH-02,Karachi,Islamabad,,Courier,M&P,48,84587,,2026-12-05,2026-12-05,On Time,None,4,0,Yes,2026-12
ORD1015,2026-06-11,Global Traders,Cooking Oil,Grocery,Supplier E,WH-04,Multan,Karachi,,Truck,Leopards,8,16935,,2026-06-15,2026-06-16,On Time,None,4,-1,Yes,2026-06
ORD1016,2026-08-22,City Electronics,Monitor,Electronics,Supplier B,WH-03,Karachi,Islamabad,,Rail,TCS,42,38302,,2026-08-26,2026-08-27,On Time,None,4,-1,Yes,2026-08
ORD1017,2026-04-21,New City Store,Jacket,Clothing,Supplier A,WH-01,Islamabad,Peshawar,,Van,M&P,93,103229,,2026-04-27,2026-04-28,On Time,None,6,-1,Yes,2026-04
ORD1018,2026-12-04,Super Store,Trousers,Clothing,Supplier C,WH-04,Lahore,Islamabad,,Truck,TCS,82,122807,,2026-12-08,2026-12-08,On Time,None,4,0,Yes,2026-12
ORD1019,2026-05-26,ABC Store,Trousers,Clothing,Supplier A,WH-03,Gujranwala,Lahore,,Courier,DHL,20,37831,,2026-05-29,2026-05-30,On Time,None,3,-1,Yes,2026-05
ORD1020,2026-08-13,Metro Mart,Tea,Grocery,Supplier E,WH-03,Lahore,Faisalabad,,Rail,TCS,18,19525,,2026-08-15,2026-08-15,On Time,None,2,0,Yes,2026-08
ORD1021,2026-07-04,Global Traders,Table,Furniture,Supplier C,WH-04,Islamabad,Peshawar,,Courier,M&P,43,76030,,2026-07-11,2026-07-11,On Time,None,7,0,Yes,2026-07
ORD1022,2026-05-11,New City Store,Tablet,Electronics,Supplier A,WH-04,Multan,Karachi,,Courier,Leopards,7,16413,,2026-05-22,2026-05-17,Delayed,Vehicle Breakdown,11,5,No,2026-05
ORD1023,2026-01-09,New City Store,Shirt,Clothing,Supplier E,WH-03,Lahore,Faisalabad,,Courier,M&P,74,132934,,2026-01-17,2026-01-16,Delayed,Supplier Delay,8,1,No,2026-01
ORD1024,2026-02-17,Star Enterprises,Tablet,Electronics,Supplier E,WH-01,Peshawar,Islamabad,,Courier,Pakistan Railways,84,149763,,2026-02-19,2026-02-19,On Time,None,2,0,Yes,2026-02
ORD1025,2026-05-22,Global Traders,Uniform,Clothing,Supplier B,WH-03,Karachi,Lahore,,Van,Pakistan Railways,44,49119,,2026-05-28,2026-05-28,On Time,None,6,0,Yes,2026-05
ORD1026,2026-01-11,Super Store,Rice,Grocery,Supplier E,WH-04,Lahore,Islamabad,,Truck,DHL,42,63499,,2026-01-13,2026-01-14,On Time,None,2,-1,Yes,2026-01
ORD1027,2026-10-27,Pak Furniture,Uniform,Clothing,Supplier B,WH-03,Gujranwala,Lahore,,Van,DHL,99,107114,,2026-10-29,2026-10-30,On Time,None,2,-1,Yes,2026-10
ORD1028,2026-01-14,Star Enterprises,Tablet,Electronics,Supplier E,WH-03,Karachi,Lahore,,Rail,M&P,30,29391,,2026-01-16,2026-01-17,On Time,None,2,-1,Yes,2026-01
ORD1029,2026-08-06,City Electronics,Table,Furniture,Supplier C,WH-01,Lahore,Multan,,Courier,TCS,49,85408,,2026-08-10,2026-08-11,On Time,None,4,-1,Yes,2026-08
ORD1030,2026-07-14,Ali Traders,Shoes,Clothing,Supplier D,WH-02,Islamabad,Peshawar,,Courier,Pakistan Railways,16,26560,,2026-07-16,2026-07-17,On Time,None,2,-1,Yes,2026-07
ORD1031,2026-03-25,Metro Mart,Router,Electronics,Supplier E,WH-03,Gujranwala,Lahore,,Rail,Leopards,25,21223,,2026-03-27,2026-03-27,On Time,None,2,0,Yes,2026-03
ORD1032,2026-09-02,City Electronics,Router,Electronics,Supplier A,WH-01,Multan,Karachi,,Courier,Leopards,13,23305,,2026-09-05,2026-09-06,On Time,None,3,-1,Yes,2026-09
ORD1033,2026-08-11,City Electronics,Bookshelf,Furniture,Supplier A,WH-04,Rawalpindi,Lahore,,Truck,M&P,94,143303,,2026-08-17,2026-08-15,Delayed,Weather,6,2,No,2026-08
ORD1034,2026-10-17,Ali Traders,Cabinet,Furniture,Supplier B,WH-02,Gujranwala,Lahore,,Courier,TCS,8,16284,,2026-10-20,2026-10-20,On Time,None,3,0,Yes,2026-10
ORD1035,2026-07-10,New City Store,Trousers,Clothing,Supplier D,WH-02,Lahore,Multan,,Van,DHL,47,55901,,2026-07-11,2026-07-12,On Time,None,1,-1,Yes,2026-07
ORD1036,2026-09-12,Metro Mart,Cooking Oil,Grocery,Supplier C,WH-03,Peshawar,Islamabad,,Rail,TCS,4,3316,,2026-09-13,2026-09-14,On Time,None,1,-1,Yes,2026-09
ORD1037,2026-03-15,Super Store,Mouse,Electronics,Supplier E,WH-02,Lahore,Multan,,Truck,TCS,45,71849,,2026-03-19,2026-03-18,Delayed,Traffic,4,1,No,2026-03
ORD1038,2026-09-01,Global Traders,T-Shirt,Clothing,Supplier D,WH-02,Peshawar,Islamabad,,Truck,M&P,61,92346,,2026-09-10,2026-09-05,Delayed,Vehicle Breakdown,9,5,No,2026-09
ORD1039,2026-11-11,ABC Store,Shoes,Clothing,Supplier E,WH-02,Lahore,Multan,,Van,Pakistan Railways,17,22298,,2026-11-13,2026-11-14,On Time,None,2,-1,Yes,2026-11
ORD1040,2026-02-18,Super Store,Tea,Grocery,Supplier A,WH-02,Islamabad,Peshawar,,Rail,DHL,94,87001,,2026-02-22,2026-02-22,On Time,None,4,0,Yes,2026-02
ORD1041,2026-12-09,New City Store,Sugar,Grocery,Supplier C,WH-04,Faisalabad,Lahore,,Van,Pakistan Railways,95,109156,,2026-12-11,2026-12-11,On Time,None,2,0,Yes,2026-12
ORD1042,2026-11-20,Ali Traders,Table,Furniture,Supplier A,WH-02,Karachi,Faisalabad,,Truck,DHL,21,31750,,2026-11-28,2026-11-24,Delayed,Warehouse Issue,8,4,No,2026-11
ORD1043,2026-06-26,Metro Mart,Shoes,Clothing,Supplier B,WH-04,Peshawar,Islamabad,,Rail,Pakistan Railways,57,49265,,2026-07-03,2026-07-03,On Time,None,7,0,Yes,2026-06
ORD1044,2026-06-22,XYZ Ltd,Flour,Grocery,Supplier D,WH-04,Karachi,Faisalabad,,Truck,M&P,98,148252,,2026-06-29,2026-06-26,Delayed,Warehouse Issue,7,3,No,2026-06
ORD1045,2026-11-25,Ali Traders,Chair,Furniture,Supplier B,WH-04,Karachi,Lahore,,Truck,Pakistan Railways,92,137422,,2026-11-28,2026-11-28,On Time,None,3,0,Yes,2026-11
ORD1046,2026-08-20,Super Store,Tablet,Electronics,Supplier D,WH-02,Lahore,Multan,,Van,TCS,26,31608,,2026-08-26,2026-08-27,On Time,None,6,-1,Yes,2026-08
ORD1047,2026-10-16,Star Enterprises,Keyboard,Electronics,Supplier E,WH-02,Gujranwala,Lahore,,Van,M&P,21,20920,,2026-10-28,2026-10-23,Delayed,Weather,12,5,No,2026-10
ORD1048,2026-03-19,Star Enterprises,Trousers,Clothing,Supplier C,WH-01,Multan,Karachi,,Rail,Leopards,67,65262,,2026-03-24,2026-03-24,On Time,None,5,0,Yes,2026-03
ORD1049,2026-06-14,XYZ Ltd,Rice,Grocery,Supplier A,WH-03,Gujranwala,Lahore,,Rail,DHL,94,86622,,2026-06-19,2026-06-20,On Time,None,5,-1,Yes,2026-06
ORD1050,2026-07-30,XYZ Ltd,Sofa,Furniture,Supplier B,WH-02,Multan,Karachi,,Van,Leopards,51,57944,,2026-08-02,2026-08-02,On Time,None,3,0,Yes,2026-07
ORD1051,2026-02-06,Metro Mart,Sugar,Grocery,Supplier D,WH-01,Gujranwala,Lahore,,Van,DHL,57,60866,,2026-02-13,2026-02-13,On Time,None,7,0,Yes,2026-02
ORD1052,2026-01-06,ABC Store,Tea,Grocery,Supplier A,WH-04,Islamabad,Peshawar,,Courier,M&P,16,30233,,2026-01-12,2026-01-13,On Time,None,6,-1,Yes,2026-01
ORD1053,2026-02-06,Pak Furniture,Rice,Grocery,Supplier D,WH-03,Karachi,Lahore,,Courier,Leopards,75,133379,,2026-02-13,2026-02-13,On Time,None,7,0,Yes,2026-02
ORD1054,2026-05-30,Metro Mart,Mobile,Electronics,Supplier E,WH-03,Islamabad,Peshawar,,Courier,Leopards,54,94664,,2026-06-09,2026-06-06,Delayed,Vehicle Breakdown,10,3,No,2026-05
ORD1055,2026-05-09,Star Enterprises,Cooking Oil,Grocery,Supplier C,WH-03,Karachi,Lahore,,Truck,TCS,92,141602,,2026-05-14,2026-05-14,On Time,None,5,0,Yes,2026-05
ORD1056,2026-04-24,New City Store,Uniform,Clothing,Supplier C,WH-01,Gujranwala,Lahore,,Courier,Pakistan Railways,78,144260,,2026-04-30,2026-04-30,On Time,None,6,0,Yes,2026-04
ORD1057,2026-01-22,New City Store,Mobile,Electronics,Supplier E,WH-01,Karachi,Lahore,,Van,M&P,75,85010,,2026-01-29,2026-01-29,On Time,None,7,0,Yes,2026-01
ORD1058,2026-07-21,Ali Traders,Milk Powder,Grocery,Supplier D,WH-04,Peshawar,Islamabad,,Truck,Leopards,81,124598,,2026-07-25,2026-07-26,On Time,None,4,-1,Yes,2026-07
ORD1059,2026-04-21,New City Store,Chair,Furniture,Supplier C,WH-01,Karachi,Islamabad,,Courier,TCS,94,169940,,2026-04-25,2026-04-25,On Time,None,4,0,Yes,2026-04
ORD1060,2026-06-30,Metro Mart,Cooking Oil,Grocery,Supplier A,WH-03,Rawalpindi,Lahore,,Rail,DHL,27,25875,,2026-07-06,2026-07-06,On Time,None,6,0,Yes,2026-06
ORD1061,2026-06-28,XYZ Ltd,Shirt,Clothing,Supplier C,WH-03,Peshawar,Islamabad,,Van,M&P,40,41829,,2026-07-09,2026-07-05,Delayed,Vehicle Breakdown,11,4,No,2026-06
ORD1062,2026-11-15,Global Traders,Office Chair,Furniture,Supplier D,WH-02,Karachi,Islamabad,,Courier,M&P,44,82801,,2026-11-19,2026-11-20,On Time,None,4,-1,Yes,2026-11
ORD1063,2026-03-28,Pak Furniture,Mobile,Electronics,Supplier B,WH-03,Lahore,Faisalabad,,Rail,Pakistan Railways,69,60557,,2026-04-01,2026-04-02,On Time,None,4,-1,Yes,2026-03
ORD1064,2026-04-12,ABC Store,Mouse,Electronics,Supplier C,WH-02,Gujranwala,Lahore,,Rail,Pakistan Railways,46,41650,,2026-04-14,2026-04-15,On Time,None,2,-1,Yes,2026-04
ORD1065,2026-05-31,New City Store,Keyboard,Electronics,Supplier B,WH-04,Lahore,Islamabad,,Van,Pakistan Railways,20,24468,,2026-06-06,2026-06-04,Delayed,Weather,6,2,No,2026-05
ORD1066,2026-05-06,Metro Mart,Uniform,Clothing,Supplier B,WH-02,Lahore,Islamabad,,Rail,DHL,3,6724,,2026-05-12,2026-05-12,On Time,None,6,0,Yes,2026-05
ORD1067,2026-08-01,Star Enterprises,Sofa,Furniture,Supplier B,WH-04,Karachi,Faisalabad,,Courier,M&P,91,167327,,2026-08-05,2026-08-05,On Time,None,4,0,Yes,2026-08
ORD1068,2026-08-09,Pak Furniture,Sugar,Grocery,Supplier C,WH-03,Karachi,Lahore,,Van,M&P,90,98022,,2026-08-14,2026-08-15,On Time,None,5,-1,Yes,2026-08
ORD1069,2026-09-17,Global Traders,Rice,Grocery,Supplier E,WH-02,Gujranwala,Lahore,,Rail,Pakistan Railways,29,26911,,2026-09-20,2026-09-21,On Time,None,3,-1,Yes,2026-09
ORD1070,2026-08-24,New City Store,Shoes,Clothing,Supplier E,WH-04,Karachi,Lahore,,Van,TCS,72,79873,,2026-08-30,2026-08-30,On Time,None,6,0,Yes,2026-08
ORD1071,2026-09-02,XYZ Ltd,Keyboard,Electronics,Supplier A,WH-03,Peshawar,Islamabad,,Rail,TCS,92,84696,,2026-09-06,2026-09-07,On Time,None,4,-1,Yes,2026-09
ORD1072,2026-07-22,Metro Mart,Jacket,Clothing,Supplier E,WH-03,Faisalabad,Lahore,,Van,Pakistan Railways,66,77351,,2026-08-01,2026-07-27,Delayed,Supplier Delay,10,5,No,2026-07
ORD1073,2026-06-11,Ali Traders,Keyboard,Electronics,Supplier E,WH-01,Karachi,Lahore,,Truck,Pakistan Railways,53,82483,,2026-06-13,2026-06-14,On Time,None,2,-1,Yes,2026-06
ORD1074,2026-11-04,XYZ Ltd,Chair,Furniture,Supplier D,WH-01,Faisalabad,Lahore,,Truck,TCS,52,79702,,2026-11-11,2026-11-11,On Time,None,7,0,Yes,2026-11
ORD1075,2026-07-28,Super Store,Trousers,Clothing,Supplier C,WH-02,Karachi,Lahore,,Rail,M&P,23,23493,,2026-08-02,2026-08-02,On Time,None,5,0,Yes,2026-07
ORD1076,2026-02-16,XYZ Ltd,Cooking Oil,Grocery,Supplier B,WH-02,Faisalabad,Lahore,,Truck,M&P,58,90158,,2026-02-17,2026-02-18,On Time,None,1,-1,Yes,2026-02
ORD1077,2026-11-07,Ali Traders,Keyboard,Electronics,Supplier A,WH-02,Lahore,Islamabad,,Truck,TCS,42,63151,,2026-11-16,2026-11-11,Delayed,Supplier Delay,9,5,No,2026-11
ORD1078,2026-07-11,ABC Store,Table,Furniture,Supplier E,WH-04,Lahore,Multan,,Van,M&P,13,18444,,2026-07-18,2026-07-18,On Time,None,7,0,Yes,2026-07
ORD1079,2026-10-21,XYZ Ltd,Uniform,Clothing,Supplier B,WH-02,Rawalpindi,Lahore,,Truck,Pakistan Railways,5,12161,,2026-10-26,2026-10-27,On Time,None,5,-1,Yes,2026-10
ORD1080,2026-06-09,City Electronics,Keyboard,Electronics,Supplier B,WH-02,Karachi,Lahore,,Courier,DHL,78,138671,,2026-06-15,2026-06-15,On Time,None,6,0,Yes,2026-06
ORD1081,2026-12-04,Star Enterprises,Shoes,Clothing,Supplier A,WH-01,Faisalabad,Lahore,,Van,M&P,19,19861,,2026-12-13,2026-12-09,Delayed,Traffic,9,4,No,2026-12
ORD1082,2026-07-03,Ali Traders,Uniform,Clothing,Supplier E,WH-01,Lahore,Faisalabad,,Truck,M&P,68,103612,,2026-07-09,2026-07-09,On Time,None,6,0,Yes,2026-07
ORD1083,2026-10-07,Metro Mart,Flour,Grocery,Supplier B,WH-04,Islamabad,Peshawar,,Rail,Leopards,52,47364,,2026-10-13,2026-10-12,Delayed,Warehouse Issue,6,1,No,2026-10
ORD1084,2026-02-23,Pak Furniture,T-Shirt,Clothing,Supplier D,WH-03,Rawalpindi,Lahore,,Rail,TCS,68,65009,,2026-02-26,2026-02-25,Delayed,Vehicle Breakdown,3,1,No,2026-02
ORD1085,2026-10-28,New City Store,Bookshelf,Furniture,Supplier C,WH-01,Lahore,Faisalabad,,Truck,TCS,39,58653,,2026-10-30,2026-10-31,On Time,None,2,-1,Yes,2026-10
ORD1086,2026-12-17,Super Store,Cabinet,Furniture,Supplier C,WH-01,Islamabad,Peshawar,,Truck,Leopards,24,40310,,2026-12-19,2026-12-20,On Time,None,2,-1,Yes,2026-12
ORD1087,2026-04-15,Global Traders,Cabinet,Furniture,Supplier E,WH-01,Lahore,Islamabad,,Courier,DHL,89,158152,,2026-04-21,2026-04-19,Delayed,Vehicle Breakdown,6,2,No,2026-04
ORD1088,2026-04-01,Super Store,Desk,Furniture,Supplier D,WH-01,Lahore,Multan,,Van,Pakistan Railways,32,37293,,2026-04-08,2026-04-08,On Time,None,7,0,Yes,2026-04
ORD1089,2026-12-15,New City Store,Sugar,Grocery,Supplier C,WH-04,Gujranwala,Lahore,,Truck,Leopards,53,79589,,2026-12-18,2026-12-19,On Time,None,3,-1,Yes,2026-12
ORD1090,2026-09-07,City Electronics,Mouse,Electronics,Supplier A,WH-04,Lahore,Multan,,Van,TCS,82,88137,,2026-09-13,2026-09-09,Delayed,Traffic,6,4,No,2026-09
ORD1091,2026-04-04,Star Enterprises,Sugar,Grocery,Supplier C,WH-04,Karachi,Islamabad,,Rail,M&P,73,64842,,2026-04-06,2026-04-06,On Time,None,2,0,Yes,2026-04
ORD1092,2026-04-14,ABC Store,Trousers,Clothing,Supplier B,WH-01,Rawalpindi,Lahore,,Courier,TCS,15,25873,,2026-04-15,2026-04-16,On Time,None,1,-1,Yes,2026-04
ORD1093,2026-02-12,ABC Store,Sofa,Furniture,Supplier E,WH-03,Rawalpindi,Lahore,,Van,Leopards,77,88000,,2026-02-13,2026-02-14,On Time,None,1,-1,Yes,2026-02
ORD1094,2026-04-18,Pak Furniture,Laptop,Electronics,Supplier B,WH-03,Karachi,Islamabad,,Van,M&P,60,64643,,2026-04-29,2026-04-25,Delayed,Weather,11,4,No,2026-04
ORD1095,2026-05-30,Star Enterprises,Monitor,Electronics,Supplier B,WH-02,Faisalabad,Lahore,,Courier,TCS,57,100168,,2026-06-02,2026-06-02,On Time,None,3,0,Yes,2026-05
ORD1096,2026-10-13,XYZ Ltd,Cabinet,Furniture,Supplier C,WH-01,Karachi,Lahore,,Truck,Leopards,67,101876,,2026-10-14,2026-10-15,On Time,None,1,-1,Yes,2026-10
ORD1097,2026-06-14,Pak Furniture,Tablet,Electronics,Supplier A,WH-02,Lahore,Islamabad,,Courier,TCS,73,128878,,2026-06-18,2026-06-19,On Time,None,4,-1,Yes,2026-06
ORD1098,2026-04-25,Ali Traders,Laptop,Electronics,Supplier D,WH-04,Karachi,Islamabad,,Courier,Leopards,96,171746,,2026-05-02,2026-05-02,On Time,None,7,0,Yes,2026-04
ORD1099,2026-06-26,Global Traders,Trousers,Clothing,Supplier D,WH-03,Islamabad,Peshawar,,Van,M&P,82,93188,,2026-06-29,2026-06-29,On Time,None,3,0,Yes,2026-06
ORD1100,2026-05-12,XYZ Ltd,Milk Powder,Grocery,Supplier A,WH-04,Karachi,Islamabad,,Van,TCS,59,65261,,2026-05-18,2026-05-19,On Time,None,6,-1,Yes,2026-05
ORD1101,2026-07-25,XYZ Ltd,Sugar,Grocery,Supplier D,WH-04,Multan,Karachi,,Courier,Leopards,57,107401,,2026-07-30,2026-07-30,On Time,None,5,0,Yes,2026-07
ORD1102,2026-06-16,Super Store,Bookshelf,Furniture,Supplier E,WH-02,Islamabad,Peshawar,,Van,DHL,73,78894,,2026-06-23,2026-06-23,On Time,None,7,0,Yes,2026-06
ORD1103,2026-08-26,Star Enterprises,Jacket,Clothing,Supplier C,WH-02,Multan,Karachi,,Van,Leopards,14,16846,,2026-09-02,2026-09-02,On Time,None,7,0,Yes,2026-08
ORD1104,2026-01-27,Metro Mart,Desk,Furniture,Supplier E,WH-02,Karachi,Faisalabad,,Courier,Pakistan Railways,56,99277,,2026-02-03,2026-02-01,Delayed,Warehouse Issue,7,2,No,2026-01
ORD1105,2026-10-18,XYZ Ltd,Milk Powder,Grocery,Supplier E,WH-02,Karachi,Faisalabad,,Courier,Pakistan Railways,26,45034,,2026-10-22,2026-10-23,On Time,None,4,-1,Yes,2026-10
ORD1106,2026-03-08,Global Traders,Tea,Grocery,Supplier E,WH-01,Karachi,Faisalabad,,Truck,TCS,11,13675,,2026-03-09,2026-03-10,On Time,None,1,-1,Yes,2026-03
ORD1107,2026-06-19,ABC Store,Flour,Grocery,Supplier B,WH-02,Islamabad,Peshawar,,Rail,TCS,47,44405,,2026-06-23,2026-06-23,On Time,None,4,0,Yes,2026-06
ORD1108,2026-09-01,Pak Furniture,Desk,Furniture,Supplier C,WH-01,Lahore,Faisalabad,,Van,DHL,21,23501,,2026-09-03,2026-09-03,On Time,None,2,0,Yes,2026-09
ORD1109,2026-03-23,Star Enterprises,Uniform,Clothing,Supplier C,WH-02,Karachi,Lahore,,Van,Leopards,13,17490,,2026-03-29,2026-03-25,Delayed,Warehouse Issue,6,4,No,2026-03
ORD1110,2026-07-14,Global Traders,Office Chair,Furniture,Supplier A,WH-03,Rawalpindi,Lahore,,Van,Leopards,3,8248,,2026-07-19,2026-07-19,On Time,None,5,0,Yes,2026-07
ORD1111,2026-06-23,ABC Store,Rice,Grocery,Supplier B,WH-02,Peshawar,Islamabad,,Rail,Leopards,20,15909,,2026-07-03,2026-06-30,Delayed,Vehicle Breakdown,10,3,No,2026-06
ORD1112,2026-12-31,ABC Store,Tea,Grocery,Supplier D,WH-01,Peshawar,Islamabad,,Courier,DHL,47,88573,,2027-01-07,2027-01-04,Delayed,Supplier Delay,7,3,No,2026-12
ORD1113,2026-01-13,Global Traders,Sugar,Grocery,Supplier A,WH-02,Gujranwala,Lahore,,Rail,M&P,58,52746,,2026-01-21,2026-01-17,Delayed,Traffic,8,4,No,2026-01
ORD1114,2026-06-20,Star Enterprises,Tablet,Electronics,Supplier E,WH-01,Gujranwala,Lahore,,Truck,M&P,49,72135,,2026-06-24,2026-06-25,On Time,None,4,-1,Yes,2026-06
ORD1115,2026-12-22,City Electronics,Jacket,Clothing,Supplier C,WH-04,Multan,Karachi,,Rail,DHL,45,43391,,2026-12-26,2026-12-26,On Time,None,4,0,Yes,2026-12
ORD1116,2026-05-25,City Electronics,Router,Electronics,Supplier A,WH-03,Lahore,Faisalabad,,Truck,TCS,17,29104,,2026-05-26,2026-05-27,On Time,None,1,-1,Yes,2026-05
ORD1117,2026-07-11,ABC Store,Cabinet,Furniture,Supplier B,WH-01,Karachi,Lahore,,Truck,TCS,95,146110,,2026-07-14,2026-07-15,On Time,None,3,-1,Yes,2026-07
ORD1118,2026-03-21,New City Store,Uniform,Clothing,Supplier C,WH-01,Peshawar,Islamabad,,Truck,TCS,91,134636,,2026-03-23,2026-03-24,On Time,None,2,-1,Yes,2026-03
ORD1119,2026-04-06,ABC Store,Laptop,Electronics,Supplier D,WH-02,Islamabad,Peshawar,,Truck,TCS,50,74624,,2026-04-13,2026-04-13,On Time,None,7,0,Yes,2026-04
ORD1120,2026-04-12,Global Traders,Sofa,Furniture,Supplier C,WH-01,Rawalpindi,Lahore,,Van,Pakistan Railways,1,1500,,2026-04-15,2026-04-15,On Time,None,3,0,Yes,2026-04
ORD1121,2026-03-15,Star Enterprises,Bookshelf,Furniture,Supplier A,WH-01,Islamabad,Peshawar,,Van,M&P,97,105565,,2026-03-18,2026-03-18,On Time,None,3,0,Yes,2026-03
ORD1122,2026-11-04,Super Store,Sugar,Grocery,Supplier D,WH-03,Faisalabad,Lahore,,Van,Pakistan Railways,1,3464,,2026-11-10,2026-11-11,On Time,None,6,-1,Yes,2026-11
ORD1123,2026-02-03,Ali Traders,Router,Electronics,Supplier C,WH-01,Peshawar,Islamabad,,Courier,TCS,87,159862,,2026-02-09,2026-02-10,On Time,None,6,-1,Yes,2026-02
ORD1124,2026-06-13,New City Store,Milk Powder,Grocery,Supplier E,WH-01,Peshawar,Islamabad,,Rail,M&P,58,52133,,2026-06-20,2026-06-20,On Time,None,7,0,Yes,2026-06
ORD1125,2026-09-13,City Electronics,Jacket,Clothing,Supplier E,WH-02,Islamabad,Peshawar,,Van,TCS,89,97790,,2026-09-18,2026-09-18,On Time,None,5,0,Yes,2026-09
ORD1126,2026-06-16,Super Store,Shoes,Clothing,Supplier D,WH-02,Lahore,Multan,,Courier,Leopards,4,11354,,2026-06-19,2026-06-19,On Time,None,3,0,Yes,2026-06
ORD1127,2026-11-20,XYZ Ltd,Jacket,Clothing,Supplier A,WH-04,Karachi,Faisalabad,,Van,DHL,76,88349,,2026-11-22,2026-11-23,On Time,None,2,-1,Yes,2026-11
ORD1128,2026-07-20,Global Traders,Desk,Furniture,Supplier C,WH-02,Lahore,Islamabad,,Courier,Leopards,21,37286,,2026-07-25,2026-07-26,On Time,None,5,-1,Yes,2026-07
ORD1129,2026-09-07,New City Store,Shoes,Clothing,Supplier D,WH-02,Rawalpindi,Lahore,,Truck,M&P,14,18548,,2026-09-11,2026-09-11,On Time,None,4,0,Yes,2026-09
ORD1130,2026-03-14,Metro Mart,Trousers,Clothing,Supplier D,WH-04,Lahore,Islamabad,,Rail,DHL,44,41764,,2026-03-18,2026-03-18,On Time,None,4,0,Yes,2026-03
ORD1131,2026-11-10,ABC Store,Cabinet,Furniture,Supplier C,WH-03,Gujranwala,Lahore,,Rail,DHL,48,44831,,2026-11-19,2026-11-15,Delayed,Vehicle Breakdown,9,4,No,2026-11
ORD1132,2026-08-02,Metro Mart,Desk,Furniture,Supplier B,WH-03,Karachi,Faisalabad,,Courier,M&P,72,129391,,2026-08-07,2026-08-08,On Time,None,5,-1,Yes,2026-08
ORD1133,2026-03-07,Pak Furniture,Bookshelf,Furniture,Supplier E,WH-02,Islamabad,Peshawar,,Courier,Pakistan Railways,61,114095,,2026-03-08,2026-03-09,On Time,None,1,-1,Yes,2026-03
ORD1134,2026-07-16,XYZ Ltd,Rice,Grocery,Supplier E,WH-04,Rawalpindi,Lahore,,Rail,TCS,58,52391,,2026-07-19,2026-07-19,On Time,None,3,0,Yes,2026-07
ORD1135,2026-12-31,XYZ Ltd,Rice,Grocery,Supplier D,WH-02,Islamabad,Peshawar,,Truck,M&P,46,72757,,2027-01-05,2027-01-06,On Time,None,5,-1,Yes,2026-12
ORD1136,2026-05-20,Pak Furniture,Jacket,Clothing,Supplier E,WH-02,Karachi,Faisalabad,,Van,Pakistan Railways,78,83786,,2026-05-23,2026-05-24,On Time,None,3,-1,Yes,2026-05
ORD1137,2026-09-26,Star Enterprises,Sugar,Grocery,Supplier D,WH-04,Gujranwala,Lahore,,Truck,M&P,34,49673,,2026-09-28,2026-09-29,On Time,None,2,-1,Yes,2026-09
ORD1138,2026-11-30,Super Store,Keyboard,Electronics,Supplier D,WH-02,Rawalpindi,Lahore,,Courier,Pakistan Railways,21,39664,,2026-12-04,2026-12-05,On Time,None,4,-1,Yes,2026-11
ORD1139,2026-05-21,Global Traders,Sugar,Grocery,Supplier E,WH-04,Karachi,Islamabad,,Van,Pakistan Railways,17,18344,,2026-05-26,2026-05-23,Delayed,Supplier Delay,5,3,No,2026-05
ORD1140,2026-09-02,Pak Furniture,Desk,Furniture,Supplier D,WH-01,Karachi,Faisalabad,,Courier,M&P,51,90258,,2026-09-05,2026-09-06,On Time,None,3,-1,Yes,2026-09
ORD1141,2026-11-26,City Electronics,Tea,Grocery,Supplier E,WH-01,Lahore,Faisalabad,,Truck,DHL,64,93523,,2026-11-29,2026-11-28,Delayed,Supplier Delay,3,1,No,2026-11
ORD1142,2026-03-25,Metro Mart,Keyboard,Electronics,Supplier C,WH-03,Karachi,Lahore,,Courier,M&P,97,172169,,2026-03-29,2026-03-30,On Time,None,4,-1,Yes,2026-03
ORD1143,2026-09-26,Super Store,Uniform,Clothing,Supplier B,WH-01,Islamabad,Peshawar,,Courier,DHL,15,30248,,2026-09-29,2026-09-30,On Time,None,3,-1,Yes,2026-09
ORD1144,2026-11-27,Star Enterprises,Laptop,Electronics,Supplier B,WH-04,Lahore,Islamabad,,Truck,DHL,98,145905,,2026-11-29,2026-11-30,On Time,None,2,-1,Yes,2026-11
ORD1145,2026-09-14,Pak Furniture,Cooking Oil,Grocery,Supplier D,WH-01,Lahore,Faisalabad,,Rail,Leopards,4,6085,,2026-09-20,2026-09-21,On Time,None,6,-1,Yes,2026-09
ORD1146,2026-01-21,Metro Mart,Monitor,Electronics,Supplier B,WH-04,Lahore,Islamabad,,Rail,TCS,75,71722,,2026-01-24,2026-01-25,On Time,None,3,-1,Yes,2026-01
ORD1147,2026-07-23,Metro Mart,Cabinet,Furniture,Supplier A,WH-03,Karachi,Islamabad,,Rail,Pakistan Railways,50,43309,,2026-07-26,2026-07-26,On Time,None,3,0,Yes,2026-07
ORD1148,2026-06-21,Metro Mart,Flour,Grocery,Supplier D,WH-01,Karachi,Faisalabad,,Rail,Leopards,4,4249,,2026-06-27,2026-06-27,On Time,None,6,0,Yes,2026-06
ORD1149,2026-04-15,XYZ Ltd,Laptop,Electronics,Supplier D,WH-01,Gujranwala,Lahore,,Van,DHL,98,109471,,2026-04-21,2026-04-22,On Time,None,6,-1,Yes,2026-04
ORD1150,2026-10-31,City Electronics,Cooking Oil,Grocery,Supplier A,WH-02,Peshawar,Islamabad,,Rail,DHL,66,56595,,2026-11-06,2026-11-04,Delayed,Vehicle Breakdown,6,2,No,2026-10
ORD1151,2026-04-16,Global Traders,Uniform,Clothing,Supplier C,WH-04,Multan,Karachi,,Van,Leopards,62,69794,,2026-04-21,2026-04-22,On Time,None,5,-1,Yes,2026-04
ORD1152,2026-02-09,New City Store,Laptop,Electronics,Supplier A,WH-01,Lahore,Islamabad,,Rail,TCS,39,35745,,2026-02-13,2026-02-14,On Time,None,4,-1,Yes,2026-02
ORD1153,2026-02-19,Ali Traders,Sugar,Grocery,Supplier B,WH-04,Gujranwala,Lahore,,Rail,TCS,36,32820,,2026-02-27,2026-02-26,Delayed,Traffic,8,1,No,2026-02
ORD1154,2026-06-04,XYZ Ltd,Cooking Oil,Grocery,Supplier B,WH-01,Karachi,Faisalabad,,Truck,Leopards,23,31617,,2026-06-08,2026-06-06,Delayed,Warehouse Issue,4,2,No,2026-06
ORD1155,2026-10-24,Star Enterprises,Flour,Grocery,Supplier A,WH-04,Karachi,Lahore,,Van,DHL,9,10156,,2026-10-30,2026-10-31,On Time,None,6,-1,Yes,2026-10
ORD1156,2026-09-12,Super Store,Shoes,Clothing,Supplier B,WH-01,Peshawar,Islamabad,,Truck,TCS,99,152679,,2026-09-16,2026-09-16,On Time,None,4,0,Yes,2026-09
ORD1157,2026-04-14,City Electronics,Printer,Electronics,Supplier B,WH-02,Gujranwala,Lahore,,Courier,TCS,84,148561,,2026-04-20,2026-04-20,On Time,None,6,0,Yes,2026-04
ORD1158,2026-10-14,Global Traders,Bookshelf,Furniture,Supplier A,WH-03,Faisalabad,Lahore,,Truck,Pakistan Railways,48,72737,,2026-10-19,2026-10-19,On Time,None,5,0,Yes,2026-10
ORD1159,2026-12-04,Pak Furniture,Desk,Furniture,Supplier C,WH-04,Lahore,Multan,,Courier,M&P,60,107846,,2026-12-12,2026-12-08,Delayed,Supplier Delay,8,4,No,2026-12
ORD1160,2026-07-28,Pak Furniture,Shirt,Clothing,Supplier E,WH-03,Lahore,Multan,,Rail,M&P,83,75522,,2026-08-01,2026-08-02,On Time,None,4,-1,Yes,2026-07
ORD1161,2026-01-22,Pak Furniture,Cabinet,Furniture,Supplier C,WH-02,Peshawar,Islamabad,,Van,DHL,89,98146,,2026-01-23,2026-01-24,On Time,None,1,-1,Yes,2026-01
ORD1162,2026-09-14,Star Enterprises,Mobile,Electronics,Supplier E,WH-01,Karachi,Islamabad,,Van,DHL,88,99614,,2026-09-18,2026-09-18,On Time,None,4,0,Yes,2026-09
ORD1163,2026-07-11,Star Enterprises,T-Shirt,Clothing,Supplier D,WH-02,Peshawar,Islamabad,,Rail,Leopards,89,83256,,2026-07-13,2026-07-13,On Time,None,2,0,Yes,2026-07
ORD1164,2026-03-21,Metro Mart,Mobile,Electronics,Supplier D,WH-02,Karachi,Lahore,,Rail,DHL,97,87626,,2026-03-24,2026-03-25,On Time,None,3,-1,Yes,2026-03
ORD1165,2026-04-08,Ali Traders,Laptop,Electronics,Supplier C,WH-01,Islamabad,Peshawar,,Van,TCS,9,8976,,2026-04-13,2026-04-13,On Time,None,5,0,Yes,2026-04
ORD1166,2026-07-03,Super Store,Printer,Electronics,Supplier C,WH-04,Faisalabad,Lahore,,Van,M&P,55,62572,,2026-07-08,2026-07-09,On Time,None,5,-1,Yes,2026-07
ORD1167,2026-12-14,Global Traders,Router,Electronics,Supplier C,WH-03,Lahore,Islamabad,,Rail,Leopards,50,48167,,2026-12-20,2026-12-20,On Time,None,6,0,Yes,2026-12
ORD1168,2026-12-19,New City Store,Milk Powder,Grocery,Supplier D,WH-01,Multan,Karachi,,Truck,Leopards,98,151420,,2026-12-20,2026-12-21,On Time,None,1,-1,Yes,2026-12
ORD1169,2026-02-12,Metro Mart,Router,Electronics,Supplier D,WH-03,Islamabad,Peshawar,,Courier,TCS,42,75137,,2026-02-18,2026-02-18,On Time,None,6,0,Yes,2026-02
ORD1170,2026-04-21,New City Store,Shirt,Clothing,Supplier A,WH-02,Peshawar,Islamabad,,Truck,Pakistan Railways,57,83066,,2026-04-30,2026-04-27,Delayed,Supplier Delay,9,3,No,2026-04
ORD1171,2026-07-18,Star Enterprises,Printer,Electronics,Supplier E,WH-01,Gujranwala,Lahore,,Courier,DHL,58,103803,,2026-07-26,2026-07-21,Delayed,Vehicle Breakdown,8,5,No,2026-07
ORD1172,2026-08-07,ABC Store,Office Chair,Furniture,Supplier A,WH-02,Rawalpindi,Lahore,,Courier,DHL,1,1972,,2026-08-13,2026-08-14,On Time,None,6,-1,Yes,2026-08
ORD1173,2026-07-12,Ali Traders,Sugar,Grocery,Supplier B,WH-03,Karachi,Faisalabad,,Courier,DHL,92,166242,,2026-07-18,2026-07-19,On Time,None,6,-1,Yes,2026-07
ORD1174,2026-02-21,XYZ Ltd,Table,Furniture,Supplier E,WH-01,Rawalpindi,Lahore,,Courier,M&P,90,162522,,2026-02-23,2026-02-23,On Time,None,2,0,Yes,2026-02
ORD1175,2026-11-22,Star Enterprises,Mouse,Electronics,Supplier D,WH-01,Karachi,Islamabad,,Courier,Pakistan Railways,90,162459,,2026-11-27,2026-11-24,Delayed,Vehicle Breakdown,5,3,No,2026-11
ORD1176,2026-09-01,Super Store,Table,Furniture,Supplier A,WH-01,Lahore,Multan,,Truck,Pakistan Railways,24,38444,,2026-09-04,2026-09-04,On Time,None,3,0,Yes,2026-09
ORD1177,2026-10-13,City Electronics,Shirt,Clothing,Supplier B,WH-04,Karachi,Lahore,,Truck,DHL,26,37207,,2026-10-21,2026-10-17,Delayed,Traffic,8,4,No,2026-10
ORD1178,2026-07-10,Ali Traders,Mobile,Electronics,Supplier E,WH-03,Peshawar,Islamabad,,Truck,M&P,18,26617,,2026-07-12,2026-07-13,On Time,None,2,-1,Yes,2026-07
ORD1179,2026-04-07,Global Traders,Shoes,Clothing,Supplier B,WH-01,Lahore,Multan,,Courier,Pakistan Railways,82,149736,,2026-04-12,2026-04-13,On Time,None,5,-1,Yes,2026-04
ORD1180,2026-03-16,XYZ Ltd,Office Chair,Furniture,Supplier A,WH-04,Lahore,Faisalabad,,Truck,Pakistan Railways,22,32023,,2026-03-23,2026-03-23,On Time,None,7,0,Yes,2026-03
ORD1181,2026-04-26,City Electronics,Shirt,Clothing,Supplier D,WH-01,Faisalabad,Lahore,,Courier,TCS,25,47502,,2026-05-03,2026-05-03,On Time,None,7,0,Yes,2026-04
ORD1182,2026-08-19,New City Store,Bookshelf,Furniture,Supplier B,WH-04,Peshawar,Islamabad,,Courier,DHL,31,57706,,2026-08-24,2026-08-25,On Time,None,5,-1,Yes,2026-08
ORD1183,2026-08-10,New City Store,Mouse,Electronics,Supplier A,WH-01,Gujranwala,Lahore,,Van,TCS,48,52072,,2026-08-15,2026-08-15,On Time,None,5,0,Yes,2026-08
ORD1184,2026-06-05,Star Enterprises,Flour,Grocery,Supplier D,WH-04,Multan,Karachi,,Van,Leopards,44,46145,,2026-06-12,2026-06-12,On Time,None,7,0,Yes,2026-06
ORD1185,2026-09-30,Star Enterprises,Printer,Electronics,Supplier C,WH-03,Karachi,Islamabad,,Van,M&P,42,50631,,2026-10-03,2026-10-03,On Time,None,3,0,Yes,2026-09
ORD1186,2026-06-06,Metro Mart,Tea,Grocery,Supplier D,WH-03,Karachi,Islamabad,,Courier,DHL,99,180222,,2026-06-09,2026-06-09,On Time,None,3,0,Yes,2026-06
ORD1187,2026-04-08,Pak Furniture,Sugar,Grocery,Supplier D,WH-02,Karachi,Lahore,,Rail,DHL,27,26199,,2026-04-14,2026-04-15,On Time,None,6,-1,Yes,2026-04
ORD1188,2026-11-28,Global Traders,Sugar,Grocery,Supplier D,WH-04,Gujranwala,Lahore,,Rail,Pakistan Railways,59,54502,,2026-12-07,2026-12-02,Delayed,Traffic,9,5,No,2026-11
ORD1189,2026-05-10,ABC Store,T-Shirt,Clothing,Supplier D,WH-01,Karachi,Lahore,,Van,M&P,64,71125,,2026-05-16,2026-05-16,On Time,None,6,0,Yes,2026-05
ORD1190,2026-09-19,New City Store,Trousers,Clothing,Supplier C,WH-01,Multan,Karachi,,Courier,Pakistan Railways,14,26102,,2026-09-23,2026-09-24,On Time,None,4,-1,Yes,2026-09
ORD1191,2026-03-13,XYZ Ltd,Keyboard,Electronics,Supplier A,WH-01,Karachi,Lahore,,Rail,TCS,71,65284,,2026-03-18,2026-03-17,Delayed,Warehouse Issue,5,1,No,2026-03
ORD1192,2026-04-15,Ali Traders,Laptop,Electronics,Supplier A,WH-03,Peshawar,Islamabad,,Rail,M&P,56,49371,,2026-04-18,2026-04-18,On Time,None,3,0,Yes,2026-04
ORD1193,2026-10-10,Pak Furniture,Table,Furniture,Supplier A,WH-03,Islamabad,Peshawar,,Van,Leopards,27,31137,,2026-10-18,2026-10-16,Delayed,Traffic,8,2,No,2026-10
ORD1194,2026-10-20,New City Store,Cooking Oil,Grocery,Supplier A,WH-01,Islamabad,Peshawar,,Courier,DHL,31,56564,,2026-10-28,2026-10-26,Delayed,Weather,8,2,No,2026-10
ORD1195,2026-05-24,ABC Store,Monitor,Electronics,Supplier C,WH-04,Peshawar,Islamabad,,Courier,Leopards,28,49302,,2026-05-26,2026-05-26,On Time,None,2,0,Yes,2026-05
ORD1196,2026-12-31,Global Traders,Trousers,Clothing,Supplier D,WH-04,Lahore,Islamabad,,Rail,DHL,87,79326,,2027-01-05,2027-01-05,On Time,None,5,0,Yes,2026-12
ORD1197,2026-06-14,Ali Traders,T-Shirt,Clothing,Supplier E,WH-04,Rawalpindi,Lahore,,Van,M&P,19,23662,,2026-06-16,2026-06-16,On Time,None,2,0,Yes,2026-06
ORD1198,2026-03-28,Super Store,Table,Furniture,Supplier C,WH-03,Multan,Karachi,,Rail,DHL,92,82181,,2026-03-31,2026-03-31,On Time,None,3,0,Yes,2026-03
ORD1199,2026-01-13,New City Store,Bookshelf,Furniture,Supplier A,WH-04,Gujranwala,Lahore,,Truck,Leopards,74,110827,,2026-01-17,2026-01-17,On Time,None,4,0,Yes,2026-01
ORD1200,2026-08-12,Global Traders,Shirt,Clothing,Supplier D,WH-03,Faisalabad,Lahore,,Van,M&P,47,56167,,2026-08-15,2026-08-16,On Time,None,3,-1,Yes,2026-08
ORD1201,2026-04-23,New City Store,Office Chair,Furniture,Supplier A,WH-04,Faisalabad,Lahore,,Truck,DHL,12,20792,,2026-05-01,2026-04-26,Delayed,Traffic,8,5,No,2026-04
ORD1202,2026-05-09,ABC Store,Cooking Oil,Grocery,Supplier B,WH-03,Lahore,Multan,,Courier,M&P,24,42076,,2026-05-13,2026-05-14,On Time,None,4,-1,Yes,2026-05
ORD1203,2026-04-29,ABC Store,Tablet,Electronics,Supplier C,WH-04,Multan,Karachi,,Van,DHL,3,6916,,2026-05-01,2026-05-02,On Time,None,2,-1,Yes,2026-04
ORD1204,2026-02-04,ABC Store,Sugar,Grocery,Supplier E,WH-01,Rawalpindi,Lahore,,Rail,DHL,20,19371,,2026-02-06,2026-02-07,On Time,None,2,-1,Yes,2026-02
ORD1205,2026-06-16,XYZ Ltd,Tea,Grocery,Supplier A,WH-01,Multan,Karachi,,Van,DHL,7,8542,,2026-06-18,2026-06-19,On Time,None,2,-1,Yes,2026-06
ORD1206,2026-11-08,Pak Furniture,Cooking Oil,Grocery,Supplier B,WH-04,Lahore,Multan,,Truck,DHL,21,33743,,2026-11-13,2026-11-14,On Time,None,5,-1,Yes,2026-11
ORD1207,2026-07-13,XYZ Ltd,Printer,Electronics,Supplier D,WH-04,Karachi,Faisalabad,,Courier,Pakistan Railways,70,128949,,2026-07-18,2026-07-18,On Time,None,5,0,Yes,2026-07
ORD1208,2026-11-28,Star Enterprises,Tea,Grocery,Supplier E,WH-04,Karachi,Islamabad,,Courier,DHL,65,121028,,2026-12-04,2026-12-03,Delayed,Weather,6,1,No,2026-11
ORD1209,2026-02-07,New City Store,Flour,Grocery,Supplier A,WH-04,Multan,Karachi,,Courier,M&P,48,83595,,2026-02-10,2026-02-11,On Time,None,3,-1,Yes,2026-02
ORD1210,2026-04-21,Super Store,Sofa,Furniture,Supplier E,WH-02,Karachi,Faisalabad,,Rail,Leopards,32,26965,,2026-04-23,2026-04-23,On Time,None,2,0,Yes,2026-04
ORD1211,2026-05-10,Global Traders,Shoes,Clothing,Supplier D,WH-03,Islamabad,Peshawar,,Courier,DHL,54,102061,,2026-05-11,2026-05-12,On Time,None,1,-1,Yes,2026-05
ORD1212,2026-11-24,ABC Store,Flour,Grocery,Supplier A,WH-03,Rawalpindi,Lahore,,Courier,Leopards,10,19900,,2026-11-28,2026-11-28,On Time,None,4,0,Yes,2026-11
ORD1213,2026-01-21,Global Traders,Keyboard,Electronics,Supplier C,WH-02,Karachi,Islamabad,,Van,TCS,13,12495,,2026-01-28,2026-01-28,On Time,None,7,0,Yes,2026-01
ORD1214,2026-01-31,Ali Traders,Bookshelf,Furniture,Supplier E,WH-03,Lahore,Islamabad,,Courier,Leopards,43,80941,,2026-02-06,2026-02-06,On Time,None,6,0,Yes,2026-01
ORD1215,2026-05-26,Pak Furniture,Mobile,Electronics,Supplier D,WH-04,Multan,Karachi,,Truck,Pakistan Railways,94,144135,,2026-05-31,2026-06-01,On Time,None,5,-1,Yes,2026-05
ORD1216,2026-07-13,Pak Furniture,Uniform,Clothing,Supplier C,WH-02,Lahore,Multan,,Van,TCS,79,87044,,2026-07-16,2026-07-17,On Time,None,3,-1,Yes,2026-07
ORD1217,2026-01-23,City Electronics,Tablet,Electronics,Supplier B,WH-04,Peshawar,Islamabad,,Van,Leopards,20,22497,,2026-01-28,2026-01-29,On Time,None,5,-1,Yes,2026-01
ORD1218,2026-01-01,ABC Store,Office Chair,Furniture,Supplier A,WH-03,Gujranwala,Lahore,,Courier,TCS,29,53036,,2026-01-04,2026-01-04,On Time,None,3,0,Yes,2026-01
ORD1219,2026-02-28,ABC Store,Jacket,Clothing,Supplier E,WH-03,Rawalpindi,Lahore,,Rail,Pakistan Railways,72,66288,,2026-03-07,2026-03-07,On Time,None,7,0,Yes,2026-02
ORD1220,2026-09-27,XYZ Ltd,Tea,Grocery,Supplier B,WH-02,Lahore,Islamabad,,Courier,Leopards,35,62688,,2026-10-03,2026-10-03,On Time,None,6,0,Yes,2026-09
ORD1221,2026-01-27,New City Store,Flour,Grocery,Supplier A,WH-02,Lahore,Faisalabad,,Van,DHL,32,36003,,2026-01-30,2026-01-30,On Time,None,3,0,Yes,2026-01
ORD1222,2026-07-31,Super Store,T-Shirt,Clothing,Supplier C,WH-03,Karachi,Lahore,,Van,DHL,80,88941,,2026-08-10,2026-08-07,Delayed,Traffic,10,3,No,2026-07
ORD1223,2026-08-12,Super Store,Trousers,Clothing,Supplier D,WH-04,Lahore,Islamabad,,Rail,M&P,16,13923,,2026-08-15,2026-08-15,On Time,None,3,0,Yes,2026-08
ORD1224,2026-07-22,New City Store,Sofa,Furniture,Supplier D,WH-02,Karachi,Islamabad,,Van,Pakistan Railways,22,23953,,2026-07-25,2026-07-25,On Time,None,3,0,Yes,2026-07
ORD1225,2026-02-12,ABC Store,Mobile,Electronics,Supplier A,WH-02,Lahore,Faisalabad,,Courier,Leopards,12,26254,,2026-02-18,2026-02-19,On Time,None,6,-1,Yes,2026-02
ORD1226,2026-01-02,Global Traders,Chair,Furniture,Supplier B,WH-03,Faisalabad,Lahore,,Rail,Pakistan Railways,12,8131,,2026-01-05,2026-01-05,On Time,None,3,0,Yes,2026-01
ORD1227,2026-02-21,Ali Traders,Laptop,Electronics,Supplier E,WH-01,Islamabad,Peshawar,,Van,Leopards,63,67180,,2026-02-24,2026-02-25,On Time,None,3,-1,Yes,2026-02
ORD1228,2026-11-10,City Electronics,Chair,Furniture,Supplier D,WH-03,Lahore,Multan,,Truck,Leopards,78,115833,,2026-11-17,2026-11-17,On Time,None,7,0,Yes,2026-11
ORD1229,2026-06-23,XYZ Ltd,Shoes,Clothing,Supplier C,WH-03,Karachi,Islamabad,,Courier,Leopards,31,59306,,2026-06-26,2026-06-27,On Time,None,3,-1,Yes,2026-06
ORD1230,2026-05-04,Global Traders,Bookshelf,Furniture,Supplier B,WH-01,Karachi,Lahore,,Truck,Pakistan Railways,16,22209,,2026-05-05,2026-05-06,On Time,None,1,-1,Yes,2026-05
ORD1231,2026-03-18,ABC Store,Flour,Grocery,Supplier C,WH-02,Gujranwala,Lahore,,Courier,Leopards,53,93404,,2026-03-25,2026-03-25,On Time,None,7,0,Yes,2026-03
ORD1232,2026-12-30,Metro Mart,Uniform,Clothing,Supplier A,WH-03,Lahore,Multan,,Courier,DHL,45,78541,,2027-01-04,2027-01-01,Delayed,Warehouse Issue,5,3,No,2026-12
ORD1233,2026-04-06,Global Traders,Uniform,Clothing,Supplier D,WH-03,Rawalpindi,Lahore,,Van,M&P,96,110519,,2026-04-13,2026-04-13,On Time,None,7,0,Yes,2026-04
ORD1234,2026-10-18,XYZ Ltd,Tablet,Electronics,Supplier C,WH-04,Karachi,Lahore,,Courier,M&P,19,31544,,2026-10-21,2026-10-21,On Time,None,3,0,Yes,2026-10
ORD1235,2026-05-23,Metro Mart,Sofa,Furniture,Supplier A,WH-01,Karachi,Faisalabad,,Rail,M&P,79,71155,,2026-05-31,2026-05-27,Delayed,Supplier Delay,8,4,No,2026-05
ORD1236,2026-04-14,Metro Mart,Desk,Furniture,Supplier E,WH-03,Lahore,Faisalabad,,Courier,Pakistan Railways,76,138817,,2026-04-21,2026-04-20,Delayed,Warehouse Issue,7,1,No,2026-04
ORD1237,2026-10-30,Star Enterprises,Tea,Grocery,Supplier D,WH-01,Karachi,Islamabad,,Rail,TCS,53,49527,,2026-11-05,2026-11-06,On Time,None,6,-1,Yes,2026-10
ORD1238,2026-08-31,Super Store,T-Shirt,Clothing,Supplier E,WH-02,Faisalabad,Lahore,,Van,Leopards,34,36859,,2026-09-06,2026-09-07,On Time,None,6,-1,Yes,2026-08
ORD1239,2026-12-09,New City Store,Cooking Oil,Grocery,Supplier C,WH-01,Lahore,Faisalabad,,Van,TCS,29,36698,,2026-12-13,2026-12-14,On Time,None,4,-1,Yes,2026-12
ORD1240,2026-08-09,Ali Traders,Printer,Electronics,Supplier E,WH-04,Lahore,Islamabad,,Rail,Pakistan Railways,85,73919,,2026-08-13,2026-08-14,On Time,None,4,-1,Yes,2026-08
ORD1241,2026-10-01,Star Enterprises,Rice,Grocery,Supplier B,WH-04,Lahore,Faisalabad,,Rail,DHL,70,65374,,2026-10-08,2026-10-04,Delayed,Traffic,7,4,No,2026-10
ORD1242,2026-06-18,Metro Mart,Shirt,Clothing,Supplier A,WH-02,Gujranwala,Lahore,,Rail,DHL,85,75894,,2026-06-24,2026-06-25,On Time,None,6,-1,Yes,2026-06
ORD1243,2026-08-07,Metro Mart,Desk,Furniture,Supplier A,WH-03,Karachi,Islamabad,,Truck,TCS,20,34153,,2026-08-08,2026-08-09,On Time,None,1,-1,Yes,2026-08
ORD1244,2026-05-03,ABC Store,Sugar,Grocery,Supplier A,WH-04,Faisalabad,Lahore,,Truck,Pakistan Railways,99,152341,,2026-05-08,2026-05-09,On Time,None,5,-1,Yes,2026-05
ORD1245,2026-09-04,New City Store,Rice,Grocery,Supplier C,WH-01,Faisalabad,Lahore,,Van,Leopards,25,28967,,2026-09-07,2026-09-08,On Time,None,3,-1,Yes,2026-09
ORD1246,2026-02-02,XYZ Ltd,Desk,Furniture,Supplier B,WH-02,Rawalpindi,Lahore,,Rail,TCS,44,43591,,2026-02-07,2026-02-07,On Time,None,5,0,Yes,2026-02
ORD1247,2026-02-23,Star Enterprises,Trousers,Clothing,Supplier B,WH-02,Peshawar,Islamabad,,Courier,Pakistan Railways,96,175512,,2026-02-24,2026-02-25,On Time,None,1,-1,Yes,2026-02
ORD1248,2026-12-03,Global Traders,Shoes,Clothing,Supplier C,WH-03,Islamabad,Peshawar,,Truck,TCS,58,85540,,2026-12-04,2026-12-05,On Time,None,1,-1,Yes,2026-12
ORD1249,2026-12-07,Pak Furniture,Cooking Oil,Grocery,Supplier A,WH-03,Rawalpindi,Lahore,,Truck,DHL,13,21371,,2026-12-12,2026-12-13,On Time,None,5,-1,Yes,2026-12
ORD1250,2026-10-31,XYZ Ltd,Shoes,Clothing,Supplier E,WH-03,Karachi,Lahore,,Truck,M&P,32,47556,,2026-11-06,2026-11-06,On Time,None,6,0,Yes,2026-10
ORD1251,2026-01-20,ABC Store,Printer,Electronics,Supplier B,WH-03,Multan,Karachi,,Van,M&P,44,52361,,2026-01-25,2026-01-25,On Time,None,5,0,Yes,2026-01
ORD1252,2026-02-08,Global Traders,Milk Powder,Grocery,Supplier C,WH-04,Lahore,Islamabad,,Truck,M&P,42,61513,,2026-02-17,2026-02-15,Delayed,Supplier Delay,9,2,No,2026-02
ORD1253,2026-11-05,New City Store,Keyboard,Electronics,Supplier A,WH-01,Karachi,Islamabad,,Rail,M&P,16,12896,,2026-11-10,2026-11-11,On Time,None,5,-1,Yes,2026-11
ORD1254,2026-04-29,Ali Traders,Flour,Grocery,Supplier E,WH-01,Gujranwala,Lahore,,Rail,Pakistan Railways,85,75937,,2026-04-30,2026-05-01,On Time,None,1,-1,Yes,2026-04
ORD1255,2026-06-09,Super Store,Keyboard,Electronics,Supplier C,WH-01,Lahore,Multan,,Truck,TCS,76,111032,,2026-06-10,2026-06-11,On Time,None,1,-1,Yes,2026-06
ORD1256,2026-08-29,Pak Furniture,T-Shirt,Clothing,Supplier A,WH-03,Lahore,Multan,,Van,TCS,43,45679,,2026-08-31,2026-09-01,On Time,None,2,-1,Yes,2026-08
ORD1257,2026-11-19,Ali Traders,Trousers,Clothing,Supplier B,WH-02,Gujranwala,Lahore,,Van,Leopards,1,3682,,2026-11-24,2026-11-25,On Time,None,5,-1,Yes,2026-11
ORD1258,2026-09-10,Star Enterprises,Chair,Furniture,Supplier D,WH-02,Peshawar,Islamabad,,Courier,DHL,68,121797,,2026-09-19,2026-09-14,Delayed,Warehouse Issue,9,5,No,2026-09
ORD1259,2026-10-24,City Electronics,Sugar,Grocery,Supplier E,WH-01,Gujranwala,Lahore,,Courier,M&P,83,151358,,2026-10-30,2026-10-29,Delayed,Warehouse Issue,6,1,No,2026-10
ORD1260,2026-10-30,Metro Mart,Milk Powder,Grocery,Supplier B,WH-02,Karachi,Faisalabad,,Truck,DHL,17,28325,,2026-10-31,2026-11-01,On Time,None,1,-1,Yes,2026-10
ORD1261,2026-01-24,ABC Store,Trousers,Clothing,Supplier B,WH-03,Karachi,Lahore,,Truck,DHL,92,135907,,2026-02-01,2026-01-31,Delayed,Vehicle Breakdown,8,1,No,2026-01
ORD1262,2026-04-16,Global Traders,Table,Furniture,Supplier A,WH-03,Faisalabad,Lahore,,Courier,Leopards,85,154250,,2026-04-22,2026-04-23,On Time,None,6,-1,Yes,2026-04
ORD1263,2026-11-22,XYZ Ltd,Sofa,Furniture,Supplier C,WH-02,Karachi,Faisalabad,,Van,Leopards,63,74075,,2026-11-26,2026-11-26,On Time,None,4,0,Yes,2026-11
ORD1264,2026-01-02,Super Store,Trousers,Clothing,Supplier A,WH-01,Gujranwala,Lahore,,Courier,Pakistan Railways,38,67069,,2026-01-10,2026-01-07,Delayed,Weather,8,3,No,2026-01
ORD1265,2026-05-26,City Electronics,Sofa,Furniture,Supplier A,WH-04,Lahore,Faisalabad,,Truck,Pakistan Railways,59,88349,,2026-05-30,2026-05-30,On Time,None,4,0,Yes,2026-05
ORD1266,2026-04-13,City Electronics,Shoes,Clothing,Supplier C,WH-02,Rawalpindi,Lahore,,Van,Leopards,18,16940,,2026-04-16,2026-04-16,On Time,None,3,0,Yes,2026-04
ORD1267,2026-04-23,Star Enterprises,Chair,Furniture,Supplier C,WH-03,Lahore,Faisalabad,,Rail,TCS,35,35561,,2026-04-30,2026-04-30,On Time,None,7,0,Yes,2026-04
ORD1268,2026-07-26,Ali Traders,Mobile,Electronics,Supplier B,WH-03,Karachi,Islamabad,,Van,Pakistan Railways,79,88605,,2026-08-01,2026-08-01,On Time,None,6,0,Yes,2026-07
ORD1269,2026-09-28,Ali Traders,Chair,Furniture,Supplier C,WH-04,Peshawar,Islamabad,,Rail,TCS,62,54384,,2026-10-04,2026-10-01,Delayed,Warehouse Issue,6,3,No,2026-09
ORD1270,2026-05-09,City Electronics,Bookshelf,Furniture,Supplier D,WH-03,Karachi,Lahore,,Courier,Leopards,80,142607,,2026-05-12,2026-05-12,On Time,None,3,0,Yes,2026-05
ORD1271,2026-07-02,Global Traders,Cabinet,Furniture,Supplier C,WH-04,Islamabad,Peshawar,,Courier,Pakistan Railways,3,8050,,2026-07-06,2026-07-04,Delayed,Weather,4,2,No,2026-07
ORD1272,2026-07-30,Ali Traders,Sofa,Furniture,Supplier D,WH-01,Karachi,Lahore,,Courier,DHL,29,55245,,2026-08-01,2026-08-02,On Time,None,2,-1,Yes,2026-07
ORD1273,2026-01-19,City Electronics,Mouse,Electronics,Supplier A,WH-03,Karachi,Faisalabad,,Courier,DHL,12,21391,,2026-01-21,2026-01-22,On Time,None,2,-1,Yes,2026-01
ORD1274,2026-05-09,New City Store,Chair,Furniture,Supplier D,WH-03,Lahore,Faisalabad,,Van,TCS,63,72993,,2026-05-12,2026-05-12,On Time,None,3,0,Yes,2026-05
ORD1275,2026-02-21,ABC Store,Cabinet,Furniture,Supplier C,WH-01,Multan,Karachi,,Rail,M&P,97,88005,,2026-02-26,2026-02-27,On Time,None,5,-1,Yes,2026-02
ORD1276,2026-02-19,New City Store,Printer,Electronics,Supplier B,WH-02,Lahore,Multan,,Van,TCS,94,101869,,2026-02-21,2026-02-22,On Time,None,2,-1,Yes,2026-02
ORD1277,2026-03-09,City Electronics,Shirt,Clothing,Supplier D,WH-02,Peshawar,Islamabad,,Van,TCS,16,20545,,2026-03-16,2026-03-16,On Time,None,7,0,Yes,2026-03
ORD1278,2026-12-18,Super Store,Bookshelf,Furniture,Supplier A,WH-02,Rawalpindi,Lahore,,Courier,TCS,22,39668,,2026-12-20,2026-12-20,On Time,None,2,0,Yes,2026-12
ORD1279,2026-02-25,ABC Store,Table,Furniture,Supplier A,WH-02,Multan,Karachi,,Truck,Leopards,30,47731,,2026-02-28,2026-02-28,On Time,None,3,0,Yes,2026-02
ORD1280,2026-08-20,XYZ Ltd,Sofa,Furniture,Supplier D,WH-02,Peshawar,Islamabad,,Courier,M&P,41,72931,,2026-08-25,2026-08-26,On Time,None,5,-1,Yes,2026-08
ORD1281,2026-04-11,Super Store,Cooking Oil,Grocery,Supplier E,WH-04,Karachi,Lahore,,Truck,DHL,7,9382,,2026-04-17,2026-04-18,On Time,None,6,-1,Yes,2026-04
ORD1282,2026-10-14,Global Traders,Uniform,Clothing,Supplier E,WH-02,Lahore,Islamabad,,Van,Pakistan Railways,30,36544,,2026-10-16,2026-10-17,On Time,None,2,-1,Yes,2026-10
ORD1283,2026-09-18,New City Store,Monitor,Electronics,Supplier E,WH-01,Faisalabad,Lahore,,Truck,M&P,34,50720,,2026-09-26,2026-09-24,Delayed,Traffic,8,2,No,2026-09
ORD1284,2026-08-07,Global Traders,Table,Furniture,Supplier B,WH-01,Lahore,Faisalabad,,Van,Pakistan Railways,57,60285,,2026-08-11,2026-08-12,On Time,None,4,-1,Yes,2026-08
ORD1285,2026-06-14,Global Traders,Bookshelf,Furniture,Supplier C,WH-03,Lahore,Islamabad,,Truck,TCS,100,147223,,2026-06-20,2026-06-21,On Time,None,6,-1,Yes,2026-06
ORD1286,2026-02-12,Pak Furniture,Office Chair,Furniture,Supplier E,WH-01,Karachi,Lahore,,Van,Leopards,13,14896,,2026-02-17,2026-02-18,On Time,None,5,-1,Yes,2026-02
ORD1287,2026-11-19,New City Store,Tablet,Electronics,Supplier C,WH-03,Multan,Karachi,,Truck,Pakistan Railways,83,123874,,2026-11-22,2026-11-23,On Time,None,3,-1,Yes,2026-11
ORD1288,2026-10-07,XYZ Ltd,Jacket,Clothing,Supplier D,WH-01,Lahore,Multan,,Van,M&P,65,73592,,2026-10-09,2026-10-09,On Time,None,2,0,Yes,2026-10
ORD1289,2026-01-21,Star Enterprises,Shoes,Clothing,Supplier A,WH-01,Peshawar,Islamabad,,Truck,TCS,85,126640,,2026-01-24,2026-01-24,On Time,None,3,0,Yes,2026-01
ORD1290,2026-02-15,Pak Furniture,Tea,Grocery,Supplier B,WH-04,Multan,Karachi,,Truck,DHL,53,77722,,2026-02-19,2026-02-19,On Time,None,4,0,Yes,2026-02
ORD1291,2026-07-09,Ali Traders,Flour,Grocery,Supplier B,WH-04,Gujranwala,Lahore,,Truck,Pakistan Railways,92,135322,,2026-07-16,2026-07-16,On Time,None,7,0,Yes,2026-07
ORD1292,2026-04-17,Metro Mart,T-Shirt,Clothing,Supplier E,WH-04,Peshawar,Islamabad,,Rail,TCS,99,91215,,2026-04-23,2026-04-24,On Time,None,6,-1,Yes,2026-04
ORD1293,2026-03-06,ABC Store,Printer,Electronics,Supplier A,WH-01,Multan,Karachi,,Rail,Pakistan Railways,16,18692,,2026-03-11,2026-03-12,On Time,None,5,-1,Yes,2026-03
ORD1294,2026-05-14,City Electronics,Cabinet,Furniture,Supplier D,WH-04,Islamabad,Peshawar,,Van,Leopards,92,104457,,2026-05-16,2026-05-17,On Time,None,2,-1,Yes,2026-05
ORD1295,2026-07-24,City Electronics,Table,Furniture,Supplier A,WH-02,Gujranwala,Lahore,,Courier,Pakistan Railways,87,156017,,2026-08-05,2026-07-31,Delayed,Vehicle Breakdown,12,5,No,2026-07
ORD1296,2026-07-28,City Electronics,Chair,Furniture,Supplier B,WH-04,Gujranwala,Lahore,,Van,M&P,93,105241,,2026-08-02,2026-08-03,On Time,None,5,-1,Yes,2026-07
ORD1297,2026-06-08,City Electronics,Router,Electronics,Supplier A,WH-04,Karachi,Islamabad,,Courier,DHL,46,87550,,2026-06-11,2026-06-12,On Time,None,3,-1,Yes,2026-06
ORD1298,2026-04-06,Super Store,Bookshelf,Furniture,Supplier C,WH-03,Lahore,Faisalabad,,Van,M&P,25,32357,,2026-04-14,2026-04-13,Delayed,Warehouse Issue,8,1,No,2026-04
ORD1299,2026-07-13,City Electronics,Jacket,Clothing,Supplier C,WH-01,Islamabad,Peshawar,,Truck,M&P,31,48055,,2026-07-19,2026-07-20,On Time,None,6,-1,Yes,2026-07
ORD1300,2026-05-22,Pak Furniture,Sofa,Furniture,Supplier E,WH-01,Karachi,Faisalabad,,Rail,TCS,38,36826,,2026-06-01,2026-05-29,Delayed,Weather,10,3,No,2026-05
ORD1301,2026-04-15,Metro Mart,Office Chair,Furniture,Supplier C,WH-02,Lahore,Faisalabad,,Rail,Pakistan Railways,41,41137,,2026-04-24,2026-04-22,Delayed,Weather,9,2,No,2026-04
ORD1302,2026-02-22,ABC Store,Router,Electronics,Supplier E,WH-04,Gujranwala,Lahore,,Truck,Pakistan Railways,7,12468,,2026-02-24,2026-02-25,On Time,None,2,-1,Yes,2026-02
ORD1303,2026-11-20,Metro Mart,Trousers,Clothing,Supplier B,WH-04,Karachi,Faisalabad,,Rail,DHL,6,9628,,2026-11-24,2026-11-25,On Time,None,4,-1,Yes,2026-11
ORD1304,2026-02-12,New City Store,Jacket,Clothing,Supplier D,WH-01,Rawalpindi,Lahore,,Courier,Pakistan Railways,93,171478,,2026-02-17,2026-02-18,On Time,None,5,-1,Yes,2026-02
ORD1305,2026-04-05,Metro Mart,Laptop,Electronics,Supplier E,WH-01,Faisalabad,Lahore,,Courier,TCS,71,125847,,2026-04-10,2026-04-11,On Time,None,5,-1,Yes,2026-04
ORD1306,2026-05-06,Super Store,Cooking Oil,Grocery,Supplier D,WH-03,Gujranwala,Lahore,,Rail,Pakistan Railways,16,19267,,2026-05-12,2026-05-13,On Time,None,6,-1,Yes,2026-05
ORD1307,2026-11-14,Metro Mart,Jacket,Clothing,Supplier E,WH-03,Lahore,Multan,,Truck,TCS,40,61945,,2026-11-16,2026-11-16,On Time,None,2,0,Yes,2026-11
ORD1308,2026-02-25,Star Enterprises,Sugar,Grocery,Supplier B,WH-04,Lahore,Faisalabad,,Courier,M&P,4,9005,,2026-02-28,2026-02-28,On Time,None,3,0,Yes,2026-02
ORD1309,2026-04-10,XYZ Ltd,Table,Furniture,Supplier E,WH-02,Karachi,Lahore,,Van,Leopards,36,39345,,2026-04-13,2026-04-14,On Time,None,3,-1,Yes,2026-04
ORD1310,2026-05-11,Ali Traders,Sugar,Grocery,Supplier E,WH-04,Gujranwala,Lahore,,Truck,M&P,81,118674,,2026-05-15,2026-05-15,On Time,None,4,0,Yes,2026-05
ORD1311,2026-08-08,Super Store,Mobile,Electronics,Supplier A,WH-02,Multan,Karachi,,Truck,TCS,25,41666,,2026-08-09,2026-08-10,On Time,None,1,-1,Yes,2026-08
ORD1312,2026-07-04,Super Store,T-Shirt,Clothing,Supplier A,WH-01,Multan,Karachi,,Van,Leopards,10,10624,,2026-07-10,2026-07-11,On Time,None,6,-1,Yes,2026-07
ORD1313,2026-04-22,City Electronics,Flour,Grocery,Supplier A,WH-04,Lahore,Faisalabad,,Van,Leopards,74,79291,,2026-04-27,2026-04-27,On Time,None,5,0,Yes,2026-04
ORD1314,2026-08-06,Star Enterprises,Cabinet,Furniture,Supplier B,WH-03,Karachi,Islamabad,,Truck,TCS,31,45990,,2026-08-17,2026-08-12,Delayed,Warehouse Issue,11,5,No,2026-08
ORD1315,2026-04-10,Pak Furniture,Sugar,Grocery,Supplier D,WH-02,Multan,Karachi,,Truck,DHL,30,47284,,2026-04-13,2026-04-14,On Time,None,3,-1,Yes,2026-04
ORD1316,2026-01-28,ABC Store,Cooking Oil,Grocery,Supplier A,WH-01,Lahore,Faisalabad,,Rail,Pakistan Railways,75,70296,,2026-01-30,2026-01-30,On Time,None,2,0,Yes,2026-01
ORD1317,2026-10-21,XYZ Ltd,Router,Electronics,Supplier C,WH-02,Multan,Karachi,,Courier,Pakistan Railways,74,136819,,2026-10-26,2026-10-26,On Time,None,5,0,Yes,2026-10
ORD1318,2026-10-10,New City Store,Shirt,Clothing,Supplier E,WH-03,Lahore,Multan,,Rail,Pakistan Railways,50,47216,,2026-10-16,2026-10-16,On Time,None,6,0,Yes,2026-10
ORD1319,2026-10-17,ABC Store,Rice,Grocery,Supplier E,WH-03,Peshawar,Islamabad,,Van,DHL,25,25387,,2026-10-19,2026-10-20,On Time,None,2,-1,Yes,2026-10
ORD1320,2026-05-31,XYZ Ltd,Shoes,Clothing,Supplier E,WH-01,Multan,Karachi,,Truck,Pakistan Railways,61,89769,,2026-06-05,2026-06-05,On Time,None,5,0,Yes,2026-05
ORD1321,2026-08-02,Ali Traders,Trousers,Clothing,Supplier B,WH-03,Lahore,Faisalabad,,Van,Pakistan Railways,78,84605,,2026-08-06,2026-08-06,On Time,None,4,0,Yes,2026-08
ORD1322,2026-11-29,Metro Mart,Bookshelf,Furniture,Supplier E,WH-01,Karachi,Islamabad,,Truck,M&P,53,83768,,2026-12-08,2026-12-06,Delayed,Supplier Delay,9,2,No,2026-11
ORD1323,2026-11-09,Super Store,Rice,Grocery,Supplier E,WH-02,Multan,Karachi,,Rail,Pakistan Railways,87,76501,,2026-11-13,2026-11-14,On Time,None,4,-1,Yes,2026-11
ORD1324,2026-10-09,Super Store,Jacket,Clothing,Supplier D,WH-01,Islamabad,Peshawar,,Truck,Pakistan Railways,62,96625,,2026-10-16,2026-10-14,Delayed,Weather,7,2,No,2026-10
ORD1325,2026-09-28,Pak Furniture,Rice,Grocery,Supplier C,WH-02,Karachi,Islamabad,,Courier,Pakistan Railways,20,34971,,2026-10-04,2026-10-04,On Time,None,6,0,Yes,2026-09
ORD1326,2026-09-18,City Electronics,Laptop,Electronics,Supplier B,WH-04,Islamabad,Peshawar,,Truck,TCS,86,132981,,2026-09-24,2026-09-24,On Time,None,6,0,Yes,2026-09
ORD1327,2026-07-19,ABC Store,Mobile,Electronics,Supplier D,WH-02,Karachi,Lahore,,Truck,DHL,79,118243,,2026-07-22,2026-07-21,Delayed,Warehouse Issue,3,1,No,2026-07
ORD1328,2026-09-28,Ali Traders,Rice,Grocery,Supplier C,WH-01,Gujranwala,Lahore,,Rail,TCS,59,53440,,2026-09-30,2026-10-01,On Time,None,2,-1,Yes,2026-09
ORD1329,2026-10-26,Global Traders,Uniform,Clothing,Supplier B,WH-01,Gujranwala,Lahore,,Rail,DHL,82,73092,,2026-11-03,2026-10-30,Delayed,Warehouse Issue,8,4,No,2026-10
ORD1330,2026-08-15,New City Store,Cooking Oil,Grocery,Supplier B,WH-01,Gujranwala,Lahore,,Courier,DHL,93,167703,,2026-08-19,2026-08-20,On Time,None,4,-1,Yes,2026-08
ORD1331,2026-06-26,Ali Traders,Router,Electronics,Supplier D,WH-04,Lahore,Islamabad,,Van,Pakistan Railways,90,103638,,2026-07-05,2026-07-02,Delayed,Traffic,9,3,No,2026-06
ORD1332,2026-07-23,Star Enterprises,Rice,Grocery,Supplier B,WH-02,Islamabad,Peshawar,,Courier,DHL,12,26277,,2026-07-26,2026-07-26,On Time,None,3,0,Yes,2026-07
ORD1333,2026-07-03,XYZ Ltd,Desk,Furniture,Supplier D,WH-01,Rawalpindi,Lahore,,Truck,Leopards,2,1678,,2026-07-05,2026-07-06,On Time,None,2,-1,Yes,2026-07
ORD1334,2026-11-05,XYZ Ltd,Mouse,Electronics,Supplier A,WH-02,Multan,Karachi,,Van,Pakistan Railways,86,94203,,2026-11-08,2026-11-08,On Time,None,3,0,Yes,2026-11
ORD1335,2026-07-12,ABC Store,Table,Furniture,Supplier D,WH-01,Karachi,Faisalabad,,Rail,M&P,34,32454,,2026-07-13,2026-07-14,On Time,None,1,-1,Yes,2026-07
ORD1336,2026-10-24,Pak Furniture,Tablet,Electronics,Supplier D,WH-03,Lahore,Faisalabad,,Truck,TCS,56,83256,,2026-10-27,2026-10-28,On Time,None,3,-1,Yes,2026-10
ORD1337,2026-08-20,Metro Mart,Rice,Grocery,Supplier D,WH-04,Lahore,Faisalabad,,Truck,DHL,60,93069,,2026-08-24,2026-08-25,On Time,None,4,-1,Yes,2026-08
ORD1338,2026-04-06,ABC Store,Tablet,Electronics,Supplier A,WH-04,Peshawar,Islamabad,,Van,TCS,81,87684,,2026-04-10,2026-04-10,On Time,None,4,0,Yes,2026-04
ORD1339,2026-03-29,New City Store,Milk Powder,Grocery,Supplier D,WH-04,Islamabad,Peshawar,,Courier,DHL,70,124990,,2026-03-30,2026-03-31,On Time,None,1,-1,Yes,2026-03
ORD1340,2026-10-06,Pak Furniture,Shirt,Clothing,Supplier C,WH-02,Peshawar,Islamabad,,Courier,TCS,64,118635,,2026-10-13,2026-10-13,On Time,None,7,0,Yes,2026-10
ORD1341,2026-07-26,ABC Store,Shoes,Clothing,Supplier A,WH-04,Rawalpindi,Lahore,,Van,Leopards,67,77088,,2026-07-28,2026-07-29,On Time,None,2,-1,Yes,2026-07
ORD1342,2026-07-06,Ali Traders,T-Shirt,Clothing,Supplier B,WH-01,Karachi,Faisalabad,,Van,DHL,29,34054,,2026-07-09,2026-07-10,On Time,None,3,-1,Yes,2026-07
ORD1343,2026-02-14,Super Store,Rice,Grocery,Supplier C,WH-04,Karachi,Lahore,,Rail,Leopards,73,63931,,2026-02-23,2026-02-21,Delayed,Traffic,9,2,No,2026-02
ORD1344,2026-10-20,XYZ Ltd,Tea,Grocery,Supplier D,WH-04,Peshawar,Islamabad,,Truck,Pakistan Railways,76,115376,,2026-10-27,2026-10-27,On Time,None,7,0,Yes,2026-10
ORD1345,2026-11-16,New City Store,Tea,Grocery,Supplier A,WH-02,Lahore,Multan,,Truck,M&P,5,12293,,2026-11-21,2026-11-22,On Time,None,5,-1,Yes,2026-11
ORD1346,2026-12-06,Star Enterprises,Uniform,Clothing,Supplier E,WH-03,Lahore,Faisalabad,,Rail,DHL,39,39329,,2026-12-11,2026-12-12,On Time,None,5,-1,Yes,2026-12
ORD1347,2026-11-28,ABC Store,Flour,Grocery,Supplier D,WH-04,Lahore,Islamabad,,Courier,TCS,46,87366,,2026-12-01,2026-12-01,On Time,None,3,0,Yes,2026-11
ORD1348,2026-08-18,Super Store,Trousers,Clothing,Supplier E,WH-02,Lahore,Islamabad,,Courier,M&P,49,91591,,2026-08-19,2026-08-20,On Time,None,1,-1,Yes,2026-08
ORD1349,2026-11-18,Global Traders,T-Shirt,Clothing,Supplier E,WH-04,Multan,Karachi,,Van,Pakistan Railways,74,85898,,2026-11-22,2026-11-23,On Time,None,4,-1,Yes,2026-11
ORD1350,2026-03-08,Pak Furniture,Sofa,Furniture,Supplier A,WH-03,Karachi,Faisalabad,,Truck,Leopards,83,123025,,2026-03-14,2026-03-15,On Time,None,6,-1,Yes,2026-03
ORD1351,2026-07-08,Ali Traders,Rice,Grocery,Supplier C,WH-04,Multan,Karachi,,Rail,Leopards,73,63013,,2026-07-09,2026-07-10,On Time,None,1,-1,Yes,2026-07
ORD1352,2026-05-24,Star Enterprises,Office Chair,Furniture,Supplier C,WH-03,Karachi,Islamabad,,Rail,DHL,68,61420,,2026-05-28,2026-05-29,On Time,None,4,-1,Yes,2026-05
ORD1353,2026-03-13,Pak Furniture,Sugar,Grocery,Supplier B,WH-02,Karachi,Faisalabad,,Rail,Leopards,29,30196,,2026-03-15,2026-03-16,On Time,None,2,-1,Yes,2026-03
ORD1354,2026-06-24,Super Store,Desk,Furniture,Supplier A,WH-03,Lahore,Multan,,Rail,Leopards,23,25187,,2026-06-27,2026-06-28,On Time,None,3,-1,Yes,2026-06
ORD1355,2026-07-26,New City Store,Office Chair,Furniture,Supplier B,WH-03,Lahore,Faisalabad,,Rail,TCS,29,30148,,2026-08-05,2026-08-01,Delayed,Vehicle Breakdown,10,4,No,2026-07
ORD1356,2026-07-07,Ali Traders,T-Shirt,Clothing,Supplier C,WH-04,Lahore,Faisalabad,,Rail,TCS,79,70725,,2026-07-12,2026-07-12,On Time,None,5,0,Yes,2026-07
ORD1357,2026-05-14,Metro Mart,Monitor,Electronics,Supplier C,WH-01,Karachi,Faisalabad,,Truck,TCS,62,94907,,2026-05-21,2026-05-19,Delayed,Supplier Delay,7,2,No,2026-05
ORD1358,2026-12-27,Pak Furniture,Desk,Furniture,Supplier A,WH-01,Faisalabad,Lahore,,Van,Leopards,40,41722,,2026-12-30,2026-12-31,On Time,None,3,-1,Yes,2026-12
ORD1359,2026-06-17,Pak Furniture,Chair,Furniture,Supplier B,WH-02,Faisalabad,Lahore,,Van,Leopards,61,70062,,2026-06-27,2026-06-23,Delayed,Warehouse Issue,10,4,No,2026-06
ORD1360,2026-06-12,Ali Traders,Printer,Electronics,Supplier B,WH-01,Karachi,Islamabad,,Truck,TCS,100,149898,,2026-06-14,2026-06-15,On Time,None,2,-1,Yes,2026-06
ORD1361,2026-12-23,New City Store,T-Shirt,Clothing,Supplier A,WH-02,Rawalpindi,Lahore,,Truck,M&P,47,68563,,2026-12-26,2026-12-26,On Time,None,3,0,Yes,2026-12
ORD1362,2026-07-25,XYZ Ltd,Desk,Furniture,Supplier E,WH-04,Multan,Karachi,,Truck,M&P,99,150280,,2026-07-31,2026-07-31,On Time,None,6,0,Yes,2026-07
ORD1363,2026-10-03,Global Traders,Flour,Grocery,Supplier B,WH-02,Rawalpindi,Lahore,,Rail,Pakistan Railways,44,42668,,2026-10-10,2026-10-10,On Time,None,7,0,Yes,2026-10
ORD1364,2026-10-29,Super Store,Flour,Grocery,Supplier E,WH-03,Lahore,Multan,,Van,M&P,79,91358,,2026-10-31,2026-10-31,On Time,None,2,0,Yes,2026-10
ORD1365,2026-06-20,Ali Traders,Office Chair,Furniture,Supplier A,WH-01,Lahore,Islamabad,,Van,M&P,48,55036,,2026-06-22,2026-06-23,On Time,None,2,-1,Yes,2026-06
ORD1366,2026-02-07,Metro Mart,Bookshelf,Furniture,Supplier A,WH-03,Faisalabad,Lahore,,Truck,DHL,1,1500,,2026-02-10,2026-02-11,On Time,None,3,-1,Yes,2026-02
ORD1367,2026-11-21,Super Store,Bookshelf,Furniture,Supplier A,WH-03,Karachi,Islamabad,,Rail,Pakistan Railways,68,63253,,2026-11-26,2026-11-26,On Time,None,5,0,Yes,2026-11
ORD1368,2026-03-15,Global Traders,Sofa,Furniture,Supplier D,WH-04,Gujranwala,Lahore,,Rail,Leopards,20,21118,,2026-03-22,2026-03-17,Delayed,Weather,7,5,No,2026-03
ORD1369,2026-07-08,City Electronics,Chair,Furniture,Supplier E,WH-02,Lahore,Multan,,Truck,DHL,25,41351,,2026-07-15,2026-07-10,Delayed,Weather,7,5,No,2026-07
ORD1370,2026-11-27,Ali Traders,Tea,Grocery,Supplier A,WH-01,Multan,Karachi,,Truck,TCS,67,99504,,2026-12-01,2026-12-02,On Time,None,4,-1,Yes,2026-11
ORD1371,2026-04-15,Star Enterprises,Jacket,Clothing,Supplier A,WH-02,Rawalpindi,Lahore,,Courier,Pakistan Railways,91,161513,,2026-04-21,2026-04-22,On Time,None,6,-1,Yes,2026-04
ORD1372,2026-06-29,Global Traders,Jacket,Clothing,Supplier C,WH-03,Lahore,Faisalabad,,Rail,Leopards,18,16304,,2026-07-01,2026-07-02,On Time,None,2,-1,Yes,2026-06
ORD1373,2026-06-16,XYZ Ltd,Router,Electronics,Supplier D,WH-02,Gujranwala,Lahore,,Truck,Leopards,7,12000,,2026-06-18,2026-06-19,On Time,None,2,-1,Yes,2026-06
ORD1374,2026-11-27,Global Traders,Chair,Furniture,Supplier D,WH-02,Islamabad,Peshawar,,Courier,DHL,73,133769,,2026-12-02,2026-12-03,On Time,None,5,-1,Yes,2026-11
ORD1375,2026-06-16,XYZ Ltd,Table,Furniture,Supplier E,WH-02,Gujranwala,Lahore,,Courier,DHL,13,26403,,2026-06-20,2026-06-21,On Time,None,4,-1,Yes,2026-06
ORD1376,2026-11-24,City Electronics,Cabinet,Furniture,Supplier E,WH-02,Islamabad,Peshawar,,Van,M&P,84,92379,,2026-11-30,2026-12-01,On Time,None,6,-1,Yes,2026-11
ORD1377,2026-06-13,Star Enterprises,Flour,Grocery,Supplier D,WH-01,Rawalpindi,Lahore,,Courier,Leopards,29,50523,,2026-06-17,2026-06-18,On Time,None,4,-1,Yes,2026-06
ORD1378,2026-10-20,Pak Furniture,Flour,Grocery,Supplier E,WH-04,Peshawar,Islamabad,,Truck,DHL,58,88944,,2026-10-25,2026-10-26,On Time,None,5,-1,Yes,2026-10
ORD1379,2026-10-20,XYZ Ltd,Shirt,Clothing,Supplier B,WH-01,Faisalabad,Lahore,,Van,Pakistan Railways,60,69223,,2026-10-25,2026-10-26,On Time,None,5,-1,Yes,2026-10
ORD1380,2026-04-20,Global Traders,Sugar,Grocery,Supplier E,WH-02,Lahore,Multan,,Van,TCS,87,98866,,2026-04-25,2026-04-22,Delayed,Warehouse Issue,5,3,No,2026-04
ORD1381,2026-01-28,Star Enterprises,Table,Furniture,Supplier A,WH-01,Karachi,Islamabad,,Courier,Pakistan Railways,88,162648,,2026-02-02,2026-02-02,On Time,None,5,0,Yes,2026-01
ORD1382,2026-06-28,Metro Mart,Milk Powder,Grocery,Supplier E,WH-03,Lahore,Multan,,Van,Pakistan Railways,51,60671,,2026-06-29,2026-06-30,On Time,None,1,-1,Yes,2026-06
ORD1383,2026-04-14,Ali Traders,Flour,Grocery,Supplier B,WH-04,Karachi,Faisalabad,,Truck,Pakistan Railways,74,110627,,2026-04-16,2026-04-16,On Time,None,2,0,Yes,2026-04
ORD1384,2026-03-25,Metro Mart,Laptop,Electronics,Supplier B,WH-02,Gujranwala,Lahore,,Rail,TCS,12,10280,,2026-03-27,2026-03-28,On Time,None,2,-1,Yes,2026-03
ORD1385,2026-01-30,New City Store,Chair,Furniture,Supplier E,WH-04,Rawalpindi,Lahore,,Truck,DHL,88,133861,,2026-02-05,2026-02-04,Delayed,Weather,6,1,No,2026-01
ORD1386,2026-07-23,Ali Traders,Bookshelf,Furniture,Supplier B,WH-01,Islamabad,Peshawar,,Van,TCS,88,101369,,2026-07-30,2026-07-30,On Time,None,7,0,Yes,2026-07
ORD1387,2026-08-27,XYZ Ltd,Mobile,Electronics,Supplier E,WH-01,Karachi,Lahore,,Truck,Leopards,52,75856,,2026-08-29,2026-08-30,On Time,None,2,-1,Yes,2026-08
ORD1388,2026-03-03,New City Store,Router,Electronics,Supplier B,WH-03,Karachi,Faisalabad,,Courier,DHL,26,51381,,2026-03-08,2026-03-09,On Time,None,5,-1,Yes,2026-03
ORD1389,2026-01-19,City Electronics,Sofa,Furniture,Supplier D,WH-03,Islamabad,Peshawar,,Truck,DHL,59,90829,,2026-01-25,2026-01-26,On Time,None,6,-1,Yes,2026-01
ORD1390,2026-03-18,City Electronics,Chair,Furniture,Supplier A,WH-03,Lahore,Islamabad,,Courier,Pakistan Railways,18,36952,,2026-03-22,2026-03-22,On Time,None,4,0,Yes,2026-03
ORD1391,2026-03-10,XYZ Ltd,Cooking Oil,Grocery,Supplier B,WH-01,Peshawar,Islamabad,,Van,M&P,45,52411,,2026-03-14,2026-03-15,On Time,None,4,-1,Yes,2026-03
ORD1392,2026-12-02,Ali Traders,Bookshelf,Furniture,Supplier E,WH-03,Lahore,Multan,,Courier,TCS,100,177796,,2026-12-04,2026-12-05,On Time,None,2,-1,Yes,2026-12
ORD1393,2026-03-14,City Electronics,Sofa,Furniture,Supplier C,WH-03,Lahore,Faisalabad,,Rail,Leopards,40,39246,,2026-03-16,2026-03-17,On Time,None,2,-1,Yes,2026-03
ORD1394,2026-05-13,ABC Store,Chair,Furniture,Supplier B,WH-04,Lahore,Islamabad,,Courier,TCS,47,86631,,2026-05-16,2026-05-16,On Time,None,3,0,Yes,2026-05
ORD1395,2026-05-23,Ali Traders,Cabinet,Furniture,Supplier E,WH-01,Rawalpindi,Lahore,,Truck,Leopards,55,86561,,2026-05-31,2026-05-29,Delayed,Weather,8,2,No,2026-05
ORD1396,2026-03-06,City Electronics,Keyboard,Electronics,Supplier C,WH-03,Lahore,Multan,,Truck,DHL,90,137819,,2026-03-11,2026-03-10,Delayed,Traffic,5,1,No,2026-03
ORD1397,2026-01-09,New City Store,Cooking Oil,Grocery,Supplier D,WH-04,Faisalabad,Lahore,,Courier,M&P,80,141531,,2026-01-13,2026-01-13,On Time,None,4,0,Yes,2026-01
ORD1398,2026-07-10,City Electronics,Trousers,Clothing,Supplier B,WH-03,Rawalpindi,Lahore,,Truck,DHL,33,50282,,2026-07-16,2026-07-15,Delayed,Supplier Delay,6,1,No,2026-07
ORD1399,2026-01-31,ABC Store,Laptop,Electronics,Supplier B,WH-01,Gujranwala,Lahore,,Courier,Pakistan Railways,30,51822,,2026-02-04,2026-02-05,On Time,None,4,-1,Yes,2026-01
ORD1400,2026-09-08,XYZ Ltd,T-Shirt,Clothing,Supplier A,WH-01,Lahore,Faisalabad,,Truck,M&P,58,84879,,2026-09-10,2026-09-11,On Time,None,2,-1,Yes,2026-09
ORD1401,2026-06-25,Ali Traders,Shirt,Clothing,Supplier B,WH-01,Multan,Karachi,,Courier,TCS,32,55041,,2026-06-30,2026-06-30,On Time,None,5,0,Yes,2026-06
ORD1402,2026-02-10,Ali Traders,Flour,Grocery,Supplier E,WH-03,Rawalpindi,Lahore,,Rail,DHL,52,45233,,2026-02-11,2026-02-12,On Time,None,1,-1,Yes,2026-02
ORD1403,2026-01-09,New City Store,Trousers,Clothing,Supplier C,WH-03,Rawalpindi,Lahore,,Courier,Leopards,77,137678,,2026-01-15,2026-01-14,Delayed,Supplier Delay,6,1,No,2026-01
ORD1404,2026-01-03,Pak Furniture,Bookshelf,Furniture,Supplier B,WH-04,Lahore,Multan,,Courier,M&P,56,105087,,2026-01-07,2026-01-08,On Time,None,4,-1,Yes,2026-01
ORD1405,2026-02-10,Pak Furniture,Monitor,Electronics,Supplier B,WH-04,Lahore,Islamabad,,Truck,TCS,35,52801,,2026-02-15,2026-02-15,On Time,None,5,0,Yes,2026-02
ORD1406,2026-06-19,New City Store,Mobile,Electronics,Supplier A,WH-01,Rawalpindi,Lahore,,Courier,Leopards,16,33286,,2026-06-26,2026-06-23,Delayed,Supplier Delay,7,3,No,2026-06
ORD1407,2026-05-01,Star Enterprises,Printer,Electronics,Supplier E,WH-01,Faisalabad,Lahore,,Van,TCS,41,48526,,2026-05-09,2026-05-04,Delayed,Supplier Delay,8,5,No,2026-05
ORD1408,2026-09-14,Ali Traders,Milk Powder,Grocery,Supplier E,WH-04,Multan,Karachi,,Courier,DHL,83,146933,,2026-09-17,2026-09-17,On Time,None,3,0,Yes,2026-09
ORD1409,2026-12-17,ABC Store,Shoes,Clothing,Supplier E,WH-03,Karachi,Lahore,,Courier,Leopards,13,21616,,2026-12-19,2026-12-20,On Time,None,2,-1,Yes,2026-12
ORD1410,2026-09-06,Global Traders,Sugar,Grocery,Supplier B,WH-02,Faisalabad,Lahore,,Courier,DHL,27,51637,,2026-09-13,2026-09-13,On Time,None,7,0,Yes,2026-09
ORD1411,2026-10-26,New City Store,Router,Electronics,Supplier A,WH-01,Gujranwala,Lahore,,Rail,DHL,56,54347,,2026-11-04,2026-11-02,Delayed,Warehouse Issue,9,2,No,2026-10
ORD1412,2026-01-27,Star Enterprises,T-Shirt,Clothing,Supplier B,WH-01,Karachi,Lahore,,Courier,TCS,21,40212,,2026-02-03,2026-02-03,On Time,None,7,0,Yes,2026-01
ORD1413,2026-02-18,Star Enterprises,Monitor,Electronics,Supplier C,WH-04,Lahore,Multan,,Truck,TCS,57,90384,,2026-02-20,2026-02-20,On Time,None,2,0,Yes,2026-02
ORD1414,2026-12-05,Star Enterprises,Mobile,Electronics,Supplier E,WH-04,Karachi,Islamabad,,Rail,Pakistan Railways,18,14516,,2026-12-07,2026-12-07,On Time,None,2,0,Yes,2026-12
ORD1415,2026-09-25,Star Enterprises,Cabinet,Furniture,Supplier D,WH-03,Rawalpindi,Lahore,,Truck,Pakistan Railways,23,32005,,2026-09-26,2026-09-27,On Time,None,1,-1,Yes,2026-09
ORD1416,2026-08-03,Global Traders,Cooking Oil,Grocery,Supplier A,WH-02,Islamabad,Peshawar,,Courier,Pakistan Railways,11,19253,,2026-08-08,2026-08-09,On Time,None,5,-1,Yes,2026-08
ORD1417,2026-03-22,Star Enterprises,Uniform,Clothing,Supplier E,WH-03,Lahore,Multan,,Courier,Pakistan Railways,65,115232,,2026-03-27,2026-03-27,On Time,None,5,0,Yes,2026-03
ORD1418,2026-10-24,Global Traders,Printer,Electronics,Supplier A,WH-03,Islamabad,Peshawar,,Truck,M&P,12,21472,,2026-10-30,2026-10-30,On Time,None,6,0,Yes,2026-10
ORD1419,2026-08-07,Ali Traders,T-Shirt,Clothing,Supplier B,WH-02,Rawalpindi,Lahore,,Rail,Pakistan Railways,72,63636,,2026-08-11,2026-08-11,On Time,None,4,0,Yes,2026-08
ORD1420,2026-02-24,Global Traders,Trousers,Clothing,Supplier C,WH-01,Peshawar,Islamabad,,Courier,M&P,79,142282,,2026-03-01,2026-03-01,On Time,None,5,0,Yes,2026-02
ORD1421,2026-11-10,Super Store,Printer,Electronics,Supplier D,WH-03,Lahore,Multan,,Truck,Leopards,2,1500,,2026-11-16,2026-11-16,On Time,None,6,0,Yes,2026-11
ORD1422,2026-03-14,XYZ Ltd,Tea,Grocery,Supplier B,WH-04,Karachi,Islamabad,,Van,TCS,65,76427,,2026-03-19,2026-03-20,On Time,None,5,-1,Yes,2026-03
ORD1423,2026-05-17,Star Enterprises,T-Shirt,Clothing,Supplier E,WH-02,Peshawar,Islamabad,,Truck,Leopards,18,26117,,2026-05-22,2026-05-22,On Time,None,5,0,Yes,2026-05
ORD1424,2026-11-05,New City Store,Mouse,Electronics,Supplier A,WH-01,Karachi,Lahore,,Rail,TCS,28,28996,,2026-11-06,2026-11-07,On Time,None,1,-1,Yes,2026-11
ORD1425,2026-07-03,New City Store,Office Chair,Furniture,Supplier B,WH-04,Karachi,Lahore,,Van,DHL,61,69995,,2026-07-08,2026-07-08,On Time,None,5,0,Yes,2026-07
ORD1426,2026-04-06,Metro Mart,Printer,Electronics,Supplier C,WH-01,Multan,Karachi,,Rail,TCS,22,19751,,2026-04-10,2026-04-10,On Time,None,4,0,Yes,2026-04
ORD1427,2026-03-16,City Electronics,Mobile,Electronics,Supplier D,WH-03,Karachi,Faisalabad,,Truck,DHL,90,134368,,2026-03-25,2026-03-20,Delayed,Warehouse Issue,9,5,No,2026-03
ORD1428,2026-07-25,ABC Store,Uniform,Clothing,Supplier D,WH-01,Lahore,Faisalabad,,Van,M&P,77,86109,,2026-07-30,2026-07-31,On Time,None,5,-1,Yes,2026-07
ORD1429,2026-10-07,Star Enterprises,Mouse,Electronics,Supplier D,WH-02,Karachi,Lahore,,Rail,TCS,57,50518,,2026-10-11,2026-10-12,On Time,None,4,-1,Yes,2026-10
ORD1430,2026-04-26,Pak Furniture,Sofa,Furniture,Supplier D,WH-03,Lahore,Faisalabad,,Courier,Pakistan Railways,85,154410,,2026-05-01,2026-05-02,On Time,None,5,-1,Yes,2026-04
ORD1431,2026-12-24,New City Store,Uniform,Clothing,Supplier E,WH-04,Karachi,Islamabad,,Courier,Pakistan Railways,40,74641,,2026-12-26,2026-12-26,On Time,None,2,0,Yes,2026-12
ORD1432,2026-06-10,Ali Traders,Mobile,Electronics,Supplier E,WH-02,Gujranwala,Lahore,,Van,TCS,88,100198,,2026-06-14,2026-06-15,On Time,None,4,-1,Yes,2026-06
ORD1433,2026-12-23,Super Store,Keyboard,Electronics,Supplier A,WH-01,Rawalpindi,Lahore,,Truck,Leopards,88,134965,,2026-12-25,2026-12-25,On Time,None,2,0,Yes,2026-12
ORD1434,2026-04-17,Super Store,Sugar,Grocery,Supplier D,WH-02,Karachi,Lahore,,Rail,M&P,48,45111,,2026-04-18,2026-04-19,On Time,None,1,-1,Yes,2026-04
ORD1435,2026-01-26,Ali Traders,Sugar,Grocery,Supplier C,WH-03,Lahore,Multan,,Truck,M&P,49,73572,,2026-02-02,2026-02-02,On Time,None,7,0,Yes,2026-01
ORD1436,2026-08-09,Global Traders,Shirt,Clothing,Supplier C,WH-04,Karachi,Islamabad,,Van,TCS,40,43578,,2026-08-14,2026-08-14,On Time,None,5,0,Yes,2026-08
ORD1437,2026-08-15,Pak Furniture,Router,Electronics,Supplier C,WH-03,Islamabad,Peshawar,,Van,Pakistan Railways,78,83036,,2026-08-23,2026-08-20,Delayed,Vehicle Breakdown,8,3,No,2026-08
ORD1438,2026-07-27,Super Store,Office Chair,Furniture,Supplier B,WH-04,Faisalabad,Lahore,,Rail,TCS,14,12848,,2026-08-03,2026-08-03,On Time,None,7,0,Yes,2026-07
ORD1439,2026-04-28,Ali Traders,Mouse,Electronics,Supplier B,WH-02,Karachi,Lahore,,Van,DHL,38,40283,,2026-05-03,2026-05-03,On Time,None,5,0,Yes,2026-04
ORD1440,2026-12-22,Global Traders,Cooking Oil,Grocery,Supplier B,WH-03,Peshawar,Islamabad,,Truck,Leopards,4,3849,,2026-12-25,2026-12-24,Delayed,Traffic,3,1,No,2026-12
ORD1441,2026-07-10,Star Enterprises,Tea,Grocery,Supplier E,WH-04,Lahore,Islamabad,,Truck,Pakistan Railways,2,1500,,2026-07-15,2026-07-15,On Time,None,5,0,Yes,2026-07
ORD1442,2026-09-04,Global Traders,Table,Furniture,Supplier A,WH-02,Peshawar,Islamabad,,Rail,Leopards,2,6426,,2026-09-08,2026-09-08,On Time,None,4,0,Yes,2026-09
ORD1443,2026-05-15,XYZ Ltd,Shirt,Clothing,Supplier B,WH-01,Lahore,Multan,,Truck,DHL,68,101058,,2026-05-18,2026-05-18,On Time,None,3,0,Yes,2026-05
ORD1444,2026-06-25,Metro Mart,Jacket,Clothing,Supplier E,WH-04,Lahore,Faisalabad,,Truck,Leopards,71,106370,,2026-07-05,2026-07-02,Delayed,Supplier Delay,10,3,No,2026-06
ORD1445,2026-03-31,City Electronics,Chair,Furniture,Supplier E,WH-02,Lahore,Faisalabad,,Rail,M&P,47,45828,,2026-04-08,2026-04-04,Delayed,Vehicle Breakdown,8,4,No,2026-03
ORD1446,2026-06-06,Pak Furniture,Milk Powder,Grocery,Supplier D,WH-03,Gujranwala,Lahore,,Van,DHL,10,8912,,2026-06-08,2026-06-09,On Time,None,2,-1,Yes,2026-06
ORD1447,2026-08-18,City Electronics,Uniform,Clothing,Supplier E,WH-01,Rawalpindi,Lahore,,Courier,Leopards,98,175089,,2026-08-20,2026-08-21,On Time,None,2,-1,Yes,2026-08
ORD1448,2026-09-08,XYZ Ltd,Monitor,Electronics,Supplier E,WH-04,Karachi,Faisalabad,,Van,TCS,61,66996,,2026-09-20,2026-09-15,Delayed,Traffic,12,5,No,2026-09
ORD1449,2026-02-04,New City Store,Trousers,Clothing,Supplier A,WH-03,Faisalabad,Lahore,,Van,TCS,50,56987,,2026-02-06,2026-02-07,On Time,None,2,-1,Yes,2026-02
ORD1450,2026-05-17,New City Store,Desk,Furniture,Supplier B,WH-03,Lahore,Islamabad,,Truck,TCS,66,96566,,2026-05-24,2026-05-24,On Time,None,7,0,Yes,2026-05
ORD1451,2026-08-31,Star Enterprises,Tea,Grocery,Supplier A,WH-04,Faisalabad,Lahore,,Van,M&P,33,35383,,2026-09-07,2026-09-07,On Time,None,7,0,Yes,2026-08
ORD1452,2026-05-15,Super Store,Monitor,Electronics,Supplier E,WH-03,Gujranwala,Lahore,,Truck,Leopards,78,119075,,2026-05-17,2026-05-18,On Time,None,2,-1,Yes,2026-05
ORD1453,2026-01-08,Pak Furniture,Bookshelf,Furniture,Supplier E,WH-01,Lahore,Multan,,Courier,Pakistan Railways,66,121215,,2026-01-12,2026-01-12,On Time,None,4,0,Yes,2026-01
ORD1454,2026-11-15,New City Store,T-Shirt,Clothing,Supplier E,WH-02,Gujranwala,Lahore,,Truck,M&P,41,62442,,2026-11-21,2026-11-21,On Time,None,6,0,Yes,2026-11
ORD1455,2026-02-23,City Electronics,Uniform,Clothing,Supplier B,WH-03,Multan,Karachi,,Van,TCS,12,17260,,2026-03-02,2026-03-02,On Time,None,7,0,Yes,2026-02
ORD1456,2026-12-30,City Electronics,Desk,Furniture,Supplier B,WH-02,Lahore,Faisalabad,,Van,Pakistan Railways,58,62133,,2027-01-04,2027-01-05,On Time,None,5,-1,Yes,2026-12
ORD1457,2026-03-19,ABC Store,Shirt,Clothing,Supplier D,WH-02,Peshawar,Islamabad,,Van,DHL,67,77801,,2026-03-24,2026-03-25,On Time,None,5,-1,Yes,2026-03
ORD1458,2026-03-27,XYZ Ltd,Laptop,Electronics,Supplier A,WH-01,Lahore,Multan,,Van,DHL,1,1500,,2026-03-29,2026-03-29,On Time,None,2,0,Yes,2026-03
ORD1459,2026-08-25,Super Store,Shirt,Clothing,Supplier A,WH-01,Lahore,Faisalabad,,Courier,Leopards,16,25891,,2026-09-03,2026-08-31,Delayed,Weather,9,3,No,2026-08
ORD1460,2026-07-10,Super Store,Printer,Electronics,Supplier A,WH-02,Lahore,Faisalabad,,Rail,M&P,84,74598,,2026-07-16,2026-07-17,On Time,None,6,-1,Yes,2026-07
ORD1461,2026-09-05,City Electronics,T-Shirt,Clothing,Supplier B,WH-02,Faisalabad,Lahore,,Rail,Leopards,76,67991,,2026-09-11,2026-09-12,On Time,None,6,-1,Yes,2026-09
ORD1462,2026-01-02,Metro Mart,Router,Electronics,Supplier D,WH-02,Lahore,Islamabad,,Rail,M&P,43,43502,,2026-01-09,2026-01-09,On Time,None,7,0,Yes,2026-01
ORD1463,2026-02-08,Pak Furniture,Laptop,Electronics,Supplier D,WH-04,Karachi,Faisalabad,,Courier,Leopards,35,60753,,2026-02-14,2026-02-10,Delayed,Vehicle Breakdown,6,4,No,2026-02
ORD1464,2026-06-03,ABC Store,Monitor,Electronics,Supplier C,WH-01,Rawalpindi,Lahore,,Rail,TCS,52,48830,,2026-06-09,2026-06-09,On Time,None,6,0,Yes,2026-06
ORD1465,2026-01-22,Star Enterprises,Keyboard,Electronics,Supplier E,WH-02,Multan,Karachi,,Courier,Pakistan Railways,26,46210,,2026-02-02,2026-01-28,Delayed,Supplier Delay,11,5,No,2026-01
ORD1466,2026-10-17,New City Store,Trousers,Clothing,Supplier D,WH-04,Lahore,Islamabad,,Van,Pakistan Railways,56,63171,,2026-10-22,2026-10-23,On Time,None,5,-1,Yes,2026-10
ORD1467,2026-08-30,Star Enterprises,T-Shirt,Clothing,Supplier A,WH-03,Lahore,Islamabad,,Rail,Pakistan Railways,55,47979,,2026-09-02,2026-09-03,On Time,None,3,-1,Yes,2026-08
ORD1468,2026-10-19,Global Traders,Shirt,Clothing,Supplier E,WH-02,Lahore,Multan,,Truck,TCS,17,26035,,2026-10-26,2026-10-26,On Time,None,7,0,Yes,2026-10
ORD1469,2026-08-21,Star Enterprises,Sofa,Furniture,Supplier A,WH-03,Karachi,Lahore,,Truck,Pakistan Railways,48,76655,,2026-08-24,2026-08-24,On Time,None,3,0,Yes,2026-08
ORD1470,2026-07-04,Pak Furniture,Rice,Grocery,Supplier D,WH-04,Rawalpindi,Lahore,,Rail,TCS,86,80527,,2026-07-07,2026-07-07,On Time,None,3,0,Yes,2026-07
ORD1471,2026-11-05,XYZ Ltd,Mobile,Electronics,Supplier E,WH-02,Karachi,Islamabad,,Truck,Pakistan Railways,92,139851,,2026-11-10,2026-11-10,On Time,None,5,0,Yes,2026-11
ORD1472,2026-05-17,XYZ Ltd,Table,Furniture,Supplier E,WH-04,Faisalabad,Lahore,,Truck,Leopards,7,14145,,2026-05-24,2026-05-24,On Time,None,7,0,Yes,2026-05
ORD1473,2026-07-07,City Electronics,Chair,Furniture,Supplier E,WH-03,Karachi,Faisalabad,,Rail,M&P,63,60527,,2026-07-08,2026-07-09,On Time,None,1,-1,Yes,2026-07
ORD1474,2026-01-02,New City Store,Table,Furniture,Supplier C,WH-04,Lahore,Islamabad,,Truck,TCS,9,15678,,2026-01-07,2026-01-07,On Time,None,5,0,Yes,2026-01
ORD1475,2026-07-29,City Electronics,Router,Electronics,Supplier B,WH-02,Lahore,Multan,,Rail,Leopards,23,21821,,2026-08-01,2026-08-01,On Time,None,3,0,Yes,2026-07
ORD1476,2026-05-24,Ali Traders,Mobile,Electronics,Supplier D,WH-02,Lahore,Multan,,Rail,Leopards,31,25638,,2026-05-26,2026-05-27,On Time,None,2,-1,Yes,2026-05
ORD1477,2026-07-19,Star Enterprises,Rice,Grocery,Supplier D,WH-01,Lahore,Islamabad,,Rail,Pakistan Railways,83,77418,,2026-07-26,2026-07-21,Delayed,Vehicle Breakdown,7,5,No,2026-07
ORD1478,2026-01-01,New City Store,Office Chair,Furniture,Supplier D,WH-01,Karachi,Faisalabad,,Truck,M&P,24,36501,,2026-01-02,2026-01-03,On Time,None,1,-1,Yes,2026-01
ORD1479,2026-07-05,Metro Mart,Shirt,Clothing,Supplier E,WH-02,Islamabad,Peshawar,,Truck,TCS,60,87580,,2026-07-09,2026-07-10,On Time,None,4,-1,Yes,2026-07
ORD1480,2026-01-03,Global Traders,Milk Powder,Grocery,Supplier A,WH-03,Lahore,Faisalabad,,Rail,M&P,30,30641,,2026-01-15,2026-01-10,Delayed,Supplier Delay,12,5,No,2026-01
ORD1481,2026-08-28,Super Store,Office Chair,Furniture,Supplier D,WH-03,Lahore,Multan,,Rail,M&P,61,58174,,2026-08-29,2026-08-30,On Time,None,1,-1,Yes,2026-08
ORD1482,2026-11-16,Star Enterprises,Sofa,Furniture,Supplier B,WH-03,Lahore,Faisalabad,,Truck,DHL,99,151442,,2026-11-21,2026-11-18,Delayed,Traffic,5,3,No,2026-11
ORD1483,2026-03-20,Pak Furniture,Trousers,Clothing,Supplier B,WH-01,Rawalpindi,Lahore,,Rail,DHL,94,84548,,2026-03-24,2026-03-25,On Time,None,4,-1,Yes,2026-03
ORD1484,2026-06-22,XYZ Ltd,T-Shirt,Clothing,Supplier A,WH-04,Karachi,Islamabad,,Courier,TCS,96,173316,,2026-07-02,2026-06-27,Delayed,Weather,10,5,No,2026-06
ORD1485,2026-05-09,City Electronics,Cabinet,Furniture,Supplier C,WH-02,Faisalabad,Lahore,,Van,Leopards,81,94038,,2026-05-12,2026-05-13,On Time,None,3,-1,Yes,2026-05
ORD1486,2026-10-04,Ali Traders,Flour,Grocery,Supplier A,WH-04,Rawalpindi,Lahore,,Rail,TCS,51,45849,,2026-10-09,2026-10-09,On Time,None,5,0,Yes,2026-10
ORD1487,2026-02-10,Pak Furniture,Trousers,Clothing,Supplier B,WH-02,Gujranwala,Lahore,,Truck,Pakistan Railways,5,8930,,2026-02-14,2026-02-14,On Time,None,4,0,Yes,2026-02
ORD1488,2026-02-24,Ali Traders,Uniform,Clothing,Supplier C,WH-01,Karachi,Faisalabad,,Truck,DHL,13,24290,,2026-02-26,2026-02-26,On Time,None,2,0,Yes,2026-02
ORD1489,2026-09-17,Super Store,Laptop,Electronics,Supplier B,WH-03,Karachi,Islamabad,,Courier,Leopards,7,15225,,2026-09-25,2026-09-24,Delayed,Warehouse Issue,8,1,No,2026-09
ORD1490,2026-11-14,Pak Furniture,Desk,Furniture,Supplier C,WH-01,Karachi,Faisalabad,,Van,TCS,11,14562,,2026-11-20,2026-11-17,Delayed,Supplier Delay,6,3,No,2026-11
ORD1491,2026-07-02,Ali Traders,Tablet,Electronics,Supplier D,WH-01,Karachi,Lahore,,Rail,TCS,44,38357,,2026-07-09,2026-07-09,On Time,None,7,0,Yes,2026-07
ORD1492,2026-12-02,New City Store,Cooking Oil,Grocery,Supplier E,WH-03,Lahore,Islamabad,,Courier,M&P,6,15630,,2026-12-11,2026-12-07,Delayed,Weather,9,4,No,2026-12
ORD1493,2026-03-08,Global Traders,Keyboard,Electronics,Supplier E,WH-03,Karachi,Faisalabad,,Truck,DHL,86,132152,,2026-03-14,2026-03-10,Delayed,Vehicle Breakdown,6,4,No,2026-03
ORD1494,2026-12-13,New City Store,Desk,Furniture,Supplier A,WH-02,Gujranwala,Lahore,,Truck,TCS,36,53852,,2026-12-15,2026-12-16,On Time,None,2,-1,Yes,2026-12
ORD1495,2026-08-08,Ali Traders,Rice,Grocery,Supplier A,WH-03,Karachi,Faisalabad,,Truck,DHL,84,125759,,2026-08-13,2026-08-14,On Time,None,5,-1,Yes,2026-08
ORD1496,2026-10-07,Pak Furniture,Sugar,Grocery,Supplier C,WH-03,Lahore,Multan,,Truck,M&P,50,72578,,2026-10-13,2026-10-09,Delayed,Supplier Delay,6,4,No,2026-10
ORD1497,2026-10-23,Ali Traders,Mouse,Electronics,Supplier E,WH-04,Lahore,Faisalabad,,Truck,TCS,70,105169,,2026-10-30,2026-10-30,On Time,None,7,0,Yes,2026-10
ORD1498,2026-01-23,Metro Mart,T-Shirt,Clothing,Supplier C,WH-02,Gujranwala,Lahore,,Van,DHL,73,84249,,2026-01-27,2026-01-27,On Time,None,4,0,Yes,2026-01
ORD1499,2026-04-26,Ali Traders,Mouse,Electronics,Supplier D,WH-04,Multan,Karachi,,Van,M&P,42,43265,,2026-05-02,2026-04-29,Delayed,Traffic,6,3,No,2026-04
ORD1500,2026-02-07,Global Traders,Sofa,Furniture,Supplier C,WH-03,Lahore,Multan,,Courier,DHL,37,64466,,2026-02-11,2026-02-12,On Time,None,4,-1,Yes,2026-02
ORD1501,2026-10-26,Ali Traders,Bookshelf,Furniture,Supplier E,WH-02,Islamabad,Peshawar,,Van,M&P,43,51312,,2026-10-29,2026-10-28,Delayed,Supplier Delay,3,1,No,2026-10
ORD1502,2026-01-21,Super Store,Keyboard,Electronics,Supplier B,WH-01,Karachi,Faisalabad,,Courier,Pakistan Railways,33,58390,,2026-01-24,2026-01-23,Delayed,Traffic,3,1,No,2026-01
ORD1503,2026-07-16,Super Store,Trousers,Clothing,Supplier B,WH-01,Karachi,Islamabad,,Rail,Leopards,43,41878,,2026-07-22,2026-07-22,On Time,None,6,0,Yes,2026-07
ORD1504,2026-06-15,New City Store,Chair,Furniture,Supplier B,WH-04,Karachi,Islamabad,,Van,Leopards,6,5491,,2026-06-17,2026-06-18,On Time,None,2,-1,Yes,2026-06
ORD1505,2026-01-05,XYZ Ltd,Jacket,Clothing,Supplier C,WH-02,Karachi,Lahore,,Rail,Leopards,60,58290,,2026-01-06,2026-01-07,On Time,None,1,-1,Yes,2026-01
ORD1506,2026-01-01,Global Traders,Mobile,Electronics,Supplier C,WH-02,Islamabad,Peshawar,,Truck,DHL,25,38034,,2026-01-07,2026-01-08,On Time,None,6,-1,Yes,2026-01
ORD1507,2026-11-28,New City Store,Chair,Furniture,Supplier C,WH-01,Lahore,Faisalabad,,Courier,TCS,88,158398,,2026-12-05,2026-12-04,Delayed,Traffic,7,1,No,2026-11
ORD1508,2026-09-15,Super Store,Cabinet,Furniture,Supplier C,WH-03,Lahore,Faisalabad,,Truck,Pakistan Railways,41,63161,,2026-09-22,2026-09-22,On Time,None,7,0,Yes,2026-09
ORD1509,2026-03-27,ABC Store,T-Shirt,Clothing,Supplier E,WH-01,Gujranwala,Lahore,,Truck,M&P,31,47421,,2026-04-01,2026-04-02,On Time,None,5,-1,Yes,2026-03
ORD1510,2026-02-04,Star Enterprises,T-Shirt,Clothing,Supplier B,WH-04,Lahore,Multan,,Rail,M&P,40,40096,,2026-02-05,2026-02-06,On Time,None,1,-1,Yes,2026-02
ORD1511,2026-03-28,Global Traders,Chair,Furniture,Supplier A,WH-02,Lahore,Faisalabad,,Van,Pakistan Railways,38,43196,,2026-03-30,2026-03-31,On Time,None,2,-1,Yes,2026-03
ORD1512,2026-03-11,XYZ Ltd,Printer,Electronics,Supplier A,WH-03,Karachi,Islamabad,,Courier,M&P,84,149931,,2026-03-23,2026-03-18,Delayed,Traffic,12,5,No,2026-03
ORD1513,2026-02-03,Super Store,Tea,Grocery,Supplier E,WH-02,Gujranwala,Lahore,,Truck,DHL,95,144638,,2026-02-11,2026-02-10,Delayed,Weather,8,1,No,2026-02
ORD1514,2026-01-26,City Electronics,Table,Furniture,Supplier B,WH-02,Gujranwala,Lahore,,Courier,Leopards,46,86767,,2026-01-28,2026-01-29,On Time,None,2,-1,Yes,2026-01
ORD1515,2026-05-05,Pak Furniture,Chair,Furniture,Supplier B,WH-01,Multan,Karachi,,Rail,TCS,53,46776,,2026-05-11,2026-05-10,Delayed,Vehicle Breakdown,6,1,No,2026-05
ORD1516,2026-11-01,Metro Mart,Shoes,Clothing,Supplier D,WH-03,Multan,Karachi,,Truck,Pakistan Railways,69,102337,,2026-11-03,2026-11-04,On Time,None,2,-1,Yes,2026-11
ORD1517,2026-11-30,XYZ Ltd,Mouse,Electronics,Supplier A,WH-04,Karachi,Islamabad,,Courier,Pakistan Railways,6,14850,,2026-12-02,2026-12-03,On Time,None,2,-1,Yes,2026-11
ORD1518,2026-03-03,Ali Traders,Sugar,Grocery,Supplier E,WH-03,Karachi,Lahore,,Courier,Leopards,21,36035,,2026-03-11,2026-03-09,Delayed,Traffic,8,2,No,2026-03
ORD1519,2026-08-03,Global Traders,Laptop,Electronics,Supplier C,WH-04,Lahore,Faisalabad,,Rail,Leopards,51,46672,,2026-08-05,2026-08-05,On Time,None,2,0,Yes,2026-08
ORD1520,2026-03-20,ABC Store,Jacket,Clothing,Supplier C,WH-01,Karachi,Islamabad,,Rail,M&P,39,37474,,2026-03-22,2026-03-22,On Time,None,2,0,Yes,2026-03
ORD1521,2026-07-20,Metro Mart,Tea,Grocery,Supplier B,WH-02,Peshawar,Islamabad,,Courier,M&P,2,3076,,2026-07-26,2026-07-27,On Time,None,6,-1,Yes,2026-07
ORD1522,2026-08-21,Metro Mart,Office Chair,Furniture,Supplier B,WH-04,Lahore,Multan,,Courier,TCS,12,21020,,2026-08-24,2026-08-24,On Time,None,3,0,Yes,2026-08
ORD1523,2026-12-07,XYZ Ltd,Milk Powder,Grocery,Supplier E,WH-03,Karachi,Islamabad,,Van,TCS,87,96916,,2026-12-12,2026-12-13,On Time,None,5,-1,Yes,2026-12
ORD1524,2026-10-01,Global Traders,Mouse,Electronics,Supplier B,WH-02,Gujranwala,Lahore,,Rail,TCS,85,78421,,2026-10-07,2026-10-07,On Time,None,6,0,Yes,2026-10
ORD1525,2026-04-23,Metro Mart,Sugar,Grocery,Supplier B,WH-03,Rawalpindi,Lahore,,Van,M&P,86,92071,,2026-04-26,2026-04-27,On Time,None,3,-1,Yes,2026-04
ORD1526,2026-05-06,City Electronics,Office Chair,Furniture,Supplier A,WH-02,Karachi,Lahore,,Truck,M&P,86,130333,,2026-05-11,2026-05-11,On Time,None,5,0,Yes,2026-05
ORD1527,2026-05-17,Pak Furniture,Uniform,Clothing,Supplier D,WH-03,Rawalpindi,Lahore,,Rail,Leopards,52,48607,,2026-05-24,2026-05-24,On Time,None,7,0,Yes,2026-05
ORD1528,2026-11-22,Pak Furniture,Desk,Furniture,Supplier B,WH-04,Faisalabad,Lahore,,Courier,M&P,51,91967,,2026-11-29,2026-11-29,On Time,None,7,0,Yes,2026-11
ORD1529,2026-02-02,Super Store,Desk,Furniture,Supplier B,WH-01,Lahore,Multan,,Rail,M&P,48,40381,,2026-02-07,2026-02-08,On Time,None,5,-1,Yes,2026-02
ORD1530,2026-10-21,Pak Furniture,Tea,Grocery,Supplier A,WH-03,Lahore,Multan,,Courier,Pakistan Railways,19,33846,,2026-10-25,2026-10-25,On Time,None,4,0,Yes,2026-10
ORD1531,2026-06-04,Global Traders,Chair,Furniture,Supplier B,WH-01,Rawalpindi,Lahore,,Rail,DHL,31,27914,,2026-06-10,2026-06-11,On Time,None,6,-1,Yes,2026-06
ORD1532,2026-05-17,XYZ Ltd,Shirt,Clothing,Supplier C,WH-01,Karachi,Faisalabad,,Rail,Pakistan Railways,75,66100,,2026-05-19,2026-05-20,On Time,None,2,-1,Yes,2026-05
ORD1533,2026-08-01,ABC Store,Flour,Grocery,Supplier C,WH-02,Gujranwala,Lahore,,Truck,Leopards,73,109880,,2026-08-04,2026-08-04,On Time,None,3,0,Yes,2026-08
ORD1534,2026-04-26,ABC Store,Laptop,Electronics,Supplier E,WH-01,Rawalpindi,Lahore,,Rail,DHL,19,21734,,2026-05-03,2026-04-28,Delayed,Warehouse Issue,7,5,No,2026-04
ORD1535,2026-02-17,Star Enterprises,Flour,Grocery,Supplier B,WH-02,Faisalabad,Lahore,,Rail,DHL,56,54684,,2026-02-23,2026-02-23,On Time,None,6,0,Yes,2026-02
ORD1536,2026-05-17,Global Traders,Mobile,Electronics,Supplier D,WH-02,Karachi,Faisalabad,,Van,TCS,89,99233,,2026-05-21,2026-05-22,On Time,None,4,-1,Yes,2026-05
ORD1537,2026-04-24,Global Traders,Shoes,Clothing,Supplier B,WH-04,Multan,Karachi,,Rail,Leopards,25,21097,,2026-05-02,2026-04-29,Delayed,Traffic,8,3,No,2026-04
ORD1538,2026-11-27,Ali Traders,Sugar,Grocery,Supplier D,WH-01,Lahore,Islamabad,,Rail,M&P,84,76852,,2026-12-03,2026-12-04,On Time,None,6,-1,Yes,2026-11
ORD1539,2026-01-13,XYZ Ltd,Uniform,Clothing,Supplier B,WH-02,Karachi,Lahore,,Rail,DHL,41,37693,,2026-01-19,2026-01-20,On Time,None,6,-1,Yes,2026-01
ORD1540,2026-03-03,Super Store,Printer,Electronics,Supplier B,WH-01,Islamabad,Peshawar,,Courier,Pakistan Railways,81,148486,,2026-03-04,2026-03-05,On Time,None,1,-1,Yes,2026-03
ORD1541,2026-01-18,Metro Mart,Monitor,Electronics,Supplier D,WH-03,Faisalabad,Lahore,,Van,Pakistan Railways,100,110201,,2026-01-20,2026-01-21,On Time,None,2,-1,Yes,2026-01
ORD1542,2026-11-04,XYZ Ltd,Trousers,Clothing,Supplier C,WH-02,Gujranwala,Lahore,,Rail,Pakistan Railways,46,45176,,2026-11-10,2026-11-11,On Time,None,6,-1,Yes,2026-11
ORD1543,2026-03-17,XYZ Ltd,Bookshelf,Furniture,Supplier D,WH-02,Gujranwala,Lahore,,Van,Pakistan Railways,78,87780,,2026-03-23,2026-03-20,Delayed,Warehouse Issue,6,3,No,2026-03
ORD1544,2026-12-20,Metro Mart,Sugar,Grocery,Supplier B,WH-02,Multan,Karachi,,Courier,TCS,65,116867,,2026-12-21,2026-12-22,On Time,None,1,-1,Yes,2026-12
ORD1545,2026-01-26,Star Enterprises,Shirt,Clothing,Supplier E,WH-02,Multan,Karachi,,Courier,TCS,98,177542,,2026-01-28,2026-01-29,On Time,None,2,-1,Yes,2026-01
ORD1546,2026-07-15,Ali Traders,Laptop,Electronics,Supplier D,WH-01,Lahore,Multan,,Courier,TCS,46,85082,,2026-07-20,2026-07-21,On Time,None,5,-1,Yes,2026-07
ORD1547,2026-12-28,ABC Store,Uniform,Clothing,Supplier D,WH-03,Lahore,Faisalabad,,Rail,Leopards,62,54440,,2027-01-01,2027-01-01,On Time,None,4,0,Yes,2026-12
ORD1548,2026-03-09,XYZ Ltd,Table,Furniture,Supplier B,WH-02,Lahore,Multan,,Truck,TCS,97,147476,,2026-03-12,2026-03-13,On Time,None,3,-1,Yes,2026-03
ORD1549,2026-06-27,Star Enterprises,Bookshelf,Furniture,Supplier B,WH-02,Gujranwala,Lahore,,Rail,Leopards,8,7288,,2026-06-30,2026-06-30,On Time,None,3,0,Yes,2026-06
ORD1550,2026-04-19,Pak Furniture,Mouse,Electronics,Supplier B,WH-04,Islamabad,Peshawar,,Truck,TCS,69,100954,,2026-04-23,2026-04-23,On Time,None,4,0,Yes,2026-04
ORD1551,2026-05-22,ABC Store,Chair,Furniture,Supplier D,WH-03,Islamabad,Peshawar,,Rail,TCS,84,77201,,2026-05-27,2026-05-26,Delayed,Weather,5,1,No,2026-05
ORD1552,2026-07-17,XYZ Ltd,Uniform,Clothing,Supplier A,WH-03,Karachi,Faisalabad,,Courier,DHL,74,136984,,2026-07-24,2026-07-24,On Time,None,7,0,Yes,2026-07
ORD1553,2026-07-17,ABC Store,Milk Powder,Grocery,Supplier C,WH-04,Lahore,Islamabad,,Rail,M&P,33,31358,,2026-07-18,2026-07-19,On Time,None,1,-1,Yes,2026-07
ORD1554,2026-07-08,ABC Store,Uniform,Clothing,Supplier C,WH-01,Karachi,Lahore,,Rail,M&P,55,48725,,2026-07-09,2026-07-10,On Time,None,1,-1,Yes,2026-07
ORD1555,2026-10-23,Super Store,Cabinet,Furniture,Supplier C,WH-04,Lahore,Faisalabad,,Courier,M&P,24,40693,,2026-10-27,2026-10-28,On Time,None,4,-1,Yes,2026-10
ORD1556,2026-01-10,City Electronics,Sofa,Furniture,Supplier B,WH-01,Karachi,Lahore,,Courier,TCS,18,35371,,2026-01-20,2026-01-17,Delayed,Traffic,10,3,No,2026-01
ORD1557,2026-04-14,New City Store,Office Chair,Furniture,Supplier D,WH-04,Rawalpindi,Lahore,,Courier,Leopards,5,10639,,2026-04-19,2026-04-20,On Time,None,5,-1,Yes,2026-04
ORD1558,2026-03-26,Super Store,Shoes,Clothing,Supplier B,WH-01,Peshawar,Islamabad,,Van,DHL,57,65041,,2026-03-30,2026-03-31,On Time,None,4,-1,Yes,2026-03
ORD1559,2026-08-24,Pak Furniture,Uniform,Clothing,Supplier E,WH-04,Faisalabad,Lahore,,Van,DHL,81,91711,,2026-08-30,2026-08-30,On Time,None,6,0,Yes,2026-08
ORD1560,2026-04-14,ABC Store,Mouse,Electronics,Supplier C,WH-03,Islamabad,Peshawar,,Truck,Pakistan Railways,87,133439,,2026-04-19,2026-04-20,On Time,None,5,-1,Yes,2026-04
ORD1561,2026-04-30,ABC Store,Chair,Furniture,Supplier B,WH-01,Peshawar,Islamabad,,Truck,M&P,4,9345,,2026-05-04,2026-05-04,On Time,None,4,0,Yes,2026-04
ORD1562,2026-05-20,City Electronics,Jacket,Clothing,Supplier D,WH-01,Gujranwala,Lahore,,Truck,TCS,18,27447,,2026-05-26,2026-05-26,On Time,None,6,0,Yes,2026-05
ORD1563,2026-06-08,Star Enterprises,Shoes,Clothing,Supplier D,WH-03,Peshawar,Islamabad,,Courier,Pakistan Railways,58,108964,,2026-06-11,2026-06-12,On Time,None,3,-1,Yes,2026-06
ORD1564,2026-08-03,Metro Mart,Jacket,Clothing,Supplier D,WH-01,Karachi,Islamabad,,Rail,TCS,3,3031,,2026-08-05,2026-08-06,On Time,None,2,-1,Yes,2026-08
ORD1565,2026-08-29,Metro Mart,Mouse,Electronics,Supplier C,WH-04,Peshawar,Islamabad,,Van,Leopards,57,60347,,2026-08-31,2026-08-31,On Time,None,2,0,Yes,2026-08
ORD1566,2026-03-12,New City Store,Trousers,Clothing,Supplier C,WH-02,Lahore,Islamabad,,Rail,Pakistan Railways,60,56890,,2026-03-17,2026-03-14,Delayed,Traffic,5,3,No,2026-03
ORD1567,2026-03-24,Star Enterprises,Sofa,Furniture,Supplier D,WH-02,Multan,Karachi,,Rail,DHL,11,13890,,2026-03-28,2026-03-28,On Time,None,4,0,Yes,2026-03
ORD1568,2026-11-10,Super Store,Flour,Grocery,Supplier D,WH-04,Islamabad,Peshawar,,Rail,M&P,97,86444,,2026-11-14,2026-11-14,On Time,None,4,0,Yes,2026-11
ORD1569,2026-12-30,City Electronics,Printer,Electronics,Supplier E,WH-01,Multan,Karachi,,Van,Pakistan Railways,32,39030,,2027-01-06,2027-01-06,On Time,None,7,0,Yes,2026-12
ORD1570,2026-05-22,New City Store,Jacket,Clothing,Supplier B,WH-03,Multan,Karachi,,Rail,TCS,68,64418,,2026-05-28,2026-05-29,On Time,None,6,-1,Yes,2026-05
ORD1571,2026-03-16,Metro Mart,Keyboard,Electronics,Supplier E,WH-04,Lahore,Multan,,Courier,DHL,74,135680,,2026-03-22,2026-03-22,On Time,None,6,0,Yes,2026-03
ORD1572,2026-02-21,Metro Mart,Chair,Furniture,Supplier A,WH-04,Lahore,Multan,,Truck,DHL,15,26548,,2026-02-26,2026-02-26,On Time,None,5,0,Yes,2026-02
ORD1573,2026-06-17,City Electronics,Sugar,Grocery,Supplier C,WH-04,Faisalabad,Lahore,,Rail,Leopards,75,65580,,2026-06-21,2026-06-20,Delayed,Traffic,4,1,No,2026-06
ORD1574,2026-06-04,City Electronics,Jacket,Clothing,Supplier D,WH-01,Lahore,Multan,,Van,Pakistan Railways,7,11441,,2026-06-09,2026-06-06,Delayed,Traffic,5,3,No,2026-06
ORD1575,2026-03-11,ABC Store,Bookshelf,Furniture,Supplier D,WH-03,Multan,Karachi,,Rail,Pakistan Railways,91,83773,,2026-03-21,2026-03-16,Delayed,Vehicle Breakdown,10,5,No,2026-03
ORD1576,2026-11-18,Global Traders,Mouse,Electronics,Supplier A,WH-02,Karachi,Lahore,,Rail,M&P,71,63344,,2026-11-21,2026-11-21,On Time,None,3,0,Yes,2026-11
ORD1577,2026-07-23,Super Store,Chair,Furniture,Supplier A,WH-02,Lahore,Faisalabad,,Rail,TCS,27,23729,,2026-07-30,2026-07-26,Delayed,Weather,7,4,No,2026-07
ORD1578,2026-12-10,XYZ Ltd,Monitor,Electronics,Supplier B,WH-03,Rawalpindi,Lahore,,Rail,DHL,34,30930,,2026-12-12,2026-12-13,On Time,None,2,-1,Yes,2026-12
ORD1579,2026-06-04,Metro Mart,Uniform,Clothing,Supplier E,WH-04,Lahore,Faisalabad,,Courier,Pakistan Railways,4,4467,,2026-06-10,2026-06-10,On Time,None,6,0,Yes,2026-06
ORD1580,2026-12-30,XYZ Ltd,Cooking Oil,Grocery,Supplier E,WH-01,Lahore,Multan,,Truck,Leopards,57,89784,,2027-01-06,2027-01-03,Delayed,Weather,7,3,No,2026-12
ORD1581,2026-01-20,City Electronics,Office Chair,Furniture,Supplier C,WH-01,Lahore,Multan,,Van,Pakistan Railways,47,56459,,2026-01-27,2026-01-22,Delayed,Supplier Delay,7,5,No,2026-01
ORD1582,2026-05-24,Super Store,Jacket,Clothing,Supplier B,WH-04,Faisalabad,Lahore,,Van,DHL,26,26693,,2026-05-29,2026-05-30,On Time,None,5,-1,Yes,2026-05
ORD1583,2026-01-05,XYZ Ltd,Tablet,Electronics,Supplier C,WH-04,Peshawar,Islamabad,,Truck,DHL,27,44691,,2026-01-06,2026-01-07,On Time,None,1,-1,Yes,2026-01
ORD1584,2026-04-12,City Electronics,Shoes,Clothing,Supplier D,WH-01,Gujranwala,Lahore,,Truck,Leopards,59,88491,,2026-04-14,2026-04-14,On Time,None,2,0,Yes,2026-04
ORD1585,2026-03-14,Global Traders,Flour,Grocery,Supplier B,WH-01,Lahore,Multan,,Rail,M&P,27,21759,,2026-03-15,2026-03-16,On Time,None,1,-1,Yes,2026-03
ORD1586,2026-04-29,New City Store,Cooking Oil,Grocery,Supplier B,WH-02,Lahore,Islamabad,,Van,M&P,92,105719,,2026-05-07,2026-05-02,Delayed,Vehicle Breakdown,8,5,No,2026-04
ORD1587,2026-08-23,ABC Store,Mobile,Electronics,Supplier D,WH-02,Lahore,Multan,,Van,M&P,7,11917,,2026-08-31,2026-08-27,Delayed,Vehicle Breakdown,8,4,No,2026-08
ORD1588,2026-12-05,Star Enterprises,Uniform,Clothing,Supplier A,WH-04,Karachi,Faisalabad,,Courier,M&P,34,61590,,2026-12-06,2026-12-07,On Time,None,1,-1,Yes,2026-12
ORD1589,2026-05-16,Ali Traders,Jacket,Clothing,Supplier E,WH-02,Lahore,Faisalabad,,Courier,DHL,87,157443,,2026-05-28,2026-05-23,Delayed,Traffic,12,5,No,2026-05
ORD1590,2026-04-03,XYZ Ltd,Tea,Grocery,Supplier A,WH-03,Multan,Karachi,,Courier,Pakistan Railways,37,69437,,2026-04-06,2026-04-07,On Time,None,3,-1,Yes,2026-04
ORD1591,2026-05-07,Global Traders,Bookshelf,Furniture,Supplier B,WH-04,Peshawar,Islamabad,,Truck,DHL,13,17564,,2026-05-10,2026-05-09,Delayed,Traffic,3,1,No,2026-05
ORD1592,2026-09-29,Global Traders,Monitor,Electronics,Supplier C,WH-04,Gujranwala,Lahore,,Truck,TCS,59,92504,,2026-10-01,2026-10-01,On Time,None,2,0,Yes,2026-09
ORD1593,2026-05-30,Ali Traders,Cabinet,Furniture,Supplier B,WH-03,Karachi,Lahore,,Rail,M&P,23,22600,,2026-06-02,2026-06-03,On Time,None,3,-1,Yes,2026-05
ORD1594,2026-09-10,ABC Store,Table,Furniture,Supplier B,WH-04,Multan,Karachi,,Rail,DHL,29,27667,,2026-09-16,2026-09-15,Delayed,Vehicle Breakdown,6,1,No,2026-09
ORD1595,2026-05-29,XYZ Ltd,Chair,Furniture,Supplier D,WH-02,Multan,Karachi,,Rail,M&P,76,72601,,2026-06-04,2026-06-05,On Time,None,6,-1,Yes,2026-05
ORD1596,2026-04-10,Ali Traders,Table,Furniture,Supplier C,WH-03,Karachi,Islamabad,,Courier,TCS,40,73114,,2026-04-16,2026-04-16,On Time,None,6,0,Yes,2026-04
ORD1597,2026-01-07,City Electronics,Shirt,Clothing,Supplier B,WH-01,Faisalabad,Lahore,,Courier,Pakistan Railways,88,158261,,2026-01-09,2026-01-09,On Time,None,2,0,Yes,2026-01
ORD1598,2026-04-08,Global Traders,Jacket,Clothing,Supplier E,WH-02,Multan,Karachi,,Courier,DHL,21,42562,,2026-04-14,2026-04-14,On Time,None,6,0,Yes,2026-04
ORD1599,2026-04-30,City Electronics,Sofa,Furniture,Supplier D,WH-04,Faisalabad,Lahore,,Van,DHL,46,52246,,2026-05-04,2026-05-03,Delayed,Warehouse Issue,4,1,No,2026-04
ORD1600,2026-06-28,Star Enterprises,Tablet,Electronics,Supplier E,WH-02,Lahore,Islamabad,,Rail,Pakistan Railways,93,88297,,2026-07-04,2026-07-01,Delayed,Traffic,6,3,No,2026-06
ORD1601,2026-02-06,Pak Furniture,Trousers,Clothing,Supplier A,WH-02,Peshawar,Islamabad,,Rail,M&P,97,89746,,2026-02-12,2026-02-13,On Time,None,6,-1,Yes,2026-02
ORD1602,2026-08-12,Metro Mart,Uniform,Clothing,Supplier B,WH-04,Lahore,Multan,,Rail,DHL,6,5934,,2026-08-20,2026-08-17,Delayed,Supplier Delay,8,3,No,2026-08
ORD1603,2026-09-21,Ali Traders,Rice,Grocery,Supplier B,WH-02,Gujranwala,Lahore,,Truck,DHL,84,127409,,2026-09-28,2026-09-23,Delayed,Supplier Delay,7,5,No,2026-09
ORD1604,2026-04-25,XYZ Ltd,Mobile,Electronics,Supplier B,WH-02,Karachi,Lahore,,Van,TCS,48,55937,,2026-04-28,2026-04-29,On Time,None,3,-1,Yes,2026-04
ORD1605,2026-12-31,Pak Furniture,Office Chair,Furniture,Supplier D,WH-04,Lahore,Faisalabad,,Courier,Leopards,39,74520,,2027-01-07,2027-01-02,Delayed,Traffic,7,5,No,2026-12
ORD1606,2026-09-29,Pak Furniture,Tea,Grocery,Supplier E,WH-01,Multan,Karachi,,Rail,M&P,97,85394,,2026-10-10,2026-10-06,Delayed,Weather,11,4,No,2026-09
ORD1607,2026-10-19,Star Enterprises,Shoes,Clothing,Supplier E,WH-04,Islamabad,Peshawar,,Rail,Pakistan Railways,42,41156,,2026-10-26,2026-10-26,On Time,None,7,0,Yes,2026-10
ORD1608,2026-05-25,Super Store,Milk Powder,Grocery,Supplier A,WH-04,Gujranwala,Lahore,,Van,DHL,38,44194,,2026-05-30,2026-05-28,Delayed,Warehouse Issue,5,2,No,2026-05
ORD1609,2026-03-16,XYZ Ltd,Monitor,Electronics,Supplier B,WH-01,Karachi,Islamabad,,Truck,TCS,37,53836,,2026-03-21,2026-03-22,On Time,None,5,-1,Yes,2026-03
ORD1610,2026-02-27,City Electronics,T-Shirt,Clothing,Supplier E,WH-01,Karachi,Lahore,,Courier,Pakistan Railways,58,102656,,2026-03-04,2026-03-04,On Time,None,5,0,Yes,2026-02
ORD1611,2026-10-22,Star Enterprises,Tablet,Electronics,Supplier E,WH-02,Karachi,Lahore,,Truck,TCS,29,47669,,2026-10-26,2026-10-27,On Time,None,4,-1,Yes,2026-10
ORD1612,2026-12-19,XYZ Ltd,Laptop,Electronics,Supplier A,WH-03,Islamabad,Peshawar,,Van,Pakistan Railways,44,46984,,2026-12-24,2026-12-25,On Time,None,5,-1,Yes,2026-12
ORD1613,2026-01-02,Pak Furniture,Keyboard,Electronics,Supplier B,WH-03,Islamabad,Peshawar,,Van,Pakistan Railways,91,97115,,2026-01-05,2026-01-06,On Time,None,3,-1,Yes,2026-01
ORD1614,2026-08-02,New City Store,Bookshelf,Furniture,Supplier E,WH-01,Lahore,Islamabad,,Courier,Leopards,69,126913,,2026-08-11,2026-08-07,Delayed,Warehouse Issue,9,4,No,2026-08
ORD1615,2026-05-05,Metro Mart,Office Chair,Furniture,Supplier E,WH-02,Lahore,Faisalabad,,Courier,DHL,28,54072,,2026-05-09,2026-05-10,On Time,None,4,-1,Yes,2026-05
ORD1616,2026-09-16,Pak Furniture,Mouse,Electronics,Supplier B,WH-04,Rawalpindi,Lahore,,Truck,DHL,56,85523,,2026-09-19,2026-09-20,On Time,None,3,-1,Yes,2026-09
ORD1617,2026-01-01,ABC Store,Table,Furniture,Supplier E,WH-02,Islamabad,Peshawar,,Van,Pakistan Railways,20,19812,,2026-01-07,2026-01-08,On Time,None,6,-1,Yes,2026-01
ORD1618,2026-06-28,XYZ Ltd,Uniform,Clothing,Supplier E,WH-01,Lahore,Faisalabad,,Courier,M&P,91,168483,,2026-07-04,2026-07-05,On Time,None,6,-1,Yes,2026-06
ORD1619,2026-07-27,Global Traders,Shoes,Clothing,Supplier A,WH-01,Multan,Karachi,,Rail,Pakistan Railways,22,16851,,2026-08-02,2026-08-03,On Time,None,6,-1,Yes,2026-07
ORD1620,2026-12-01,City Electronics,Office Chair,Furniture,Supplier A,WH-02,Rawalpindi,Lahore,,Courier,Leopards,15,27773,,2026-12-07,2026-12-07,On Time,None,6,0,Yes,2026-12
ORD1621,2026-10-31,Super Store,Cabinet,Furniture,Supplier C,WH-03,Karachi,Faisalabad,,Courier,DHL,95,173534,,2026-11-01,2026-11-02,On Time,None,1,-1,Yes,2026-10
ORD1622,2026-12-26,Super Store,Jacket,Clothing,Supplier D,WH-04,Lahore,Multan,,Rail,Pakistan Railways,13,9833,,2026-12-30,2026-12-30,On Time,None,4,0,Yes,2026-12
ORD1623,2026-11-12,Star Enterprises,Desk,Furniture,Supplier C,WH-02,Peshawar,Islamabad,,Rail,Leopards,81,75113,,2026-11-14,2026-11-14,On Time,None,2,0,Yes,2026-11
ORD1624,2026-03-11,New City Store,Router,Electronics,Supplier C,WH-04,Lahore,Multan,,Courier,Leopards,76,136294,,2026-03-13,2026-03-13,On Time,None,2,0,Yes,2026-03
ORD1625,2026-09-06,Ali Traders,Router,Electronics,Supplier C,WH-04,Karachi,Islamabad,,Rail,Pakistan Railways,74,65928,,2026-09-10,2026-09-11,On Time,None,4,-1,Yes,2026-09
ORD1626,2026-11-08,Star Enterprises,Rice,Grocery,Supplier D,WH-04,Islamabad,Peshawar,,Rail,Leopards,67,65030,,2026-11-15,2026-11-15,On Time,None,7,0,Yes,2026-11
ORD1627,2026-10-25,Star Enterprises,Mouse,Electronics,Supplier C,WH-01,Karachi,Islamabad,,Rail,M&P,2,5290,,2026-11-05,2026-10-31,Delayed,Warehouse Issue,11,5,No,2026-10
ORD1628,2026-01-06,Pak Furniture,Chair,Furniture,Supplier A,WH-02,Multan,Karachi,,Van,Leopards,6,6849,,2026-01-10,2026-01-11,On Time,None,4,-1,Yes,2026-01
ORD1629,2026-01-10,Star Enterprises,Desk,Furniture,Supplier E,WH-03,Faisalabad,Lahore,,Truck,DHL,1,3057,,2026-01-15,2026-01-16,On Time,None,5,-1,Yes,2026-01
ORD1630,2026-12-07,Ali Traders,Cooking Oil,Grocery,Supplier C,WH-02,Peshawar,Islamabad,,Courier,M&P,96,170668,,2026-12-12,2026-12-13,On Time,None,5,-1,Yes,2026-12
ORD1631,2026-01-08,XYZ Ltd,Jacket,Clothing,Supplier A,WH-01,Lahore,Islamabad,,Van,TCS,87,95525,,2026-01-15,2026-01-15,On Time,None,7,0,Yes,2026-01
ORD1632,2026-02-22,New City Store,Milk Powder,Grocery,Supplier B,WH-01,Faisalabad,Lahore,,Courier,M&P,13,24970,,2026-02-25,2026-02-26,On Time,None,3,-1,Yes,2026-02
ORD1633,2026-08-13,Star Enterprises,Cooking Oil,Grocery,Supplier D,WH-01,Lahore,Faisalabad,,Courier,TCS,84,149169,,2026-08-19,2026-08-19,On Time,None,6,0,Yes,2026-08
ORD1634,2026-11-26,Ali Traders,Mobile,Electronics,Supplier B,WH-04,Faisalabad,Lahore,,Truck,TCS,30,44223,,2026-11-30,2026-11-30,On Time,None,4,0,Yes,2026-11
ORD1635,2026-03-09,New City Store,Mouse,Electronics,Supplier D,WH-03,Karachi,Faisalabad,,Rail,Leopards,72,69192,,2026-03-14,2026-03-14,On Time,None,5,0,Yes,2026-03
ORD1636,2026-03-26,City Electronics,Mouse,Electronics,Supplier B,WH-02,Karachi,Lahore,,Rail,M&P,79,72993,,2026-03-30,2026-03-31,On Time,None,4,-1,Yes,2026-03
ORD1637,2026-06-11,Super Store,Table,Furniture,Supplier B,WH-01,Peshawar,Islamabad,,Truck,M&P,31,45265,,2026-06-18,2026-06-18,On Time,None,7,0,Yes,2026-06
ORD1638,2026-08-14,Ali Traders,Cooking Oil,Grocery,Supplier C,WH-04,Multan,Karachi,,Rail,Pakistan Railways,37,35909,,2026-08-17,2026-08-18,On Time,None,3,-1,Yes,2026-08
ORD1639,2026-11-04,Super Store,Sugar,Grocery,Supplier A,WH-02,Lahore,Faisalabad,,Van,M&P,1,2106,,2026-11-06,2026-11-06,On Time,None,2,0,Yes,2026-11
ORD1640,2026-06-20,Pak Furniture,Chair,Furniture,Supplier B,WH-01,Lahore,Islamabad,,Van,Leopards,17,21093,,2026-06-22,2026-06-23,On Time,None,2,-1,Yes,2026-06
ORD1641,2026-08-30,Metro Mart,Bookshelf,Furniture,Supplier D,WH-04,Lahore,Multan,,Courier,M&P,69,126463,,2026-09-05,2026-09-05,On Time,None,6,0,Yes,2026-08
ORD1642,2026-10-12,Pak Furniture,Tea,Grocery,Supplier C,WH-02,Lahore,Multan,,Rail,DHL,88,83095,,2026-10-19,2026-10-16,Delayed,Traffic,7,3,No,2026-10
ORD1643,2026-07-27,ABC Store,Cooking Oil,Grocery,Supplier C,WH-01,Rawalpindi,Lahore,,Truck,TCS,44,70505,,2026-07-28,2026-07-29,On Time,None,1,-1,Yes,2026-07
ORD1644,2026-07-05,City Electronics,Printer,Electronics,Supplier D,WH-04,Karachi,Islamabad,,Rail,Leopards,30,30264,,2026-07-09,2026-07-09,On Time,None,4,0,Yes,2026-07
ORD1645,2026-03-14,City Electronics,T-Shirt,Clothing,Supplier C,WH-01,Rawalpindi,Lahore,,Truck,M&P,75,111959,,2026-03-21,2026-03-21,On Time,None,7,0,Yes,2026-03
ORD1646,2026-04-13,City Electronics,Tea,Grocery,Supplier B,WH-01,Faisalabad,Lahore,,Van,Leopards,66,73977,,2026-04-14,2026-04-15,On Time,None,1,-1,Yes,2026-04
ORD1647,2026-09-29,Metro Mart,Shirt,Clothing,Supplier A,WH-02,Islamabad,Peshawar,,Van,Leopards,5,6702,,2026-10-03,2026-10-04,On Time,None,4,-1,Yes,2026-09
ORD1648,2026-10-13,ABC Store,Sugar,Grocery,Supplier D,WH-04,Islamabad,Peshawar,,Truck,M&P,72,108561,,2026-10-15,2026-10-16,On Time,None,2,-1,Yes,2026-10
ORD1649,2026-06-10,XYZ Ltd,Router,Electronics,Supplier C,WH-04,Faisalabad,Lahore,,Van,M&P,94,102254,,2026-06-14,2026-06-15,On Time,None,4,-1,Yes,2026-06
ORD1650,2026-02-21,Star Enterprises,Keyboard,Electronics,Supplier D,WH-04,Islamabad,Peshawar,,Rail,M&P,49,45167,,2026-02-23,2026-02-23,On Time,None,2,0,Yes,2026-02
ORD1651,2026-07-13,XYZ Ltd,T-Shirt,Clothing,Supplier A,WH-03,Islamabad,Peshawar,,Van,Leopards,18,21614,,2026-07-19,2026-07-19,On Time,None,6,0,Yes,2026-07
ORD1652,2026-11-19,Super Store,Flour,Grocery,Supplier A,WH-01,Gujranwala,Lahore,,Truck,TCS,7,11860,,2026-11-25,2026-11-25,On Time,None,6,0,Yes,2026-11
ORD1653,2026-04-27,New City Store,Monitor,Electronics,Supplier C,WH-02,Karachi,Lahore,,Truck,Pakistan Railways,77,115855,,2026-05-04,2026-05-04,On Time,None,7,0,Yes,2026-04
ORD1654,2026-03-29,City Electronics,Jacket,Clothing,Supplier E,WH-03,Peshawar,Islamabad,,Courier,Pakistan Railways,48,86988,,2026-04-01,2026-04-01,On Time,None,3,0,Yes,2026-03
ORD1655,2026-09-09,Pak Furniture,Tea,Grocery,Supplier B,WH-01,Peshawar,Islamabad,,Truck,DHL,19,26085,,2026-09-14,2026-09-14,On Time,None,5,0,Yes,2026-09
ORD1656,2026-10-03,New City Store,Tablet,Electronics,Supplier C,WH-02,Karachi,Faisalabad,,Courier,TCS,60,105117,,2026-10-07,2026-10-07,On Time,None,4,0,Yes,2026-10
ORD1657,2026-05-15,Pak Furniture,Printer,Electronics,Supplier B,WH-04,Rawalpindi,Lahore,,Van,Pakistan Railways,51,57387,,2026-05-19,2026-05-17,Delayed,Traffic,4,2,No,2026-05
ORD1658,2026-04-18,Star Enterprises,Cooking Oil,Grocery,Supplier E,WH-01,Karachi,Lahore,,Van,Pakistan Railways,63,73134,,2026-04-27,2026-04-24,Delayed,Supplier Delay,9,3,No,2026-04
ORD1659,2026-01-06,Ali Traders,Office Chair,Furniture,Supplier A,WH-04,Rawalpindi,Lahore,,Truck,M&P,41,59710,,2026-01-12,2026-01-12,On Time,None,6,0,Yes,2026-01
ORD1660,2026-10-27,Metro Mart,Office Chair,Furniture,Supplier C,WH-01,Karachi,Faisalabad,,Rail,Pakistan Railways,69,65251,,2026-10-29,2026-10-29,On Time,None,2,0,Yes,2026-10
ORD1661,2026-01-07,Pak Furniture,Table,Furniture,Supplier D,WH-01,Gujranwala,Lahore,,Truck,TCS,74,109975,,2026-01-15,2026-01-13,Delayed,Supplier Delay,8,2,No,2026-01
ORD1662,2026-03-06,New City Store,Jacket,Clothing,Supplier B,WH-03,Faisalabad,Lahore,,Truck,DHL,93,139994,,2026-03-08,2026-03-08,On Time,None,2,0,Yes,2026-03
ORD1663,2026-10-01,ABC Store,Laptop,Electronics,Supplier C,WH-03,Lahore,Islamabad,,Van,M&P,28,33654,,2026-10-05,2026-10-06,On Time,None,4,-1,Yes,2026-10
ORD1664,2026-06-25,Star Enterprises,Trousers,Clothing,Supplier D,WH-04,Lahore,Multan,,Courier,TCS,28,53054,,2026-06-29,2026-06-29,On Time,None,4,0,Yes,2026-06
ORD1665,2026-10-18,Metro Mart,Desk,Furniture,Supplier B,WH-01,Gujranwala,Lahore,,Truck,M&P,70,104635,,2026-10-26,2026-10-23,Delayed,Warehouse Issue,8,3,No,2026-10
ORD1666,2026-12-07,Metro Mart,Keyboard,Electronics,Supplier D,WH-04,Islamabad,Peshawar,,Courier,Pakistan Railways,24,43125,,2026-12-10,2026-12-11,On Time,None,3,-1,Yes,2026-12
ORD1667,2026-02-21,Super Store,Sugar,Grocery,Supplier D,WH-01,Karachi,Faisalabad,,Van,Pakistan Railways,31,34962,,2026-02-27,2026-02-26,Delayed,Weather,6,1,No,2026-02
ORD1668,2026-10-06,New City Store,Uniform,Clothing,Supplier D,WH-04,Lahore,Islamabad,,Rail,DHL,38,32650,,2026-10-15,2026-10-12,Delayed,Vehicle Breakdown,9,3,No,2026-10
ORD1669,2026-02-05,Super Store,Laptop,Electronics,Supplier A,WH-04,Faisalabad,Lahore,,Van,M&P,69,80045,,2026-02-12,2026-02-12,On Time,None,7,0,Yes,2026-02
ORD1670,2026-05-16,Ali Traders,Rice,Grocery,Supplier A,WH-02,Karachi,Faisalabad,,Truck,DHL,63,93253,,2026-05-18,2026-05-18,On Time,None,2,0,Yes,2026-05
ORD1671,2026-08-03,Metro Mart,Trousers,Clothing,Supplier E,WH-01,Karachi,Islamabad,,Rail,M&P,59,51050,,2026-08-08,2026-08-09,On Time,None,5,-1,Yes,2026-08
ORD1672,2026-10-31,Pak Furniture,Chair,Furniture,Supplier E,WH-04,Peshawar,Islamabad,,Truck,Leopards,64,96294,,2026-11-03,2026-11-04,On Time,None,3,-1,Yes,2026-10
ORD1673,2026-10-19,XYZ Ltd,Cabinet,Furniture,Supplier E,WH-03,Peshawar,Islamabad,,Courier,M&P,41,76980,,2026-10-25,2026-10-23,Delayed,Vehicle Breakdown,6,2,No,2026-10
ORD1674,2026-10-03,Global Traders,Office Chair,Furniture,Supplier D,WH-01,Rawalpindi,Lahore,,Rail,DHL,3,4957,,2026-10-07,2026-10-08,On Time,None,4,-1,Yes,2026-10
ORD1675,2026-02-24,Super Store,Milk Powder,Grocery,Supplier A,WH-02,Karachi,Islamabad,,Van,Pakistan Railways,65,74725,,2026-03-02,2026-03-02,On Time,None,6,0,Yes,2026-02
ORD1676,2026-04-16,Star Enterprises,Shoes,Clothing,Supplier C,WH-02,Gujranwala,Lahore,,Van,DHL,52,56526,,2026-04-21,2026-04-21,On Time,None,5,0,Yes,2026-04
ORD1677,2026-02-18,Metro Mart,Laptop,Electronics,Supplier E,WH-01,Faisalabad,Lahore,,Van,Pakistan Railways,82,94354,,2026-02-22,2026-02-23,On Time,None,4,-1,Yes,2026-02
ORD1678,2026-10-07,XYZ Ltd,Trousers,Clothing,Supplier C,WH-03,Lahore,Multan,,Truck,M&P,9,15867,,2026-10-09,2026-10-10,On Time,None,2,-1,Yes,2026-10
ORD1679,2026-02-13,New City Store,Keyboard,Electronics,Supplier D,WH-04,Lahore,Multan,,Truck,M&P,98,146289,,2026-02-19,2026-02-15,Delayed,Supplier Delay,6,4,No,2026-02
ORD1680,2026-12-27,City Electronics,Monitor,Electronics,Supplier B,WH-03,Faisalabad,Lahore,,Van,Pakistan Railways,83,88916,,2026-12-29,2026-12-29,On Time,None,2,0,Yes,2026-12
ORD1681,2026-02-20,XYZ Ltd,Office Chair,Furniture,Supplier C,WH-04,Lahore,Islamabad,,Courier,DHL,96,172993,,2026-02-24,2026-02-24,On Time,None,4,0,Yes,2026-02
ORD1682,2026-04-15,XYZ Ltd,Desk,Furniture,Supplier A,WH-04,Karachi,Islamabad,,Van,DHL,38,38914,,2026-04-18,2026-04-19,On Time,None,3,-1,Yes,2026-04
ORD1683,2026-03-30,Super Store,Mobile,Electronics,Supplier E,WH-01,Lahore,Islamabad,,Van,M&P,49,55207,,2026-04-08,2026-04-04,Delayed,Weather,9,4,No,2026-03
ORD1684,2026-01-26,Global Traders,Tablet,Electronics,Supplier E,WH-04,Rawalpindi,Lahore,,Van,TCS,20,25381,,2026-01-31,2026-01-28,Delayed,Weather,5,3,No,2026-01
ORD1685,2026-07-20,Super Store,Chair,Furniture,Supplier E,WH-03,Islamabad,Peshawar,,Courier,Pakistan Railways,75,132255,,2026-07-22,2026-07-22,On Time,None,2,0,Yes,2026-07
ORD1686,2026-11-06,Pak Furniture,Laptop,Electronics,Supplier A,WH-04,Islamabad,Peshawar,,Van,M&P,73,85210,,2026-11-12,2026-11-08,Delayed,Weather,6,4,No,2026-11
ORD1687,2026-11-12,Global Traders,Monitor,Electronics,Supplier A,WH-04,Lahore,Multan,,Van,TCS,14,14072,,2026-11-17,2026-11-18,On Time,None,5,-1,Yes,2026-11
ORD1688,2026-09-18,Global Traders,Mouse,Electronics,Supplier D,WH-02,Lahore,Multan,,Truck,TCS,33,49090,,2026-09-25,2026-09-25,On Time,None,7,0,Yes,2026-09
ORD1689,2026-02-27,Global Traders,Tablet,Electronics,Supplier E,WH-01,Rawalpindi,Lahore,,Truck,Leopards,33,49009,,2026-03-01,2026-03-02,On Time,None,2,-1,Yes,2026-02
ORD1690,2026-04-26,City Electronics,Sugar,Grocery,Supplier B,WH-03,Lahore,Multan,,Truck,Leopards,2,1500,,2026-05-05,2026-04-30,Delayed,Vehicle Breakdown,9,5,No,2026-04
ORD1691,2026-02-12,XYZ Ltd,Printer,Electronics,Supplier C,WH-04,Rawalpindi,Lahore,,Van,Leopards,79,84085,,2026-02-15,2026-02-15,On Time,None,3,0,Yes,2026-02
ORD1692,2026-11-25,Pak Furniture,Rice,Grocery,Supplier B,WH-02,Rawalpindi,Lahore,,Courier,TCS,84,152014,,2026-11-30,2026-12-01,On Time,None,5,-1,Yes,2026-11
ORD1693,2026-12-13,XYZ Ltd,Flour,Grocery,Supplier C,WH-03,Karachi,Lahore,,Courier,TCS,17,28466,,2026-12-14,2026-12-15,On Time,None,1,-1,Yes,2026-12
ORD1694,2026-06-13,Star Enterprises,Tablet,Electronics,Supplier D,WH-04,Gujranwala,Lahore,,Rail,Pakistan Railways,69,66349,,2026-06-18,2026-06-18,On Time,None,5,0,Yes,2026-06
ORD1695,2026-09-21,Super Store,Table,Furniture,Supplier D,WH-04,Lahore,Islamabad,,Truck,Pakistan Railways,68,101205,,2026-09-24,2026-09-25,On Time,None,3,-1,Yes,2026-09
ORD1696,2026-09-19,Metro Mart,Uniform,Clothing,Supplier E,WH-01,Peshawar,Islamabad,,Truck,Pakistan Railways,5,8519,,2026-09-22,2026-09-23,On Time,None,3,-1,Yes,2026-09
ORD1697,2026-02-13,Super Store,Rice,Grocery,Supplier A,WH-04,Peshawar,Islamabad,,Van,Leopards,78,90680,,2026-02-19,2026-02-20,On Time,None,6,-1,Yes,2026-02
ORD1698,2026-06-16,Metro Mart,Tea,Grocery,Supplier C,WH-04,Karachi,Islamabad,,Courier,TCS,65,115292,,2026-06-18,2026-06-18,On Time,None,2,0,Yes,2026-06
ORD1699,2026-06-13,City Electronics,Trousers,Clothing,Supplier B,WH-01,Lahore,Multan,,Truck,DHL,26,42090,,2026-06-19,2026-06-20,On Time,None,6,-1,Yes,2026-06
ORD1700,2026-01-08,Pak Furniture,Rice,Grocery,Supplier B,WH-02,Lahore,Islamabad,,Truck,TCS,3,5993,,2026-01-14,2026-01-14,On Time,None,6,0,Yes,2026-01
ORD1701,2026-07-26,Global Traders,Cabinet,Furniture,Supplier A,WH-01,Lahore,Islamabad,,Truck,TCS,33,47475,,2026-07-30,2026-07-31,On Time,None,4,-1,Yes,2026-07
ORD1702,2026-10-24,ABC Store,T-Shirt,Clothing,Supplier B,WH-02,Lahore,Multan,,Courier,DHL,59,109279,,2026-10-30,2026-10-30,On Time,None,6,0,Yes,2026-10
ORD1703,2026-11-13,Ali Traders,Shirt,Clothing,Supplier E,WH-03,Karachi,Islamabad,,Truck,Pakistan Railways,55,83432,,2026-11-16,2026-11-17,On Time,None,3,-1,Yes,2026-11
ORD1704,2026-01-26,Ali Traders,Milk Powder,Grocery,Supplier B,WH-02,Multan,Karachi,,Truck,TCS,93,143340,,2026-01-28,2026-01-29,On Time,None,2,-1,Yes,2026-01
ORD1705,2026-02-19,Star Enterprises,Keyboard,Electronics,Supplier A,WH-03,Gujranwala,Lahore,,Rail,M&P,65,56659,,2026-02-25,2026-02-25,On Time,None,6,0,Yes,2026-02
ORD1706,2026-03-18,Ali Traders,Bookshelf,Furniture,Supplier C,WH-01,Karachi,Lahore,,Rail,DHL,42,41047,,2026-03-21,2026-03-21,On Time,None,3,0,Yes,2026-03
ORD1707,2026-01-16,Global Traders,Cooking Oil,Grocery,Supplier E,WH-03,Karachi,Islamabad,,Rail,Leopards,56,51017,,2026-01-18,2026-01-19,On Time,None,2,-1,Yes,2026-01
ORD1708,2026-01-30,Star Enterprises,Desk,Furniture,Supplier A,WH-02,Gujranwala,Lahore,,Truck,Pakistan Railways,20,34541,,2026-02-02,2026-02-02,On Time,None,3,0,Yes,2026-01
ORD1709,2026-11-02,City Electronics,Tablet,Electronics,Supplier D,WH-02,Lahore,Islamabad,,Rail,Pakistan Railways,9,9170,,2026-11-05,2026-11-06,On Time,None,3,-1,Yes,2026-11
ORD1710,2026-08-28,Metro Mart,Milk Powder,Grocery,Supplier B,WH-04,Karachi,Islamabad,,Van,DHL,45,50222,,2026-08-31,2026-08-30,Delayed,Weather,3,1,No,2026-08
ORD1711,2026-11-14,ABC Store,Cabinet,Furniture,Supplier C,WH-01,Lahore,Faisalabad,,Truck,Leopards,9,15647,,2026-11-17,2026-11-17,On Time,None,3,0,Yes,2026-11
ORD1712,2026-06-27,New City Store,Printer,Electronics,Supplier D,WH-01,Lahore,Islamabad,,Truck,Leopards,78,115416,,2026-07-04,2026-06-30,Delayed,Warehouse Issue,7,4,No,2026-06
ORD1713,2026-01-13,Ali Traders,Tablet,Electronics,Supplier E,WH-02,Lahore,Faisalabad,,Van,Leopards,12,10442,,2026-01-14,2026-01-15,On Time,None,1,-1,Yes,2026-01
ORD1714,2026-04-13,XYZ Ltd,Shirt,Clothing,Supplier C,WH-01,Lahore,Multan,,Truck,M&P,69,106359,,2026-04-21,2026-04-17,Delayed,Warehouse Issue,8,4,No,2026-04
ORD1715,2026-06-16,Metro Mart,Flour,Grocery,Supplier D,WH-01,Karachi,Islamabad,,Van,DHL,57,63132,,2026-06-19,2026-06-19,On Time,None,3,0,Yes,2026-06
ORD1716,2026-07-16,Ali Traders,Mobile,Electronics,Supplier C,WH-02,Lahore,Islamabad,,Rail,Leopards,93,86790,,2026-07-23,2026-07-23,On Time,None,7,0,Yes,2026-07
ORD1717,2026-09-09,XYZ Ltd,Sugar,Grocery,Supplier C,WH-04,Karachi,Lahore,,Courier,Leopards,69,122585,,2026-09-11,2026-09-12,On Time,None,2,-1,Yes,2026-09
ORD1718,2026-12-14,XYZ Ltd,Uniform,Clothing,Supplier B,WH-04,Rawalpindi,Lahore,,Truck,Pakistan Railways,51,80441,,2026-12-19,2026-12-19,On Time,None,5,0,Yes,2026-12
ORD1719,2026-06-29,Super Store,Office Chair,Furniture,Supplier B,WH-03,Karachi,Lahore,,Courier,Leopards,70,126620,,2026-07-05,2026-07-05,On Time,None,6,0,Yes,2026-06
ORD1720,2026-11-16,City Electronics,Shoes,Clothing,Supplier A,WH-02,Peshawar,Islamabad,,Truck,DHL,47,67623,,2026-11-17,2026-11-18,On Time,None,1,-1,Yes,2026-11
ORD1721,2026-09-19,City Electronics,Jacket,Clothing,Supplier B,WH-02,Islamabad,Peshawar,,Rail,M&P,27,23819,,2026-09-21,2026-09-21,On Time,None,2,0,Yes,2026-09
ORD1722,2026-07-13,Star Enterprises,Chair,Furniture,Supplier B,WH-01,Faisalabad,Lahore,,Courier,M&P,78,143447,,2026-07-20,2026-07-17,Delayed,Supplier Delay,7,3,No,2026-07
ORD1723,2026-03-30,Ali Traders,Uniform,Clothing,Supplier C,WH-03,Karachi,Faisalabad,,Truck,TCS,13,21993,,2026-04-05,2026-04-06,On Time,None,6,-1,Yes,2026-03
ORD1724,2026-10-07,Star Enterprises,Tablet,Electronics,Supplier D,WH-02,Lahore,Islamabad,,Courier,DHL,40,70846,,2026-10-11,2026-10-11,On Time,None,4,0,Yes,2026-10
ORD1725,2026-09-14,Star Enterprises,Bookshelf,Furniture,Supplier A,WH-03,Peshawar,Islamabad,,Courier,Pakistan Railways,3,5719,,2026-09-18,2026-09-19,On Time,None,4,-1,Yes,2026-09
ORD1726,2026-06-27,ABC Store,Laptop,Electronics,Supplier B,WH-01,Lahore,Multan,,Rail,M&P,26,25778,,2026-07-03,2026-07-04,On Time,None,6,-1,Yes,2026-06
ORD1727,2026-05-07,Ali Traders,Mouse,Electronics,Supplier A,WH-03,Peshawar,Islamabad,,Courier,TCS,31,56868,,2026-05-15,2026-05-10,Delayed,Warehouse Issue,8,5,No,2026-05
ORD1728,2026-01-28,Ali Traders,Table,Furniture,Supplier A,WH-02,Karachi,Lahore,,Courier,Pakistan Railways,76,138902,,2026-02-02,2026-02-03,On Time,None,5,-1,Yes,2026-01
ORD1729,2026-02-11,ABC Store,Rice,Grocery,Supplier A,WH-02,Karachi,Islamabad,,Courier,TCS,31,53676,,2026-02-17,2026-02-18,On Time,None,6,-1,Yes,2026-02
ORD1730,2026-10-29,Global Traders,Shirt,Clothing,Supplier A,WH-04,Lahore,Multan,,Rail,Pakistan Railways,97,84717,,2026-11-04,2026-11-05,On Time,None,6,-1,Yes,2026-10
ORD1731,2026-10-25,City Electronics,T-Shirt,Clothing,Supplier C,WH-03,Lahore,Islamabad,,Truck,TCS,27,45349,,2026-10-30,2026-10-30,On Time,None,5,0,Yes,2026-10
ORD1732,2026-09-29,XYZ Ltd,Laptop,Electronics,Supplier D,WH-02,Lahore,Faisalabad,,Courier,Pakistan Railways,96,169828,,2026-10-08,2026-10-04,Delayed,Supplier Delay,9,4,No,2026-09
ORD1733,2026-01-29,Metro Mart,Shirt,Clothing,Supplier D,WH-01,Multan,Karachi,,Truck,Pakistan Railways,89,134694,,2026-01-31,2026-01-31,On Time,None,2,0,Yes,2026-01
ORD1734,2026-03-21,XYZ Ltd,Bookshelf,Furniture,Supplier E,WH-04,Karachi,Islamabad,,Courier,Leopards,100,177988,,2026-03-30,2026-03-27,Delayed,Weather,9,3,No,2026-03
ORD1735,2026-01-21,Global Traders,T-Shirt,Clothing,Supplier A,WH-01,Lahore,Multan,,Rail,Pakistan Railways,2,4319,,2026-01-28,2026-01-28,On Time,None,7,0,Yes,2026-01
ORD1736,2026-06-30,Global Traders,Laptop,Electronics,Supplier B,WH-03,Karachi,Faisalabad,,Rail,DHL,99,87205,,2026-07-02,2026-07-03,On Time,None,2,-1,Yes,2026-06
ORD1737,2026-03-25,ABC Store,T-Shirt,Clothing,Supplier A,WH-04,Peshawar,Islamabad,,Courier,Pakistan Railways,46,86737,,2026-03-30,2026-03-30,On Time,None,5,0,Yes,2026-03
ORD1738,2026-01-11,Super Store,Uniform,Clothing,Supplier C,WH-01,Multan,Karachi,,Truck,DHL,74,114960,,2026-01-14,2026-01-15,On Time,None,3,-1,Yes,2026-01
ORD1739,2026-02-15,Pak Furniture,Mobile,Electronics,Supplier D,WH-03,Lahore,Multan,,Courier,TCS,1,2734,,2026-02-17,2026-02-17,On Time,None,2,0,Yes,2026-02
ORD1740,2026-01-24,Star Enterprises,Sugar,Grocery,Supplier C,WH-02,Gujranwala,Lahore,,Truck,Pakistan Railways,69,107591,,2026-01-27,2026-01-27,On Time,None,3,0,Yes,2026-01
ORD1741,2026-10-05,City Electronics,Monitor,Electronics,Supplier A,WH-01,Karachi,Islamabad,,Truck,Leopards,77,119130,,2026-10-07,2026-10-07,On Time,None,2,0,Yes,2026-10
ORD1742,2026-04-28,Ali Traders,Chair,Furniture,Supplier C,WH-01,Multan,Karachi,,Courier,M&P,98,180015,,2026-05-05,2026-05-05,On Time,None,7,0,Yes,2026-04
ORD1743,2026-12-24,City Electronics,Uniform,Clothing,Supplier B,WH-02,Karachi,Faisalabad,,Rail,DHL,40,37505,,2026-12-29,2026-12-26,Delayed,Traffic,5,3,No,2026-12
ORD1744,2026-03-02,City Electronics,Shoes,Clothing,Supplier C,WH-02,Rawalpindi,Lahore,,Courier,TCS,41,74670,,2026-03-05,2026-03-05,On Time,None,3,0,Yes,2026-03
ORD1745,2026-02-26,XYZ Ltd,Router,Electronics,Supplier D,WH-03,Karachi,Lahore,,Van,DHL,76,83648,,2026-03-03,2026-03-04,On Time,None,5,-1,Yes,2026-02
ORD1746,2026-06-24,Pak Furniture,Sugar,Grocery,Supplier D,WH-01,Karachi,Faisalabad,,Courier,DHL,30,57015,,2026-07-02,2026-06-29,Delayed,Vehicle Breakdown,8,3,No,2026-06
ORD1747,2026-08-11,Pak Furniture,Cooking Oil,Grocery,Supplier D,WH-04,Lahore,Multan,,Truck,M&P,9,14117,,2026-08-15,2026-08-13,Delayed,Traffic,4,2,No,2026-08
ORD1748,2026-09-14,Global Traders,Keyboard,Electronics,Supplier D,WH-03,Karachi,Faisalabad,,Courier,Pakistan Railways,83,152565,,2026-09-16,2026-09-17,On Time,None,2,-1,Yes,2026-09
ORD1749,2026-04-21,ABC Store,Jacket,Clothing,Supplier C,WH-02,Lahore,Faisalabad,,Truck,DHL,57,84928,,2026-04-23,2026-04-23,On Time,None,2,0,Yes,2026-04
ORD1750,2026-12-28,Global Traders,Sofa,Furniture,Supplier A,WH-02,Peshawar,Islamabad,,Van,M&P,34,40712,,2027-01-02,2027-01-02,On Time,None,5,0,Yes,2026-12
ORD1751,2026-03-17,Global Traders,Cabinet,Furniture,Supplier E,WH-03,Lahore,Islamabad,,Courier,Leopards,55,98053,,2026-03-24,2026-03-20,Delayed,Weather,7,4,No,2026-03
ORD1752,2026-03-15,Global Traders,Monitor,Electronics,Supplier C,WH-02,Gujranwala,Lahore,,Courier,Leopards,54,99865,,2026-03-17,2026-03-18,On Time,None,2,-1,Yes,2026-03
ORD1753,2026-04-22,Star Enterprises,Uniform,Clothing,Supplier E,WH-04,Peshawar,Islamabad,,Truck,Leopards,86,131685,,2026-04-24,2026-04-24,On Time,None,2,0,Yes,2026-04
ORD1754,2026-10-30,Metro Mart,Chair,Furniture,Supplier C,WH-03,Islamabad,Peshawar,,Rail,TCS,45,43956,,2026-10-31,2026-11-01,On Time,None,1,-1,Yes,2026-10
ORD1755,2026-08-31,Metro Mart,Uniform,Clothing,Supplier A,WH-03,Peshawar,Islamabad,,Courier,Leopards,33,62761,,2026-09-02,2026-09-02,On Time,None,2,0,Yes,2026-08
ORD1756,2026-07-30,Global Traders,Router,Electronics,Supplier E,WH-04,Rawalpindi,Lahore,,Rail,M&P,33,28000,,2026-08-03,2026-08-04,On Time,None,4,-1,Yes,2026-07
ORD1757,2026-05-04,Star Enterprises,Sugar,Grocery,Supplier B,WH-04,Islamabad,Peshawar,,Courier,DHL,59,109169,,2026-05-09,2026-05-07,Delayed,Weather,5,2,No,2026-05
ORD1758,2026-11-26,XYZ Ltd,Shirt,Clothing,Supplier A,WH-01,Rawalpindi,Lahore,,Rail,Leopards,55,51470,,2026-11-27,2026-11-28,On Time,None,1,-1,Yes,2026-11
ORD1759,2026-08-05,XYZ Ltd,Printer,Electronics,Supplier B,WH-03,Karachi,Lahore,,Rail,M&P,71,64210,,2026-08-10,2026-08-11,On Time,None,5,-1,Yes,2026-08
ORD1760,2026-07-11,XYZ Ltd,Mouse,Electronics,Supplier E,WH-01,Islamabad,Peshawar,,Van,DHL,4,8760,,2026-07-13,2026-07-14,On Time,None,2,-1,Yes,2026-07
ORD1761,2026-02-18,City Electronics,Bookshelf,Furniture,Supplier D,WH-03,Rawalpindi,Lahore,,Truck,TCS,55,83975,,2026-02-20,2026-02-20,On Time,None,2,0,Yes,2026-02
ORD1762,2026-08-26,Ali Traders,Office Chair,Furniture,Supplier A,WH-04,Islamabad,Peshawar,,Courier,TCS,44,81813,,2026-08-28,2026-08-28,On Time,None,2,0,Yes,2026-08
ORD1763,2026-10-26,Metro Mart,Table,Furniture,Supplier D,WH-04,Lahore,Multan,,Rail,M&P,49,45831,,2026-10-29,2026-10-29,On Time,None,3,0,Yes,2026-10
ORD1764,2026-03-23,New City Store,Cooking Oil,Grocery,Supplier D,WH-02,Lahore,Faisalabad,,Truck,Pakistan Railways,29,48347,,2026-04-02,2026-03-29,Delayed,Vehicle Breakdown,10,4,No,2026-03
ORD1765,2026-05-14,Ali Traders,Desk,Furniture,Supplier E,WH-03,Karachi,Lahore,,Van,Pakistan Railways,29,29942,,2026-05-19,2026-05-19,On Time,None,5,0,Yes,2026-05
ORD1766,2026-04-03,Star Enterprises,Tablet,Electronics,Supplier E,WH-01,Multan,Karachi,,Van,M&P,84,89791,,2026-04-07,2026-04-07,On Time,None,4,0,Yes,2026-04
ORD1767,2026-01-31,XYZ Ltd,Uniform,Clothing,Supplier D,WH-04,Multan,Karachi,,Rail,DHL,59,57169,,2026-02-03,2026-02-03,On Time,None,3,0,Yes,2026-01
ORD1768,2026-07-02,Metro Mart,Jacket,Clothing,Supplier E,WH-03,Lahore,Islamabad,,Courier,TCS,65,121038,,2026-07-07,2026-07-08,On Time,None,5,-1,Yes,2026-07
ORD1769,2026-08-03,Global Traders,Cooking Oil,Grocery,Supplier A,WH-02,Lahore,Islamabad,,Truck,TCS,73,114362,,2026-08-05,2026-08-06,On Time,None,2,-1,Yes,2026-08
ORD1770,2026-04-06,ABC Store,Flour,Grocery,Supplier B,WH-01,Karachi,Islamabad,,Rail,Pakistan Railways,74,71086,,2026-04-07,2026-04-08,On Time,None,1,-1,Yes,2026-04
ORD1771,2026-03-22,Pak Furniture,Table,Furniture,Supplier B,WH-02,Lahore,Islamabad,,Van,DHL,46,48150,,2026-03-27,2026-03-24,Delayed,Vehicle Breakdown,5,3,No,2026-03
ORD1772,2026-06-26,Ali Traders,Monitor,Electronics,Supplier C,WH-03,Faisalabad,Lahore,,Truck,DHL,52,79758,,2026-07-02,2026-07-02,On Time,None,6,0,Yes,2026-06
ORD1773,2026-12-22,Metro Mart,Office Chair,Furniture,Supplier B,WH-02,Lahore,Multan,,Rail,DHL,51,50429,,2026-12-24,2026-12-25,On Time,None,2,-1,Yes,2026-12
ORD1774,2026-01-04,Star Enterprises,Keyboard,Electronics,Supplier E,WH-02,Karachi,Lahore,,Van,M&P,97,105913,,2026-01-11,2026-01-06,Delayed,Traffic,7,5,No,2026-01
ORD1775,2026-08-16,Pak Furniture,Jacket,Clothing,Supplier E,WH-02,Lahore,Islamabad,,Truck,DHL,32,52921,,2026-08-20,2026-08-21,On Time,None,4,-1,Yes,2026-08
ORD1776,2026-09-04,Global Traders,Tea,Grocery,Supplier C,WH-03,Lahore,Multan,,Truck,TCS,50,73493,,2026-09-10,2026-09-10,On Time,None,6,0,Yes,2026-09
ORD1777,2026-11-25,ABC Store,Sofa,Furniture,Supplier C,WH-01,Peshawar,Islamabad,,Van,DHL,51,56756,,2026-11-26,2026-11-27,On Time,None,1,-1,Yes,2026-11
ORD1778,2026-09-04,Pak Furniture,Bookshelf,Furniture,Supplier D,WH-02,Multan,Karachi,,Rail,Leopards,41,35138,,2026-09-11,2026-09-11,On Time,None,7,0,Yes,2026-09
ORD1779,2026-05-09,Super Store,Tablet,Electronics,Supplier A,WH-04,Karachi,Lahore,,Courier,DHL,4,4236,,2026-05-15,2026-05-15,On Time,None,6,0,Yes,2026-05
ORD1780,2026-06-11,XYZ Ltd,Rice,Grocery,Supplier B,WH-02,Gujranwala,Lahore,,Truck,TCS,46,71661,,2026-06-14,2026-06-14,On Time,None,3,0,Yes,2026-06
ORD1781,2026-01-06,Pak Furniture,Printer,Electronics,Supplier B,WH-02,Karachi,Lahore,,Truck,M&P,31,48957,,2026-01-08,2026-01-08,On Time,None,2,0,Yes,2026-01
ORD1782,2026-09-06,New City Store,Uniform,Clothing,Supplier B,WH-03,Rawalpindi,Lahore,,Van,M&P,89,100972,,2026-09-09,2026-09-10,On Time,None,3,-1,Yes,2026-09
ORD1783,2026-02-17,Star Enterprises,Bookshelf,Furniture,Supplier C,WH-03,Gujranwala,Lahore,,Truck,Pakistan Railways,24,39028,,2026-02-19,2026-02-19,On Time,None,2,0,Yes,2026-02
ORD1784,2026-09-10,Ali Traders,Shoes,Clothing,Supplier D,WH-02,Islamabad,Peshawar,,Van,DHL,76,85429,,2026-09-15,2026-09-16,On Time,None,5,-1,Yes,2026-09
ORD1785,2026-07-03,New City Store,Tablet,Electronics,Supplier C,WH-04,Gujranwala,Lahore,,Rail,Leopards,36,29869,,2026-07-09,2026-07-09,On Time,None,6,0,Yes,2026-07
ORD1786,2026-09-27,Star Enterprises,Office Chair,Furniture,Supplier E,WH-02,Faisalabad,Lahore,,Courier,Leopards,18,32713,,2026-10-05,2026-09-30,Delayed,Vehicle Breakdown,8,5,No,2026-09
ORD1787,2026-07-23,Global Traders,Bookshelf,Furniture,Supplier E,WH-02,Faisalabad,Lahore,,Rail,DHL,100,92223,,2026-07-26,2026-07-27,On Time,None,3,-1,Yes,2026-07
ORD1788,2026-10-27,Super Store,Cabinet,Furniture,Supplier B,WH-02,Lahore,Multan,,Rail,TCS,97,85170,,2026-11-06,2026-11-02,Delayed,Weather,10,4,No,2026-10
ORD1789,2026-06-03,Global Traders,Cabinet,Furniture,Supplier D,WH-02,Peshawar,Islamabad,,Rail,DHL,83,71804,,2026-06-04,2026-06-05,On Time,None,1,-1,Yes,2026-06
ORD1790,2026-03-25,Metro Mart,Rice,Grocery,Supplier C,WH-02,Peshawar,Islamabad,,Truck,TCS,78,119752,,2026-03-31,2026-04-01,On Time,None,6,-1,Yes,2026-03
ORD1791,2026-12-22,Global Traders,Tablet,Electronics,Supplier D,WH-04,Lahore,Islamabad,,Rail,M&P,7,11187,,2026-12-27,2026-12-28,On Time,None,5,-1,Yes,2026-12
ORD1792,2026-04-05,ABC Store,Jacket,Clothing,Supplier A,WH-01,Gujranwala,Lahore,,Van,Pakistan Railways,10,8408,,2026-04-11,2026-04-12,On Time,None,6,-1,Yes,2026-04
ORD1793,2026-05-06,Pak Furniture,Cabinet,Furniture,Supplier E,WH-02,Lahore,Multan,,Van,M&P,60,63767,,2026-05-07,2026-05-08,On Time,None,1,-1,Yes,2026-05
ORD1794,2026-07-15,Ali Traders,Mouse,Electronics,Supplier A,WH-02,Rawalpindi,Lahore,,Courier,TCS,42,75876,,2026-07-19,2026-07-19,On Time,None,4,0,Yes,2026-07
ORD1795,2026-01-29,Global Traders,Trousers,Clothing,Supplier D,WH-03,Islamabad,Peshawar,,Rail,TCS,2,3489,,2026-02-01,2026-02-02,On Time,None,3,-1,Yes,2026-01
ORD1796,2026-04-13,City Electronics,Shirt,Clothing,Supplier D,WH-04,Karachi,Faisalabad,,Van,DHL,87,93611,,2026-04-15,2026-04-16,On Time,None,2,-1,Yes,2026-04
ORD1797,2026-07-30,ABC Store,Printer,Electronics,Supplier C,WH-01,Multan,Karachi,,Rail,DHL,26,26260,,2026-08-01,2026-08-01,On Time,None,2,0,Yes,2026-07
ORD1798,2026-05-28,ABC Store,Sofa,Furniture,Supplier B,WH-04,Rawalpindi,Lahore,,Courier,Pakistan Railways,47,85504,,2026-06-01,2026-06-02,On Time,None,4,-1,Yes,2026-05
ORD1799,2026-08-05,Metro Mart,Tea,Grocery,Supplier C,WH-02,Peshawar,Islamabad,,Truck,M&P,55,86126,,2026-08-07,2026-08-07,On Time,None,2,0,Yes,2026-08
ORD1800,2026-02-21,Star Enterprises,Shirt,Clothing,Supplier A,WH-04,Peshawar,Islamabad,,Van,DHL,39,45612,,2026-02-26,2026-02-24,Delayed,Vehicle Breakdown,5,2,No,2026-02
ORD1801,2026-10-14,Metro Mart,Jacket,Clothing,Supplier C,WH-03,Karachi,Lahore,,Courier,DHL,29,51400,,2026-10-18,2026-10-18,On Time,None,4,0,Yes,2026-10
ORD1802,2026-04-11,Star Enterprises,T-Shirt,Clothing,Supplier C,WH-04,Peshawar,Islamabad,,Truck,DHL,46,73161,,2026-04-15,2026-04-15,On Time,None,4,0,Yes,2026-04
ORD1803,2026-04-26,Super Store,Sofa,Furniture,Supplier E,WH-01,Karachi,Islamabad,,Courier,DHL,26,48024,,2026-05-01,2026-05-01,On Time,None,5,0,Yes,2026-04
ORD1804,2026-02-02,Ali Traders,Keyboard,Electronics,Supplier B,WH-03,Karachi,Faisalabad,,Rail,Leopards,95,90230,,2026-02-10,2026-02-06,Delayed,Vehicle Breakdown,8,4,No,2026-02
ORD1805,2026-05-01,Pak Furniture,Laptop,Electronics,Supplier E,WH-02,Rawalpindi,Lahore,,Truck,M&P,87,131000,,2026-05-03,2026-05-03,On Time,None,2,0,Yes,2026-05
ORD1806,2026-02-18,City Electronics,Sofa,Furniture,Supplier E,WH-03,Karachi,Islamabad,,Van,Leopards,7,7945,,2026-02-25,2026-02-25,On Time,None,7,0,Yes,2026-02
ORD1807,2026-11-30,Pak Furniture,Jacket,Clothing,Supplier D,WH-04,Lahore,Multan,,Courier,DHL,52,95133,,2026-12-02,2026-12-02,On Time,None,2,0,Yes,2026-11
ORD1808,2026-12-22,ABC Store,Tea,Grocery,Supplier E,WH-01,Lahore,Islamabad,,Van,Leopards,61,71673,,2026-12-30,2026-12-29,Delayed,Traffic,8,1,No,2026-12
ORD1809,2026-09-22,City Electronics,Rice,Grocery,Supplier D,WH-04,Lahore,Islamabad,,Rail,DHL,47,42674,,2026-09-28,2026-09-27,Delayed,Weather,6,1,No,2026-09
ORD1810,2026-12-28,Metro Mart,Jacket,Clothing,Supplier D,WH-02,Islamabad,Peshawar,,Truck,Leopards,62,95280,,2027-01-01,2027-01-02,On Time,None,4,-1,Yes,2026-12
ORD1811,2026-07-27,Global Traders,Tablet,Electronics,Supplier B,WH-02,Multan,Karachi,,Courier,Leopards,74,135462,,2026-07-30,2026-07-31,On Time,None,3,-1,Yes,2026-07
ORD1812,2026-09-20,Global Traders,Jacket,Clothing,Supplier B,WH-03,Karachi,Faisalabad,,Truck,Leopards,61,94655,,2026-09-22,2026-09-23,On Time,None,2,-1,Yes,2026-09
ORD1813,2026-06-05,XYZ Ltd,Shoes,Clothing,Supplier A,WH-03,Karachi,Faisalabad,,Rail,TCS,86,79616,,2026-06-08,2026-06-09,On Time,None,3,-1,Yes,2026-06
ORD1814,2026-03-02,Global Traders,Printer,Electronics,Supplier E,WH-04,Gujranwala,Lahore,,Truck,Pakistan Railways,52,80593,,2026-03-09,2026-03-09,On Time,None,7,0,Yes,2026-03
ORD1815,2026-07-20,Metro Mart,Office Chair,Furniture,Supplier A,WH-01,Multan,Karachi,,Van,Pakistan Railways,87,100042,,2026-07-21,2026-07-22,On Time,None,1,-1,Yes,2026-07
ORD1816,2026-09-18,New City Store,Tablet,Electronics,Supplier D,WH-01,Lahore,Faisalabad,,Van,Leopards,90,98644,,2026-09-20,2026-09-21,On Time,None,2,-1,Yes,2026-09
ORD1817,2026-08-26,ABC Store,Uniform,Clothing,Supplier A,WH-04,Karachi,Islamabad,,Rail,DHL,52,48611,,2026-09-01,2026-08-30,Delayed,Supplier Delay,6,2,No,2026-08
ORD1818,2026-10-02,Metro Mart,Monitor,Electronics,Supplier C,WH-03,Karachi,Faisalabad,,Truck,TCS,37,55439,,2026-10-08,2026-10-08,On Time,None,6,0,Yes,2026-10
ORD1819,2026-08-19,Ali Traders,T-Shirt,Clothing,Supplier B,WH-01,Peshawar,Islamabad,,Rail,Pakistan Railways,57,49855,,2026-08-20,2026-08-21,On Time,None,1,-1,Yes,2026-08
ORD1820,2026-05-20,Metro Mart,Milk Powder,Grocery,Supplier B,WH-01,Gujranwala,Lahore,,Van,TCS,60,68936,,2026-05-30,2026-05-26,Delayed,Supplier Delay,10,4,No,2026-05
ORD1821,2026-01-03,Super Store,Uniform,Clothing,Supplier C,WH-02,Karachi,Faisalabad,,Truck,M&P,83,125822,,2026-01-08,2026-01-09,On Time,None,5,-1,Yes,2026-01
ORD1822,2026-02-22,Super Store,Tea,Grocery,Supplier B,WH-01,Faisalabad,Lahore,,Truck,DHL,58,90346,,2026-02-25,2026-02-24,Delayed,Supplier Delay,3,1,No,2026-02
ORD1823,2026-03-21,Super Store,Rice,Grocery,Supplier D,WH-01,Islamabad,Peshawar,,Truck,Pakistan Railways,81,122918,,2026-03-22,2026-03-23,On Time,None,1,-1,Yes,2026-03
ORD1824,2026-08-21,XYZ Ltd,Trousers,Clothing,Supplier E,WH-02,Peshawar,Islamabad,,Courier,Pakistan Railways,23,43735,,2026-08-25,2026-08-25,On Time,None,4,0,Yes,2026-08
ORD1825,2026-01-16,Ali Traders,Trousers,Clothing,Supplier E,WH-03,Peshawar,Islamabad,,Van,Leopards,81,88357,,2026-01-23,2026-01-18,Delayed,Traffic,7,5,No,2026-01
ORD1826,2026-08-05,New City Store,Mouse,Electronics,Supplier A,WH-02,Rawalpindi,Lahore,,Courier,Leopards,17,27727,,2026-08-13,2026-08-11,Delayed,Traffic,8,2,No,2026-08
ORD1827,2026-05-03,New City Store,Router,Electronics,Supplier A,WH-02,Multan,Karachi,,Van,M&P,36,38806,,2026-05-06,2026-05-06,On Time,None,3,0,Yes,2026-05
ORD1828,2026-11-19,XYZ Ltd,Flour,Grocery,Supplier E,WH-04,Lahore,Islamabad,,Truck,DHL,2,6027,,2026-11-25,2026-11-26,On Time,None,6,-1,Yes,2026-11
ORD1829,2026-06-02,XYZ Ltd,Sugar,Grocery,Supplier D,WH-01,Peshawar,Islamabad,,Truck,DHL,29,44256,,2026-06-05,2026-06-06,On Time,None,3,-1,Yes,2026-06
ORD1830,2026-10-10,City Electronics,Shoes,Clothing,Supplier A,WH-02,Peshawar,Islamabad,,Courier,Leopards,1,1500,,2026-10-14,2026-10-14,On Time,None,4,0,Yes,2026-10
ORD1831,2026-03-10,City Electronics,Keyboard,Electronics,Supplier C,WH-02,Gujranwala,Lahore,,Courier,M&P,65,120175,,2026-03-12,2026-03-12,On Time,None,2,0,Yes,2026-03
ORD1832,2026-07-08,City Electronics,Monitor,Electronics,Supplier D,WH-03,Lahore,Faisalabad,,Van,TCS,46,54762,,2026-07-15,2026-07-15,On Time,None,7,0,Yes,2026-07
ORD1833,2026-05-08,Star Enterprises,Flour,Grocery,Supplier D,WH-04,Lahore,Multan,,Van,DHL,30,33505,,2026-05-10,2026-05-10,On Time,None,2,0,Yes,2026-05
ORD1834,2026-11-06,New City Store,Jacket,Clothing,Supplier E,WH-01,Lahore,Multan,,Rail,Pakistan Railways,40,37644,,2026-11-10,2026-11-11,On Time,None,4,-1,Yes,2026-11
ORD1835,2026-03-11,Ali Traders,Sugar,Grocery,Supplier E,WH-04,Lahore,Multan,,Van,Leopards,73,82378,,2026-03-18,2026-03-14,Delayed,Warehouse Issue,7,4,No,2026-03
ORD1836,2026-02-07,Global Traders,Trousers,Clothing,Supplier B,WH-03,Multan,Karachi,,Van,Pakistan Railways,95,106441,,2026-02-13,2026-02-14,On Time,None,6,-1,Yes,2026-02
ORD1837,2026-06-14,Star Enterprises,Shoes,Clothing,Supplier E,WH-04,Gujranwala,Lahore,,Courier,Leopards,79,140734,,2026-06-18,2026-06-18,On Time,None,4,0,Yes,2026-06
ORD1838,2026-01-07,City Electronics,Monitor,Electronics,Supplier C,WH-02,Lahore,Islamabad,,Rail,Pakistan Railways,32,26583,,2026-01-10,2026-01-11,On Time,None,3,-1,Yes,2026-01
ORD1839,2026-11-03,ABC Store,Table,Furniture,Supplier D,WH-01,Lahore,Islamabad,,Truck,TCS,38,56437,,2026-11-05,2026-11-05,On Time,None,2,0,Yes,2026-11
ORD1840,2026-07-24,XYZ Ltd,Printer,Electronics,Supplier B,WH-01,Karachi,Islamabad,,Truck,DHL,39,56468,,2026-07-26,2026-07-26,On Time,None,2,0,Yes,2026-07
ORD1841,2026-06-14,XYZ Ltd,Trousers,Clothing,Supplier A,WH-04,Karachi,Faisalabad,,Rail,Leopards,39,33408,,2026-06-20,2026-06-21,On Time,None,6,-1,Yes,2026-06
ORD1842,2026-06-01,Ali Traders,Tea,Grocery,Supplier B,WH-01,Lahore,Faisalabad,,Van,DHL,44,52212,,2026-06-08,2026-06-04,Delayed,Warehouse Issue,7,4,No,2026-06
ORD1843,2026-08-08,New City Store,Printer,Electronics,Supplier E,WH-04,Lahore,Multan,,Truck,M&P,52,79374,,2026-08-10,2026-08-11,On Time,None,2,-1,Yes,2026-08
ORD1844,2026-08-31,Pak Furniture,Bookshelf,Furniture,Supplier A,WH-04,Peshawar,Islamabad,,Courier,Leopards,13,28071,,2026-09-06,2026-09-06,On Time,None,6,0,Yes,2026-08
ORD1845,2026-09-03,XYZ Ltd,Rice,Grocery,Supplier C,WH-02,Karachi,Islamabad,,Courier,M&P,16,31623,,2026-09-05,2026-09-06,On Time,None,2,-1,Yes,2026-09
ORD1846,2026-12-03,Metro Mart,Uniform,Clothing,Supplier E,WH-03,Multan,Karachi,,Truck,TCS,7,11564,,2026-12-07,2026-12-08,On Time,None,4,-1,Yes,2026-12
ORD1847,2026-02-07,Global Traders,Rice,Grocery,Supplier B,WH-04,Karachi,Lahore,,Van,TCS,19,23593,,2026-02-10,2026-02-11,On Time,None,3,-1,Yes,2026-02
ORD1848,2026-10-30,Metro Mart,Trousers,Clothing,Supplier B,WH-04,Lahore,Islamabad,,Van,M&P,94,101906,,2026-11-03,2026-11-03,On Time,None,4,0,Yes,2026-10
ORD1849,2026-05-21,Global Traders,Tea,Grocery,Supplier E,WH-01,Karachi,Islamabad,,Courier,Leopards,4,7836,,2026-05-28,2026-05-28,On Time,None,7,0,Yes,2026-05
ORD1850,2026-03-07,Metro Mart,Rice,Grocery,Supplier A,WH-04,Multan,Karachi,,Rail,TCS,100,93201,,2026-03-17,2026-03-13,Delayed,Traffic,10,4,No,2026-03
ORD1851,2026-12-19,Star Enterprises,Rice,Grocery,Supplier D,WH-02,Karachi,Faisalabad,,Van,Pakistan Railways,76,83443,,2026-12-21,2026-12-21,On Time,None,2,0,Yes,2026-12
ORD1852,2026-04-09,City Electronics,Mobile,Electronics,Supplier E,WH-03,Lahore,Faisalabad,,Truck,M&P,45,68961,,2026-04-17,2026-04-16,Delayed,Vehicle Breakdown,8,1,No,2026-04
ORD1853,2026-08-20,City Electronics,Milk Powder,Grocery,Supplier E,WH-04,Karachi,Faisalabad,,Rail,DHL,78,72659,,2026-08-21,2026-08-22,On Time,None,1,-1,Yes,2026-08
ORD1854,2026-11-28,Global Traders,Shirt,Clothing,Supplier A,WH-03,Lahore,Islamabad,,Van,TCS,92,100751,,2026-12-01,2026-12-02,On Time,None,3,-1,Yes,2026-11
ORD1855,2026-10-04,City Electronics,Monitor,Electronics,Supplier E,WH-02,Lahore,Multan,,Truck,Pakistan Railways,4,8578,,2026-10-07,2026-10-07,On Time,None,3,0,Yes,2026-10
ORD1856,2026-03-24,Ali Traders,Cabinet,Furniture,Supplier C,WH-04,Karachi,Faisalabad,,Rail,TCS,85,77143,,2026-03-29,2026-03-30,On Time,None,5,-1,Yes,2026-03
ORD1857,2026-07-20,Pak Furniture,Cabinet,Furniture,Supplier C,WH-01,Multan,Karachi,,Rail,Leopards,91,83817,,2026-07-22,2026-07-23,On Time,None,2,-1,Yes,2026-07
ORD1858,2026-06-25,Super Store,Table,Furniture,Supplier A,WH-02,Peshawar,Islamabad,,Courier,M&P,34,65163,,2026-06-26,2026-06-27,On Time,None,1,-1,Yes,2026-06
ORD1859,2026-08-10,Global Traders,Router,Electronics,Supplier A,WH-02,Lahore,Islamabad,,Truck,Pakistan Railways,90,137039,,2026-08-12,2026-08-12,On Time,None,2,0,Yes,2026-08
ORD1860,2026-04-24,ABC Store,Monitor,Electronics,Supplier B,WH-04,Multan,Karachi,,Truck,TCS,43,65900,,2026-04-27,2026-04-28,On Time,None,3,-1,Yes,2026-04
ORD1861,2026-06-25,XYZ Ltd,Trousers,Clothing,Supplier B,WH-01,Karachi,Lahore,,Courier,TCS,38,69125,,2026-07-01,2026-07-02,On Time,None,6,-1,Yes,2026-06
ORD1862,2026-03-17,Ali Traders,Sugar,Grocery,Supplier E,WH-04,Karachi,Faisalabad,,Truck,Leopards,62,97798,,2026-03-21,2026-03-21,On Time,None,4,0,Yes,2026-03
ORD1863,2026-06-01,Global Traders,Tablet,Electronics,Supplier B,WH-01,Rawalpindi,Lahore,,Truck,M&P,50,78110,,2026-06-03,2026-06-03,On Time,None,2,0,Yes,2026-06
ORD1864,2026-05-05,New City Store,Cooking Oil,Grocery,Supplier D,WH-04,Multan,Karachi,,Van,Leopards,24,25433,,2026-05-09,2026-05-09,On Time,None,4,0,Yes,2026-05
ORD1865,2026-01-02,Pak Furniture,Chair,Furniture,Supplier B,WH-04,Karachi,Lahore,,Rail,TCS,17,15363,,2026-01-07,2026-01-07,On Time,None,5,0,Yes,2026-01
ORD1866,2026-01-04,Metro Mart,T-Shirt,Clothing,Supplier D,WH-01,Faisalabad,Lahore,,Truck,Leopards,31,43840,,2026-01-09,2026-01-09,On Time,None,5,0,Yes,2026-01
ORD1867,2026-01-05,Pak Furniture,Tablet,Electronics,Supplier E,WH-01,Karachi,Faisalabad,,Courier,M&P,2,5710,,2026-01-10,2026-01-11,On Time,None,5,-1,Yes,2026-01
ORD1868,2026-04-21,New City Store,Mobile,Electronics,Supplier B,WH-01,Gujranwala,Lahore,,Van,TCS,19,20888,,2026-04-27,2026-04-24,Delayed,Vehicle Breakdown,6,3,No,2026-04
ORD1869,2026-03-22,Metro Mart,Jacket,Clothing,Supplier E,WH-04,Gujranwala,Lahore,,Rail,DHL,15,15206,,2026-03-29,2026-03-29,On Time,None,7,0,Yes,2026-03
ORD1870,2026-01-22,Ali Traders,Shirt,Clothing,Supplier B,WH-04,Faisalabad,Lahore,,Courier,M&P,85,152635,,2026-01-25,2026-01-26,On Time,None,3,-1,Yes,2026-01
ORD1871,2026-01-23,Pak Furniture,Milk Powder,Grocery,Supplier E,WH-03,Gujranwala,Lahore,,Rail,M&P,29,27309,,2026-01-26,2026-01-25,Delayed,Supplier Delay,3,1,No,2026-01
ORD1872,2026-03-03,Star Enterprises,Jacket,Clothing,Supplier C,WH-02,Karachi,Islamabad,,Rail,M&P,51,46227,,2026-03-06,2026-03-06,On Time,None,3,0,Yes,2026-03
ORD1873,2026-03-18,ABC Store,T-Shirt,Clothing,Supplier D,WH-01,Faisalabad,Lahore,,Courier,Leopards,2,2522,,2026-03-27,2026-03-23,Delayed,Weather,9,4,No,2026-03
ORD1874,2026-06-08,Star Enterprises,Shirt,Clothing,Supplier D,WH-01,Karachi,Islamabad,,Courier,DHL,97,175053,,2026-06-15,2026-06-13,Delayed,Vehicle Breakdown,7,2,No,2026-06
ORD1875,2026-02-02,Pak Furniture,Rice,Grocery,Supplier A,WH-03,Islamabad,Peshawar,,Truck,TCS,57,84387,,2026-02-08,2026-02-09,On Time,None,6,-1,Yes,2026-02
ORD1876,2026-08-05,Global Traders,Keyboard,Electronics,Supplier D,WH-01,Faisalabad,Lahore,,Courier,Pakistan Railways,8,14459,,2026-08-11,2026-08-08,Delayed,Traffic,6,3,No,2026-08
ORD1877,2026-04-18,Metro Mart,Flour,Grocery,Supplier D,WH-03,Lahore,Islamabad,,Courier,M&P,94,172305,,2026-04-22,2026-04-22,On Time,None,4,0,Yes,2026-04
ORD1878,2026-12-22,Global Traders,Keyboard,Electronics,Supplier D,WH-01,Peshawar,Islamabad,,Truck,Pakistan Railways,82,124715,,2026-12-28,2026-12-28,On Time,None,6,0,Yes,2026-12
ORD1879,2026-07-27,New City Store,Sofa,Furniture,Supplier C,WH-04,Karachi,Lahore,,Van,DHL,42,49044,,2026-08-02,2026-08-02,On Time,None,6,0,Yes,2026-07
ORD1880,2026-07-22,Star Enterprises,Keyboard,Electronics,Supplier D,WH-01,Lahore,Multan,,Van,Leopards,61,70664,,2026-08-01,2026-07-29,Delayed,Weather,10,3,No,2026-07
ORD1881,2026-01-04,ABC Store,Table,Furniture,Supplier A,WH-03,Multan,Karachi,,Courier,DHL,28,48953,,2026-01-07,2026-01-07,On Time,None,3,0,Yes,2026-01
ORD1882,2026-04-19,XYZ Ltd,Cabinet,Furniture,Supplier D,WH-03,Karachi,Islamabad,,Truck,DHL,72,112549,,2026-04-21,2026-04-22,On Time,None,2,-1,Yes,2026-04
ORD1883,2026-07-22,Global Traders,T-Shirt,Clothing,Supplier E,WH-02,Karachi,Islamabad,,Van,Leopards,61,71623,,2026-07-24,2026-07-25,On Time,None,2,-1,Yes,2026-07
ORD1884,2026-04-25,Star Enterprises,Milk Powder,Grocery,Supplier B,WH-01,Lahore,Multan,,Van,DHL,3,5012,,2026-04-26,2026-04-27,On Time,None,1,-1,Yes,2026-04
ORD1885,2026-02-03,Super Store,Table,Furniture,Supplier B,WH-03,Karachi,Islamabad,,Van,DHL,39,43952,,2026-02-15,2026-02-10,Delayed,Supplier Delay,12,5,No,2026-02
ORD1886,2026-03-18,New City Store,Router,Electronics,Supplier C,WH-03,Karachi,Lahore,,Rail,M&P,89,79902,,2026-03-20,2026-03-21,On Time,None,2,-1,Yes,2026-03
ORD1887,2026-08-15,Pak Furniture,T-Shirt,Clothing,Supplier E,WH-01,Islamabad,Peshawar,,Van,TCS,4,1500,,2026-08-22,2026-08-22,On Time,None,7,0,Yes,2026-08
ORD1888,2026-05-06,Metro Mart,Table,Furniture,Supplier D,WH-02,Lahore,Multan,,Courier,Leopards,60,108824,,2026-05-08,2026-05-09,On Time,None,2,-1,Yes,2026-05
ORD1889,2026-08-01,Star Enterprises,Mouse,Electronics,Supplier D,WH-03,Gujranwala,Lahore,,Courier,TCS,57,99628,,2026-08-03,2026-08-04,On Time,None,2,-1,Yes,2026-08
ORD1890,2026-05-02,Super Store,Keyboard,Electronics,Supplier E,WH-03,Lahore,Multan,,Rail,DHL,81,72256,,2026-05-03,2026-05-04,On Time,None,1,-1,Yes,2026-05
ORD1891,2026-11-24,Global Traders,Milk Powder,Grocery,Supplier A,WH-02,Rawalpindi,Lahore,,Rail,TCS,87,80608,,2026-11-29,2026-11-29,On Time,None,5,0,Yes,2026-11
ORD1892,2026-09-17,XYZ Ltd,Shoes,Clothing,Supplier D,WH-02,Faisalabad,Lahore,,Truck,Leopards,21,28612,,2026-09-19,2026-09-19,On Time,None,2,0,Yes,2026-09
ORD1893,2026-04-08,Star Enterprises,Milk Powder,Grocery,Supplier D,WH-03,Multan,Karachi,,Truck,M&P,74,111668,,2026-04-12,2026-04-12,On Time,None,4,0,Yes,2026-04
ORD1894,2026-11-27,New City Store,Chair,Furniture,Supplier E,WH-02,Peshawar,Islamabad,,Courier,Pakistan Railways,70,128800,,2026-11-30,2026-12-01,On Time,None,3,-1,Yes,2026-11
ORD1895,2026-05-12,New City Store,Shirt,Clothing,Supplier E,WH-03,Faisalabad,Lahore,,Truck,M&P,77,118252,,2026-05-19,2026-05-19,On Time,None,7,0,Yes,2026-05
ORD1896,2026-08-12,City Electronics,Table,Furniture,Supplier B,WH-02,Peshawar,Islamabad,,Rail,Leopards,13,9771,,2026-08-19,2026-08-14,Delayed,Supplier Delay,7,5,No,2026-08
ORD1897,2026-12-27,Star Enterprises,Mobile,Electronics,Supplier C,WH-03,Lahore,Faisalabad,,Rail,DHL,33,26833,,2026-12-28,2026-12-29,On Time,None,1,-1,Yes,2026-12
ORD1898,2026-12-17,Global Traders,Uniform,Clothing,Supplier B,WH-02,Islamabad,Peshawar,,Rail,Leopards,39,33514,,2026-12-28,2026-12-24,Delayed,Warehouse Issue,11,4,No,2026-12
ORD1899,2026-09-16,Global Traders,Tablet,Electronics,Supplier B,WH-02,Rawalpindi,Lahore,,Courier,TCS,43,79784,,2026-09-22,2026-09-22,On Time,None,6,0,Yes,2026-09
ORD1900,2026-02-04,Super Store,Mouse,Electronics,Supplier A,WH-02,Gujranwala,Lahore,,Rail,Pakistan Railways,83,74731,,2026-02-09,2026-02-09,On Time,None,5,0,Yes,2026-02
ORD1901,2026-07-20,Ali Traders,Tea,Grocery,Supplier D,WH-04,Peshawar,Islamabad,,Rail,Pakistan Railways,100,93527,,2026-07-30,2026-07-25,Delayed,Weather,10,5,No,2026-07
ORD1902,2026-01-02,New City Store,Trousers,Clothing,Supplier B,WH-04,Karachi,Lahore,,Truck,Pakistan Railways,8,13701,,2026-01-05,2026-01-05,On Time,None,3,0,Yes,2026-01
ORD1903,2026-07-25,XYZ Ltd,Mobile,Electronics,Supplier D,WH-03,Faisalabad,Lahore,,Rail,Leopards,88,80349,,2026-07-30,2026-07-30,On Time,None,5,0,Yes,2026-07
ORD1904,2026-09-13,Star Enterprises,Jacket,Clothing,Supplier C,WH-03,Rawalpindi,Lahore,,Rail,TCS,23,19787,,2026-09-17,2026-09-18,On Time,None,4,-1,Yes,2026-09
ORD1905,2026-01-04,Ali Traders,T-Shirt,Clothing,Supplier D,WH-03,Lahore,Faisalabad,,Courier,Pakistan Railways,17,29985,,2026-01-12,2026-01-11,Delayed,Warehouse Issue,8,1,No,2026-01
ORD1906,2026-07-15,Pak Furniture,Flour,Grocery,Supplier A,WH-02,Lahore,Multan,,Rail,M&P,34,28162,,2026-07-21,2026-07-21,On Time,None,6,0,Yes,2026-07
ORD1907,2026-06-01,Ali Traders,Office Chair,Furniture,Supplier B,WH-02,Lahore,Faisalabad,,Courier,Pakistan Railways,55,96139,,2026-06-07,2026-06-07,On Time,None,6,0,Yes,2026-06
ORD1908,2026-08-29,Ali Traders,Router,Electronics,Supplier A,WH-02,Multan,Karachi,,Van,TCS,80,87443,,2026-09-04,2026-09-02,Delayed,Supplier Delay,6,2,No,2026-08
ORD1909,2026-11-26,Super Store,Tablet,Electronics,Supplier A,WH-03,Gujranwala,Lahore,,Truck,Pakistan Railways,79,121528,,2026-12-02,2026-12-02,On Time,None,6,0,Yes,2026-11
ORD1910,2026-02-05,Metro Mart,Milk Powder,Grocery,Supplier E,WH-01,Peshawar,Islamabad,,Courier,TCS,78,141296,,2026-02-11,2026-02-11,On Time,None,6,0,Yes,2026-02
ORD1911,2026-03-11,City Electronics,Sugar,Grocery,Supplier E,WH-03,Karachi,Lahore,,Van,M&P,50,56992,,2026-03-15,2026-03-15,On Time,None,4,0,Yes,2026-03
ORD1912,2026-06-12,Ali Traders,Trousers,Clothing,Supplier C,WH-04,Gujranwala,Lahore,,Courier,M&P,66,123776,,2026-06-14,2026-06-14,On Time,None,2,0,Yes,2026-06
ORD1913,2026-11-24,Metro Mart,Milk Powder,Grocery,Supplier A,WH-03,Peshawar,Islamabad,,Truck,DHL,85,128040,,2026-12-01,2026-11-26,Delayed,Vehicle Breakdown,7,5,No,2026-11
ORD1914,2026-05-19,XYZ Ltd,Monitor,Electronics,Supplier A,WH-03,Lahore,Faisalabad,,Van,M&P,67,72996,,2026-05-24,2026-05-25,On Time,None,5,-1,Yes,2026-05
ORD1915,2026-08-28,Metro Mart,Sugar,Grocery,Supplier A,WH-02,Karachi,Lahore,,Courier,Leopards,61,109140,,2026-09-03,2026-09-03,On Time,None,6,0,Yes,2026-08
ORD1916,2026-11-09,Pak Furniture,Printer,Electronics,Supplier A,WH-04,Gujranwala,Lahore,,Rail,Pakistan Railways,93,82002,,2026-11-17,2026-11-12,Delayed,Weather,8,5,No,2026-11
ORD1917,2026-11-07,Pak Furniture,Uniform,Clothing,Supplier E,WH-03,Karachi,Lahore,,Courier,DHL,32,59897,,2026-11-14,2026-11-10,Delayed,Traffic,7,4,No,2026-11
ORD1918,2026-11-26,Pak Furniture,Uniform,Clothing,Supplier E,WH-03,Lahore,Multan,,Courier,Leopards,62,110996,,2026-12-02,2026-12-02,On Time,None,6,0,Yes,2026-11
ORD1919,2026-04-09,Ali Traders,Shoes,Clothing,Supplier B,WH-02,Karachi,Faisalabad,,Truck,M&P,12,21651,,2026-04-14,2026-04-15,On Time,None,5,-1,Yes,2026-04
ORD1920,2026-08-28,Star Enterprises,Desk,Furniture,Supplier B,WH-04,Faisalabad,Lahore,,Rail,Pakistan Railways,40,36394,,2026-09-02,2026-09-03,On Time,None,5,-1,Yes,2026-08
ORD1921,2026-08-04,XYZ Ltd,Table,Furniture,Supplier D,WH-02,Islamabad,Peshawar,,Courier,TCS,58,106517,,2026-08-09,2026-08-10,On Time,None,5,-1,Yes,2026-08
ORD1922,2026-03-19,XYZ Ltd,Sofa,Furniture,Supplier E,WH-01,Lahore,Islamabad,,Courier,M&P,35,67150,,2026-03-26,2026-03-26,On Time,None,7,0,Yes,2026-03
ORD1923,2026-01-29,Star Enterprises,Cooking Oil,Grocery,Supplier D,WH-03,Gujranwala,Lahore,,Rail,TCS,81,76380,,2026-02-03,2026-02-03,On Time,None,5,0,Yes,2026-01
ORD1924,2026-06-10,Metro Mart,Laptop,Electronics,Supplier D,WH-02,Rawalpindi,Lahore,,Truck,M&P,75,110030,,2026-06-13,2026-06-14,On Time,None,3,-1,Yes,2026-06
ORD1925,2026-10-13,New City Store,Flour,Grocery,Supplier E,WH-04,Lahore,Multan,,Courier,Pakistan Railways,27,49741,,2026-10-17,2026-10-17,On Time,None,4,0,Yes,2026-10
ORD1926,2026-07-30,Metro Mart,Tablet,Electronics,Supplier A,WH-04,Multan,Karachi,,Truck,DHL,31,48363,,2026-08-03,2026-08-04,On Time,None,4,-1,Yes,2026-07
ORD1927,2026-02-28,New City Store,Keyboard,Electronics,Supplier A,WH-01,Lahore,Multan,,Courier,TCS,66,122083,,2026-03-02,2026-03-03,On Time,None,2,-1,Yes,2026-02
ORD1928,2026-11-29,Global Traders,Mouse,Electronics,Supplier D,WH-01,Karachi,Lahore,,Truck,Leopards,76,112080,,2026-12-01,2026-12-02,On Time,None,2,-1,Yes,2026-11
ORD1929,2026-10-29,Star Enterprises,Sofa,Furniture,Supplier E,WH-02,Islamabad,Peshawar,,Rail,Pakistan Railways,85,81116,,2026-11-03,2026-11-03,On Time,None,5,0,Yes,2026-10
ORD1930,2026-01-24,Metro Mart,Rice,Grocery,Supplier D,WH-04,Faisalabad,Lahore,,Courier,Pakistan Railways,79,142589,,2026-01-29,2026-01-30,On Time,None,5,-1,Yes,2026-01
ORD1931,2026-04-08,Pak Furniture,Milk Powder,Grocery,Supplier D,WH-01,Rawalpindi,Lahore,,Courier,DHL,95,168831,,2026-04-10,2026-04-11,On Time,None,2,-1,Yes,2026-04
ORD1932,2026-02-21,Pak Furniture,Flour,Grocery,Supplier A,WH-03,Rawalpindi,Lahore,,Truck,M&P,17,27773,,2026-02-22,2026-02-23,On Time,None,1,-1,Yes,2026-02
ORD1933,2026-09-22,City Electronics,Flour,Grocery,Supplier A,WH-03,Faisalabad,Lahore,,Van,TCS,10,10550,,2026-09-24,2026-09-24,On Time,None,2,0,Yes,2026-09
ORD1934,2026-01-27,ABC Store,Table,Furniture,Supplier C,WH-01,Islamabad,Peshawar,,Courier,Pakistan Railways,57,100532,,2026-01-31,2026-01-31,On Time,None,4,0,Yes,2026-01
ORD1935,2026-10-01,New City Store,Laptop,Electronics,Supplier E,WH-04,Rawalpindi,Lahore,,Courier,Pakistan Railways,7,16757,,2026-10-04,2026-10-04,On Time,None,3,0,Yes,2026-10
ORD1936,2026-11-18,City Electronics,Cooking Oil,Grocery,Supplier E,WH-03,Karachi,Islamabad,,Courier,Leopards,74,136837,,2026-11-24,2026-11-22,Delayed,Warehouse Issue,6,2,No,2026-11
ORD1937,2026-08-07,City Electronics,Mobile,Electronics,Supplier D,WH-02,Lahore,Multan,,Rail,Leopards,28,28412,,2026-08-11,2026-08-12,On Time,None,4,-1,Yes,2026-08
ORD1938,2026-03-02,Pak Furniture,Jacket,Clothing,Supplier D,WH-02,Peshawar,Islamabad,,Van,Leopards,30,30855,,2026-03-07,2026-03-08,On Time,None,5,-1,Yes,2026-03
ORD1939,2026-12-30,Ali Traders,Cabinet,Furniture,Supplier A,WH-03,Lahore,Faisalabad,,Rail,M&P,83,73040,,2027-01-02,2027-01-02,On Time,None,3,0,Yes,2026-12
ORD1940,2026-02-16,Super Store,Rice,Grocery,Supplier E,WH-03,Karachi,Faisalabad,,Rail,Pakistan Railways,32,30576,,2026-02-20,2026-02-21,On Time,None,4,-1,Yes,2026-02
ORD1941,2026-08-27,Metro Mart,Flour,Grocery,Supplier D,WH-04,Gujranwala,Lahore,,Rail,Leopards,23,23656,,2026-08-29,2026-08-29,On Time,None,2,0,Yes,2026-08
ORD1942,2026-10-06,City Electronics,Router,Electronics,Supplier C,WH-01,Multan,Karachi,,Truck,Leopards,1,1500,,2026-10-07,2026-10-08,On Time,None,1,-1,Yes,2026-10
ORD1943,2026-02-09,Star Enterprises,Mouse,Electronics,Supplier E,WH-01,Karachi,Faisalabad,,Rail,TCS,30,30453,,2026-02-13,2026-02-13,On Time,None,4,0,Yes,2026-02
ORD1944,2026-07-17,Ali Traders,Tea,Grocery,Supplier B,WH-04,Rawalpindi,Lahore,,Rail,TCS,95,83552,,2026-07-22,2026-07-23,On Time,None,5,-1,Yes,2026-07
ORD1945,2026-10-02,Super Store,Milk Powder,Grocery,Supplier B,WH-02,Lahore,Islamabad,,Van,Leopards,82,90049,,2026-10-14,2026-10-09,Delayed,Warehouse Issue,12,5,No,2026-10
ORD1946,2026-12-29,XYZ Ltd,Monitor,Electronics,Supplier D,WH-04,Rawalpindi,Lahore,,Courier,TCS,77,141713,,2027-01-03,2027-01-03,On Time,None,5,0,Yes,2026-12
ORD1947,2026-08-11,ABC Store,Tablet,Electronics,Supplier C,WH-04,Islamabad,Peshawar,,Rail,DHL,5,2601,,2026-08-16,2026-08-14,Delayed,Vehicle Breakdown,5,2,No,2026-08
ORD1948,2026-11-11,New City Store,Mobile,Electronics,Supplier B,WH-04,Multan,Karachi,,Van,Leopards,63,69233,,2026-11-16,2026-11-17,On Time,None,5,-1,Yes,2026-11
ORD1949,2026-08-31,Global Traders,Keyboard,Electronics,Supplier B,WH-03,Karachi,Islamabad,,Courier,TCS,36,64206,,2026-09-01,2026-09-02,On Time,None,1,-1,Yes,2026-08
ORD1950,2026-05-06,Pak Furniture,Router,Electronics,Supplier C,WH-04,Faisalabad,Lahore,,Courier,M&P,18,36515,,2026-05-10,2026-05-11,On Time,None,4,-1,Yes,2026-05
ORD1951,2026-10-09,Super Store,Sofa,Furniture,Supplier B,WH-04,Islamabad,Peshawar,,Truck,Pakistan Railways,75,115908,,2026-10-13,2026-10-13,On Time,None,4,0,Yes,2026-10
ORD1952,2026-11-10,Pak Furniture,Tea,Grocery,Supplier B,WH-02,Rawalpindi,Lahore,,Courier,Leopards,34,64851,,2026-11-11,2026-11-12,On Time,None,1,-1,Yes,2026-11
ORD1953,2026-01-14,Metro Mart,Rice,Grocery,Supplier B,WH-03,Faisalabad,Lahore,,Truck,DHL,35,55885,,2026-01-18,2026-01-18,On Time,None,4,0,Yes,2026-01
ORD1954,2026-10-09,Super Store,Trousers,Clothing,Supplier B,WH-02,Peshawar,Islamabad,,Truck,M&P,61,94685,,2026-10-11,2026-10-12,On Time,None,2,-1,Yes,2026-10
ORD1955,2026-05-10,Pak Furniture,Cooking Oil,Grocery,Supplier A,WH-03,Karachi,Faisalabad,,Courier,M&P,75,138794,,2026-05-14,2026-05-13,Delayed,Traffic,4,1,No,2026-05
ORD1956,2026-05-14,New City Store,T-Shirt,Clothing,Supplier E,WH-04,Peshawar,Islamabad,,Rail,DHL,9,6197,,2026-05-22,2026-05-21,Delayed,Supplier Delay,8,1,No,2026-05
ORD1957,2026-06-14,City Electronics,Sofa,Furniture,Supplier D,WH-04,Multan,Karachi,,Truck,Pakistan Railways,25,34924,,2026-06-21,2026-06-21,On Time,None,7,0,Yes,2026-06
ORD1958,2026-09-15,Ali Traders,Mobile,Electronics,Supplier E,WH-04,Islamabad,Peshawar,,Truck,M&P,27,42270,,2026-09-16,2026-09-17,On Time,None,1,-1,Yes,2026-09
ORD1959,2026-05-09,Metro Mart,Shoes,Clothing,Supplier E,WH-04,Lahore,Multan,,Truck,TCS,63,98040,,2026-05-19,2026-05-15,Delayed,Traffic,10,4,No,2026-05
ORD1960,2026-01-24,New City Store,Uniform,Clothing,Supplier E,WH-03,Multan,Karachi,,Rail,DHL,43,41933,,2026-01-29,2026-01-29,On Time,None,5,0,Yes,2026-01
ORD1961,2026-11-25,Star Enterprises,Tablet,Electronics,Supplier D,WH-02,Islamabad,Peshawar,,Truck,M&P,34,49468,,2026-12-01,2026-12-02,On Time,None,6,-1,Yes,2026-11
ORD1962,2026-07-26,Ali Traders,Tablet,Electronics,Supplier B,WH-01,Lahore,Multan,,Courier,M&P,83,152063,,2026-07-29,2026-07-30,On Time,None,3,-1,Yes,2026-07
ORD1963,2026-12-12,Pak Furniture,Table,Furniture,Supplier C,WH-01,Karachi,Lahore,,Rail,DHL,4,3907,,2026-12-16,2026-12-17,On Time,None,4,-1,Yes,2026-12
ORD1964,2026-06-11,ABC Store,Flour,Grocery,Supplier E,WH-02,Lahore,Islamabad,,Truck,Leopards,55,86814,,2026-06-13,2026-06-14,On Time,None,2,-1,Yes,2026-06
ORD1965,2026-03-07,XYZ Ltd,Desk,Furniture,Supplier A,WH-01,Faisalabad,Lahore,,Van,Pakistan Railways,17,17208,,2026-03-17,2026-03-14,Delayed,Warehouse Issue,10,3,No,2026-03
ORD1966,2026-03-13,Ali Traders,Laptop,Electronics,Supplier A,WH-01,Islamabad,Peshawar,,Rail,Pakistan Railways,40,34712,,2026-03-15,2026-03-16,On Time,None,2,-1,Yes,2026-03
ORD1967,2026-04-27,XYZ Ltd,Sugar,Grocery,Supplier E,WH-04,Karachi,Lahore,,Van,DHL,32,38204,,2026-05-03,2026-05-03,On Time,None,6,0,Yes,2026-04
ORD1968,2026-12-14,City Electronics,Sugar,Grocery,Supplier B,WH-03,Lahore,Multan,,Courier,M&P,99,181787,,2026-12-18,2026-12-18,On Time,None,4,0,Yes,2026-12
ORD1969,2026-01-03,XYZ Ltd,Tea,Grocery,Supplier E,WH-04,Multan,Karachi,,Van,M&P,23,28406,,2026-01-05,2026-01-05,On Time,None,2,0,Yes,2026-01
ORD1970,2026-05-07,Super Store,Uniform,Clothing,Supplier D,WH-02,Karachi,Islamabad,,Rail,DHL,80,72865,,2026-05-09,2026-05-10,On Time,None,2,-1,Yes,2026-05
ORD1971,2026-06-21,XYZ Ltd,Shoes,Clothing,Supplier C,WH-03,Peshawar,Islamabad,,Truck,M&P,63,97758,,2026-06-26,2026-06-26,On Time,None,5,0,Yes,2026-06
ORD1972,2026-05-07,Star Enterprises,Mouse,Electronics,Supplier D,WH-03,Karachi,Lahore,,Rail,Leopards,48,41995,,2026-05-10,2026-05-10,On Time,None,3,0,Yes,2026-05
ORD1973,2026-03-23,City Electronics,Jacket,Clothing,Supplier D,WH-04,Gujranwala,Lahore,,Rail,DHL,44,38307,,2026-03-29,2026-03-29,On Time,None,6,0,Yes,2026-03
ORD1974,2026-03-07,New City Store,Milk Powder,Grocery,Supplier B,WH-02,Karachi,Islamabad,,Van,Leopards,64,74967,,2026-03-14,2026-03-13,Delayed,Vehicle Breakdown,7,1,No,2026-03
ORD1975,2026-09-01,ABC Store,Bookshelf,Furniture,Supplier D,WH-04,Islamabad,Peshawar,,Van,M&P,35,37240,,2026-09-08,2026-09-08,On Time,None,7,0,Yes,2026-09
ORD1976,2026-09-14,Super Store,Bookshelf,Furniture,Supplier E,WH-01,Multan,Karachi,,Truck,Leopards,94,142410,,2026-09-17,2026-09-17,On Time,None,3,0,Yes,2026-09
ORD1977,2026-10-30,Metro Mart,Mouse,Electronics,Supplier A,WH-03,Islamabad,Peshawar,,Truck,TCS,51,80847,,2026-11-05,2026-11-05,On Time,None,6,0,Yes,2026-10
ORD1978,2026-02-15,Ali Traders,Chair,Furniture,Supplier D,WH-02,Rawalpindi,Lahore,,Van,Leopards,8,9662,,2026-02-23,2026-02-22,Delayed,Traffic,8,1,No,2026-02
ORD1979,2026-05-21,Star Enterprises,Shoes,Clothing,Supplier E,WH-01,Lahore,Faisalabad,,Van,Leopards,94,102653,,2026-05-26,2026-05-27,On Time,None,5,-1,Yes,2026-05
ORD1980,2026-03-04,City Electronics,Trousers,Clothing,Supplier E,WH-03,Rawalpindi,Lahore,,Courier,DHL,42,77862,,2026-03-07,2026-03-08,On Time,None,3,-1,Yes,2026-03
ORD1981,2026-07-18,City Electronics,Cooking Oil,Grocery,Supplier B,WH-02,Peshawar,Islamabad,,Truck,Leopards,18,30128,,2026-07-24,2026-07-24,On Time,None,6,0,Yes,2026-07
ORD1982,2026-01-06,Metro Mart,T-Shirt,Clothing,Supplier C,WH-01,Karachi,Faisalabad,,Truck,DHL,83,124888,,2026-01-13,2026-01-13,On Time,None,7,0,Yes,2026-01
ORD1983,2026-10-18,Global Traders,Mouse,Electronics,Supplier D,WH-01,Multan,Karachi,,Van,DHL,43,46107,,2026-10-25,2026-10-24,Delayed,Warehouse Issue,7,1,No,2026-10
ORD1984,2026-02-25,XYZ Ltd,Tea,Grocery,Supplier A,WH-01,Multan,Karachi,,Van,Pakistan Railways,78,85029,,2026-03-03,2026-03-04,On Time,None,6,-1,Yes,2026-02
ORD1985,2026-04-10,Metro Mart,Desk,Furniture,Supplier C,WH-02,Rawalpindi,Lahore,,Courier,Leopards,85,156554,,2026-04-13,2026-04-13,On Time,None,3,0,Yes,2026-04
ORD1986,2026-10-01,ABC Store,Rice,Grocery,Supplier E,WH-03,Karachi,Lahore,,Truck,TCS,56,85043,,2026-10-06,2026-10-07,On Time,None,5,-1,Yes,2026-10
ORD1987,2026-05-09,Star Enterprises,Mobile,Electronics,Supplier D,WH-01,Karachi,Islamabad,,Truck,TCS,7,14450,,2026-05-12,2026-05-13,On Time,None,3,-1,Yes,2026-05
ORD1988,2026-01-20,XYZ Ltd,Shoes,Clothing,Supplier A,WH-04,Lahore,Faisalabad,,Truck,TCS,80,121933,,2026-01-21,2026-01-22,On Time,None,1,-1,Yes,2026-01
ORD1989,2026-03-04,Metro Mart,Tea,Grocery,Supplier C,WH-03,Lahore,Faisalabad,,Rail,DHL,8,5916,,2026-03-12,2026-03-08,Delayed,Traffic,8,4,No,2026-03
ORD1990,2026-12-23,Global Traders,Router,Electronics,Supplier E,WH-01,Islamabad,Peshawar,,Courier,TCS,11,19453,,2026-12-29,2026-12-28,Delayed,Warehouse Issue,6,1,No,2026-12
ORD1991,2026-03-01,Metro Mart,Office Chair,Furniture,Supplier A,WH-03,Lahore,Islamabad,,Van,M&P,60,68480,,2026-03-08,2026-03-03,Delayed,Supplier Delay,7,5,No,2026-03
ORD1992,2026-12-02,ABC Store,Rice,Grocery,Supplier A,WH-02,Lahore,Faisalabad,,Courier,M&P,41,71919,,2026-12-06,2026-12-07,On Time,None,4,-1,Yes,2026-12
ORD1993,2026-11-08,Metro Mart,Shoes,Clothing,Supplier E,WH-03,Rawalpindi,Lahore,,Courier,M&P,55,97536,,2026-11-19,2026-11-14,Delayed,Traffic,11,5,No,2026-11
ORD1994,2026-01-20,Global Traders,Tea,Grocery,Supplier A,WH-04,Karachi,Lahore,,Rail,DHL,32,31054,,2026-01-26,2026-01-23,Delayed,Traffic,6,3,No,2026-01
ORD1995,2026-02-08,Metro Mart,Keyboard,Electronics,Supplier B,WH-03,Lahore,Islamabad,,Courier,Pakistan Railways,85,153549,,2026-02-16,2026-02-15,Delayed,Warehouse Issue,8,1,No,2026-02
ORD1996,2026-10-08,City Electronics,Flour,Grocery,Supplier B,WH-03,Lahore,Multan,,Courier,M&P,10,15016,,2026-10-11,2026-10-11,On Time,None,3,0,Yes,2026-10
ORD1997,2026-09-07,ABC Store,T-Shirt,Clothing,Supplier E,WH-03,Lahore,Faisalabad,,Rail,Leopards,50,46952,,2026-09-10,2026-09-11,On Time,None,3,-1,Yes,2026-09
ORD1998,2026-01-30,Ali Traders,Rice,Grocery,Supplier E,WH-03,Multan,Karachi,,Courier,M&P,85,157512,,2026-02-04,2026-02-04,On Time,None,5,0,Yes,2026-01
ORD1999,2026-09-16,City Electronics,Office Chair,Furniture,Supplier B,WH-04,Karachi,Faisalabad,,Truck,Leopards,20,30192,,2026-09-24,2026-09-21,Delayed,Warehouse Issue,8,3,No,2026-09
ORD2000,2026-07-07,Ali Traders,Cooking Oil,Grocery,Supplier A,WH-04,Lahore,Islamabad,,Truck,TCS,38,61037,,2026-07-13,2026-07-14,On Time,None,6,-1,Yes,2026-07
ORD2001,2026-04-24,Ali Traders,T-Shirt,Clothing,Supplier D,WH-02,Karachi,Islamabad,,Truck,Pakistan Railways,57,88873,,2026-04-25,2026-04-26,On Time,None,1,-1,Yes,2026-04
ORD2002,2026-11-23,Super Store,T-Shirt,Clothing,Supplier E,WH-01,Karachi,Faisalabad,,Rail,TCS,63,54810,,2026-12-03,2026-11-29,Delayed,Warehouse Issue,10,4,No,2026-11
ORD2003,2026-03-28,Metro Mart,Mobile,Electronics,Supplier C,WH-02,Lahore,Multan,,Van,DHL,71,76313,,2026-04-02,2026-03-31,Delayed,Vehicle Breakdown,5,2,No,2026-03
ORD2004,2026-01-07,Star Enterprises,Cooking Oil,Grocery,Supplier C,WH-02,Lahore,Faisalabad,,Van,M&P,78,87641,,2026-01-12,2026-01-13,On Time,None,5,-1,Yes,2026-01
ORD2005,2026-05-20,ABC Store,Printer,Electronics,Supplier D,WH-01,Islamabad,Peshawar,,Rail,TCS,91,79845,,2026-05-22,2026-05-23,On Time,None,2,-1,Yes,2026-05
ORD2006,2026-06-10,Metro Mart,Cooking Oil,Grocery,Supplier B,WH-02,Karachi,Faisalabad,,Van,TCS,56,60969,,2026-06-12,2026-06-12,On Time,None,2,0,Yes,2026-06
ORD2007,2026-09-08,Star Enterprises,Router,Electronics,Supplier E,WH-02,Lahore,Islamabad,,Van,Pakistan Railways,3,7275,,2026-09-13,2026-09-10,Delayed,Traffic,5,3,No,2026-09
ORD2008,2026-11-15,City Electronics,Sugar,Grocery,Supplier C,WH-01,Peshawar,Islamabad,,Rail,DHL,98,89382,,2026-11-17,2026-11-17,On Time,None,2,0,Yes,2026-11
ORD2009,2026-05-28,Global Traders,Shoes,Clothing,Supplier C,WH-02,Lahore,Faisalabad,,Truck,DHL,11,18755,,2026-06-02,2026-06-03,On Time,None,5,-1,Yes,2026-05
ORD2010,2026-01-12,Super Store,Office Chair,Furniture,Supplier C,WH-04,Lahore,Faisalabad,,Truck,DHL,60,91573,,2026-01-17,2026-01-18,On Time,None,5,-1,Yes,2026-01
ORD2011,2026-02-19,Metro Mart,Jacket,Clothing,Supplier B,WH-04,Peshawar,Islamabad,,Truck,M&P,43,66026,,2026-02-23,2026-02-23,On Time,None,4,0,Yes,2026-02
ORD2012,2026-07-10,New City Store,Milk Powder,Grocery,Supplier A,WH-03,Lahore,Multan,,Truck,Leopards,78,121903,,2026-07-14,2026-07-15,On Time,None,4,-1,Yes,2026-07
ORD2013,2026-12-20,City Electronics,Sugar,Grocery,Supplier E,WH-04,Lahore,Islamabad,,Courier,TCS,94,166597,,2026-12-25,2026-12-25,On Time,None,5,0,Yes,2026-12
ORD2014,2026-05-04,Metro Mart,Jacket,Clothing,Supplier C,WH-04,Lahore,Islamabad,,Truck,Leopards,41,59678,,2026-05-08,2026-05-09,On Time,None,4,-1,Yes,2026-05
ORD2015,2026-08-03,Star Enterprises,Printer,Electronics,Supplier E,WH-01,Lahore,Multan,,Rail,DHL,82,70967,,2026-08-09,2026-08-09,On Time,None,6,0,Yes,2026-08
ORD2016,2026-07-24,New City Store,Bookshelf,Furniture,Supplier E,WH-04,Karachi,Islamabad,,Rail,M&P,59,56439,,2026-07-28,2026-07-29,On Time,None,4,-1,Yes,2026-07
ORD2017,2026-06-15,Ali Traders,Milk Powder,Grocery,Supplier B,WH-02,Gujranwala,Lahore,,Van,M&P,23,24041,,2026-06-18,2026-06-19,On Time,None,3,-1,Yes,2026-06
ORD2018,2026-05-21,ABC Store,Uniform,Clothing,Supplier B,WH-03,Karachi,Lahore,,Rail,M&P,32,33519,,2026-05-26,2026-05-26,On Time,None,5,0,Yes,2026-05
ORD2019,2026-10-01,Pak Furniture,Cooking Oil,Grocery,Supplier C,WH-01,Multan,Karachi,,Van,Leopards,73,83927,,2026-10-09,2026-10-06,Delayed,Weather,8,3,No,2026-10
ORD2020,2026-07-08,Global Traders,Monitor,Electronics,Supplier B,WH-02,Karachi,Faisalabad,,Van,Pakistan Railways,44,50934,,2026-07-13,2026-07-14,On Time,None,5,-1,Yes,2026-07
ORD2021,2026-04-24,ABC Store,Milk Powder,Grocery,Supplier E,WH-02,Lahore,Faisalabad,,Courier,DHL,6,10089,,2026-04-25,2026-04-26,On Time,None,1,-1,Yes,2026-04
ORD2022,2026-11-06,Super Store,Trousers,Clothing,Supplier E,WH-01,Rawalpindi,Lahore,,Van,TCS,63,68720,,2026-11-08,2026-11-09,On Time,None,2,-1,Yes,2026-11
ORD2023,2026-01-14,City Electronics,Mouse,Electronics,Supplier D,WH-02,Karachi,Lahore,,Rail,DHL,76,66842,,2026-01-18,2026-01-19,On Time,None,4,-1,Yes,2026-01
ORD2024,2026-09-01,Ali Traders,Trousers,Clothing,Supplier B,WH-03,Lahore,Islamabad,,Van,TCS,30,34803,,2026-09-04,2026-09-04,On Time,None,3,0,Yes,2026-09
ORD2025,2026-09-30,Pak Furniture,Tablet,Electronics,Supplier B,WH-01,Multan,Karachi,,Truck,Pakistan Railways,7,8370,,2026-10-05,2026-10-06,On Time,None,5,-1,Yes,2026-09
ORD2026,2026-04-19,Pak Furniture,Sofa,Furniture,Supplier E,WH-04,Karachi,Lahore,,Truck,TCS,8,14293,,2026-04-26,2026-04-21,Delayed,Vehicle Breakdown,7,5,No,2026-04
ORD2027,2026-08-09,ABC Store,Trousers,Clothing,Supplier B,WH-03,Multan,Karachi,,Rail,Leopards,9,9311,,2026-08-16,2026-08-16,On Time,None,7,0,Yes,2026-08
ORD2028,2026-01-02,Global Traders,Table,Furniture,Supplier A,WH-03,Faisalabad,Lahore,,Van,DHL,96,104519,,2026-01-04,2026-01-04,On Time,None,2,0,Yes,2026-01
ORD2029,2026-08-27,Star Enterprises,Printer,Electronics,Supplier C,WH-04,Karachi,Islamabad,,Courier,M&P,32,58236,,2026-08-28,2026-08-29,On Time,None,1,-1,Yes,2026-08
ORD2030,2026-11-11,City Electronics,Sugar,Grocery,Supplier E,WH-01,Karachi,Lahore,,Courier,Leopards,55,103939,,2026-11-16,2026-11-16,On Time,None,5,0,Yes,2026-11
ORD2031,2026-01-30,Pak Furniture,Bookshelf,Furniture,Supplier D,WH-04,Karachi,Lahore,,Van,TCS,74,79711,,2026-02-08,2026-02-05,Delayed,Warehouse Issue,9,3,No,2026-01
ORD2032,2026-10-08,Ali Traders,Uniform,Clothing,Supplier A,WH-01,Lahore,Multan,,Van,DHL,9,12431,,2026-10-10,2026-10-10,On Time,None,2,0,Yes,2026-10
ORD2033,2026-01-13,Super Store,Uniform,Clothing,Supplier D,WH-02,Faisalabad,Lahore,,Van,DHL,20,20625,,2026-01-20,2026-01-20,On Time,None,7,0,Yes,2026-01
ORD2034,2026-10-27,XYZ Ltd,Tablet,Electronics,Supplier D,WH-03,Karachi,Faisalabad,,Rail,Leopards,29,30567,,2026-11-04,2026-11-01,Delayed,Weather,8,3,No,2026-10
ORD2035,2026-11-07,City Electronics,Chair,Furniture,Supplier A,WH-01,Gujranwala,Lahore,,Van,Leopards,44,51731,,2026-11-09,2026-11-10,On Time,None,2,-1,Yes,2026-11
ORD2036,2026-05-05,ABC Store,Table,Furniture,Supplier C,WH-04,Faisalabad,Lahore,,Courier,Leopards,79,140909,,2026-05-08,2026-05-08,On Time,None,3,0,Yes,2026-05
ORD2037,2026-02-22,Global Traders,Office Chair,Furniture,Supplier D,WH-04,Faisalabad,Lahore,,Truck,M&P,27,45031,,2026-03-01,2026-02-28,Delayed,Traffic,7,1,No,2026-02
ORD2038,2026-05-21,Ali Traders,Jacket,Clothing,Supplier B,WH-04,Multan,Karachi,,Rail,DHL,56,51046,,2026-05-24,2026-05-24,On Time,None,3,0,Yes,2026-05
ORD2039,2026-02-02,XYZ Ltd,Trousers,Clothing,Supplier C,WH-03,Faisalabad,Lahore,,Van,DHL,63,74083,,2026-02-06,2026-02-06,On Time,None,4,0,Yes,2026-02
ORD2040,2026-07-17,New City Store,Shoes,Clothing,Supplier C,WH-04,Lahore,Faisalabad,,Rail,Pakistan Railways,55,47808,,2026-07-20,2026-07-20,On Time,None,3,0,Yes,2026-07
ORD2041,2026-12-29,Pak Furniture,Laptop,Electronics,Supplier C,WH-04,Karachi,Faisalabad,,Van,M&P,1,5952,,2027-01-03,2027-01-03,On Time,None,5,0,Yes,2026-12
ORD2042,2026-06-17,Super Store,Rice,Grocery,Supplier B,WH-01,Multan,Karachi,,Van,Leopards,54,62224,,2026-06-24,2026-06-22,Delayed,Vehicle Breakdown,7,2,No,2026-06
ORD2043,2026-12-26,Ali Traders,T-Shirt,Clothing,Supplier B,WH-03,Karachi,Faisalabad,,Rail,DHL,10,7073,,2027-01-05,2027-01-01,Delayed,Vehicle Breakdown,10,4,No,2026-12
ORD2044,2026-01-03,XYZ Ltd,Office Chair,Furniture,Supplier B,WH-03,Rawalpindi,Lahore,,Courier,Pakistan Railways,89,164858,,2026-01-09,2026-01-10,On Time,None,6,-1,Yes,2026-01
ORD2045,2026-05-27,Pak Furniture,Uniform,Clothing,Supplier E,WH-04,Lahore,Multan,,Rail,TCS,67,59686,,2026-06-03,2026-06-03,On Time,None,7,0,Yes,2026-05
ORD2046,2026-01-13,Metro Mart,Bookshelf,Furniture,Supplier E,WH-02,Karachi,Lahore,,Rail,Leopards,72,67375,,2026-01-15,2026-01-16,On Time,None,2,-1,Yes,2026-01
ORD2047,2026-08-16,XYZ Ltd,Printer,Electronics,Supplier C,WH-01,Gujranwala,Lahore,,Courier,Leopards,52,96874,,2026-08-23,2026-08-23,On Time,None,7,0,Yes,2026-08
ORD2048,2026-04-11,Super Store,Bookshelf,Furniture,Supplier B,WH-04,Islamabad,Peshawar,,Truck,TCS,9,11633,,2026-04-15,2026-04-14,Delayed,Supplier Delay,4,1,No,2026-04
ORD2049,2026-05-30,Star Enterprises,Sugar,Grocery,Supplier D,WH-03,Lahore,Faisalabad,,Van,DHL,97,105440,,2026-06-04,2026-06-04,On Time,None,5,0,Yes,2026-05
ORD2050,2026-01-12,Star Enterprises,Bookshelf,Furniture,Supplier E,WH-04,Rawalpindi,Lahore,,Truck,DHL,49,70571,,2026-01-16,2026-01-16,On Time,None,4,0,Yes,2026-01
ORD2051,2026-11-07,City Electronics,T-Shirt,Clothing,Supplier B,WH-01,Lahore,Faisalabad,,Rail,Leopards,36,34055,,2026-11-13,2026-11-14,On Time,None,6,-1,Yes,2026-11
ORD2052,2026-04-07,XYZ Ltd,Tea,Grocery,Supplier C,WH-01,Peshawar,Islamabad,,Van,M&P,7,11457,,2026-04-13,2026-04-14,On Time,None,6,-1,Yes,2026-04
ORD2053,2026-02-09,ABC Store,Flour,Grocery,Supplier D,WH-01,Rawalpindi,Lahore,,Rail,Pakistan Railways,92,85460,,2026-02-15,2026-02-16,On Time,None,6,-1,Yes,2026-02
ORD2054,2026-04-21,Star Enterprises,Printer,Electronics,Supplier C,WH-01,Lahore,Islamabad,,Rail,TCS,35,30482,,2026-04-23,2026-04-23,On Time,None,2,0,Yes,2026-04
ORD2055,2026-09-18,Pak Furniture,Monitor,Electronics,Supplier C,WH-02,Lahore,Faisalabad,,Truck,M&P,66,101289,,2026-09-21,2026-09-21,On Time,None,3,0,Yes,2026-09
ORD2056,2026-06-13,Pak Furniture,Monitor,Electronics,Supplier A,WH-01,Karachi,Lahore,,Courier,Pakistan Railways,41,73924,,2026-06-17,2026-06-17,On Time,None,4,0,Yes,2026-06
ORD2057,2026-08-19,Star Enterprises,Rice,Grocery,Supplier A,WH-01,Lahore,Multan,,Courier,TCS,52,97951,,2026-08-24,2026-08-25,On Time,None,5,-1,Yes,2026-08
ORD2058,2026-09-05,ABC Store,Shirt,Clothing,Supplier A,WH-03,Lahore,Faisalabad,,Courier,Leopards,67,121060,,2026-09-12,2026-09-07,Delayed,Warehouse Issue,7,5,No,2026-09
ORD2059,2026-07-17,Global Traders,Tea,Grocery,Supplier E,WH-02,Karachi,Faisalabad,,Van,DHL,53,55837,,2026-07-22,2026-07-22,On Time,None,5,0,Yes,2026-07
ORD2060,2026-01-15,Pak Furniture,Desk,Furniture,Supplier B,WH-03,Faisalabad,Lahore,,Truck,Pakistan Railways,45,67956,,2026-01-18,2026-01-19,On Time,None,3,-1,Yes,2026-01
ORD2061,2026-10-07,Pak Furniture,Desk,Furniture,Supplier B,WH-02,Peshawar,Islamabad,,Van,M&P,21,23277,,2026-10-11,2026-10-12,On Time,None,4,-1,Yes,2026-10
ORD2062,2026-08-28,Global Traders,Tea,Grocery,Supplier A,WH-01,Karachi,Faisalabad,,Rail,Pakistan Railways,35,36110,,2026-09-02,2026-09-02,On Time,None,5,0,Yes,2026-08
ORD2063,2026-11-06,Metro Mart,Monitor,Electronics,Supplier A,WH-02,Lahore,Faisalabad,,Rail,DHL,21,23280,,2026-11-15,2026-11-11,Delayed,Warehouse Issue,9,4,No,2026-11
ORD2064,2026-10-31,Star Enterprises,Desk,Furniture,Supplier C,WH-01,Karachi,Faisalabad,,Rail,TCS,22,19420,,2026-11-03,2026-11-03,On Time,None,3,0,Yes,2026-10
ORD2065,2026-06-03,Super Store,Monitor,Electronics,Supplier A,WH-04,Islamabad,Peshawar,,Truck,Pakistan Railways,73,114068,,2026-06-09,2026-06-08,Delayed,Warehouse Issue,6,1,No,2026-06
ORD2066,2026-04-25,Star Enterprises,Sofa,Furniture,Supplier D,WH-04,Rawalpindi,Lahore,,Truck,TCS,98,148106,,2026-05-01,2026-04-29,Delayed,Warehouse Issue,6,2,No,2026-04
ORD2067,2026-12-01,Star Enterprises,Trousers,Clothing,Supplier A,WH-01,Lahore,Islamabad,,Courier,TCS,19,31799,,2026-12-03,2026-12-03,On Time,None,2,0,Yes,2026-12
ORD2068,2026-03-14,Metro Mart,Milk Powder,Grocery,Supplier C,WH-04,Islamabad,Peshawar,,Truck,M&P,95,144895,,2026-03-19,2026-03-19,On Time,None,5,0,Yes,2026-03
ORD2069,2026-08-29,ABC Store,Shirt,Clothing,Supplier E,WH-04,Karachi,Lahore,,Courier,M&P,91,165796,,2026-09-03,2026-09-03,On Time,None,5,0,Yes,2026-08
ORD2070,2026-07-26,Global Traders,Jacket,Clothing,Supplier A,WH-04,Lahore,Faisalabad,,Van,DHL,37,44081,,2026-08-04,2026-07-30,Delayed,Vehicle Breakdown,9,5,No,2026-07
ORD2071,2026-03-19,XYZ Ltd,Sugar,Grocery,Supplier D,WH-03,Islamabad,Peshawar,,Courier,Pakistan Railways,26,51641,,2026-03-27,2026-03-26,Delayed,Supplier Delay,8,1,No,2026-03
ORD2072,2026-02-08,City Electronics,Cabinet,Furniture,Supplier A,WH-04,Lahore,Islamabad,,Rail,M&P,62,58303,,2026-02-10,2026-02-11,On Time,None,2,-1,Yes,2026-02
ORD2073,2026-06-21,Global Traders,Mobile,Electronics,Supplier C,WH-01,Gujranwala,Lahore,,Truck,TCS,9,13751,,2026-06-27,2026-06-28,On Time,None,6,-1,Yes,2026-06
ORD2074,2026-08-03,Ali Traders,Laptop,Electronics,Supplier B,WH-04,Faisalabad,Lahore,,Van,M&P,60,70452,,2026-08-06,2026-08-07,On Time,None,3,-1,Yes,2026-08
ORD2075,2026-04-23,Pak Furniture,Tea,Grocery,Supplier E,WH-02,Faisalabad,Lahore,,Courier,TCS,77,137131,,2026-04-25,2026-04-25,On Time,None,2,0,Yes,2026-04
ORD2076,2026-08-30,New City Store,Printer,Electronics,Supplier D,WH-02,Gujranwala,Lahore,,Courier,Leopards,37,69160,,2026-09-01,2026-09-02,On Time,None,2,-1,Yes,2026-08
ORD2077,2026-04-17,ABC Store,Uniform,Clothing,Supplier B,WH-04,Multan,Karachi,,Rail,DHL,100,91247,,2026-04-20,2026-04-20,On Time,None,3,0,Yes,2026-04
ORD2078,2026-05-16,New City Store,Bookshelf,Furniture,Supplier D,WH-02,Karachi,Islamabad,,Truck,TCS,5,10145,,2026-05-22,2026-05-23,On Time,None,6,-1,Yes,2026-05
ORD2079,2026-01-11,Star Enterprises,Uniform,Clothing,Supplier A,WH-01,Karachi,Islamabad,,Courier,TCS,41,71504,,2026-01-20,2026-01-17,Delayed,Vehicle Breakdown,9,3,No,2026-01
ORD2080,2026-04-17,XYZ Ltd,Shirt,Clothing,Supplier D,WH-02,Gujranwala,Lahore,,Truck,DHL,31,46123,,2026-04-21,2026-04-22,On Time,None,4,-1,Yes,2026-04
ORD2081,2026-07-15,New City Store,Office Chair,Furniture,Supplier A,WH-01,Lahore,Islamabad,,Truck,TCS,76,111429,,2026-07-20,2026-07-21,On Time,None,5,-1,Yes,2026-07
ORD2082,2026-02-03,Star Enterprises,T-Shirt,Clothing,Supplier A,WH-01,Karachi,Islamabad,,Truck,DHL,68,104273,,2026-02-06,2026-02-06,On Time,None,3,0,Yes,2026-02
ORD2083,2026-02-03,Pak Furniture,Cabinet,Furniture,Supplier A,WH-02,Lahore,Islamabad,,Rail,DHL,82,74433,,2026-02-07,2026-02-08,On Time,None,4,-1,Yes,2026-02
ORD2084,2026-08-02,Super Store,Cabinet,Furniture,Supplier A,WH-01,Lahore,Multan,,Van,Leopards,67,71247,,2026-08-06,2026-08-06,On Time,None,4,0,Yes,2026-08
ORD2085,2026-08-23,City Electronics,Shirt,Clothing,Supplier C,WH-02,Karachi,Lahore,,Truck,TCS,45,70077,,2026-08-28,2026-08-29,On Time,None,5,-1,Yes,2026-08
ORD2086,2026-01-05,New City Store,Shoes,Clothing,Supplier B,WH-04,Peshawar,Islamabad,,Rail,DHL,13,13268,,2026-01-11,2026-01-11,On Time,None,6,0,Yes,2026-01
ORD2087,2026-03-13,Super Store,Sofa,Furniture,Supplier D,WH-03,Karachi,Faisalabad,,Truck,TCS,52,81654,,2026-03-17,2026-03-18,On Time,None,4,-1,Yes,2026-03
ORD2088,2026-09-18,Global Traders,Shoes,Clothing,Supplier B,WH-02,Multan,Karachi,,Van,Leopards,70,78308,,2026-09-24,2026-09-25,On Time,None,6,-1,Yes,2026-09
ORD2089,2026-02-14,Super Store,Sofa,Furniture,Supplier D,WH-02,Peshawar,Islamabad,,Van,DHL,55,61041,,2026-02-18,2026-02-19,On Time,None,4,-1,Yes,2026-02
ORD2090,2026-10-19,Metro Mart,Uniform,Clothing,Supplier D,WH-01,Multan,Karachi,,Rail,DHL,24,23108,,2026-10-25,2026-10-26,On Time,None,6,-1,Yes,2026-10
ORD2091,2026-08-26,City Electronics,Office Chair,Furniture,Supplier C,WH-01,Lahore,Multan,,Rail,M&P,80,72904,,2026-08-31,2026-08-31,On Time,None,5,0,Yes,2026-08
ORD2092,2026-06-15,New City Store,Shoes,Clothing,Supplier C,WH-01,Lahore,Faisalabad,,Van,Pakistan Railways,48,57660,,2026-06-22,2026-06-22,On Time,None,7,0,Yes,2026-06
ORD2093,2026-01-16,ABC Store,Rice,Grocery,Supplier D,WH-01,Multan,Karachi,,Rail,Leopards,71,65673,,2026-01-18,2026-01-19,On Time,None,2,-1,Yes,2026-01
ORD2094,2026-10-30,Pak Furniture,Jacket,Clothing,Supplier A,WH-04,Karachi,Lahore,,Truck,M&P,68,102510,,2026-11-04,2026-11-01,Delayed,Traffic,5,3,No,2026-10
ORD2095,2026-01-03,New City Store,Desk,Furniture,Supplier C,WH-02,Lahore,Faisalabad,,Courier,Pakistan Railways,63,113263,,2026-01-09,2026-01-10,On Time,None,6,-1,Yes,2026-01
ORD2096,2026-11-17,Metro Mart,Tablet,Electronics,Supplier E,WH-02,Lahore,Islamabad,,Truck,TCS,94,145185,,2026-11-19,2026-11-20,On Time,None,2,-1,Yes,2026-11
ORD2097,2026-02-02,Star Enterprises,Uniform,Clothing,Supplier A,WH-04,Karachi,Islamabad,,Van,Pakistan Railways,97,111638,,2026-02-04,2026-02-04,On Time,None,2,0,Yes,2026-02
ORD2098,2026-03-18,XYZ Ltd,Table,Furniture,Supplier B,WH-04,Peshawar,Islamabad,,Van,TCS,82,91794,,2026-03-19,2026-03-20,On Time,None,1,-1,Yes,2026-03
ORD2099,2026-01-07,Global Traders,Chair,Furniture,Supplier B,WH-03,Lahore,Multan,,Courier,Leopards,18,31526,,2026-01-14,2026-01-14,On Time,None,7,0,Yes,2026-01
ORD2100,2026-07-06,Metro Mart,Uniform,Clothing,Supplier C,WH-01,Gujranwala,Lahore,,Rail,Leopards,89,77853,,2026-07-13,2026-07-13,On Time,None,7,0,Yes,2026-07
ORD2101,2026-07-20,New City Store,Cooking Oil,Grocery,Supplier D,WH-03,Lahore,Islamabad,,Courier,Pakistan Railways,64,118663,,2026-07-23,2026-07-23,On Time,None,3,0,Yes,2026-07
ORD2102,2026-05-10,Pak Furniture,Desk,Furniture,Supplier C,WH-01,Karachi,Islamabad,,Courier,Leopards,71,132788,,2026-05-16,2026-05-16,On Time,None,6,0,Yes,2026-05
ORD2103,2026-07-01,Star Enterprises,Bookshelf,Furniture,Supplier C,WH-02,Karachi,Islamabad,,Van,M&P,84,93881,,2026-07-06,2026-07-06,On Time,None,5,0,Yes,2026-07
ORD2104,2026-09-11,Metro Mart,Shoes,Clothing,Supplier C,WH-03,Islamabad,Peshawar,,Van,TCS,85,97147,,2026-09-16,2026-09-16,On Time,None,5,0,Yes,2026-09
ORD2105,2026-01-03,Star Enterprises,Sugar,Grocery,Supplier B,WH-04,Peshawar,Islamabad,,Van,M&P,39,41897,,2026-01-10,2026-01-10,On Time,None,7,0,Yes,2026-01
ORD2106,2026-10-02,Ali Traders,Rice,Grocery,Supplier C,WH-03,Lahore,Islamabad,,Rail,TCS,77,67732,,2026-10-08,2026-10-08,On Time,None,6,0,Yes,2026-10
ORD2107,2026-03-26,Ali Traders,Router,Electronics,Supplier B,WH-03,Lahore,Multan,,Van,Pakistan Railways,6,9309,,2026-03-31,2026-03-31,On Time,None,5,0,Yes,2026-03
ORD2108,2026-03-14,New City Store,Flour,Grocery,Supplier C,WH-01,Islamabad,Peshawar,,Truck,TCS,54,79128,,2026-03-18,2026-03-18,On Time,None,4,0,Yes,2026-03
ORD2109,2026-02-26,Pak Furniture,Tablet,Electronics,Supplier A,WH-03,Faisalabad,Lahore,,Truck,DHL,72,105771,,2026-03-01,2026-03-02,On Time,None,3,-1,Yes,2026-02
ORD2110,2026-02-03,XYZ Ltd,T-Shirt,Clothing,Supplier C,WH-02,Islamabad,Peshawar,,Courier,Pakistan Railways,98,176108,,2026-02-07,2026-02-06,Delayed,Traffic,4,1,No,2026-02
ORD2111,2026-03-14,Metro Mart,Tea,Grocery,Supplier A,WH-03,Lahore,Multan,,Courier,M&P,24,47449,,2026-03-18,2026-03-19,On Time,None,4,-1,Yes,2026-03
ORD2112,2026-10-10,Super Store,Trousers,Clothing,Supplier C,WH-01,Gujranwala,Lahore,,Truck,Pakistan Railways,47,71562,,2026-10-13,2026-10-13,On Time,None,3,0,Yes,2026-10
ORD2113,2026-06-28,City Electronics,Rice,Grocery,Supplier C,WH-04,Lahore,Islamabad,,Truck,Pakistan Railways,30,44655,,2026-07-03,2026-06-30,Delayed,Vehicle Breakdown,5,3,No,2026-06
ORD2114,2026-07-03,Pak Furniture,Bookshelf,Furniture,Supplier D,WH-01,Multan,Karachi,,Van,Leopards,24,27854,,2026-07-04,2026-07-05,On Time,None,1,-1,Yes,2026-07
ORD2115,2026-05-07,Global Traders,Cooking Oil,Grocery,Supplier A,WH-02,Karachi,Lahore,,Rail,Leopards,48,48091,,2026-05-11,2026-05-12,On Time,None,4,-1,Yes,2026-05
ORD2116,2026-08-06,City Electronics,Tablet,Electronics,Supplier D,WH-01,Lahore,Faisalabad,,Rail,Pakistan Railways,16,15587,,2026-08-12,2026-08-13,On Time,None,6,-1,Yes,2026-08
ORD2117,2026-01-08,New City Store,Mouse,Electronics,Supplier E,WH-02,Karachi,Lahore,,Courier,DHL,3,8872,,2026-01-11,2026-01-11,On Time,None,3,0,Yes,2026-01
ORD2118,2026-02-07,Super Store,Shirt,Clothing,Supplier C,WH-03,Lahore,Islamabad,,Rail,Pakistan Railways,76,69822,,2026-02-09,2026-02-10,On Time,None,2,-1,Yes,2026-02
ORD2119,2026-12-13,Super Store,Trousers,Clothing,Supplier A,WH-02,Islamabad,Peshawar,,Rail,DHL,100,91350,,2026-12-18,2026-12-19,On Time,None,5,-1,Yes,2026-12
ORD2120,2026-06-07,Star Enterprises,Rice,Grocery,Supplier C,WH-02,Lahore,Islamabad,,Van,M&P,78,89483,,2026-06-10,2026-06-10,On Time,None,3,0,Yes,2026-06
ORD2121,2026-01-24,XYZ Ltd,Office Chair,Furniture,Supplier B,WH-01,Islamabad,Peshawar,,Rail,DHL,61,54863,,2026-01-28,2026-01-28,On Time,None,4,0,Yes,2026-01
ORD2122,2026-04-05,New City Store,Mobile,Electronics,Supplier C,WH-03,Peshawar,Islamabad,,Truck,M&P,81,120619,,2026-04-07,2026-04-08,On Time,None,2,-1,Yes,2026-04
ORD2123,2026-11-28,City Electronics,Sofa,Furniture,Supplier E,WH-03,Islamabad,Peshawar,,Truck,TCS,88,134350,,2026-12-01,2026-12-01,On Time,None,3,0,Yes,2026-11
ORD2124,2026-09-05,ABC Store,Keyboard,Electronics,Supplier A,WH-04,Lahore,Multan,,Truck,Leopards,78,115036,,2026-09-10,2026-09-10,On Time,None,5,0,Yes,2026-09
ORD2125,2026-02-02,Global Traders,Office Chair,Furniture,Supplier B,WH-01,Multan,Karachi,,Van,Pakistan Railways,11,15191,,2026-02-04,2026-02-04,On Time,None,2,0,Yes,2026-02
ORD2126,2026-04-28,New City Store,Table,Furniture,Supplier A,WH-02,Multan,Karachi,,Truck,M&P,57,84284,,2026-05-05,2026-05-05,On Time,None,7,0,Yes,2026-04
ORD2127,2026-02-28,Ali Traders,Sugar,Grocery,Supplier E,WH-04,Rawalpindi,Lahore,,Truck,Leopards,83,123892,,2026-03-03,2026-03-04,On Time,None,3,-1,Yes,2026-02
ORD2128,2026-07-11,Metro Mart,Printer,Electronics,Supplier C,WH-03,Lahore,Islamabad,,Truck,DHL,1,1500,,2026-07-17,2026-07-18,On Time,None,6,-1,Yes,2026-07
ORD2129,2026-10-14,Global Traders,Monitor,Electronics,Supplier C,WH-03,Lahore,Islamabad,,Van,Pakistan Railways,41,46220,,2026-10-19,2026-10-19,On Time,None,5,0,Yes,2026-10
ORD2130,2026-01-25,Metro Mart,Printer,Electronics,Supplier A,WH-02,Karachi,Islamabad,,Courier,Leopards,87,156450,,2026-01-28,2026-01-29,On Time,None,3,-1,Yes,2026-01
ORD2131,2026-05-03,Super Store,Laptop,Electronics,Supplier A,WH-02,Lahore,Faisalabad,,Van,Leopards,23,22887,,2026-05-05,2026-05-05,On Time,None,2,0,Yes,2026-05
ORD2132,2026-02-21,Metro Mart,Desk,Furniture,Supplier D,WH-01,Karachi,Lahore,,Rail,DHL,20,15023,,2026-02-22,2026-02-23,On Time,None,1,-1,Yes,2026-02
ORD2133,2026-07-05,Metro Mart,Chair,Furniture,Supplier E,WH-02,Karachi,Faisalabad,,Truck,Leopards,67,98495,,2026-07-12,2026-07-12,On Time,None,7,0,Yes,2026-07
ORD2134,2026-04-24,Super Store,Monitor,Electronics,Supplier E,WH-01,Karachi,Faisalabad,,Courier,DHL,95,171116,,2026-05-05,2026-04-30,Delayed,Supplier Delay,11,5,No,2026-04
ORD2135,2026-12-28,City Electronics,Shoes,Clothing,Supplier D,WH-02,Lahore,Islamabad,,Truck,TCS,46,67060,,2026-12-29,2026-12-30,On Time,None,1,-1,Yes,2026-12
ORD2136,2026-01-26,Global Traders,Router,Electronics,Supplier A,WH-04,Islamabad,Peshawar,,Rail,Pakistan Railways,47,46438,,2026-01-28,2026-01-28,On Time,None,2,0,Yes,2026-01
ORD2137,2026-02-23,XYZ Ltd,Sofa,Furniture,Supplier A,WH-03,Karachi,Lahore,,Truck,Pakistan Railways,97,143159,,2026-03-01,2026-03-01,On Time,None,6,0,Yes,2026-02
ORD2138,2026-07-05,City Electronics,Cooking Oil,Grocery,Supplier E,WH-04,Lahore,Multan,,Courier,M&P,44,79390,,2026-07-07,2026-07-07,On Time,None,2,0,Yes,2026-07
ORD2139,2026-08-08,Global Traders,Monitor,Electronics,Supplier D,WH-04,Gujranwala,Lahore,,Truck,Pakistan Railways,65,97901,,2026-08-10,2026-08-11,On Time,None,2,-1,Yes,2026-08
ORD2140,2026-10-27,Pak Furniture,Shirt,Clothing,Supplier B,WH-04,Multan,Karachi,,Courier,Pakistan Railways,29,56900,,2026-10-29,2026-10-29,On Time,None,2,0,Yes,2026-10
ORD2141,2026-04-17,Global Traders,Monitor,Electronics,Supplier E,WH-04,Gujranwala,Lahore,,Rail,TCS,22,22775,,2026-04-20,2026-04-20,On Time,None,3,0,Yes,2026-04
ORD2142,2026-12-08,Super Store,Printer,Electronics,Supplier C,WH-04,Multan,Karachi,,Van,Leopards,55,59177,,2026-12-15,2026-12-15,On Time,None,7,0,Yes,2026-12
ORD2143,2026-12-15,ABC Store,Router,Electronics,Supplier D,WH-01,Karachi,Faisalabad,,Rail,DHL,81,75396,,2026-12-17,2026-12-17,On Time,None,2,0,Yes,2026-12
ORD2144,2026-09-19,Metro Mart,Mouse,Electronics,Supplier E,WH-04,Islamabad,Peshawar,,Courier,M&P,62,108822,,2026-09-23,2026-09-23,On Time,None,4,0,Yes,2026-09
ORD2145,2026-10-03,New City Store,T-Shirt,Clothing,Supplier E,WH-04,Lahore,Islamabad,,Van,Leopards,71,79677,,2026-10-09,2026-10-06,Delayed,Supplier Delay,6,3,No,2026-10
ORD2146,2026-04-23,Global Traders,Sofa,Furniture,Supplier B,WH-01,Faisalabad,Lahore,,Van,DHL,100,114822,,2026-04-29,2026-04-30,On Time,None,6,-1,Yes,2026-04
ORD2147,2026-12-05,XYZ Ltd,Shirt,Clothing,Supplier D,WH-03,Peshawar,Islamabad,,Van,M&P,9,7257,,2026-12-11,2026-12-09,Delayed,Supplier Delay,6,2,No,2026-12
ORD2148,2026-02-18,ABC Store,Trousers,Clothing,Supplier B,WH-02,Karachi,Islamabad,,Courier,TCS,67,119177,,2026-02-21,2026-02-20,Delayed,Warehouse Issue,3,1,No,2026-02
ORD2149,2026-12-23,New City Store,Uniform,Clothing,Supplier A,WH-04,Faisalabad,Lahore,,Courier,Pakistan Railways,79,145172,,2026-12-30,2026-12-30,On Time,None,7,0,Yes,2026-12
ORD2150,2026-10-23,Global Traders,Tea,Grocery,Supplier E,WH-04,Peshawar,Islamabad,,Truck,M&P,21,36117,,2026-10-27,2026-10-26,Delayed,Traffic,4,1,No,2026-10
ORD2151,2026-05-23,Star Enterprises,Jacket,Clothing,Supplier D,WH-03,Lahore,Faisalabad,,Truck,Pakistan Railways,80,121378,,2026-05-31,2026-05-30,Delayed,Warehouse Issue,8,1,No,2026-05
ORD2152,2026-02-09,Global Traders,Bookshelf,Furniture,Supplier C,WH-04,Islamabad,Peshawar,,Truck,Leopards,26,42791,,2026-02-15,2026-02-11,Delayed,Vehicle Breakdown,6,4,No,2026-02
ORD2153,2026-06-30,Global Traders,Bookshelf,Furniture,Supplier D,WH-01,Multan,Karachi,,Rail,Pakistan Railways,53,46485,,2026-07-04,2026-07-05,On Time,None,4,-1,Yes,2026-06
ORD2154,2026-02-15,New City Store,Cabinet,Furniture,Supplier E,WH-01,Multan,Karachi,,Van,TCS,15,19755,,2026-02-17,2026-02-18,On Time,None,2,-1,Yes,2026-02
ORD2155,2026-09-13,ABC Store,Shoes,Clothing,Supplier C,WH-02,Karachi,Faisalabad,,Van,TCS,50,53817,,2026-09-21,2026-09-20,Delayed,Weather,8,1,No,2026-09
ORD2156,2026-02-09,Global Traders,Flour,Grocery,Supplier E,WH-01,Lahore,Islamabad,,Rail,Pakistan Railways,8,6187,,2026-02-14,2026-02-14,On Time,None,5,0,Yes,2026-02
ORD2157,2026-06-01,Pak Furniture,Tea,Grocery,Supplier B,WH-03,Gujranwala,Lahore,,Courier,DHL,88,160296,,2026-06-06,2026-06-07,On Time,None,5,-1,Yes,2026-06
ORD2158,2026-03-20,Global Traders,Milk Powder,Grocery,Supplier B,WH-02,Lahore,Multan,,Rail,M&P,14,13187,,2026-03-29,2026-03-24,Delayed,Weather,9,5,No,2026-03
ORD2159,2026-06-15,Star Enterprises,Printer,Electronics,Supplier D,WH-04,Lahore,Multan,,Truck,DHL,91,135039,,2026-06-19,2026-06-20,On Time,None,4,-1,Yes,2026-06
ORD2160,2026-12-23,Star Enterprises,Trousers,Clothing,Supplier E,WH-03,Faisalabad,Lahore,,Rail,TCS,27,27225,,2026-12-28,2026-12-29,On Time,None,5,-1,Yes,2026-12
ORD2161,2026-02-18,Pak Furniture,Trousers,Clothing,Supplier A,WH-02,Lahore,Islamabad,,Courier,Pakistan Railways,52,94870,,2026-02-24,2026-02-25,On Time,None,6,-1,Yes,2026-02
ORD2162,2026-11-30,New City Store,Uniform,Clothing,Supplier C,WH-03,Peshawar,Islamabad,,Courier,DHL,81,145073,,2026-12-12,2026-12-07,Delayed,Supplier Delay,12,5,No,2026-11
ORD2163,2026-04-01,ABC Store,Shoes,Clothing,Supplier B,WH-03,Karachi,Faisalabad,,Truck,Leopards,52,79163,,2026-04-05,2026-04-03,Delayed,Weather,4,2,No,2026-04
ORD2164,2026-11-15,Global Traders,Sofa,Furniture,Supplier D,WH-01,Rawalpindi,Lahore,,Van,TCS,62,70581,,2026-11-17,2026-11-18,On Time,None,2,-1,Yes,2026-11
ORD2165,2026-12-28,XYZ Ltd,Sugar,Grocery,Supplier B,WH-02,Gujranwala,Lahore,,Rail,TCS,89,82152,,2027-01-02,2027-01-03,On Time,None,5,-1,Yes,2026-12
ORD2166,2026-02-01,Super Store,Table,Furniture,Supplier B,WH-04,Faisalabad,Lahore,,Rail,TCS,13,16003,,2026-02-10,2026-02-07,Delayed,Vehicle Breakdown,9,3,No,2026-02
ORD2167,2026-05-18,XYZ Ltd,Tea,Grocery,Supplier C,WH-02,Karachi,Faisalabad,,Truck,DHL,89,132789,,2026-05-21,2026-05-21,On Time,None,3,0,Yes,2026-05
ORD2168,2026-01-04,New City Store,Cooking Oil,Grocery,Supplier D,WH-03,Gujranwala,Lahore,,Truck,TCS,86,132027,,2026-01-09,2026-01-10,On Time,None,5,-1,Yes,2026-01
ORD2169,2026-06-22,Super Store,Rice,Grocery,Supplier E,WH-03,Karachi,Lahore,,Rail,Leopards,45,39076,,2026-06-27,2026-06-28,On Time,None,5,-1,Yes,2026-06
ORD2170,2026-04-09,Global Traders,Keyboard,Electronics,Supplier C,WH-02,Karachi,Islamabad,,Rail,TCS,88,81389,,2026-04-17,2026-04-15,Delayed,Warehouse Issue,8,2,No,2026-04
ORD2171,2026-02-08,ABC Store,Monitor,Electronics,Supplier C,WH-04,Faisalabad,Lahore,,Rail,DHL,96,88134,,2026-02-13,2026-02-14,On Time,None,5,-1,Yes,2026-02
ORD2172,2026-11-21,XYZ Ltd,Sofa,Furniture,Supplier D,WH-04,Multan,Karachi,,Courier,Pakistan Railways,23,44751,,2026-11-23,2026-11-24,On Time,None,2,-1,Yes,2026-11
ORD2173,2026-04-29,Star Enterprises,Shirt,Clothing,Supplier E,WH-03,Karachi,Lahore,,Truck,Pakistan Railways,97,144071,,2026-05-04,2026-05-05,On Time,None,5,-1,Yes,2026-04
ORD2174,2026-06-06,XYZ Ltd,Milk Powder,Grocery,Supplier B,WH-03,Lahore,Islamabad,,Courier,Leopards,87,155055,,2026-06-12,2026-06-12,On Time,None,6,0,Yes,2026-06
ORD2175,2026-07-29,Metro Mart,Office Chair,Furniture,Supplier C,WH-02,Islamabad,Peshawar,,Rail,DHL,61,54938,,2026-07-31,2026-07-31,On Time,None,2,0,Yes,2026-07
ORD2176,2026-08-12,New City Store,Milk Powder,Grocery,Supplier A,WH-04,Faisalabad,Lahore,,Rail,DHL,37,32340,,2026-08-19,2026-08-19,On Time,None,7,0,Yes,2026-08
ORD2177,2026-11-14,XYZ Ltd,Flour,Grocery,Supplier A,WH-04,Karachi,Islamabad,,Van,M&P,3,5031,,2026-11-23,2026-11-18,Delayed,Supplier Delay,9,5,No,2026-11
ORD2178,2026-11-15,Pak Furniture,Cooking Oil,Grocery,Supplier A,WH-02,Peshawar,Islamabad,,Courier,Pakistan Railways,55,98321,,2026-11-18,2026-11-19,On Time,None,3,-1,Yes,2026-11
ORD2179,2026-08-29,Super Store,Rice,Grocery,Supplier C,WH-04,Karachi,Lahore,,Van,TCS,5,8742,,2026-09-04,2026-09-04,On Time,None,6,0,Yes,2026-08
ORD2180,2026-05-21,XYZ Ltd,Trousers,Clothing,Supplier C,WH-03,Gujranwala,Lahore,,Courier,Leopards,67,125487,,2026-05-26,2026-05-26,On Time,None,5,0,Yes,2026-05
ORD2181,2026-08-22,Ali Traders,Uniform,Clothing,Supplier A,WH-04,Gujranwala,Lahore,,Truck,Leopards,75,109921,,2026-08-24,2026-08-24,On Time,None,2,0,Yes,2026-08
ORD2182,2026-02-12,ABC Store,Monitor,Electronics,Supplier E,WH-03,Gujranwala,Lahore,,Courier,TCS,44,79412,,2026-02-17,2026-02-17,On Time,None,5,0,Yes,2026-02
ORD2183,2026-08-10,Pak Furniture,Keyboard,Electronics,Supplier A,WH-04,Lahore,Islamabad,,Truck,Leopards,63,96924,,2026-08-13,2026-08-14,On Time,None,3,-1,Yes,2026-08
ORD2184,2026-04-15,City Electronics,Desk,Furniture,Supplier E,WH-04,Peshawar,Islamabad,,Rail,TCS,36,32055,,2026-04-17,2026-04-17,On Time,None,2,0,Yes,2026-04
ORD2185,2026-07-29,New City Store,Sofa,Furniture,Supplier C,WH-03,Lahore,Islamabad,,Van,M&P,23,28815,,2026-08-04,2026-08-04,On Time,None,6,0,Yes,2026-07
ORD2186,2026-12-26,Star Enterprises,Desk,Furniture,Supplier D,WH-01,Karachi,Islamabad,,Truck,DHL,43,61956,,2027-01-02,2027-01-02,On Time,None,7,0,Yes,2026-12
ORD2187,2026-12-28,Global Traders,Uniform,Clothing,Supplier B,WH-04,Karachi,Islamabad,,Truck,Leopards,98,150192,,2026-12-31,2026-12-31,On Time,None,3,0,Yes,2026-12
ORD2188,2026-10-21,Metro Mart,T-Shirt,Clothing,Supplier A,WH-04,Islamabad,Peshawar,,Rail,Pakistan Railways,45,39308,,2026-10-22,2026-10-23,On Time,None,1,-1,Yes,2026-10
ORD2189,2026-01-12,ABC Store,Sofa,Furniture,Supplier E,WH-04,Peshawar,Islamabad,,Rail,TCS,79,73412,,2026-01-18,2026-01-15,Delayed,Supplier Delay,6,3,No,2026-01
ORD2190,2026-07-08,XYZ Ltd,Shoes,Clothing,Supplier C,WH-04,Rawalpindi,Lahore,,Truck,DHL,50,74683,,2026-07-15,2026-07-13,Delayed,Warehouse Issue,7,2,No,2026-07
ORD2191,2026-04-21,City Electronics,Milk Powder,Grocery,Supplier C,WH-02,Karachi,Faisalabad,,Rail,Leopards,66,62796,,2026-04-26,2026-04-27,On Time,None,5,-1,Yes,2026-04
ORD2192,2026-04-30,ABC Store,Tablet,Electronics,Supplier B,WH-02,Faisalabad,Lahore,,Courier,Leopards,12,22505,,2026-05-06,2026-05-07,On Time,None,6,-1,Yes,2026-04
ORD2193,2026-08-18,Metro Mart,Router,Electronics,Supplier C,WH-03,Faisalabad,Lahore,,Courier,Leopards,55,97417,,2026-08-24,2026-08-25,On Time,None,6,-1,Yes,2026-08
ORD2194,2026-07-18,Metro Mart,Shoes,Clothing,Supplier E,WH-03,Gujranwala,Lahore,,Truck,Pakistan Railways,79,122886,,2026-07-24,2026-07-24,On Time,None,6,0,Yes,2026-07
ORD2195,2026-09-11,City Electronics,Jacket,Clothing,Supplier E,WH-03,Karachi,Faisalabad,,Rail,DHL,37,37175,,2026-09-16,2026-09-17,On Time,None,5,-1,Yes,2026-09
ORD2196,2026-10-28,Pak Furniture,Sofa,Furniture,Supplier D,WH-03,Lahore,Islamabad,,Van,Leopards,50,55815,,2026-11-02,2026-11-02,On Time,None,5,0,Yes,2026-10
ORD2197,2026-01-13,City Electronics,Chair,Furniture,Supplier D,WH-04,Rawalpindi,Lahore,,Rail,TCS,40,37888,,2026-01-18,2026-01-18,On Time,None,5,0,Yes,2026-01
ORD2198,2026-02-15,ABC Store,Cooking Oil,Grocery,Supplier B,WH-02,Lahore,Islamabad,,Truck,TCS,83,127378,,2026-02-17,2026-02-17,On Time,None,2,0,Yes,2026-02
ORD2199,2026-01-18,Super Store,Cooking Oil,Grocery,Supplier C,WH-02,Islamabad,Peshawar,,Rail,M&P,44,38600,,2026-01-24,2026-01-24,On Time,None,6,0,Yes,2026-01
ORD2200,2026-12-02,Super Store,Sugar,Grocery,Supplier C,WH-02,Islamabad,Peshawar,,Van,Leopards,56,58861,,2026-12-08,2026-12-09,On Time,None,6,-1,Yes,2026-12
ORD2201,2026-01-19,City Electronics,Shirt,Clothing,Supplier E,WH-01,Karachi,Lahore,,Truck,DHL,40,61791,,2026-01-26,2026-01-26,On Time,None,7,0,Yes,2026-01
ORD2202,2026-02-09,ABC Store,Jacket,Clothing,Supplier A,WH-01,Lahore,Faisalabad,,Truck,M&P,65,96261,,2026-02-16,2026-02-16,On Time,None,7,0,Yes,2026-02
ORD2203,2026-07-25,Super Store,Printer,Electronics,Supplier C,WH-04,Rawalpindi,Lahore,,Courier,TCS,66,121066,,2026-08-01,2026-08-01,On Time,None,7,0,Yes,2026-07
ORD2204,2026-12-09,Ali Traders,Milk Powder,Grocery,Supplier D,WH-04,Multan,Karachi,,Courier,Pakistan Railways,19,37001,,2026-12-18,2026-12-15,Delayed,Weather,9,3,No,2026-12
ORD2205,2026-07-08,Super Store,Tea,Grocery,Supplier E,WH-03,Lahore,Islamabad,,Truck,M&P,92,136344,,2026-07-14,2026-07-15,On Time,None,6,-1,Yes,2026-07
ORD2206,2026-01-02,XYZ Ltd,Sofa,Furniture,Supplier D,WH-03,Lahore,Islamabad,,Rail,M&P,62,58373,,2026-01-05,2026-01-05,On Time,None,3,0,Yes,2026-01
ORD2207,2026-03-31,XYZ Ltd,Printer,Electronics,Supplier A,WH-03,Karachi,Lahore,,Van,TCS,69,76082,,2026-04-09,2026-04-05,Delayed,Vehicle Breakdown,9,4,No,2026-03
ORD2208,2026-08-19,Metro Mart,Cabinet,Furniture,Supplier E,WH-01,Karachi,Islamabad,,Courier,Pakistan Railways,44,77573,,2026-08-23,2026-08-23,On Time,None,4,0,Yes,2026-08
ORD2209,2026-03-07,Ali Traders,Desk,Furniture,Supplier E,WH-03,Karachi,Islamabad,,Truck,TCS,96,148157,,2026-03-16,2026-03-14,Delayed,Supplier Delay,9,2,No,2026-03
ORD2210,2026-09-04,Metro Mart,Rice,Grocery,Supplier E,WH-04,Multan,Karachi,,Rail,Leopards,62,55277,,2026-09-05,2026-09-06,On Time,None,1,-1,Yes,2026-09
ORD2211,2026-07-07,ABC Store,Chair,Furniture,Supplier B,WH-03,Lahore,Faisalabad,,Rail,DHL,35,35878,,2026-07-11,2026-07-12,On Time,None,4,-1,Yes,2026-07
ORD2212,2026-06-28,Metro Mart,Milk Powder,Grocery,Supplier B,WH-01,Rawalpindi,Lahore,,Rail,M&P,80,75608,,2026-07-09,2026-07-04,Delayed,Supplier Delay,11,5,No,2026-06
ORD2213,2026-06-05,ABC Store,Cabinet,Furniture,Supplier D,WH-03,Faisalabad,Lahore,,Truck,Leopards,59,88327,,2026-06-16,2026-06-11,Delayed,Weather,11,5,No,2026-06
ORD2214,2026-02-19,New City Store,Desk,Furniture,Supplier E,WH-01,Lahore,Faisalabad,,Truck,TCS,26,43868,,2026-02-28,2026-02-25,Delayed,Warehouse Issue,9,3,No,2026-02
ORD2215,2026-04-07,City Electronics,Bookshelf,Furniture,Supplier E,WH-02,Karachi,Islamabad,,Van,TCS,89,99882,,2026-04-10,2026-04-11,On Time,None,3,-1,Yes,2026-04
ORD2216,2026-01-27,New City Store,Tablet,Electronics,Supplier A,WH-03,Lahore,Multan,,Courier,DHL,38,66142,,2026-01-29,2026-01-29,On Time,None,2,0,Yes,2026-01
ORD2217,2026-02-15,Metro Mart,Chair,Furniture,Supplier C,WH-03,Faisalabad,Lahore,,Van,TCS,9,9527,,2026-02-19,2026-02-18,Delayed,Vehicle Breakdown,4,1,No,2026-02
ORD2218,2026-06-01,Ali Traders,Shoes,Clothing,Supplier E,WH-01,Karachi,Faisalabad,,Truck,TCS,79,122774,,2026-06-08,2026-06-08,On Time,None,7,0,Yes,2026-06
ORD2219,2026-12-06,Pak Furniture,Cooking Oil,Grocery,Supplier D,WH-04,Islamabad,Peshawar,,Rail,M&P,39,33080,,2026-12-11,2026-12-12,On Time,None,5,-1,Yes,2026-12
ORD2220,2026-11-02,New City Store,Tablet,Electronics,Supplier D,WH-03,Faisalabad,Lahore,,Van,TCS,54,58913,,2026-11-14,2026-11-09,Delayed,Traffic,12,5,No,2026-11
ORD2221,2026-01-12,Super Store,Mouse,Electronics,Supplier D,WH-01,Lahore,Islamabad,,Truck,Pakistan Railways,82,121084,,2026-01-14,2026-01-15,On Time,None,2,-1,Yes,2026-01
ORD2222,2026-03-05,Super Store,Sofa,Furniture,Supplier E,WH-02,Lahore,Multan,,Truck,Leopards,46,73601,,2026-03-12,2026-03-12,On Time,None,7,0,Yes,2026-03
ORD2223,2026-11-13,New City Store,Trousers,Clothing,Supplier A,WH-02,Karachi,Faisalabad,,Rail,Leopards,74,70150,,2026-11-21,2026-11-20,Delayed,Traffic,8,1,No,2026-11
ORD2224,2026-06-26,New City Store,Table,Furniture,Supplier C,WH-04,Lahore,Multan,,Van,Pakistan Railways,81,89834,,2026-06-27,2026-06-28,On Time,None,1,-1,Yes,2026-06
ORD2225,2026-03-16,Ali Traders,Router,Electronics,Supplier C,WH-03,Peshawar,Islamabad,,Courier,DHL,33,62995,,2026-03-18,2026-03-19,On Time,None,2,-1,Yes,2026-03
ORD2226,2026-03-16,New City Store,Rice,Grocery,Supplier C,WH-03,Lahore,Multan,,Truck,M&P,87,131692,,2026-03-25,2026-03-23,Delayed,Supplier Delay,9,2,No,2026-03
ORD2227,2026-07-24,Ali Traders,Shirt,Clothing,Supplier C,WH-01,Lahore,Multan,,Van,M&P,2,2628,,2026-07-28,2026-07-28,On Time,None,4,0,Yes,2026-07
ORD2228,2026-05-15,Global Traders,Uniform,Clothing,Supplier E,WH-03,Lahore,Islamabad,,Truck,M&P,11,18698,,2026-05-21,2026-05-21,On Time,None,6,0,Yes,2026-05
ORD2229,2026-08-12,Super Store,Sugar,Grocery,Supplier A,WH-01,Multan,Karachi,,Rail,M&P,56,53996,,2026-08-15,2026-08-15,On Time,None,3,0,Yes,2026-08
ORD2230,2026-09-29,Star Enterprises,Uniform,Clothing,Supplier D,WH-03,Multan,Karachi,,Van,TCS,27,29889,,2026-10-06,2026-10-06,On Time,None,7,0,Yes,2026-09
ORD2231,2026-11-28,XYZ Ltd,Office Chair,Furniture,Supplier E,WH-01,Karachi,Lahore,,Truck,DHL,72,108130,,2026-11-30,2026-11-30,On Time,None,2,0,Yes,2026-11
ORD2232,2026-10-29,City Electronics,Shirt,Clothing,Supplier E,WH-01,Islamabad,Peshawar,,Truck,DHL,43,62493,,2026-11-05,2026-11-05,On Time,None,7,0,Yes,2026-10
ORD2233,2026-05-06,Star Enterprises,Bookshelf,Furniture,Supplier E,WH-03,Karachi,Islamabad,,Truck,Pakistan Railways,92,141172,,2026-05-07,2026-05-08,On Time,None,1,-1,Yes,2026-05
ORD2234,2026-07-05,Metro Mart,Cooking Oil,Grocery,Supplier B,WH-02,Peshawar,Islamabad,,Rail,TCS,95,85849,,2026-07-09,2026-07-10,On Time,None,4,-1,Yes,2026-07
ORD2235,2026-10-16,Pak Furniture,Table,Furniture,Supplier D,WH-04,Lahore,Islamabad,,Rail,Pakistan Railways,98,89435,,2026-10-21,2026-10-21,On Time,None,5,0,Yes,2026-10
ORD2236,2026-06-19,Super Store,Cabinet,Furniture,Supplier B,WH-03,Karachi,Faisalabad,,Van,DHL,68,79223,,2026-06-21,2026-06-22,On Time,None,2,-1,Yes,2026-06
ORD2237,2026-02-26,Star Enterprises,Table,Furniture,Supplier B,WH-03,Islamabad,Peshawar,,Truck,Leopards,66,100212,,2026-03-02,2026-03-02,On Time,None,4,0,Yes,2026-02
ORD2238,2026-12-15,Super Store,Shoes,Clothing,Supplier D,WH-01,Peshawar,Islamabad,,Courier,M&P,42,79167,,2026-12-21,2026-12-21,On Time,None,6,0,Yes,2026-12
ORD2239,2026-05-24,New City Store,Tea,Grocery,Supplier D,WH-03,Lahore,Multan,,Truck,DHL,46,71211,,2026-05-31,2026-05-27,Delayed,Vehicle Breakdown,7,4,No,2026-05
ORD2240,2026-06-26,Pak Furniture,Cabinet,Furniture,Supplier E,WH-04,Karachi,Islamabad,,Courier,M&P,12,26521,,2026-07-06,2026-07-03,Delayed,Supplier Delay,10,3,No,2026-06
ORD2241,2026-07-17,XYZ Ltd,Shoes,Clothing,Supplier C,WH-01,Gujranwala,Lahore,,Truck,Pakistan Railways,80,121038,,2026-07-21,2026-07-22,On Time,None,4,-1,Yes,2026-07
ORD2242,2026-05-18,New City Store,Jacket,Clothing,Supplier C,WH-01,Faisalabad,Lahore,,Courier,M&P,15,29008,,2026-05-23,2026-05-23,On Time,None,5,0,Yes,2026-05
ORD2243,2026-05-02,Ali Traders,Monitor,Electronics,Supplier C,WH-02,Lahore,Islamabad,,Truck,Leopards,25,41357,,2026-05-07,2026-05-04,Delayed,Supplier Delay,5,3,No,2026-05
ORD2244,2026-09-01,XYZ Ltd,Desk,Furniture,Supplier B,WH-02,Lahore,Faisalabad,,Rail,Pakistan Railways,96,85161,,2026-09-04,2026-09-05,On Time,None,3,-1,Yes,2026-09
ORD2245,2026-09-03,Super Store,T-Shirt,Clothing,Supplier A,WH-03,Multan,Karachi,,Truck,TCS,82,127161,,2026-09-09,2026-09-09,On Time,None,6,0,Yes,2026-09
ORD2246,2026-01-05,Metro Mart,Desk,Furniture,Supplier E,WH-01,Karachi,Lahore,,Rail,DHL,57,54425,,2026-01-08,2026-01-08,On Time,None,3,0,Yes,2026-01
ORD2247,2026-07-24,Global Traders,Keyboard,Electronics,Supplier C,WH-03,Karachi,Islamabad,,Courier,TCS,45,80007,,2026-08-03,2026-07-30,Delayed,Traffic,10,4,No,2026-07
ORD2248,2026-11-11,Super Store,Jacket,Clothing,Supplier D,WH-02,Rawalpindi,Lahore,,Van,TCS,81,88825,,2026-11-18,2026-11-18,On Time,None,7,0,Yes,2026-11
ORD2249,2026-11-16,New City Store,Mobile,Electronics,Supplier E,WH-02,Gujranwala,Lahore,,Rail,Leopards,57,54352,,2026-11-22,2026-11-23,On Time,None,6,-1,Yes,2026-11
ORD2250,2026-09-14,Pak Furniture,Tablet,Electronics,Supplier A,WH-03,Faisalabad,Lahore,,Van,Pakistan Railways,32,39252,,2026-09-16,2026-09-16,On Time,None,2,0,Yes,2026-09
ORD2251,2026-06-24,Pak Furniture,Chair,Furniture,Supplier B,WH-04,Lahore,Multan,,Courier,M&P,28,55120,,2026-06-30,2026-06-30,On Time,None,6,0,Yes,2026-06
ORD2252,2026-11-25,Star Enterprises,Flour,Grocery,Supplier D,WH-01,Rawalpindi,Lahore,,Truck,Leopards,44,63673,,2026-12-01,2026-12-02,On Time,None,6,-1,Yes,2026-11
ORD2253,2026-11-07,Star Enterprises,Router,Electronics,Supplier D,WH-03,Faisalabad,Lahore,,Truck,DHL,74,113550,,2026-11-13,2026-11-14,On Time,None,6,-1,Yes,2026-11
ORD2254,2026-06-07,New City Store,Desk,Furniture,Supplier B,WH-01,Multan,Karachi,,Rail,Pakistan Railways,70,61456,,2026-06-12,2026-06-13,On Time,None,5,-1,Yes,2026-06
ORD2255,2026-09-22,Pak Furniture,Jacket,Clothing,Supplier D,WH-04,Multan,Karachi,,Rail,Leopards,100,89615,,2026-09-28,2026-09-28,On Time,None,6,0,Yes,2026-09
ORD2256,2026-01-10,Pak Furniture,Flour,Grocery,Supplier E,WH-03,Karachi,Faisalabad,,Van,M&P,29,35173,,2026-01-15,2026-01-15,On Time,None,5,0,Yes,2026-01
ORD2257,2026-02-22,Pak Furniture,T-Shirt,Clothing,Supplier B,WH-02,Gujranwala,Lahore,,Truck,Pakistan Railways,35,55788,,2026-02-27,2026-02-28,On Time,None,5,-1,Yes,2026-02
ORD2258,2026-09-07,Super Store,Desk,Furniture,Supplier A,WH-03,Islamabad,Peshawar,,Rail,Pakistan Railways,60,54822,,2026-09-08,2026-09-09,On Time,None,1,-1,Yes,2026-09
ORD2259,2026-02-26,ABC Store,Milk Powder,Grocery,Supplier C,WH-04,Rawalpindi,Lahore,,Van,M&P,79,91772,,2026-03-01,2026-03-02,On Time,None,3,-1,Yes,2026-02
ORD2260,2026-12-04,City Electronics,Trousers,Clothing,Supplier B,WH-03,Faisalabad,Lahore,,Courier,Pakistan Railways,44,79487,,2026-12-11,2026-12-08,Delayed,Vehicle Breakdown,7,3,No,2026-12
ORD2261,2026-11-28,Global Traders,Rice,Grocery,Supplier D,WH-03,Karachi,Faisalabad,,Rail,Leopards,28,27275,,2026-12-04,2026-12-05,On Time,None,6,-1,Yes,2026-11
ORD2262,2026-03-16,Star Enterprises,Flour,Grocery,Supplier C,WH-01,Karachi,Faisalabad,,Rail,Leopards,96,88297,,2026-03-20,2026-03-20,On Time,None,4,0,Yes,2026-03
ORD2263,2026-09-14,ABC Store,Shoes,Clothing,Supplier A,WH-02,Lahore,Faisalabad,,Rail,TCS,100,88584,,2026-09-21,2026-09-19,Delayed,Vehicle Breakdown,7,2,No,2026-09
ORD2264,2026-08-16,Ali Traders,Rice,Grocery,Supplier D,WH-01,Karachi,Islamabad,,Courier,Pakistan Railways,57,104790,,2026-08-27,2026-08-23,Delayed,Supplier Delay,11,4,No,2026-08
ORD2265,2026-09-08,Metro Mart,Rice,Grocery,Supplier E,WH-03,Gujranwala,Lahore,,Rail,Pakistan Railways,44,36941,,2026-09-14,2026-09-14,On Time,None,6,0,Yes,2026-09
ORD2266,2026-05-26,Pak Furniture,Shirt,Clothing,Supplier A,WH-04,Lahore,Islamabad,,Van,Pakistan Railways,50,52825,,2026-05-31,2026-05-28,Delayed,Supplier Delay,5,3,No,2026-05
ORD2267,2026-12-14,Ali Traders,Mobile,Electronics,Supplier D,WH-01,Multan,Karachi,,Courier,Pakistan Railways,83,148609,,2026-12-25,2026-12-20,Delayed,Warehouse Issue,11,5,No,2026-12
ORD2268,2026-12-25,New City Store,Cabinet,Furniture,Supplier C,WH-03,Karachi,Faisalabad,,Truck,Leopards,91,134778,,2026-12-27,2026-12-27,On Time,None,2,0,Yes,2026-12
ORD2269,2026-10-24,Metro Mart,Shoes,Clothing,Supplier D,WH-02,Faisalabad,Lahore,,Van,Leopards,63,68267,,2026-10-28,2026-10-28,On Time,None,4,0,Yes,2026-10
ORD2270,2026-12-27,Star Enterprises,Shirt,Clothing,Supplier D,WH-01,Rawalpindi,Lahore,,Van,DHL,69,77310,,2026-12-29,2026-12-30,On Time,None,2,-1,Yes,2026-12
ORD2271,2026-04-20,Metro Mart,Rice,Grocery,Supplier B,WH-01,Karachi,Lahore,,Rail,DHL,7,8244,,2026-04-25,2026-04-25,On Time,None,5,0,Yes,2026-04
ORD2272,2026-03-26,Global Traders,Tea,Grocery,Supplier B,WH-04,Multan,Karachi,,Van,M&P,62,71034,,2026-04-02,2026-04-02,On Time,None,7,0,Yes,2026-03
ORD2273,2026-02-02,City Electronics,Monitor,Electronics,Supplier A,WH-01,Rawalpindi,Lahore,,Van,M&P,100,112151,,2026-02-06,2026-02-07,On Time,None,4,-1,Yes,2026-02
ORD2274,2026-07-19,Ali Traders,Office Chair,Furniture,Supplier C,WH-02,Karachi,Faisalabad,,Courier,DHL,94,170057,,2026-07-24,2026-07-25,On Time,None,5,-1,Yes,2026-07
ORD2275,2026-03-14,Star Enterprises,Shoes,Clothing,Supplier E,WH-01,Karachi,Lahore,,Van,DHL,26,32127,,2026-03-19,2026-03-17,Delayed,Vehicle Breakdown,5,2,No,2026-03
ORD2276,2026-03-23,Super Store,Mobile,Electronics,Supplier E,WH-04,Karachi,Faisalabad,,Van,M&P,80,92087,,2026-03-27,2026-03-27,On Time,None,4,0,Yes,2026-03
ORD2277,2026-08-20,City Electronics,Cooking Oil,Grocery,Supplier C,WH-02,Lahore,Multan,,Rail,M&P,36,31746,,2026-08-23,2026-08-22,Delayed,Supplier Delay,3,1,No,2026-08
ORD2278,2026-12-07,Pak Furniture,Monitor,Electronics,Supplier D,WH-04,Islamabad,Peshawar,,Truck,M&P,19,25974,,2026-12-09,2026-12-10,On Time,None,2,-1,Yes,2026-12
ORD2279,2026-12-20,New City Store,Sofa,Furniture,Supplier D,WH-03,Karachi,Lahore,,Rail,Leopards,11,9031,,2026-12-24,2026-12-25,On Time,None,4,-1,Yes,2026-12
ORD2280,2026-01-15,ABC Store,Milk Powder,Grocery,Supplier E,WH-02,Islamabad,Peshawar,,Van,M&P,35,43485,,2026-01-16,2026-01-17,On Time,None,1,-1,Yes,2026-01
ORD2281,2026-04-05,Global Traders,Cabinet,Furniture,Supplier B,WH-04,Lahore,Islamabad,,Van,TCS,66,73545,,2026-04-10,2026-04-10,On Time,None,5,0,Yes,2026-04
ORD2282,2026-09-05,Ali Traders,Mouse,Electronics,Supplier D,WH-04,Karachi,Lahore,,Van,Leopards,49,52082,,2026-09-11,2026-09-12,On Time,None,6,-1,Yes,2026-09
ORD2283,2026-09-05,Super Store,Uniform,Clothing,Supplier A,WH-04,Lahore,Multan,,Truck,Leopards,19,25842,,2026-09-09,2026-09-09,On Time,None,4,0,Yes,2026-09
ORD2284,2026-10-15,Ali Traders,Rice,Grocery,Supplier E,WH-04,Peshawar,Islamabad,,Van,TCS,29,36158,,2026-10-25,2026-10-22,Delayed,Vehicle Breakdown,10,3,No,2026-10
ORD2285,2026-07-25,City Electronics,Shoes,Clothing,Supplier C,WH-01,Peshawar,Islamabad,,Truck,Leopards,5,7145,,2026-07-31,2026-08-01,On Time,None,6,-1,Yes,2026-07
ORD2286,2026-11-08,Ali Traders,Jacket,Clothing,Supplier E,WH-01,Peshawar,Islamabad,,Courier,TCS,30,53444,,2026-11-10,2026-11-11,On Time,None,2,-1,Yes,2026-11
ORD2287,2026-12-28,New City Store,Uniform,Clothing,Supplier A,WH-01,Lahore,Faisalabad,,Truck,M&P,72,109701,,2027-01-04,2026-12-30,Delayed,Weather,7,5,No,2026-12
ORD2288,2026-10-24,Super Store,Shirt,Clothing,Supplier D,WH-03,Lahore,Multan,,Truck,M&P,32,45548,,2026-10-30,2026-10-30,On Time,None,6,0,Yes,2026-10
ORD2289,2026-03-12,Pak Furniture,Sofa,Furniture,Supplier A,WH-02,Lahore,Multan,,Truck,Leopards,74,114020,,2026-03-14,2026-03-14,On Time,None,2,0,Yes,2026-03
ORD2290,2026-07-07,City Electronics,Tablet,Electronics,Supplier E,WH-02,Islamabad,Peshawar,,Rail,Pakistan Railways,30,30193,,2026-07-12,2026-07-13,On Time,None,5,-1,Yes,2026-07
ORD2291,2026-12-16,New City Store,Laptop,Electronics,Supplier D,WH-03,Rawalpindi,Lahore,,Van,M&P,11,13032,,2026-12-20,2026-12-20,On Time,None,4,0,Yes,2026-12
ORD2292,2026-07-13,New City Store,Office Chair,Furniture,Supplier C,WH-01,Lahore,Islamabad,,Van,TCS,39,40285,,2026-07-20,2026-07-15,Delayed,Weather,7,5,No,2026-07
ORD2293,2026-04-07,ABC Store,Flour,Grocery,Supplier E,WH-04,Peshawar,Islamabad,,Truck,DHL,44,69619,,2026-04-13,2026-04-13,On Time,None,6,0,Yes,2026-04
ORD2294,2026-09-10,ABC Store,Uniform,Clothing,Supplier A,WH-02,Lahore,Islamabad,,Rail,Leopards,65,59201,,2026-09-12,2026-09-12,On Time,None,2,0,Yes,2026-09
ORD2295,2026-02-07,XYZ Ltd,Milk Powder,Grocery,Supplier D,WH-01,Faisalabad,Lahore,,Truck,Leopards,33,50930,,2026-02-10,2026-02-10,On Time,None,3,0,Yes,2026-02
ORD2296,2026-04-17,Metro Mart,Shoes,Clothing,Supplier E,WH-03,Karachi,Lahore,,Courier,Leopards,59,107007,,2026-04-23,2026-04-24,On Time,None,6,-1,Yes,2026-04
ORD2297,2026-01-05,Super Store,Sugar,Grocery,Supplier C,WH-03,Karachi,Faisalabad,,Courier,DHL,11,22035,,2026-01-09,2026-01-10,On Time,None,4,-1,Yes,2026-01
ORD2298,2026-04-27,Metro Mart,Desk,Furniture,Supplier E,WH-04,Gujranwala,Lahore,,Courier,M&P,97,175694,,2026-05-01,2026-05-01,On Time,None,4,0,Yes,2026-04
ORD2299,2026-03-01,Ali Traders,Tea,Grocery,Supplier C,WH-01,Peshawar,Islamabad,,Rail,Leopards,93,87269,,2026-03-03,2026-03-04,On Time,None,2,-1,Yes,2026-03
ORD2300,2026-06-26,Super Store,Keyboard,Electronics,Supplier C,WH-02,Rawalpindi,Lahore,,Truck,Leopards,77,118885,,2026-07-02,2026-07-02,On Time,None,6,0,Yes,2026-06
ORD2301,2026-10-24,City Electronics,Shoes,Clothing,Supplier A,WH-01,Karachi,Lahore,,Truck,Leopards,74,111872,,2026-10-29,2026-10-29,On Time,None,5,0,Yes,2026-10
ORD2302,2026-07-05,City Electronics,Cooking Oil,Grocery,Supplier C,WH-04,Lahore,Multan,,Courier,DHL,22,39773,,2026-07-12,2026-07-12,On Time,None,7,0,Yes,2026-07
ORD2303,2026-09-17,Pak Furniture,Milk Powder,Grocery,Supplier A,WH-02,Peshawar,Islamabad,,Truck,Pakistan Railways,65,96612,,2026-09-24,2026-09-24,On Time,None,7,0,Yes,2026-09
ORD2304,2026-08-02,Ali Traders,Shoes,Clothing,Supplier E,WH-02,Karachi,Faisalabad,,Courier,TCS,28,51654,,2026-08-05,2026-08-05,On Time,None,3,0,Yes,2026-08
ORD2305,2026-01-18,New City Store,Shoes,Clothing,Supplier D,WH-04,Peshawar,Islamabad,,Rail,Leopards,6,8600,,2026-01-25,2026-01-25,On Time,None,7,0,Yes,2026-01
ORD2306,2026-03-15,Super Store,Sofa,Furniture,Supplier D,WH-02,Gujranwala,Lahore,,Courier,TCS,86,158233,,2026-03-21,2026-03-17,Delayed,Weather,6,4,No,2026-03
ORD2307,2026-07-03,ABC Store,Cabinet,Furniture,Supplier E,WH-04,Lahore,Multan,,Van,TCS,53,59720,,2026-07-10,2026-07-10,On Time,None,7,0,Yes,2026-07
ORD2308,2026-04-14,XYZ Ltd,Table,Furniture,Supplier B,WH-01,Lahore,Multan,,Van,Pakistan Railways,76,88210,,2026-04-17,2026-04-17,On Time,None,3,0,Yes,2026-04
ORD2309,2026-01-12,Super Store,Mouse,Electronics,Supplier E,WH-03,Gujranwala,Lahore,,Van,TCS,52,59213,,2026-01-15,2026-01-16,On Time,None,3,-1,Yes,2026-01
ORD2310,2026-06-24,Global Traders,Jacket,Clothing,Supplier B,WH-03,Karachi,Lahore,,Van,Pakistan Railways,44,47386,,2026-06-28,2026-06-29,On Time,None,4,-1,Yes,2026-06
ORD2311,2026-01-17,Super Store,Flour,Grocery,Supplier E,WH-03,Karachi,Islamabad,,Courier,M&P,32,55473,,2026-01-18,2026-01-19,On Time,None,1,-1,Yes,2026-01
ORD2312,2026-05-12,XYZ Ltd,Flour,Grocery,Supplier C,WH-02,Lahore,Faisalabad,,Truck,M&P,32,52982,,2026-05-17,2026-05-17,On Time,None,5,0,Yes,2026-05
ORD2313,2026-03-09,Pak Furniture,Rice,Grocery,Supplier D,WH-04,Lahore,Faisalabad,,Courier,Pakistan Railways,51,89024,,2026-03-18,2026-03-16,Delayed,Supplier Delay,9,2,No,2026-03
ORD2314,2026-03-08,XYZ Ltd,Monitor,Electronics,Supplier A,WH-04,Lahore,Islamabad,,Truck,Pakistan Railways,92,142402,,2026-03-12,2026-03-12,On Time,None,4,0,Yes,2026-03
ORD2315,2026-04-17,New City Store,Cabinet,Furniture,Supplier D,WH-04,Lahore,Multan,,Courier,DHL,90,159624,,2026-04-21,2026-04-21,On Time,None,4,0,Yes,2026-04
ORD2316,2026-10-18,Pak Furniture,Trousers,Clothing,Supplier E,WH-01,Rawalpindi,Lahore,,Courier,M&P,39,68140,,2026-10-25,2026-10-23,Delayed,Weather,7,2,No,2026-10
ORD2317,2026-10-05,Star Enterprises,Router,Electronics,Supplier A,WH-01,Faisalabad,Lahore,,Truck,TCS,23,35817,,2026-10-09,2026-10-10,On Time,None,4,-1,Yes,2026-10
ORD2318,2026-03-18,Ali Traders,Bookshelf,Furniture,Supplier B,WH-01,Karachi,Lahore,,Courier,M&P,39,70202,,2026-03-25,2026-03-22,Delayed,Supplier Delay,7,3,No,2026-03
ORD2319,2026-09-13,New City Store,Bookshelf,Furniture,Supplier A,WH-01,Karachi,Islamabad,,Courier,Leopards,17,34763,,2026-09-17,2026-09-18,On Time,None,4,-1,Yes,2026-09
ORD2320,2026-02-20,Pak Furniture,Sofa,Furniture,Supplier E,WH-04,Karachi,Islamabad,,Rail,DHL,7,5182,,2026-02-27,2026-02-27,On Time,None,7,0,Yes,2026-02
ORD2321,2026-10-01,Pak Furniture,Milk Powder,Grocery,Supplier E,WH-02,Islamabad,Peshawar,,Truck,Pakistan Railways,48,73158,,2026-10-08,2026-10-06,Delayed,Supplier Delay,7,2,No,2026-10
ORD2322,2026-04-21,Super Store,Mouse,Electronics,Supplier A,WH-01,Karachi,Islamabad,,Rail,Leopards,77,67557,,2026-04-28,2026-04-24,Delayed,Traffic,7,4,No,2026-04
ORD2323,2026-05-18,Star Enterprises,Tea,Grocery,Supplier A,WH-04,Lahore,Islamabad,,Truck,M&P,6,11917,,2026-05-20,2026-05-20,On Time,None,2,0,Yes,2026-05
ORD2324,2026-11-08,Global Traders,Chair,Furniture,Supplier E,WH-02,Faisalabad,Lahore,,Truck,Pakistan Railways,17,22878,,2026-11-09,2026-11-10,On Time,None,1,-1,Yes,2026-11
ORD2325,2026-10-09,Pak Furniture,Table,Furniture,Supplier B,WH-02,Peshawar,Islamabad,,Courier,TCS,35,64713,,2026-10-16,2026-10-16,On Time,None,7,0,Yes,2026-10
ORD2326,2026-10-27,Pak Furniture,Cabinet,Furniture,Supplier A,WH-03,Lahore,Faisalabad,,Rail,M&P,16,12033,,2026-11-01,2026-11-01,On Time,None,5,0,Yes,2026-10
ORD2327,2026-02-12,City Electronics,Chair,Furniture,Supplier D,WH-03,Rawalpindi,Lahore,,Rail,TCS,40,40493,,2026-02-15,2026-02-15,On Time,None,3,0,Yes,2026-02
ORD2328,2026-05-02,New City Store,Trousers,Clothing,Supplier D,WH-02,Faisalabad,Lahore,,Truck,Pakistan Railways,70,103947,,2026-05-12,2026-05-09,Delayed,Supplier Delay,10,3,No,2026-05
ORD2329,2026-08-29,Global Traders,Office Chair,Furniture,Supplier D,WH-04,Rawalpindi,Lahore,,Van,M&P,39,41466,,2026-09-05,2026-09-05,On Time,None,7,0,Yes,2026-08
ORD2330,2026-06-05,New City Store,T-Shirt,Clothing,Supplier D,WH-02,Peshawar,Islamabad,,Courier,M&P,61,107703,,2026-06-09,2026-06-09,On Time,None,4,0,Yes,2026-06
ORD2331,2026-04-25,Star Enterprises,Tablet,Electronics,Supplier E,WH-01,Islamabad,Peshawar,,Rail,Pakistan Railways,83,71853,,2026-05-02,2026-05-02,On Time,None,7,0,Yes,2026-04
ORD2332,2026-08-30,New City Store,Shirt,Clothing,Supplier A,WH-01,Peshawar,Islamabad,,Rail,TCS,77,66839,,2026-09-04,2026-09-04,On Time,None,5,0,Yes,2026-08
ORD2333,2026-04-27,Global Traders,Trousers,Clothing,Supplier C,WH-02,Multan,Karachi,,Courier,DHL,17,30598,,2026-04-30,2026-05-01,On Time,None,3,-1,Yes,2026-04
ORD2334,2026-04-24,Super Store,Chair,Furniture,Supplier E,WH-01,Gujranwala,Lahore,,Rail,TCS,13,14260,,2026-04-30,2026-04-28,Delayed,Traffic,6,2,No,2026-04
ORD2335,2026-12-30,ABC Store,Trousers,Clothing,Supplier B,WH-04,Karachi,Islamabad,,Truck,M&P,63,99364,,2027-01-02,2027-01-03,On Time,None,3,-1,Yes,2026-12
ORD2336,2026-01-06,ABC Store,Sugar,Grocery,Supplier E,WH-02,Islamabad,Peshawar,,Rail,Pakistan Railways,68,64237,,2026-01-10,2026-01-10,On Time,None,4,0,Yes,2026-01
ORD2337,2026-03-25,XYZ Ltd,Office Chair,Furniture,Supplier C,WH-04,Karachi,Faisalabad,,Courier,Leopards,62,115131,,2026-03-26,2026-03-27,On Time,None,1,-1,Yes,2026-03
ORD2338,2026-11-01,Ali Traders,Table,Furniture,Supplier D,WH-02,Gujranwala,Lahore,,Rail,Leopards,94,87984,,2026-11-03,2026-11-04,On Time,None,2,-1,Yes,2026-11
ORD2339,2026-01-22,Metro Mart,Cabinet,Furniture,Supplier E,WH-01,Peshawar,Islamabad,,Truck,TCS,56,83462,,2026-01-27,2026-01-27,On Time,None,5,0,Yes,2026-01
ORD2340,2026-06-04,XYZ Ltd,T-Shirt,Clothing,Supplier D,WH-02,Gujranwala,Lahore,,Rail,M&P,34,32995,,2026-06-06,2026-06-06,On Time,None,2,0,Yes,2026-06
ORD2341,2026-04-01,Metro Mart,Mouse,Electronics,Supplier E,WH-04,Peshawar,Islamabad,,Van,TCS,95,105046,,2026-04-06,2026-04-06,On Time,None,5,0,Yes,2026-04
ORD2342,2026-10-20,Metro Mart,Desk,Furniture,Supplier B,WH-04,Peshawar,Islamabad,,Truck,M&P,41,65493,,2026-10-22,2026-10-23,On Time,None,2,-1,Yes,2026-10
ORD2343,2026-12-19,Pak Furniture,Cabinet,Furniture,Supplier D,WH-02,Faisalabad,Lahore,,Courier,DHL,32,61376,,2026-12-27,2026-12-25,Delayed,Weather,8,2,No,2026-12
ORD2344,2026-01-11,Global Traders,Desk,Furniture,Supplier C,WH-02,Karachi,Faisalabad,,Van,TCS,24,25284,,2026-01-15,2026-01-16,On Time,None,4,-1,Yes,2026-01
ORD2345,2026-03-20,City Electronics,Jacket,Clothing,Supplier A,WH-03,Islamabad,Peshawar,,Courier,DHL,8,13380,,2026-03-23,2026-03-23,On Time,None,3,0,Yes,2026-03
ORD2346,2026-02-07,Super Store,Tablet,Electronics,Supplier B,WH-02,Faisalabad,Lahore,,Truck,TCS,63,97305,,2026-02-09,2026-02-09,On Time,None,2,0,Yes,2026-02
ORD2347,2026-06-16,Star Enterprises,Shirt,Clothing,Supplier E,WH-03,Karachi,Faisalabad,,Truck,M&P,20,28247,,2026-06-23,2026-06-23,On Time,None,7,0,Yes,2026-06
ORD2348,2026-06-24,Super Store,Rice,Grocery,Supplier A,WH-02,Faisalabad,Lahore,,Rail,TCS,17,14927,,2026-06-26,2026-06-27,On Time,None,2,-1,Yes,2026-06
ORD2349,2026-09-06,Star Enterprises,Mobile,Electronics,Supplier B,WH-03,Lahore,Islamabad,,Rail,DHL,94,87240,,2026-09-10,2026-09-10,On Time,None,4,0,Yes,2026-09
ORD2350,2026-02-05,New City Store,Shirt,Clothing,Supplier C,WH-04,Faisalabad,Lahore,,Rail,Leopards,16,18724,,2026-02-09,2026-02-10,On Time,None,4,-1,Yes,2026-02
ORD2351,2026-03-30,Star Enterprises,Desk,Furniture,Supplier D,WH-02,Lahore,Islamabad,,Courier,TCS,96,173162,,2026-04-01,2026-04-02,On Time,None,2,-1,Yes,2026-03
ORD2352,2026-12-10,Star Enterprises,Milk Powder,Grocery,Supplier D,WH-02,Faisalabad,Lahore,,Van,TCS,100,107006,,2026-12-14,2026-12-15,On Time,None,4,-1,Yes,2026-12
ORD2353,2026-06-10,Ali Traders,Sugar,Grocery,Supplier A,WH-03,Peshawar,Islamabad,,Courier,Pakistan Railways,46,85269,,2026-06-17,2026-06-17,On Time,None,7,0,Yes,2026-06
ORD2354,2026-08-24,ABC Store,Sugar,Grocery,Supplier B,WH-04,Lahore,Islamabad,,Truck,Pakistan Railways,5,5395,,2026-08-29,2026-08-26,Delayed,Warehouse Issue,5,3,No,2026-08
ORD2355,2026-02-19,Ali Traders,Cabinet,Furniture,Supplier B,WH-04,Lahore,Faisalabad,,Truck,Pakistan Railways,77,114196,,2026-02-21,2026-02-21,On Time,None,2,0,Yes,2026-02
ORD2356,2026-12-03,ABC Store,Trousers,Clothing,Supplier E,WH-01,Multan,Karachi,,Courier,Pakistan Railways,94,169086,,2026-12-05,2026-12-05,On Time,None,2,0,Yes,2026-12
ORD2357,2026-08-04,New City Store,Keyboard,Electronics,Supplier A,WH-04,Faisalabad,Lahore,,Courier,Pakistan Railways,69,127414,,2026-08-06,2026-08-07,On Time,None,2,-1,Yes,2026-08
ORD2358,2026-09-26,Ali Traders,Router,Electronics,Supplier B,WH-04,Lahore,Multan,,Truck,Pakistan Railways,15,25015,,2026-10-03,2026-10-03,On Time,None,7,0,Yes,2026-09
ORD2359,2026-08-18,XYZ Ltd,Sofa,Furniture,Supplier B,WH-03,Multan,Karachi,,Rail,TCS,60,55225,,2026-08-20,2026-08-21,On Time,None,2,-1,Yes,2026-08
ORD2360,2026-10-01,Metro Mart,Mouse,Electronics,Supplier E,WH-04,Lahore,Faisalabad,,Rail,TCS,83,73791,,2026-10-04,2026-10-05,On Time,None,3,-1,Yes,2026-10
ORD2361,2026-07-30,Global Traders,Printer,Electronics,Supplier D,WH-04,Karachi,Islamabad,,Truck,Leopards,49,74815,,2026-08-05,2026-08-05,On Time,None,6,0,Yes,2026-07
ORD2362,2026-07-10,ABC Store,Cooking Oil,Grocery,Supplier A,WH-01,Multan,Karachi,,Rail,M&P,56,47772,,2026-07-14,2026-07-14,On Time,None,4,0,Yes,2026-07
ORD2363,2026-07-25,Metro Mart,Sugar,Grocery,Supplier A,WH-01,Karachi,Faisalabad,,Courier,DHL,76,141434,,2026-07-29,2026-07-28,Delayed,Weather,4,1,No,2026-07
ORD2364,2026-06-28,Star Enterprises,Cooking Oil,Grocery,Supplier C,WH-02,Islamabad,Peshawar,,Courier,Leopards,62,115109,,2026-07-03,2026-07-01,Delayed,Traffic,5,2,No,2026-06
ORD2365,2026-07-13,Global Traders,Shirt,Clothing,Supplier E,WH-02,Multan,Karachi,,Truck,M&P,37,56985,,2026-07-17,2026-07-18,On Time,None,4,-1,Yes,2026-07
ORD2366,2026-02-22,XYZ Ltd,Milk Powder,Grocery,Supplier A,WH-02,Faisalabad,Lahore,,Rail,M&P,42,34994,,2026-03-04,2026-03-01,Delayed,Vehicle Breakdown,10,3,No,2026-02
ORD2367,2026-10-30,Ali Traders,Monitor,Electronics,Supplier E,WH-04,Multan,Karachi,,Courier,DHL,67,121777,,2026-11-08,2026-11-04,Delayed,Traffic,9,4,No,2026-10
ORD2368,2026-07-20,Metro Mart,Monitor,Electronics,Supplier C,WH-02,Lahore,Faisalabad,,Van,TCS,4,1645,,2026-07-28,2026-07-26,Delayed,Vehicle Breakdown,8,2,No,2026-07
ORD2369,2026-03-22,New City Store,Tea,Grocery,Supplier B,WH-01,Rawalpindi,Lahore,,Rail,TCS,57,52954,,2026-03-28,2026-03-28,On Time,None,6,0,Yes,2026-03
ORD2370,2026-06-10,City Electronics,Shoes,Clothing,Supplier B,WH-04,Gujranwala,Lahore,,Van,M&P,13,15575,,2026-06-15,2026-06-16,On Time,None,5,-1,Yes,2026-06
ORD2371,2026-03-16,Pak Furniture,Sofa,Furniture,Supplier C,WH-04,Lahore,Islamabad,,Truck,DHL,17,24546,,2026-03-21,2026-03-18,Delayed,Traffic,5,3,No,2026-03
ORD2372,2026-07-10,Super Store,Shoes,Clothing,Supplier A,WH-02,Faisalabad,Lahore,,Truck,M&P,67,102119,,2026-07-20,2026-07-17,Delayed,Traffic,10,3,No,2026-07
ORD2373,2026-09-22,XYZ Ltd,Keyboard,Electronics,Supplier A,WH-04,Multan,Karachi,,Courier,TCS,91,165242,,2026-09-23,2026-09-24,On Time,None,1,-1,Yes,2026-09
ORD2374,2026-10-24,XYZ Ltd,T-Shirt,Clothing,Supplier E,WH-03,Karachi,Islamabad,,Courier,Pakistan Railways,5,10781,,2026-10-29,2026-10-30,On Time,None,5,-1,Yes,2026-10
ORD2375,2026-08-02,ABC Store,Sugar,Grocery,Supplier D,WH-04,Peshawar,Islamabad,,Rail,Pakistan Railways,37,32780,,2026-08-08,2026-08-06,Delayed,Weather,6,2,No,2026-08
ORD2376,2026-05-13,Star Enterprises,Desk,Furniture,Supplier E,WH-04,Islamabad,Peshawar,,Truck,DHL,60,88922,,2026-05-21,2026-05-18,Delayed,Traffic,8,3,No,2026-05
ORD2377,2026-04-26,ABC Store,Laptop,Electronics,Supplier B,WH-04,Karachi,Faisalabad,,Courier,Pakistan Railways,16,33337,,2026-04-29,2026-04-30,On Time,None,3,-1,Yes,2026-04
ORD2378,2026-12-09,New City Store,Shirt,Clothing,Supplier D,WH-01,Lahore,Islamabad,,Rail,Leopards,12,14954,,2026-12-14,2026-12-15,On Time,None,5,-1,Yes,2026-12
ORD2379,2026-02-22,New City Store,Bookshelf,Furniture,Supplier C,WH-04,Karachi,Faisalabad,,Van,M&P,93,103282,,2026-02-26,2026-02-27,On Time,None,4,-1,Yes,2026-02
ORD2380,2026-05-29,ABC Store,Monitor,Electronics,Supplier C,WH-01,Karachi,Islamabad,,Truck,DHL,97,143071,,2026-06-09,2026-06-04,Delayed,Traffic,11,5,No,2026-05
ORD2381,2026-06-09,Ali Traders,Rice,Grocery,Supplier B,WH-02,Faisalabad,Lahore,,Truck,Leopards,76,116476,,2026-06-11,2026-06-11,On Time,None,2,0,Yes,2026-06
ORD2382,2026-01-20,Star Enterprises,Cooking Oil,Grocery,Supplier A,WH-03,Lahore,Islamabad,,Courier,Leopards,13,22824,,2026-01-27,2026-01-27,On Time,None,7,0,Yes,2026-01
ORD2383,2026-09-27,Metro Mart,Laptop,Electronics,Supplier B,WH-01,Karachi,Islamabad,,Rail,Leopards,35,31078,,2026-10-04,2026-10-02,Delayed,Warehouse Issue,7,2,No,2026-09
ORD2384,2026-06-17,Global Traders,Rice,Grocery,Supplier D,WH-03,Lahore,Islamabad,,Van,DHL,58,62975,,2026-06-21,2026-06-21,On Time,None,4,0,Yes,2026-06
ORD2385,2026-01-02,New City Store,Table,Furniture,Supplier E,WH-01,Gujranwala,Lahore,,Van,Leopards,96,110543,,2026-01-07,2026-01-08,On Time,None,5,-1,Yes,2026-01
ORD2386,2026-11-19,Super Store,Rice,Grocery,Supplier A,WH-04,Lahore,Islamabad,,Van,DHL,55,63718,,2026-11-23,2026-11-24,On Time,None,4,-1,Yes,2026-11
ORD2387,2026-12-26,Star Enterprises,Keyboard,Electronics,Supplier D,WH-04,Islamabad,Peshawar,,Truck,TCS,11,13719,,2027-01-01,2027-01-01,On Time,None,6,0,Yes,2026-12
ORD2388,2026-06-01,Super Store,Tablet,Electronics,Supplier C,WH-02,Multan,Karachi,,Truck,Leopards,37,52674,,2026-06-03,2026-06-03,On Time,None,2,0,Yes,2026-06
ORD2389,2026-09-24,Super Store,T-Shirt,Clothing,Supplier C,WH-04,Karachi,Faisalabad,,Rail,Pakistan Railways,33,30933,,2026-09-25,2026-09-26,On Time,None,1,-1,Yes,2026-09
ORD2390,2026-07-27,ABC Store,Laptop,Electronics,Supplier D,WH-04,Lahore,Islamabad,,Truck,Leopards,63,99279,,2026-07-30,2026-07-30,On Time,None,3,0,Yes,2026-07
ORD2391,2026-10-21,City Electronics,Office Chair,Furniture,Supplier B,WH-01,Rawalpindi,Lahore,,Truck,TCS,10,15623,,2026-10-23,2026-10-23,On Time,None,2,0,Yes,2026-10
ORD2392,2026-01-27,Ali Traders,Tea,Grocery,Supplier A,WH-02,Karachi,Lahore,,Rail,M&P,38,31905,,2026-01-31,2026-01-31,On Time,None,4,0,Yes,2026-01
ORD2393,2026-08-18,City Electronics,Table,Furniture,Supplier B,WH-03,Karachi,Faisalabad,,Courier,M&P,48,91101,,2026-08-20,2026-08-21,On Time,None,2,-1,Yes,2026-08
ORD2394,2026-09-03,Ali Traders,Bookshelf,Furniture,Supplier B,WH-03,Islamabad,Peshawar,,Truck,TCS,40,62056,,2026-09-09,2026-09-10,On Time,None,6,-1,Yes,2026-09
ORD2395,2026-07-16,Super Store,Sugar,Grocery,Supplier D,WH-01,Gujranwala,Lahore,,Courier,Leopards,31,53650,,2026-07-21,2026-07-21,On Time,None,5,0,Yes,2026-07
ORD2396,2026-08-07,XYZ Ltd,Tea,Grocery,Supplier D,WH-02,Islamabad,Peshawar,,Rail,Pakistan Railways,49,48127,,2026-08-10,2026-08-11,On Time,None,3,-1,Yes,2026-08
ORD2397,2026-11-15,XYZ Ltd,Uniform,Clothing,Supplier D,WH-04,Karachi,Faisalabad,,Truck,M&P,90,132640,,2026-11-17,2026-11-18,On Time,None,2,-1,Yes,2026-11
ORD2398,2026-03-05,Global Traders,Shoes,Clothing,Supplier A,WH-04,Lahore,Islamabad,,Rail,M&P,72,67051,,2026-03-06,2026-03-07,On Time,None,1,-1,Yes,2026-03
ORD2399,2026-06-13,Global Traders,Chair,Furniture,Supplier A,WH-04,Lahore,Multan,,Rail,TCS,51,48613,,2026-06-18,2026-06-19,On Time,None,5,-1,Yes,2026-06
ORD2400,2026-07-09,City Electronics,Jacket,Clothing,Supplier D,WH-02,Peshawar,Islamabad,,Courier,TCS,14,29889,,2026-07-13,2026-07-13,On Time,None,4,0,Yes,2026-07
ORD2401,2026-07-04,Global Traders,Monitor,Electronics,Supplier E,WH-02,Karachi,Islamabad,,Van,Leopards,90,102880,,2026-07-06,2026-07-06,On Time,None,2,0,Yes,2026-07
ORD2402,2026-07-23,New City Store,Desk,Furniture,Supplier C,WH-02,Peshawar,Islamabad,,Truck,M&P,4,8088,,2026-07-25,2026-07-26,On Time,None,2,-1,Yes,2026-07
ORD2403,2026-01-04,Ali Traders,Mobile,Electronics,Supplier A,WH-01,Faisalabad,Lahore,,Courier,TCS,54,94776,,2026-01-10,2026-01-10,On Time,None,6,0,Yes,2026-01
ORD2404,2026-05-10,New City Store,Tablet,Electronics,Supplier A,WH-02,Lahore,Islamabad,,Truck,Pakistan Railways,66,97146,,2026-05-17,2026-05-17,On Time,None,7,0,Yes,2026-05
ORD2405,2026-12-07,Super Store,Mouse,Electronics,Supplier D,WH-02,Islamabad,Peshawar,,Van,TCS,8,7960,,2026-12-13,2026-12-14,On Time,None,6,-1,Yes,2026-12
ORD2406,2026-09-10,Global Traders,Bookshelf,Furniture,Supplier D,WH-03,Faisalabad,Lahore,,Courier,TCS,78,138534,,2026-09-12,2026-09-13,On Time,None,2,-1,Yes,2026-09
ORD2407,2026-03-13,Ali Traders,Trousers,Clothing,Supplier A,WH-04,Karachi,Islamabad,,Truck,Leopards,50,72517,,2026-03-19,2026-03-20,On Time,None,6,-1,Yes,2026-03
ORD2408,2026-01-15,XYZ Ltd,Sofa,Furniture,Supplier C,WH-01,Gujranwala,Lahore,,Courier,Pakistan Railways,31,56269,,2026-01-26,2026-01-21,Delayed,Supplier Delay,11,5,No,2026-01
ORD2409,2026-02-03,Super Store,Shoes,Clothing,Supplier C,WH-01,Islamabad,Peshawar,,Van,DHL,74,83859,,2026-02-04,2026-02-05,On Time,None,1,-1,Yes,2026-02
ORD2410,2026-12-04,XYZ Ltd,Sugar,Grocery,Supplier E,WH-02,Karachi,Faisalabad,,Courier,Leopards,14,23632,,2026-12-08,2026-12-09,On Time,None,4,-1,Yes,2026-12
ORD2411,2026-08-25,New City Store,Tea,Grocery,Supplier E,WH-03,Lahore,Multan,,Van,M&P,24,30830,,2026-08-31,2026-08-31,On Time,None,6,0,Yes,2026-08
ORD2412,2026-05-13,City Electronics,Sugar,Grocery,Supplier D,WH-04,Lahore,Faisalabad,,Truck,TCS,10,14532,,2026-05-16,2026-05-16,On Time,None,3,0,Yes,2026-05
ORD2413,2026-05-12,Ali Traders,Keyboard,Electronics,Supplier E,WH-04,Rawalpindi,Lahore,,Truck,M&P,41,64254,,2026-05-15,2026-05-16,On Time,None,3,-1,Yes,2026-05
ORD2414,2026-11-24,Super Store,Office Chair,Furniture,Supplier D,WH-04,Peshawar,Islamabad,,Truck,DHL,46,70727,,2026-11-25,2026-11-26,On Time,None,1,-1,Yes,2026-11
ORD2415,2026-05-17,Super Store,Sofa,Furniture,Supplier B,WH-01,Multan,Karachi,,Van,Leopards,51,59037,,2026-05-18,2026-05-19,On Time,None,1,-1,Yes,2026-05
ORD2416,2026-06-15,Star Enterprises,Rice,Grocery,Supplier E,WH-01,Lahore,Multan,,Rail,M&P,85,78572,,2026-06-21,2026-06-21,On Time,None,6,0,Yes,2026-06
ORD2417,2026-08-28,Metro Mart,T-Shirt,Clothing,Supplier B,WH-03,Rawalpindi,Lahore,,Rail,M&P,9,9722,,2026-09-04,2026-09-04,On Time,None,7,0,Yes,2026-08
ORD2418,2026-08-20,City Electronics,Mobile,Electronics,Supplier A,WH-04,Karachi,Faisalabad,,Van,Leopards,59,61997,,2026-08-23,2026-08-23,On Time,None,3,0,Yes,2026-08
ORD2419,2026-03-17,Pak Furniture,Uniform,Clothing,Supplier D,WH-04,Karachi,Lahore,,Truck,DHL,47,75266,,2026-03-22,2026-03-23,On Time,None,5,-1,Yes,2026-03
ORD2420,2026-04-16,Metro Mart,Laptop,Electronics,Supplier E,WH-01,Faisalabad,Lahore,,Courier,DHL,5,12087,,2026-04-21,2026-04-22,On Time,None,5,-1,Yes,2026-04
ORD2421,2026-11-18,City Electronics,Cabinet,Furniture,Supplier D,WH-02,Lahore,Multan,,Truck,TCS,61,94094,,2026-11-24,2026-11-25,On Time,None,6,-1,Yes,2026-11
ORD2422,2026-02-12,XYZ Ltd,Trousers,Clothing,Supplier D,WH-03,Karachi,Islamabad,,Rail,DHL,24,18621,,2026-02-18,2026-02-17,Delayed,Supplier Delay,6,1,No,2026-02
ORD2423,2026-08-18,Ali Traders,Sugar,Grocery,Supplier E,WH-04,Karachi,Islamabad,,Truck,Leopards,88,134869,,2026-08-21,2026-08-21,On Time,None,3,0,Yes,2026-08
ORD2424,2026-04-18,Super Store,Rice,Grocery,Supplier B,WH-03,Faisalabad,Lahore,,Rail,TCS,88,82011,,2026-04-23,2026-04-20,Delayed,Traffic,5,3,No,2026-04
ORD2425,2026-01-17,Star Enterprises,Printer,Electronics,Supplier E,WH-03,Gujranwala,Lahore,,Van,DHL,55,64685,,2026-01-19,2026-01-20,On Time,None,2,-1,Yes,2026-01
ORD2426,2026-01-07,Metro Mart,Shirt,Clothing,Supplier D,WH-02,Lahore,Multan,,Van,M&P,5,3757,,2026-01-13,2026-01-14,On Time,None,6,-1,Yes,2026-01
ORD2427,2026-01-02,Metro Mart,Milk Powder,Grocery,Supplier B,WH-03,Islamabad,Peshawar,,Courier,M&P,27,50304,,2026-01-03,2026-01-04,On Time,None,1,-1,Yes,2026-01
ORD2428,2026-10-14,Ali Traders,Mouse,Electronics,Supplier D,WH-02,Karachi,Lahore,,Courier,Leopards,79,142358,,2026-10-20,2026-10-20,On Time,None,6,0,Yes,2026-10
ORD2429,2026-01-05,Metro Mart,Office Chair,Furniture,Supplier A,WH-03,Faisalabad,Lahore,,Rail,M&P,9,12823,,2026-01-07,2026-01-07,On Time,None,2,0,Yes,2026-01
ORD2430,2026-07-20,City Electronics,Shirt,Clothing,Supplier A,WH-03,Karachi,Islamabad,,Rail,Pakistan Railways,4,1500,,2026-07-23,2026-07-24,On Time,None,3,-1,Yes,2026-07
ORD2431,2026-09-08,Super Store,Sugar,Grocery,Supplier E,WH-04,Gujranwala,Lahore,,Van,Pakistan Railways,1,2903,,2026-09-10,2026-09-11,On Time,None,2,-1,Yes,2026-09
ORD2432,2026-07-03,Ali Traders,Rice,Grocery,Supplier E,WH-04,Peshawar,Islamabad,,Courier,TCS,94,172088,,2026-07-08,2026-07-06,Delayed,Vehicle Breakdown,5,2,No,2026-07
ORD2433,2026-07-10,XYZ Ltd,Bookshelf,Furniture,Supplier B,WH-02,Karachi,Faisalabad,,Truck,M&P,65,101360,,2026-07-20,2026-07-16,Delayed,Warehouse Issue,10,4,No,2026-07
ORD2434,2026-11-22,City Electronics,Desk,Furniture,Supplier C,WH-01,Gujranwala,Lahore,,Rail,Leopards,52,45228,,2026-11-25,2026-11-26,On Time,None,3,-1,Yes,2026-11
ORD2435,2026-11-02,Pak Furniture,Mobile,Electronics,Supplier A,WH-01,Faisalabad,Lahore,,Van,M&P,41,46249,,2026-11-08,2026-11-09,On Time,None,6,-1,Yes,2026-11
ORD2436,2026-08-26,Global Traders,Sofa,Furniture,Supplier A,WH-02,Karachi,Lahore,,Courier,M&P,69,126013,,2026-08-27,2026-08-28,On Time,None,1,-1,Yes,2026-08
ORD2437,2026-05-11,Pak Furniture,Router,Electronics,Supplier A,WH-04,Karachi,Lahore,,Rail,DHL,23,22690,,2026-05-14,2026-05-14,On Time,None,3,0,Yes,2026-05
ORD2438,2026-12-21,City Electronics,Tea,Grocery,Supplier B,WH-01,Faisalabad,Lahore,,Rail,Pakistan Railways,53,48328,,2026-12-24,2026-12-25,On Time,None,3,-1,Yes,2026-12
ORD2439,2026-02-24,Metro Mart,T-Shirt,Clothing,Supplier E,WH-02,Lahore,Islamabad,,Rail,M&P,60,54372,,2026-02-27,2026-02-27,On Time,None,3,0,Yes,2026-02
ORD2440,2026-06-16,ABC Store,Mouse,Electronics,Supplier A,WH-03,Lahore,Faisalabad,,Courier,TCS,97,172493,,2026-06-19,2026-06-20,On Time,None,3,-1,Yes,2026-06
ORD2441,2026-04-03,ABC Store,Table,Furniture,Supplier D,WH-04,Lahore,Islamabad,,Truck,Pakistan Railways,26,38230,,2026-04-07,2026-04-08,On Time,None,4,-1,Yes,2026-04
ORD2442,2026-03-08,Star Enterprises,Chair,Furniture,Supplier D,WH-03,Multan,Karachi,,Truck,TCS,96,143018,,2026-03-15,2026-03-15,On Time,None,7,0,Yes,2026-03
ORD2443,2026-10-23,New City Store,Sofa,Furniture,Supplier A,WH-03,Gujranwala,Lahore,,Courier,TCS,29,50930,,2026-10-29,2026-10-29,On Time,None,6,0,Yes,2026-10
ORD2444,2026-03-16,Star Enterprises,Milk Powder,Grocery,Supplier E,WH-04,Lahore,Faisalabad,,Truck,Pakistan Railways,99,151783,,2026-03-20,2026-03-20,On Time,None,4,0,Yes,2026-03
ORD2445,2026-07-22,Metro Mart,Laptop,Electronics,Supplier A,WH-04,Islamabad,Peshawar,,Courier,Pakistan Railways,37,68641,,2026-07-28,2026-07-28,On Time,None,6,0,Yes,2026-07
ORD2446,2026-05-22,Pak Furniture,Uniform,Clothing,Supplier C,WH-03,Karachi,Islamabad,,Truck,TCS,58,87301,,2026-05-27,2026-05-28,On Time,None,5,-1,Yes,2026-05
ORD2447,2026-08-07,XYZ Ltd,Uniform,Clothing,Supplier C,WH-03,Karachi,Faisalabad,,Van,M&P,99,109602,,2026-08-10,2026-08-11,On Time,None,3,-1,Yes,2026-08
ORD2448,2026-12-19,Super Store,Printer,Electronics,Supplier B,WH-03,Peshawar,Islamabad,,Van,Pakistan Railways,67,73398,,2026-12-25,2026-12-26,On Time,None,6,-1,Yes,2026-12
ORD2449,2026-08-25,New City Store,Jacket,Clothing,Supplier E,WH-03,Rawalpindi,Lahore,,Van,Leopards,43,47713,,2026-08-31,2026-09-01,On Time,None,6,-1,Yes,2026-08
ORD2450,2026-07-13,Global Traders,Sugar,Grocery,Supplier C,WH-01,Rawalpindi,Lahore,,Van,TCS,57,65042,,2026-07-24,2026-07-20,Delayed,Warehouse Issue,11,4,No,2026-07
ORD2451,2026-07-18,ABC Store,Desk,Furniture,Supplier A,WH-01,Rawalpindi,Lahore,,Van,Leopards,75,80783,,2026-07-26,2026-07-21,Delayed,Vehicle Breakdown,8,5,No,2026-07
ORD2452,2026-05-25,Ali Traders,Table,Furniture,Supplier D,WH-03,Lahore,Multan,,Rail,TCS,94,83134,,2026-05-30,2026-05-28,Delayed,Warehouse Issue,5,2,No,2026-05
ORD2453,2026-06-11,Metro Mart,Sofa,Furniture,Supplier B,WH-03,Gujranwala,Lahore,,Rail,TCS,37,35404,,2026-06-21,2026-06-16,Delayed,Traffic,10,5,No,2026-06
ORD2454,2026-04-07,XYZ Ltd,Table,Furniture,Supplier C,WH-04,Rawalpindi,Lahore,,Truck,M&P,55,85989,,2026-04-12,2026-04-13,On Time,None,5,-1,Yes,2026-04
ORD2455,2026-10-27,Metro Mart,Flour,Grocery,Supplier C,WH-03,Gujranwala,Lahore,,Courier,TCS,20,33301,,2026-10-29,2026-10-29,On Time,None,2,0,Yes,2026-10
ORD2456,2026-05-09,ABC Store,Sofa,Furniture,Supplier C,WH-03,Faisalabad,Lahore,,Rail,Leopards,51,43810,,2026-05-17,2026-05-12,Delayed,Weather,8,5,No,2026-05
ORD2457,2026-12-06,New City Store,Tablet,Electronics,Supplier D,WH-01,Multan,Karachi,,Rail,TCS,57,54320,,2026-12-13,2026-12-11,Delayed,Weather,7,2,No,2026-12
ORD2458,2026-03-18,Star Enterprises,Bookshelf,Furniture,Supplier A,WH-03,Multan,Karachi,,Rail,M&P,54,50166,,2026-03-24,2026-03-25,On Time,None,6,-1,Yes,2026-03
ORD2459,2026-05-12,Pak Furniture,Flour,Grocery,Supplier C,WH-03,Lahore,Islamabad,,Van,Leopards,28,33581,,2026-05-16,2026-05-16,On Time,None,4,0,Yes,2026-05
ORD2460,2026-09-13,Global Traders,Sugar,Grocery,Supplier B,WH-02,Rawalpindi,Lahore,,Courier,DHL,74,136124,,2026-09-23,2026-09-19,Delayed,Traffic,10,4,No,2026-09
ORD2461,2026-01-15,Star Enterprises,Bookshelf,Furniture,Supplier B,WH-04,Peshawar,Islamabad,,Courier,DHL,55,103289,,2026-01-23,2026-01-21,Delayed,Weather,8,2,No,2026-01
ORD2462,2026-02-01,New City Store,Jacket,Clothing,Supplier C,WH-01,Multan,Karachi,,Truck,Leopards,99,150460,,2026-02-03,2026-02-03,On Time,None,2,0,Yes,2026-02
ORD2463,2026-01-13,ABC Store,Milk Powder,Grocery,Supplier A,WH-02,Lahore,Islamabad,,Truck,DHL,75,116449,,2026-01-15,2026-01-16,On Time,None,2,-1,Yes,2026-01
ORD2464,2026-08-23,Super Store,Trousers,Clothing,Supplier A,WH-04,Lahore,Multan,,Truck,Pakistan Railways,84,124586,,2026-08-29,2026-08-30,On Time,None,6,-1,Yes,2026-08
ORD2465,2026-10-29,ABC Store,Cabinet,Furniture,Supplier D,WH-02,Karachi,Lahore,,Truck,M&P,29,40703,,2026-11-05,2026-11-03,Delayed,Warehouse Issue,7,2,No,2026-10
ORD2466,2026-01-22,Ali Traders,Table,Furniture,Supplier E,WH-02,Karachi,Faisalabad,,Courier,Leopards,96,172091,,2026-01-24,2026-01-25,On Time,None,2,-1,Yes,2026-01
ORD2467,2026-06-11,City Electronics,Cooking Oil,Grocery,Supplier E,WH-04,Lahore,Multan,,Van,TCS,52,55785,,2026-06-19,2026-06-14,Delayed,Traffic,8,5,No,2026-06
ORD2468,2026-02-10,XYZ Ltd,T-Shirt,Clothing,Supplier E,WH-01,Karachi,Islamabad,,Rail,Leopards,91,82333,,2026-02-14,2026-02-14,On Time,None,4,0,Yes,2026-02
ORD2469,2026-03-12,City Electronics,Shoes,Clothing,Supplier A,WH-04,Gujranwala,Lahore,,Truck,Leopards,34,51604,,2026-03-15,2026-03-15,On Time,None,3,0,Yes,2026-03
ORD2470,2026-06-25,XYZ Ltd,Cooking Oil,Grocery,Supplier B,WH-04,Lahore,Faisalabad,,Courier,M&P,61,110853,,2026-07-01,2026-07-01,On Time,None,6,0,Yes,2026-06
ORD2471,2026-01-08,Global Traders,Printer,Electronics,Supplier D,WH-03,Rawalpindi,Lahore,,Courier,Leopards,100,184106,,2026-01-09,2026-01-10,On Time,None,1,-1,Yes,2026-01
ORD2472,2026-03-14,New City Store,Trousers,Clothing,Supplier E,WH-03,Lahore,Multan,,Courier,Pakistan Railways,8,17917,,2026-03-22,2026-03-20,Delayed,Warehouse Issue,8,2,No,2026-03
ORD2473,2026-12-18,ABC Store,Jacket,Clothing,Supplier A,WH-04,Lahore,Islamabad,,Truck,M&P,26,43091,,2026-12-28,2026-12-23,Delayed,Warehouse Issue,10,5,No,2026-12
ORD2474,2026-01-18,Pak Furniture,Uniform,Clothing,Supplier D,WH-01,Islamabad,Peshawar,,Truck,Leopards,49,73003,,2026-01-23,2026-01-23,On Time,None,5,0,Yes,2026-01
ORD2475,2026-11-22,ABC Store,Sofa,Furniture,Supplier E,WH-02,Karachi,Lahore,,Van,M&P,18,21360,,2026-11-29,2026-11-29,On Time,None,7,0,Yes,2026-11
ORD2476,2026-12-11,City Electronics,Mouse,Electronics,Supplier A,WH-01,Peshawar,Islamabad,,Truck,Pakistan Railways,72,110578,,2026-12-15,2026-12-15,On Time,None,4,0,Yes,2026-12
ORD2477,2026-01-02,ABC Store,Shirt,Clothing,Supplier E,WH-04,Rawalpindi,Lahore,,Truck,M&P,22,30322,,2026-01-06,2026-01-07,On Time,None,4,-1,Yes,2026-01
ORD2478,2026-01-29,Global Traders,Rice,Grocery,Supplier C,WH-02,Islamabad,Peshawar,,Courier,Pakistan Railways,75,135055,,2026-02-05,2026-02-05,On Time,None,7,0,Yes,2026-01
ORD2479,2026-08-20,XYZ Ltd,Cooking Oil,Grocery,Supplier A,WH-01,Faisalabad,Lahore,,Truck,TCS,5,12088,,2026-08-25,2026-08-26,On Time,None,5,-1,Yes,2026-08
ORD2480,2026-12-13,Global Traders,Mobile,Electronics,Supplier D,WH-03,Lahore,Islamabad,,Van,TCS,48,50193,,2026-12-16,2026-12-16,On Time,None,3,0,Yes,2026-12
ORD2481,2026-10-17,Global Traders,Bookshelf,Furniture,Supplier B,WH-02,Lahore,Islamabad,,Truck,TCS,87,128910,,2026-10-23,2026-10-23,On Time,None,6,0,Yes,2026-10
ORD2482,2026-07-06,New City Store,Jacket,Clothing,Supplier D,WH-03,Karachi,Faisalabad,,Van,Pakistan Railways,55,60132,,2026-07-12,2026-07-12,On Time,None,6,0,Yes,2026-07
ORD2483,2026-06-08,City Electronics,Desk,Furniture,Supplier B,WH-04,Karachi,Faisalabad,,Rail,DHL,8,6504,,2026-06-09,2026-06-10,On Time,None,1,-1,Yes,2026-06
ORD2484,2026-06-28,Metro Mart,Jacket,Clothing,Supplier A,WH-03,Karachi,Lahore,,Van,DHL,59,69579,,2026-07-04,2026-07-04,On Time,None,6,0,Yes,2026-06
ORD2485,2026-08-05,Super Store,Shoes,Clothing,Supplier E,WH-01,Gujranwala,Lahore,,Courier,TCS,68,122023,,2026-08-08,2026-08-09,On Time,None,3,-1,Yes,2026-08
ORD2486,2026-08-23,City Electronics,Keyboard,Electronics,Supplier E,WH-03,Peshawar,Islamabad,,Courier,Pakistan Railways,66,116445,,2026-08-26,2026-08-27,On Time,None,3,-1,Yes,2026-08
ORD2487,2026-09-21,Ali Traders,Office Chair,Furniture,Supplier C,WH-04,Lahore,Multan,,Rail,TCS,87,78212,,2026-09-26,2026-09-26,On Time,None,5,0,Yes,2026-09
ORD2488,2026-01-14,New City Store,Trousers,Clothing,Supplier B,WH-03,Faisalabad,Lahore,,Van,M&P,19,25879,,2026-01-18,2026-01-19,On Time,None,4,-1,Yes,2026-01
ORD2489,2026-02-19,ABC Store,Laptop,Electronics,Supplier E,WH-03,Gujranwala,Lahore,,Truck,Pakistan Railways,33,49861,,2026-02-26,2026-02-26,On Time,None,7,0,Yes,2026-02
ORD2490,2026-11-02,Metro Mart,Chair,Furniture,Supplier B,WH-03,Peshawar,Islamabad,,Courier,TCS,65,119455,,2026-11-09,2026-11-05,Delayed,Weather,7,4,No,2026-11
ORD2491,2026-11-30,City Electronics,Laptop,Electronics,Supplier B,WH-02,Karachi,Faisalabad,,Courier,M&P,20,35835,,2026-12-06,2026-12-06,On Time,None,6,0,Yes,2026-11
ORD2492,2026-12-06,XYZ Ltd,Keyboard,Electronics,Supplier C,WH-03,Lahore,Faisalabad,,Van,Pakistan Railways,67,77824,,2026-12-10,2026-12-11,On Time,None,4,-1,Yes,2026-12
ORD2493,2026-11-09,XYZ Ltd,Printer,Electronics,Supplier D,WH-03,Peshawar,Islamabad,,Rail,Leopards,40,36166,,2026-11-10,2026-11-11,On Time,None,1,-1,Yes,2026-11
ORD2494,2026-08-22,ABC Store,Uniform,Clothing,Supplier E,WH-03,Karachi,Faisalabad,,Courier,DHL,11,18948,,2026-08-29,2026-08-27,Delayed,Warehouse Issue,7,2,No,2026-08
ORD2495,2026-06-22,Star Enterprises,Printer,Electronics,Supplier C,WH-02,Peshawar,Islamabad,,Van,Leopards,58,67880,,2026-06-27,2026-06-27,On Time,None,5,0,Yes,2026-06
ORD2496,2026-10-29,Star Enterprises,Shoes,Clothing,Supplier C,WH-03,Karachi,Islamabad,,Rail,Pakistan Railways,34,34837,,2026-11-02,2026-11-03,On Time,None,4,-1,Yes,2026-10
ORD2497,2026-05-01,City Electronics,Mobile,Electronics,Supplier E,WH-02,Gujranwala,Lahore,,Van,Leopards,1,3762,,2026-05-05,2026-05-05,On Time,None,4,0,Yes,2026-05
ORD2498,2026-04-04,Global Traders,Milk Powder,Grocery,Supplier A,WH-02,Karachi,Islamabad,,Courier,DHL,67,122538,,2026-04-09,2026-04-06,Delayed,Supplier Delay,5,3,No,2026-04
ORD2499,2026-05-27,City Electronics,T-Shirt,Clothing,Supplier B,WH-04,Gujranwala,Lahore,,Rail,Leopards,16,18945,,2026-05-29,2026-05-29,On Time,None,2,0,Yes,2026-05
ORD2500,2026-10-11,Super Store,Bookshelf,Furniture,Supplier B,WH-02,Lahore,Islamabad,,Courier,TCS,85,153431,,2026-10-14,2026-10-15,On Time,None,3,-1,Yes,2026-10
ORD2501,2026-06-11,Metro Mart,Mouse,Electronics,Supplier A,WH-02,Gujranwala,Lahore,,Van,Leopards,82,94767,,2026-06-14,2026-06-15,On Time,None,3,-1,Yes,2026-06
ORD2502,2026-04-20,Global Traders,Office Chair,Furniture,Supplier D,WH-01,Lahore,Faisalabad,,Courier,DHL,37,66043,,2026-04-25,2026-04-25,On Time,None,5,0,Yes,2026-04
ORD2503,2026-08-03,Metro Mart,Mobile,Electronics,Supplier B,WH-01,Islamabad,Peshawar,,Truck,Leopards,70,108942,,2026-08-06,2026-08-06,On Time,None,3,0,Yes,2026-08
ORD2504,2026-10-04,Ali Traders,Shoes,Clothing,Supplier A,WH-03,Gujranwala,Lahore,,Rail,M&P,80,76059,,2026-10-10,2026-10-10,On Time,None,6,0,Yes,2026-10
ORD2505,2026-07-12,Metro Mart,Cooking Oil,Grocery,Supplier C,WH-03,Karachi,Lahore,,Truck,DHL,81,125500,,2026-07-17,2026-07-18,On Time,None,5,-1,Yes,2026-07
ORD2506,2026-06-23,XYZ Ltd,Tablet,Electronics,Supplier E,WH-04,Multan,Karachi,,Truck,M&P,79,117732,,2026-06-28,2026-06-28,On Time,None,5,0,Yes,2026-06
ORD2507,2026-03-31,Star Enterprises,Bookshelf,Furniture,Supplier E,WH-03,Rawalpindi,Lahore,,Truck,M&P,20,27364,,2026-04-05,2026-04-03,Delayed,Weather,5,2,No,2026-03
ORD2508,2026-11-12,Star Enterprises,Shirt,Clothing,Supplier B,WH-02,Gujranwala,Lahore,,Van,TCS,27,33806,,2026-11-17,2026-11-17,On Time,None,5,0,Yes,2026-11
ORD2509,2026-05-31,XYZ Ltd,Uniform,Clothing,Supplier D,WH-04,Lahore,Multan,,Courier,Pakistan Railways,90,164434,,2026-06-06,2026-06-04,Delayed,Supplier Delay,6,2,No,2026-05
ORD2510,2026-08-25,Super Store,Monitor,Electronics,Supplier B,WH-01,Lahore,Faisalabad,,Courier,Leopards,72,128455,,2026-08-28,2026-08-29,On Time,None,3,-1,Yes,2026-08
ORD2511,2026-01-04,Super Store,Bookshelf,Furniture,Supplier E,WH-02,Islamabad,Peshawar,,Rail,M&P,97,90499,,2026-01-11,2026-01-11,On Time,None,7,0,Yes,2026-01
ORD2512,2026-05-05,Pak Furniture,Trousers,Clothing,Supplier B,WH-02,Rawalpindi,Lahore,,Courier,TCS,8,13486,,2026-05-09,2026-05-09,On Time,None,4,0,Yes,2026-05
ORD2513,2026-12-28,New City Store,Trousers,Clothing,Supplier A,WH-02,Rawalpindi,Lahore,,Van,DHL,22,25711,,2027-01-01,2027-01-01,On Time,None,4,0,Yes,2026-12
ORD2514,2026-01-12,City Electronics,Office Chair,Furniture,Supplier C,WH-01,Gujranwala,Lahore,,Van,M&P,44,48166,,2026-01-15,2026-01-16,On Time,None,3,-1,Yes,2026-01
ORD2515,2026-10-24,Global Traders,Uniform,Clothing,Supplier A,WH-03,Karachi,Lahore,,Truck,Leopards,62,97954,,2026-10-29,2026-10-30,On Time,None,5,-1,Yes,2026-10
ORD2516,2026-07-04,New City Store,Uniform,Clothing,Supplier C,WH-04,Karachi,Faisalabad,,Courier,DHL,68,122602,,2026-07-07,2026-07-08,On Time,None,3,-1,Yes,2026-07
ORD2517,2026-06-02,City Electronics,Milk Powder,Grocery,Supplier D,WH-04,Gujranwala,Lahore,,Van,DHL,24,29230,,2026-06-04,2026-06-05,On Time,None,2,-1,Yes,2026-06
ORD2518,2026-12-20,XYZ Ltd,Tea,Grocery,Supplier E,WH-03,Faisalabad,Lahore,,Courier,Leopards,4,4286,,2026-12-26,2026-12-27,On Time,None,6,-1,Yes,2026-12
ORD2519,2026-05-03,New City Store,Flour,Grocery,Supplier E,WH-03,Lahore,Multan,,Courier,M&P,5,9999,,2026-05-13,2026-05-08,Delayed,Supplier Delay,10,5,No,2026-05
ORD2520,2026-06-15,Metro Mart,Mobile,Electronics,Supplier B,WH-01,Islamabad,Peshawar,,Van,Pakistan Railways,66,69837,,2026-06-27,2026-06-22,Delayed,Warehouse Issue,12,5,No,2026-06
ORD2521,2026-02-16,Super Store,Cabinet,Furniture,Supplier B,WH-02,Faisalabad,Lahore,,Courier,Pakistan Railways,80,141436,,2026-02-19,2026-02-20,On Time,None,3,-1,Yes,2026-02
ORD2522,2026-01-20,Star Enterprises,Mobile,Electronics,Supplier C,WH-02,Islamabad,Peshawar,,Courier,M&P,26,46471,,2026-01-24,2026-01-25,On Time,None,4,-1,Yes,2026-01
ORD2523,2026-11-22,Global Traders,Trousers,Clothing,Supplier E,WH-04,Karachi,Lahore,,Rail,Leopards,47,44281,,2026-11-27,2026-11-27,On Time,None,5,0,Yes,2026-11
ORD2524,2026-08-25,New City Store,Flour,Grocery,Supplier D,WH-03,Peshawar,Islamabad,,Rail,Pakistan Railways,73,65738,,2026-09-01,2026-08-29,Delayed,Vehicle Breakdown,7,3,No,2026-08
ORD2525,2026-11-29,Metro Mart,Trousers,Clothing,Supplier E,WH-01,Rawalpindi,Lahore,,Truck,M&P,66,98986,,2026-12-02,2026-12-03,On Time,None,3,-1,Yes,2026-11
ORD2526,2026-11-16,Pak Furniture,Bookshelf,Furniture,Supplier C,WH-02,Gujranwala,Lahore,,Rail,DHL,8,11920,,2026-11-20,2026-11-21,On Time,None,4,-1,Yes,2026-11
ORD2527,2026-02-08,Super Store,Rice,Grocery,Supplier A,WH-02,Karachi,Lahore,,Rail,M&P,63,56119,,2026-02-14,2026-02-15,On Time,None,6,-1,Yes,2026-02
ORD2528,2026-01-31,Metro Mart,Tablet,Electronics,Supplier D,WH-04,Peshawar,Islamabad,,Rail,Leopards,26,20610,,2026-02-05,2026-02-06,On Time,None,5,-1,Yes,2026-01
ORD2529,2026-06-03,Ali Traders,Office Chair,Furniture,Supplier C,WH-02,Lahore,Multan,,Truck,DHL,95,141830,,2026-06-09,2026-06-07,Delayed,Supplier Delay,6,2,No,2026-06
ORD2530,2026-04-13,Super Store,Desk,Furniture,Supplier A,WH-03,Karachi,Lahore,,Van,TCS,71,82482,,2026-04-14,2026-04-15,On Time,None,1,-1,Yes,2026-04
ORD2531,2026-07-01,Global Traders,Tea,Grocery,Supplier E,WH-01,Gujranwala,Lahore,,Truck,M&P,62,94978,,2026-07-07,2026-07-05,Delayed,Weather,6,2,No,2026-07
ORD2532,2026-06-16,City Electronics,Shirt,Clothing,Supplier A,WH-01,Karachi,Lahore,,Van,M&P,95,109390,,2026-06-23,2026-06-23,On Time,None,7,0,Yes,2026-06
ORD2533,2026-09-15,Pak Furniture,Shirt,Clothing,Supplier B,WH-02,Peshawar,Islamabad,,Courier,DHL,60,108502,,2026-09-20,2026-09-21,On Time,None,5,-1,Yes,2026-09
ORD2534,2026-09-10,Metro Mart,Sugar,Grocery,Supplier A,WH-01,Lahore,Multan,,Truck,DHL,80,117707,,2026-09-16,2026-09-17,On Time,None,6,-1,Yes,2026-09
ORD2535,2026-04-25,Ali Traders,Printer,Electronics,Supplier E,WH-03,Lahore,Faisalabad,,Truck,DHL,80,121306,,2026-05-06,2026-05-01,Delayed,Supplier Delay,11,5,No,2026-04
ORD2536,2026-12-31,ABC Store,Uniform,Clothing,Supplier D,WH-03,Faisalabad,Lahore,,Van,DHL,15,20254,,2027-01-11,2027-01-06,Delayed,Supplier Delay,11,5,No,2026-12
ORD2537,2026-01-19,Star Enterprises,Chair,Furniture,Supplier B,WH-02,Faisalabad,Lahore,,Courier,Pakistan Railways,94,172889,,2026-01-26,2026-01-26,On Time,None,7,0,Yes,2026-01
ORD2538,2026-03-19,Metro Mart,Uniform,Clothing,Supplier D,WH-04,Lahore,Islamabad,,Rail,TCS,62,53496,,2026-03-20,2026-03-21,On Time,None,1,-1,Yes,2026-03
ORD2539,2026-12-20,Star Enterprises,Mobile,Electronics,Supplier E,WH-04,Karachi,Islamabad,,Truck,M&P,4,3917,,2026-12-22,2026-12-23,On Time,None,2,-1,Yes,2026-12
ORD2540,2026-01-12,Metro Mart,Flour,Grocery,Supplier E,WH-03,Multan,Karachi,,Truck,Leopards,10,14097,,2026-01-18,2026-01-18,On Time,None,6,0,Yes,2026-01
ORD2541,2026-06-26,Ali Traders,Shoes,Clothing,Supplier C,WH-02,Faisalabad,Lahore,,Courier,DHL,29,49816,,2026-06-30,2026-07-01,On Time,None,4,-1,Yes,2026-06
ORD2542,2026-03-02,Super Store,Monitor,Electronics,Supplier D,WH-01,Karachi,Lahore,,Truck,M&P,99,152781,,2026-03-08,2026-03-09,On Time,None,6,-1,Yes,2026-03
ORD2543,2026-04-07,New City Store,Trousers,Clothing,Supplier A,WH-04,Multan,Karachi,,Courier,TCS,2,3429,,2026-04-13,2026-04-13,On Time,None,6,0,Yes,2026-04
ORD2544,2026-11-02,Super Store,Uniform,Clothing,Supplier E,WH-02,Gujranwala,Lahore,,Van,DHL,28,33452,,2026-11-11,2026-11-07,Delayed,Traffic,9,4,No,2026-11
ORD2545,2026-12-15,Pak Furniture,Laptop,Electronics,Supplier E,WH-04,Karachi,Lahore,,Rail,TCS,72,65247,,2026-12-17,2026-12-18,On Time,None,2,-1,Yes,2026-12
ORD2546,2026-06-02,Metro Mart,Mouse,Electronics,Supplier C,WH-04,Karachi,Islamabad,,Rail,Pakistan Railways,89,81410,,2026-06-10,2026-06-08,Delayed,Weather,8,2,No,2026-06
ORD2547,2026-08-28,Pak Furniture,Router,Electronics,Supplier B,WH-02,Lahore,Faisalabad,,Rail,Pakistan Railways,89,78258,,2026-09-04,2026-09-04,On Time,None,7,0,Yes,2026-08
ORD2548,2026-05-21,Pak Furniture,Rice,Grocery,Supplier B,WH-01,Peshawar,Islamabad,,Courier,TCS,28,54931,,2026-05-24,2026-05-25,On Time,None,3,-1,Yes,2026-05
ORD2549,2026-05-01,Super Store,T-Shirt,Clothing,Supplier E,WH-02,Lahore,Faisalabad,,Courier,DHL,51,95992,,2026-05-06,2026-05-07,On Time,None,5,-1,Yes,2026-05
ORD2550,2026-03-16,Metro Mart,Laptop,Electronics,Supplier C,WH-02,Multan,Karachi,,Rail,Leopards,47,43550,,2026-03-20,2026-03-20,On Time,None,4,0,Yes,2026-03
ORD2551,2026-09-22,Super Store,Uniform,Clothing,Supplier C,WH-01,Multan,Karachi,,Van,Leopards,99,106623,,2026-09-27,2026-09-25,Delayed,Traffic,5,2,No,2026-09
ORD2552,2026-08-23,Pak Furniture,Sugar,Grocery,Supplier E,WH-04,Rawalpindi,Lahore,,Courier,TCS,16,27931,,2026-08-26,2026-08-27,On Time,None,3,-1,Yes,2026-08
ORD2553,2026-09-20,ABC Store,Printer,Electronics,Supplier C,WH-01,Faisalabad,Lahore,,Courier,DHL,70,123923,,2026-09-26,2026-09-27,On Time,None,6,-1,Yes,2026-09
ORD2554,2026-12-26,Super Store,Mobile,Electronics,Supplier D,WH-04,Karachi,Lahore,,Truck,M&P,50,79515,,2026-12-28,2026-12-28,On Time,None,2,0,Yes,2026-12
ORD2555,2026-02-08,ABC Store,Sofa,Furniture,Supplier A,WH-03,Faisalabad,Lahore,,Rail,M&P,49,49057,,2026-02-11,2026-02-12,On Time,None,3,-1,Yes,2026-02
ORD2556,2026-07-23,Star Enterprises,Sofa,Furniture,Supplier E,WH-03,Islamabad,Peshawar,,Courier,Leopards,12,20786,,2026-07-28,2026-07-25,Delayed,Vehicle Breakdown,5,3,No,2026-07
ORD2557,2026-05-24,Pak Furniture,Milk Powder,Grocery,Supplier D,WH-04,Lahore,Islamabad,,Truck,DHL,1,5473,,2026-05-30,2026-05-26,Delayed,Weather,6,4,No,2026-05
ORD2558,2026-03-19,Global Traders,Table,Furniture,Supplier E,WH-04,Peshawar,Islamabad,,Courier,M&P,88,156429,,2026-03-30,2026-03-26,Delayed,Weather,11,4,No,2026-03
ORD2559,2026-07-19,Star Enterprises,Cabinet,Furniture,Supplier C,WH-01,Peshawar,Islamabad,,Rail,Leopards,3,6171,,2026-07-26,2026-07-25,Delayed,Supplier Delay,7,1,No,2026-07
ORD2560,2026-10-21,ABC Store,Uniform,Clothing,Supplier C,WH-01,Lahore,Faisalabad,,Truck,TCS,25,37873,,2026-10-27,2026-10-28,On Time,None,6,-1,Yes,2026-10
ORD2561,2026-05-04,City Electronics,Tea,Grocery,Supplier C,WH-02,Gujranwala,Lahore,,Courier,Leopards,5,6127,,2026-05-11,2026-05-11,On Time,None,7,0,Yes,2026-05
ORD2562,2026-10-20,Pak Furniture,Milk Powder,Grocery,Supplier A,WH-03,Lahore,Multan,,Rail,M&P,37,35322,,2026-10-27,2026-10-27,On Time,None,7,0,Yes,2026-10
ORD2563,2026-05-31,XYZ Ltd,Router,Electronics,Supplier C,WH-04,Lahore,Multan,,Courier,M&P,22,40700,,2026-06-01,2026-06-02,On Time,None,1,-1,Yes,2026-05
ORD2564,2026-08-01,ABC Store,Trousers,Clothing,Supplier C,WH-03,Rawalpindi,Lahore,,Rail,M&P,75,66008,,2026-08-03,2026-08-04,On Time,None,2,-1,Yes,2026-08
ORD2565,2026-07-29,Metro Mart,Office Chair,Furniture,Supplier B,WH-04,Karachi,Islamabad,,Courier,TCS,88,163227,,2026-08-04,2026-08-05,On Time,None,6,-1,Yes,2026-07
ORD2566,2026-02-16,Global Traders,Router,Electronics,Supplier E,WH-01,Lahore,Multan,,Rail,M&P,58,52518,,2026-02-17,2026-02-18,On Time,None,1,-1,Yes,2026-02
ORD2567,2026-01-21,City Electronics,Tea,Grocery,Supplier C,WH-01,Gujranwala,Lahore,,Rail,DHL,81,75680,,2026-01-27,2026-01-28,On Time,None,6,-1,Yes,2026-01
ORD2568,2026-06-10,Pak Furniture,Office Chair,Furniture,Supplier E,WH-02,Karachi,Faisalabad,,Van,Leopards,22,26725,,2026-06-16,2026-06-16,On Time,None,6,0,Yes,2026-06
ORD2569,2026-07-27,Global Traders,Monitor,Electronics,Supplier A,WH-02,Multan,Karachi,,Rail,Leopards,36,34620,,2026-08-01,2026-08-01,On Time,None,5,0,Yes,2026-07
ORD2570,2026-02-19,ABC Store,Tea,Grocery,Supplier E,WH-02,Gujranwala,Lahore,,Truck,Pakistan Railways,60,94862,,2026-02-21,2026-02-21,On Time,None,2,0,Yes,2026-02
ORD2571,2026-02-07,Ali Traders,Uniform,Clothing,Supplier E,WH-01,Karachi,Lahore,,Courier,TCS,10,17463,,2026-02-12,2026-02-12,On Time,None,5,0,Yes,2026-02
ORD2572,2026-12-31,ABC Store,Monitor,Electronics,Supplier A,WH-04,Faisalabad,Lahore,,Rail,DHL,94,87886,,2027-01-04,2027-01-04,On Time,None,4,0,Yes,2026-12
ORD2573,2026-04-19,Star Enterprises,Milk Powder,Grocery,Supplier B,WH-02,Rawalpindi,Lahore,,Courier,M&P,72,132127,,2026-04-25,2026-04-26,On Time,None,6,-1,Yes,2026-04
ORD2574,2026-01-29,Global Traders,Tablet,Electronics,Supplier C,WH-02,Lahore,Multan,,Rail,TCS,21,16608,,2026-02-04,2026-02-05,On Time,None,6,-1,Yes,2026-01
ORD2575,2026-10-09,XYZ Ltd,Sofa,Furniture,Supplier D,WH-01,Peshawar,Islamabad,,Courier,Leopards,53,98363,,2026-10-15,2026-10-11,Delayed,Vehicle Breakdown,6,4,No,2026-10
ORD2576,2026-04-15,Star Enterprises,Office Chair,Furniture,Supplier E,WH-03,Rawalpindi,Lahore,,Truck,Leopards,40,60297,,2026-04-21,2026-04-22,On Time,None,6,-1,Yes,2026-04
ORD2577,2026-01-01,Ali Traders,Bookshelf,Furniture,Supplier D,WH-01,Gujranwala,Lahore,,Truck,Leopards,6,12641,,2026-01-03,2026-01-04,On Time,None,2,-1,Yes,2026-01
ORD2578,2026-09-28,Star Enterprises,Uniform,Clothing,Supplier D,WH-02,Lahore,Multan,,Truck,Leopards,97,148286,,2026-09-29,2026-09-30,On Time,None,1,-1,Yes,2026-09
ORD2579,2026-05-20,Star Enterprises,Tea,Grocery,Supplier B,WH-04,Rawalpindi,Lahore,,Rail,Pakistan Railways,57,55387,,2026-05-24,2026-05-25,On Time,None,4,-1,Yes,2026-05
ORD2580,2026-11-12,Super Store,Rice,Grocery,Supplier D,WH-03,Karachi,Faisalabad,,Rail,M&P,51,45494,,2026-11-21,2026-11-17,Delayed,Warehouse Issue,9,4,No,2026-11
ORD2581,2026-07-04,City Electronics,Tablet,Electronics,Supplier E,WH-01,Rawalpindi,Lahore,,Rail,Leopards,62,57530,,2026-07-09,2026-07-08,Delayed,Weather,5,1,No,2026-07
ORD2582,2026-06-07,Pak Furniture,Office Chair,Furniture,Supplier B,WH-01,Lahore,Multan,,Courier,DHL,51,93809,,2026-06-12,2026-06-10,Delayed,Warehouse Issue,5,2,No,2026-06
ORD2583,2026-12-06,City Electronics,Sugar,Grocery,Supplier C,WH-04,Islamabad,Peshawar,,Van,TCS,79,91358,,2026-12-13,2026-12-13,On Time,None,7,0,Yes,2026-12
ORD2584,2026-05-13,Ali Traders,Trousers,Clothing,Supplier C,WH-01,Multan,Karachi,,Rail,DHL,83,72916,,2026-05-17,2026-05-17,On Time,None,4,0,Yes,2026-05
ORD2585,2026-07-08,ABC Store,Desk,Furniture,Supplier E,WH-02,Rawalpindi,Lahore,,Truck,TCS,93,143041,,2026-07-11,2026-07-12,On Time,None,3,-1,Yes,2026-07
ORD2586,2026-07-24,Super Store,Table,Furniture,Supplier B,WH-04,Multan,Karachi,,Van,DHL,34,35461,,2026-07-27,2026-07-27,On Time,None,3,0,Yes,2026-07
ORD2587,2026-12-23,Super Store,Office Chair,Furniture,Supplier E,WH-02,Rawalpindi,Lahore,,Van,DHL,64,72922,,2026-12-31,2026-12-26,Delayed,Weather,8,5,No,2026-12
ORD2588,2026-02-22,Ali Traders,Office Chair,Furniture,Supplier B,WH-04,Gujranwala,Lahore,,Truck,TCS,70,107676,,2026-02-27,2026-02-28,On Time,None,5,-1,Yes,2026-02
ORD2589,2026-05-09,Ali Traders,Bookshelf,Furniture,Supplier D,WH-01,Karachi,Islamabad,,Van,DHL,30,37265,,2026-05-11,2026-05-12,On Time,None,2,-1,Yes,2026-05
ORD2590,2026-10-01,City Electronics,Cooking Oil,Grocery,Supplier A,WH-02,Faisalabad,Lahore,,Courier,Pakistan Railways,81,150352,,2026-10-02,2026-10-03,On Time,None,1,-1,Yes,2026-10
ORD2591,2026-08-14,ABC Store,Milk Powder,Grocery,Supplier A,WH-04,Multan,Karachi,,Courier,Pakistan Railways,3,9720,,2026-08-21,2026-08-21,On Time,None,7,0,Yes,2026-08
ORD2592,2026-07-09,Pak Furniture,Flour,Grocery,Supplier B,WH-01,Faisalabad,Lahore,,Courier,Pakistan Railways,29,52997,,2026-07-15,2026-07-15,On Time,None,6,0,Yes,2026-07
ORD2593,2026-05-29,Ali Traders,Sugar,Grocery,Supplier B,WH-04,Islamabad,Peshawar,,Courier,Pakistan Railways,68,122370,,2026-06-03,2026-06-04,On Time,None,5,-1,Yes,2026-05
ORD2594,2026-09-27,Star Enterprises,Bookshelf,Furniture,Supplier E,WH-01,Islamabad,Peshawar,,Courier,Pakistan Railways,78,141239,,2026-10-03,2026-10-04,On Time,None,6,-1,Yes,2026-09
ORD2595,2026-12-13,Metro Mart,Keyboard,Electronics,Supplier A,WH-02,Lahore,Multan,,Truck,Pakistan Railways,66,99064,,2026-12-19,2026-12-19,On Time,None,6,0,Yes,2026-12
ORD2596,2026-06-26,Pak Furniture,Laptop,Electronics,Supplier B,WH-03,Lahore,Islamabad,,Courier,Leopards,56,104983,,2026-07-03,2026-07-03,On Time,None,7,0,Yes,2026-06
ORD2597,2026-11-23,Ali Traders,Uniform,Clothing,Supplier D,WH-02,Karachi,Islamabad,,Courier,Leopards,61,107566,,2026-11-27,2026-11-27,On Time,None,4,0,Yes,2026-11
ORD2598,2026-05-07,XYZ Ltd,Milk Powder,Grocery,Supplier E,WH-01,Gujranwala,Lahore,,Truck,DHL,68,101743,,2026-05-10,2026-05-10,On Time,None,3,0,Yes,2026-05
ORD2599,2026-07-15,XYZ Ltd,Chair,Furniture,Supplier C,WH-03,Peshawar,Islamabad,,Courier,DHL,87,157218,,2026-07-19,2026-07-19,On Time,None,4,0,Yes,2026-07
ORD2600,2026-04-27,New City Store,Tea,Grocery,Supplier C,WH-03,Lahore,Islamabad,,Van,Pakistan Railways,73,80149,,2026-05-01,2026-05-01,On Time,None,4,0,Yes,2026-04
ORD2601,2026-08-01,Pak Furniture,Uniform,Clothing,Supplier C,WH-02,Karachi,Lahore,,Courier,TCS,66,119818,,2026-08-06,2026-08-04,Delayed,Traffic,5,2,No,2026-08
ORD2602,2026-01-09,XYZ Ltd,Trousers,Clothing,Supplier D,WH-04,Islamabad,Peshawar,,Van,M&P,95,104699,,2026-01-15,2026-01-16,On Time,None,6,-1,Yes,2026-01
ORD2603,2026-12-27,XYZ Ltd,Bookshelf,Furniture,Supplier B,WH-03,Lahore,Faisalabad,,Courier,M&P,73,130151,,2027-01-02,2027-01-02,On Time,None,6,0,Yes,2026-12
ORD2604,2026-12-08,Super Store,Mobile,Electronics,Supplier E,WH-01,Lahore,Islamabad,,Truck,M&P,71,107754,,2026-12-12,2026-12-13,On Time,None,4,-1,Yes,2026-12
ORD2605,2026-08-15,Metro Mart,Sofa,Furniture,Supplier C,WH-03,Rawalpindi,Lahore,,Van,Leopards,66,72527,,2026-08-21,2026-08-21,On Time,None,6,0,Yes,2026-08
ORD2606,2026-02-16,Global Traders,Shirt,Clothing,Supplier E,WH-01,Peshawar,Islamabad,,Van,Leopards,13,18824,,2026-02-21,2026-02-21,On Time,None,5,0,Yes,2026-02
ORD2607,2026-11-23,Star Enterprises,Laptop,Electronics,Supplier C,WH-03,Rawalpindi,Lahore,,Van,M&P,54,59966,,2026-11-29,2026-11-29,On Time,None,6,0,Yes,2026-11
ORD2608,2026-09-10,Metro Mart,Cabinet,Furniture,Supplier D,WH-01,Gujranwala,Lahore,,Rail,DHL,65,63228,,2026-09-19,2026-09-16,Delayed,Warehouse Issue,9,3,No,2026-09
ORD2609,2026-08-12,Pak Furniture,Monitor,Electronics,Supplier D,WH-03,Gujranwala,Lahore,,Courier,Leopards,12,23461,,2026-08-17,2026-08-18,On Time,None,5,-1,Yes,2026-08
ORD2610,2026-08-16,City Electronics,Office Chair,Furniture,Supplier C,WH-03,Lahore,Islamabad,,Courier,Pakistan Railways,41,75870,,2026-08-19,2026-08-19,On Time,None,3,0,Yes,2026-08
ORD2611,2026-03-22,Pak Furniture,Tablet,Electronics,Supplier B,WH-01,Lahore,Faisalabad,,Courier,M&P,51,95371,,2026-03-27,2026-03-28,On Time,None,5,-1,Yes,2026-03
ORD2612,2026-05-16,Metro Mart,Sugar,Grocery,Supplier C,WH-03,Lahore,Faisalabad,,Courier,Pakistan Railways,43,75848,,2026-05-19,2026-05-18,Delayed,Vehicle Breakdown,3,1,No,2026-05
ORD2613,2026-07-19,Ali Traders,Cabinet,Furniture,Supplier D,WH-01,Lahore,Islamabad,,Truck,DHL,43,68608,,2026-07-23,2026-07-23,On Time,None,4,0,Yes,2026-07
ORD2614,2026-07-15,Super Store,Printer,Electronics,Supplier E,WH-01,Islamabad,Peshawar,,Courier,Leopards,34,61815,,2026-07-18,2026-07-19,On Time,None,3,-1,Yes,2026-07
ORD2615,2026-12-03,ABC Store,Shirt,Clothing,Supplier B,WH-02,Karachi,Lahore,,Rail,TCS,97,86247,,2026-12-10,2026-12-10,On Time,None,7,0,Yes,2026-12
ORD2616,2026-12-24,Pak Furniture,Tea,Grocery,Supplier D,WH-01,Karachi,Faisalabad,,Truck,TCS,39,56504,,2026-12-27,2026-12-28,On Time,None,3,-1,Yes,2026-12
ORD2617,2026-04-21,Metro Mart,Sugar,Grocery,Supplier E,WH-04,Gujranwala,Lahore,,Courier,TCS,13,27075,,2026-04-24,2026-04-24,On Time,None,3,0,Yes,2026-04
ORD2618,2026-01-01,Ali Traders,Cabinet,Furniture,Supplier C,WH-04,Islamabad,Peshawar,,Truck,TCS,4,3561,,2026-01-04,2026-01-04,On Time,None,3,0,Yes,2026-01
ORD2619,2026-08-27,ABC Store,Keyboard,Electronics,Supplier E,WH-01,Multan,Karachi,,Truck,Pakistan Railways,38,58977,,2026-09-01,2026-09-02,On Time,None,5,-1,Yes,2026-08
ORD2620,2026-04-08,Super Store,Rice,Grocery,Supplier C,WH-03,Karachi,Lahore,,Truck,Pakistan Railways,29,47326,,2026-04-14,2026-04-14,On Time,None,6,0,Yes,2026-04
ORD2621,2026-02-11,Star Enterprises,Uniform,Clothing,Supplier D,WH-01,Rawalpindi,Lahore,,Truck,Pakistan Railways,2,5259,,2026-02-14,2026-02-15,On Time,None,3,-1,Yes,2026-02
ORD2622,2026-11-02,Metro Mart,Office Chair,Furniture,Supplier E,WH-03,Lahore,Islamabad,,Courier,TCS,77,139061,,2026-11-09,2026-11-04,Delayed,Weather,7,5,No,2026-11
ORD2623,2026-04-17,XYZ Ltd,Monitor,Electronics,Supplier C,WH-03,Lahore,Multan,,Van,TCS,73,84439,,2026-04-22,2026-04-21,Delayed,Weather,5,1,No,2026-04
ORD2624,2026-09-02,ABC Store,Shoes,Clothing,Supplier C,WH-03,Multan,Karachi,,Van,Leopards,33,37731,,2026-09-03,2026-09-04,On Time,None,1,-1,Yes,2026-09
ORD2625,2026-02-04,XYZ Ltd,Uniform,Clothing,Supplier B,WH-01,Karachi,Faisalabad,,Van,TCS,50,56848,,2026-02-08,2026-02-08,On Time,None,4,0,Yes,2026-02
ORD2626,2026-06-12,Global Traders,Tablet,Electronics,Supplier A,WH-01,Lahore,Faisalabad,,Courier,TCS,83,146919,,2026-06-19,2026-06-18,Delayed,Weather,7,1,No,2026-06
ORD2627,2026-12-09,Metro Mart,Table,Furniture,Supplier A,WH-02,Faisalabad,Lahore,,Rail,Pakistan Railways,96,87561,,2026-12-13,2026-12-14,On Time,None,4,-1,Yes,2026-12
ORD2628,2026-01-31,Super Store,Table,Furniture,Supplier A,WH-03,Karachi,Faisalabad,,Rail,Pakistan Railways,56,51946,,2026-02-06,2026-02-07,On Time,None,6,-1,Yes,2026-01
ORD2629,2026-01-11,New City Store,Uniform,Clothing,Supplier A,WH-04,Lahore,Faisalabad,,Truck,M&P,46,66252,,2026-01-16,2026-01-15,Delayed,Weather,5,1,No,2026-01
ORD2630,2026-01-26,Metro Mart,Shirt,Clothing,Supplier E,WH-01,Multan,Karachi,,Rail,TCS,89,84390,,2026-02-01,2026-02-01,On Time,None,6,0,Yes,2026-01
ORD2631,2026-05-11,Super Store,Mobile,Electronics,Supplier E,WH-04,Karachi,Lahore,,Rail,TCS,100,91520,,2026-05-14,2026-05-14,On Time,None,3,0,Yes,2026-05
ORD2632,2026-05-15,City Electronics,Rice,Grocery,Supplier D,WH-01,Peshawar,Islamabad,,Rail,Pakistan Railways,5,4891,,2026-05-18,2026-05-18,On Time,None,3,0,Yes,2026-05
ORD2633,2026-05-15,Pak Furniture,Shoes,Clothing,Supplier E,WH-02,Karachi,Faisalabad,,Rail,Pakistan Railways,84,72932,,2026-05-20,2026-05-20,On Time,None,5,0,Yes,2026-05
ORD2634,2026-02-10,City Electronics,Bookshelf,Furniture,Supplier E,WH-01,Karachi,Islamabad,,Rail,Leopards,84,76229,,2026-02-17,2026-02-15,Delayed,Supplier Delay,7,2,No,2026-02
ORD2635,2026-05-28,Global Traders,Shoes,Clothing,Supplier E,WH-01,Peshawar,Islamabad,,Rail,DHL,6,3184,,2026-06-02,2026-06-02,On Time,None,5,0,Yes,2026-05
ORD2636,2026-09-11,XYZ Ltd,Shirt,Clothing,Supplier D,WH-03,Karachi,Faisalabad,,Courier,Pakistan Railways,41,75571,,2026-09-17,2026-09-13,Delayed,Weather,6,4,No,2026-09
ORD2637,2026-11-08,Global Traders,Shirt,Clothing,Supplier A,WH-04,Multan,Karachi,,Van,Pakistan Railways,52,57766,,2026-11-10,2026-11-10,On Time,None,2,0,Yes,2026-11
ORD2638,2026-11-02,Star Enterprises,Desk,Furniture,Supplier D,WH-04,Rawalpindi,Lahore,,Truck,TCS,51,76527,,2026-11-11,2026-11-07,Delayed,Warehouse Issue,9,4,No,2026-11
ORD2639,2026-12-17,City Electronics,Tablet,Electronics,Supplier A,WH-03,Rawalpindi,Lahore,,Van,DHL,12,16072,,2026-12-20,2026-12-20,On Time,None,3,0,Yes,2026-12
ORD2640,2026-04-02,Metro Mart,Sugar,Grocery,Supplier C,WH-04,Lahore,Islamabad,,Truck,Pakistan Railways,42,66104,,2026-04-08,2026-04-08,On Time,None,6,0,Yes,2026-04
ORD2641,2026-11-04,Super Store,Router,Electronics,Supplier B,WH-01,Faisalabad,Lahore,,Truck,M&P,99,146730,,2026-11-05,2026-11-06,On Time,None,1,-1,Yes,2026-11
ORD2642,2026-06-19,Metro Mart,Monitor,Electronics,Supplier A,WH-03,Faisalabad,Lahore,,Courier,TCS,43,79418,,2026-06-24,2026-06-25,On Time,None,5,-1,Yes,2026-06
ORD2643,2026-05-05,XYZ Ltd,Bookshelf,Furniture,Supplier A,WH-01,Peshawar,Islamabad,,Truck,DHL,75,111718,,2026-05-08,2026-05-09,On Time,None,3,-1,Yes,2026-05
ORD2644,2026-02-25,City Electronics,Printer,Electronics,Supplier A,WH-04,Lahore,Faisalabad,,Van,M&P,89,102329,,2026-02-28,2026-02-28,On Time,None,3,0,Yes,2026-02
ORD2645,2026-09-04,New City Store,Bookshelf,Furniture,Supplier C,WH-01,Lahore,Multan,,Truck,TCS,55,87123,,2026-09-11,2026-09-10,Delayed,Weather,7,1,No,2026-09
ORD2646,2026-09-09,New City Store,Mobile,Electronics,Supplier A,WH-01,Karachi,Faisalabad,,Courier,DHL,40,70332,,2026-09-14,2026-09-14,On Time,None,5,0,Yes,2026-09
ORD2647,2026-09-23,New City Store,Trousers,Clothing,Supplier C,WH-03,Lahore,Faisalabad,,Courier,Leopards,37,69959,,2026-09-27,2026-09-27,On Time,None,4,0,Yes,2026-09
ORD2648,2026-04-20,City Electronics,Table,Furniture,Supplier D,WH-02,Faisalabad,Lahore,,Rail,M&P,96,84921,,2026-04-22,2026-04-23,On Time,None,2,-1,Yes,2026-04
ORD2649,2026-06-17,ABC Store,Router,Electronics,Supplier E,WH-02,Lahore,Faisalabad,,Truck,M&P,6,8044,,2026-06-20,2026-06-21,On Time,None,3,-1,Yes,2026-06
ORD2650,2026-10-11,Star Enterprises,Cabinet,Furniture,Supplier D,WH-02,Lahore,Islamabad,,Rail,Leopards,51,46773,,2026-10-16,2026-10-16,On Time,None,5,0,Yes,2026-10
ORD2651,2026-12-29,Ali Traders,Cabinet,Furniture,Supplier E,WH-04,Karachi,Islamabad,,Rail,Pakistan Railways,58,49847,,2027-01-04,2027-01-05,On Time,None,6,-1,Yes,2026-12
ORD2652,2026-11-17,Global Traders,Sugar,Grocery,Supplier A,WH-02,Gujranwala,Lahore,,Courier,Pakistan Railways,47,86549,,2026-11-22,2026-11-20,Delayed,Warehouse Issue,5,2,No,2026-11
ORD2653,2026-03-07,ABC Store,Router,Electronics,Supplier C,WH-01,Karachi,Islamabad,,Rail,DHL,1,3106,,2026-03-13,2026-03-09,Delayed,Traffic,6,4,No,2026-03
ORD2654,2026-05-23,City Electronics,Sugar,Grocery,Supplier E,WH-04,Karachi,Islamabad,,Rail,Leopards,40,35221,,2026-05-26,2026-05-26,On Time,None,3,0,Yes,2026-05
ORD2655,2026-02-19,ABC Store,Sugar,Grocery,Supplier B,WH-02,Karachi,Islamabad,,Courier,DHL,80,144540,,2026-02-24,2026-02-25,On Time,None,5,-1,Yes,2026-02
ORD2656,2026-01-13,Ali Traders,Office Chair,Furniture,Supplier C,WH-02,Karachi,Islamabad,,Rail,Pakistan Railways,77,70365,,2026-01-17,2026-01-17,On Time,None,4,0,Yes,2026-01
ORD2657,2026-10-10,Super Store,Mobile,Electronics,Supplier D,WH-04,Lahore,Islamabad,,Van,TCS,47,53391,,2026-10-21,2026-10-16,Delayed,Vehicle Breakdown,11,5,No,2026-10
ORD2658,2026-04-22,Global Traders,Trousers,Clothing,Supplier E,WH-02,Rawalpindi,Lahore,,Rail,Pakistan Railways,6,10203,,2026-04-24,2026-04-25,On Time,None,2,-1,Yes,2026-04
ORD2659,2026-03-27,XYZ Ltd,Office Chair,Furniture,Supplier E,WH-03,Karachi,Islamabad,,Truck,Leopards,2,2374,,2026-03-31,2026-04-01,On Time,None,4,-1,Yes,2026-03
ORD2660,2026-06-09,Star Enterprises,Office Chair,Furniture,Supplier D,WH-04,Karachi,Islamabad,,Courier,Leopards,93,171432,,2026-06-14,2026-06-14,On Time,None,5,0,Yes,2026-06
ORD2661,2026-01-10,Metro Mart,Shoes,Clothing,Supplier D,WH-03,Multan,Karachi,,Truck,TCS,87,135421,,2026-01-14,2026-01-15,On Time,None,4,-1,Yes,2026-01
ORD2662,2026-03-24,Star Enterprises,Chair,Furniture,Supplier B,WH-02,Karachi,Lahore,,Van,Pakistan Railways,54,63487,,2026-04-04,2026-03-30,Delayed,Vehicle Breakdown,11,5,No,2026-03
ORD2663,2026-08-14,XYZ Ltd,Jacket,Clothing,Supplier B,WH-02,Islamabad,Peshawar,,Truck,M&P,93,142883,,2026-08-18,2026-08-18,On Time,None,4,0,Yes,2026-08
ORD2664,2026-10-19,XYZ Ltd,Mouse,Electronics,Supplier D,WH-04,Lahore,Islamabad,,Rail,Pakistan Railways,46,40297,,2026-10-24,2026-10-21,Delayed,Vehicle Breakdown,5,3,No,2026-10
ORD2665,2026-04-16,Pak Furniture,Tea,Grocery,Supplier E,WH-01,Karachi,Lahore,,Rail,Leopards,45,38303,,2026-04-18,2026-04-19,On Time,None,2,-1,Yes,2026-04
ORD2666,2026-03-02,Ali Traders,Uniform,Clothing,Supplier B,WH-04,Lahore,Faisalabad,,Truck,Leopards,97,148296,,2026-03-03,2026-03-04,On Time,None,1,-1,Yes,2026-03
ORD2667,2026-07-12,City Electronics,Mobile,Electronics,Supplier D,WH-03,Peshawar,Islamabad,,Rail,M&P,95,89219,,2026-07-18,2026-07-18,On Time,None,6,0,Yes,2026-07
ORD2668,2026-10-21,City Electronics,Chair,Furniture,Supplier E,WH-02,Rawalpindi,Lahore,,Van,TCS,27,32951,,2026-10-30,2026-10-26,Delayed,Vehicle Breakdown,9,4,No,2026-10
ORD2669,2026-10-23,Global Traders,Sofa,Furniture,Supplier D,WH-04,Multan,Karachi,,Courier,Leopards,63,113399,,2026-10-29,2026-10-29,On Time,None,6,0,Yes,2026-10
ORD2670,2026-02-06,Metro Mart,Rice,Grocery,Supplier D,WH-03,Peshawar,Islamabad,,Truck,Pakistan Railways,45,66302,,2026-02-17,2026-02-12,Delayed,Supplier Delay,11,5,No,2026-02
ORD2671,2026-06-02,XYZ Ltd,Shoes,Clothing,Supplier B,WH-02,Islamabad,Peshawar,,Truck,Leopards,52,75941,,2026-06-05,2026-06-06,On Time,None,3,-1,Yes,2026-06
ORD2672,2026-02-18,ABC Store,Monitor,Electronics,Supplier E,WH-01,Faisalabad,Lahore,,Rail,Pakistan Railways,1,1500,,2026-02-24,2026-02-22,Delayed,Warehouse Issue,6,2,No,2026-02
ORD2673,2026-05-09,Global Traders,Office Chair,Furniture,Supplier A,WH-03,Peshawar,Islamabad,,Truck,TCS,1,5577,,2026-05-16,2026-05-16,On Time,None,7,0,Yes,2026-05
ORD2674,2026-02-19,Super Store,Cooking Oil,Grocery,Supplier E,WH-01,Karachi,Islamabad,,Truck,M&P,62,91836,,2026-02-24,2026-02-25,On Time,None,5,-1,Yes,2026-02
ORD2675,2026-07-15,Global Traders,Shoes,Clothing,Supplier B,WH-04,Rawalpindi,Lahore,,Van,TCS,75,85034,,2026-07-22,2026-07-20,Delayed,Weather,7,2,No,2026-07
ORD2676,2026-08-23,XYZ Ltd,Jacket,Clothing,Supplier B,WH-02,Lahore,Islamabad,,Rail,Pakistan Railways,50,46649,,2026-08-28,2026-08-29,On Time,None,5,-1,Yes,2026-08
ORD2677,2026-05-17,Pak Furniture,Shirt,Clothing,Supplier C,WH-03,Karachi,Faisalabad,,Courier,Pakistan Railways,26,45085,,2026-05-21,2026-05-22,On Time,None,4,-1,Yes,2026-05
ORD2678,2026-03-01,Pak Furniture,Milk Powder,Grocery,Supplier E,WH-01,Rawalpindi,Lahore,,Courier,DHL,81,149422,,2026-03-04,2026-03-04,On Time,None,3,0,Yes,2026-03
ORD2679,2026-01-03,New City Store,T-Shirt,Clothing,Supplier C,WH-04,Lahore,Faisalabad,,Courier,TCS,5,13601,,2026-01-09,2026-01-09,On Time,None,6,0,Yes,2026-01
ORD2680,2026-04-13,Pak Furniture,Shoes,Clothing,Supplier E,WH-03,Islamabad,Peshawar,,Van,Leopards,36,38824,,2026-04-22,2026-04-18,Delayed,Weather,9,4,No,2026-04
ORD2681,2026-03-18,Global Traders,Shoes,Clothing,Supplier D,WH-03,Peshawar,Islamabad,,Courier,M&P,95,170742,,2026-03-24,2026-03-24,On Time,None,6,0,Yes,2026-03
ORD2682,2026-07-17,New City Store,Tea,Grocery,Supplier C,WH-04,Gujranwala,Lahore,,Truck,M&P,46,72897,,2026-07-23,2026-07-24,On Time,None,6,-1,Yes,2026-07
ORD2683,2026-05-21,Global Traders,Flour,Grocery,Supplier A,WH-02,Karachi,Islamabad,,Truck,M&P,31,47126,,2026-05-27,2026-05-26,Delayed,Supplier Delay,6,1,No,2026-05
ORD2684,2026-05-20,Star Enterprises,Jacket,Clothing,Supplier B,WH-03,Faisalabad,Lahore,,Truck,DHL,57,89092,,2026-05-23,2026-05-24,On Time,None,3,-1,Yes,2026-05
ORD2685,2026-09-04,Star Enterprises,Keyboard,Electronics,Supplier B,WH-02,Islamabad,Peshawar,,Rail,Leopards,75,66044,,2026-09-06,2026-09-07,On Time,None,2,-1,Yes,2026-09
ORD2686,2026-05-07,Super Store,Jacket,Clothing,Supplier E,WH-01,Gujranwala,Lahore,,Rail,TCS,61,53713,,2026-05-12,2026-05-12,On Time,None,5,0,Yes,2026-05
ORD2687,2026-02-14,Pak Furniture,Mouse,Electronics,Supplier B,WH-02,Gujranwala,Lahore,,Rail,TCS,41,34746,,2026-02-15,2026-02-16,On Time,None,1,-1,Yes,2026-02
ORD2688,2026-07-28,Pak Furniture,Office Chair,Furniture,Supplier E,WH-04,Karachi,Faisalabad,,Courier,DHL,26,51097,,2026-08-01,2026-08-01,On Time,None,4,0,Yes,2026-07
ORD2689,2026-05-24,Super Store,Milk Powder,Grocery,Supplier D,WH-04,Gujranwala,Lahore,,Truck,DHL,28,45969,,2026-05-26,2026-05-27,On Time,None,2,-1,Yes,2026-05
ORD2690,2026-10-20,New City Store,Jacket,Clothing,Supplier A,WH-03,Peshawar,Islamabad,,Van,TCS,91,104922,,2026-10-25,2026-10-26,On Time,None,5,-1,Yes,2026-10
ORD2691,2026-01-28,ABC Store,Tablet,Electronics,Supplier D,WH-04,Lahore,Islamabad,,Courier,Pakistan Railways,15,29587,,2026-02-03,2026-02-03,On Time,None,6,0,Yes,2026-01
ORD2692,2026-06-03,Star Enterprises,Tea,Grocery,Supplier D,WH-04,Peshawar,Islamabad,,Courier,DHL,67,119208,,2026-06-05,2026-06-06,On Time,None,2,-1,Yes,2026-06
ORD2693,2026-08-07,ABC Store,Flour,Grocery,Supplier B,WH-03,Rawalpindi,Lahore,,Rail,M&P,91,86653,,2026-08-11,2026-08-12,On Time,None,4,-1,Yes,2026-08
ORD2694,2026-06-24,Ali Traders,Milk Powder,Grocery,Supplier B,WH-04,Lahore,Islamabad,,Van,Leopards,4,7349,,2026-06-29,2026-06-29,On Time,None,5,0,Yes,2026-06
ORD2695,2026-06-21,Super Store,Shirt,Clothing,Supplier D,WH-01,Karachi,Faisalabad,,Truck,DHL,77,113993,,2026-06-24,2026-06-24,On Time,None,3,0,Yes,2026-06
ORD2696,2026-02-18,Metro Mart,Tablet,Electronics,Supplier B,WH-04,Rawalpindi,Lahore,,Rail,M&P,77,71580,,2026-02-24,2026-02-24,On Time,None,6,0,Yes,2026-02
ORD2697,2026-12-11,ABC Store,Table,Furniture,Supplier D,WH-04,Lahore,Faisalabad,,Courier,TCS,43,81909,,2026-12-17,2026-12-18,On Time,None,6,-1,Yes,2026-12
ORD2698,2026-09-08,New City Store,Laptop,Electronics,Supplier D,WH-03,Karachi,Lahore,,Truck,Leopards,35,49834,,2026-09-17,2026-09-13,Delayed,Supplier Delay,9,4,No,2026-09
ORD2699,2026-04-15,Star Enterprises,Cooking Oil,Grocery,Supplier E,WH-03,Lahore,Faisalabad,,Van,TCS,30,32083,,2026-04-21,2026-04-21,On Time,None,6,0,Yes,2026-04
ORD2700,2026-08-25,Metro Mart,Jacket,Clothing,Supplier C,WH-01,Karachi,Islamabad,,Rail,Pakistan Railways,17,16225,,2026-08-27,2026-08-28,On Time,None,2,-1,Yes,2026-08
ORD2701,2026-04-07,ABC Store,T-Shirt,Clothing,Supplier E,WH-02,Karachi,Faisalabad,,Courier,M&P,32,60656,,2026-04-09,2026-04-09,On Time,None,2,0,Yes,2026-04
ORD2702,2026-11-16,Star Enterprises,Flour,Grocery,Supplier C,WH-01,Lahore,Faisalabad,,Rail,Pakistan Railways,28,22396,,2026-11-18,2026-11-19,On Time,None,2,-1,Yes,2026-11
ORD2703,2026-08-25,Pak Furniture,Shirt,Clothing,Supplier C,WH-02,Multan,Karachi,,Truck,TCS,96,143962,,2026-08-27,2026-08-28,On Time,None,2,-1,Yes,2026-08
ORD2704,2026-03-08,New City Store,Shoes,Clothing,Supplier B,WH-02,Lahore,Islamabad,,Van,DHL,46,54560,,2026-03-12,2026-03-13,On Time,None,4,-1,Yes,2026-03
ORD2705,2026-05-06,Ali Traders,T-Shirt,Clothing,Supplier E,WH-01,Faisalabad,Lahore,,Rail,TCS,24,24192,,2026-05-10,2026-05-11,On Time,None,4,-1,Yes,2026-05
ORD2706,2026-01-14,ABC Store,Office Chair,Furniture,Supplier E,WH-03,Islamabad,Peshawar,,Truck,Pakistan Railways,42,60035,,2026-01-15,2026-01-16,On Time,None,1,-1,Yes,2026-01
ORD2707,2026-02-10,Star Enterprises,Bookshelf,Furniture,Supplier A,WH-04,Lahore,Faisalabad,,Van,TCS,39,44228,,2026-02-11,2026-02-12,On Time,None,1,-1,Yes,2026-02
ORD2708,2026-10-18,Metro Mart,Keyboard,Electronics,Supplier C,WH-03,Gujranwala,Lahore,,Courier,DHL,67,120540,,2026-10-23,2026-10-23,On Time,None,5,0,Yes,2026-10
ORD2709,2026-11-04,Global Traders,Cabinet,Furniture,Supplier E,WH-02,Karachi,Islamabad,,Rail,M&P,31,29211,,2026-11-05,2026-11-06,On Time,None,1,-1,Yes,2026-11
ORD2710,2026-10-02,XYZ Ltd,Trousers,Clothing,Supplier B,WH-02,Multan,Karachi,,Rail,DHL,76,68308,,2026-10-03,2026-10-04,On Time,None,1,-1,Yes,2026-10
ORD2711,2026-07-05,Pak Furniture,Uniform,Clothing,Supplier D,WH-01,Faisalabad,Lahore,,Rail,Pakistan Railways,6,4396,,2026-07-06,2026-07-07,On Time,None,1,-1,Yes,2026-07
ORD2712,2026-10-22,Super Store,Flour,Grocery,Supplier C,WH-04,Multan,Karachi,,Truck,M&P,2,6754,,2026-10-29,2026-10-29,On Time,None,7,0,Yes,2026-10
ORD2713,2026-10-27,ABC Store,Milk Powder,Grocery,Supplier A,WH-02,Karachi,Faisalabad,,Rail,M&P,53,50531,,2026-11-03,2026-10-31,Delayed,Traffic,7,3,No,2026-10
ORD2714,2026-08-16,Super Store,Flour,Grocery,Supplier C,WH-02,Faisalabad,Lahore,,Rail,Pakistan Railways,66,57037,,2026-08-17,2026-08-18,On Time,None,1,-1,Yes,2026-08
ORD2715,2026-12-06,XYZ Ltd,Shoes,Clothing,Supplier C,WH-03,Rawalpindi,Lahore,,Courier,Leopards,64,114424,,2026-12-09,2026-12-10,On Time,None,3,-1,Yes,2026-12
ORD2716,2026-07-09,City Electronics,Tablet,Electronics,Supplier B,WH-04,Lahore,Multan,,Rail,Pakistan Railways,32,29752,,2026-07-14,2026-07-15,On Time,None,5,-1,Yes,2026-07
ORD2717,2026-01-09,Global Traders,Printer,Electronics,Supplier C,WH-03,Peshawar,Islamabad,,Rail,Pakistan Railways,40,37662,,2026-01-16,2026-01-16,On Time,None,7,0,Yes,2026-01
ORD2718,2026-05-16,ABC Store,Shoes,Clothing,Supplier B,WH-02,Karachi,Faisalabad,,Rail,Leopards,85,80425,,2026-05-24,2026-05-21,Delayed,Vehicle Breakdown,8,3,No,2026-05
ORD2719,2026-10-28,Metro Mart,Rice,Grocery,Supplier B,WH-04,Multan,Karachi,,Courier,M&P,80,147014,,2026-10-29,2026-10-30,On Time,None,1,-1,Yes,2026-10
ORD2720,2026-03-21,XYZ Ltd,Trousers,Clothing,Supplier D,WH-04,Faisalabad,Lahore,,Van,TCS,37,44393,,2026-03-24,2026-03-25,On Time,None,3,-1,Yes,2026-03
ORD2721,2026-05-22,ABC Store,Uniform,Clothing,Supplier A,WH-01,Faisalabad,Lahore,,Rail,M&P,44,41152,,2026-05-25,2026-05-25,On Time,None,3,0,Yes,2026-05
ORD2722,2026-07-02,New City Store,Flour,Grocery,Supplier D,WH-02,Karachi,Lahore,,Courier,Pakistan Railways,85,151758,,2026-07-05,2026-07-05,On Time,None,3,0,Yes,2026-07
ORD2723,2026-12-25,Super Store,T-Shirt,Clothing,Supplier A,WH-03,Lahore,Islamabad,,Rail,Pakistan Railways,12,8045,,2026-12-30,2026-12-31,On Time,None,5,-1,Yes,2026-12
ORD2724,2026-05-31,Metro Mart,Router,Electronics,Supplier A,WH-03,Faisalabad,Lahore,,Courier,Pakistan Railways,42,78874,,2026-06-08,2026-06-03,Delayed,Warehouse Issue,8,5,No,2026-05
ORD2725,2026-10-26,Metro Mart,Sofa,Furniture,Supplier E,WH-04,Lahore,Islamabad,,Van,TCS,86,97170,,2026-11-05,2026-10-31,Delayed,Supplier Delay,10,5,No,2026-10
ORD2726,2026-09-17,Star Enterprises,Milk Powder,Grocery,Supplier A,WH-01,Lahore,Islamabad,,Rail,M&P,98,89720,,2026-09-19,2026-09-20,On Time,None,2,-1,Yes,2026-09
ORD2727,2026-02-25,Pak Furniture,Table,Furniture,Supplier A,WH-02,Multan,Karachi,,Rail,TCS,5,6506,,2026-03-06,2026-03-04,Delayed,Weather,9,2,No,2026-02
ORD2728,2026-10-20,Super Store,Sofa,Furniture,Supplier E,WH-01,Lahore,Multan,,Truck,DHL,70,106591,,2026-10-26,2026-10-27,On Time,None,6,-1,Yes,2026-10
ORD2729,2026-12-02,ABC Store,Cabinet,Furniture,Supplier C,WH-03,Rawalpindi,Lahore,,Truck,Leopards,99,149209,,2026-12-07,2026-12-07,On Time,None,5,0,Yes,2026-12
ORD2730,2026-03-11,Ali Traders,Desk,Furniture,Supplier E,WH-01,Lahore,Multan,,Rail,DHL,96,89674,,2026-03-16,2026-03-16,On Time,None,5,0,Yes,2026-03
ORD2731,2026-05-23,XYZ Ltd,Jacket,Clothing,Supplier C,WH-01,Karachi,Islamabad,,Courier,Pakistan Railways,25,48279,,2026-05-30,2026-05-30,On Time,None,7,0,Yes,2026-05
ORD2732,2026-11-03,Super Store,Trousers,Clothing,Supplier D,WH-03,Lahore,Faisalabad,,Truck,Pakistan Railways,61,92134,,2026-11-06,2026-11-07,On Time,None,3,-1,Yes,2026-11
ORD2733,2026-06-09,Super Store,Uniform,Clothing,Supplier A,WH-03,Karachi,Islamabad,,Courier,Pakistan Railways,28,53897,,2026-06-15,2026-06-15,On Time,None,6,0,Yes,2026-06
ORD2734,2026-05-08,ABC Store,Flour,Grocery,Supplier D,WH-04,Karachi,Islamabad,,Van,DHL,79,86186,,2026-05-10,2026-05-10,On Time,None,2,0,Yes,2026-05
ORD2735,2026-10-26,Ali Traders,Jacket,Clothing,Supplier E,WH-04,Multan,Karachi,,Courier,Pakistan Railways,9,21053,,2026-10-27,2026-10-28,On Time,None,1,-1,Yes,2026-10
ORD2736,2026-03-13,New City Store,Table,Furniture,Supplier B,WH-03,Multan,Karachi,,Courier,DHL,24,47599,,2026-03-14,2026-03-15,On Time,None,1,-1,Yes,2026-03
ORD2737,2026-04-28,Global Traders,Rice,Grocery,Supplier D,WH-01,Islamabad,Peshawar,,Courier,Leopards,39,72990,,2026-05-04,2026-05-04,On Time,None,6,0,Yes,2026-04
ORD2738,2026-09-14,Metro Mart,Printer,Electronics,Supplier C,WH-03,Peshawar,Islamabad,,Courier,M&P,87,159953,,2026-09-19,2026-09-19,On Time,None,5,0,Yes,2026-09
ORD2739,2026-08-24,Star Enterprises,T-Shirt,Clothing,Supplier A,WH-01,Faisalabad,Lahore,,Rail,TCS,95,83579,,2026-08-29,2026-08-29,On Time,None,5,0,Yes,2026-08
ORD2740,2026-11-30,Super Store,Milk Powder,Grocery,Supplier C,WH-03,Islamabad,Peshawar,,Courier,DHL,22,40424,,2026-12-01,2026-12-02,On Time,None,1,-1,Yes,2026-11
ORD2741,2026-05-11,Super Store,Sugar,Grocery,Supplier C,WH-03,Lahore,Multan,,Truck,TCS,38,55236,,2026-05-13,2026-05-13,On Time,None,2,0,Yes,2026-05
ORD2742,2026-08-15,City Electronics,Uniform,Clothing,Supplier A,WH-03,Lahore,Multan,,Truck,DHL,42,60678,,2026-08-22,2026-08-22,On Time,None,7,0,Yes,2026-08
ORD2743,2026-12-10,Ali Traders,Cooking Oil,Grocery,Supplier C,WH-01,Islamabad,Peshawar,,Van,M&P,71,77717,,2026-12-12,2026-12-12,On Time,None,2,0,Yes,2026-12
ORD2744,2026-04-07,XYZ Ltd,Bookshelf,Furniture,Supplier E,WH-04,Multan,Karachi,,Courier,DHL,24,47197,,2026-04-11,2026-04-12,On Time,None,4,-1,Yes,2026-04
ORD2745,2026-05-23,XYZ Ltd,Table,Furniture,Supplier E,WH-01,Lahore,Islamabad,,Courier,TCS,96,176356,,2026-05-28,2026-05-29,On Time,None,5,-1,Yes,2026-05
ORD2746,2026-09-09,Ali Traders,Keyboard,Electronics,Supplier B,WH-02,Peshawar,Islamabad,,Truck,Pakistan Railways,35,52363,,2026-09-14,2026-09-14,On Time,None,5,0,Yes,2026-09
ORD2747,2026-10-25,Super Store,Tea,Grocery,Supplier E,WH-01,Faisalabad,Lahore,,Van,Leopards,3,6061,,2026-10-28,2026-10-28,On Time,None,3,0,Yes,2026-10
ORD2748,2026-02-18,ABC Store,Sugar,Grocery,Supplier C,WH-02,Lahore,Islamabad,,Rail,TCS,81,73864,,2026-02-23,2026-02-23,On Time,None,5,0,Yes,2026-02
ORD2749,2026-03-05,Metro Mart,Mouse,Electronics,Supplier A,WH-01,Peshawar,Islamabad,,Van,DHL,14,15688,,2026-03-11,2026-03-11,On Time,None,6,0,Yes,2026-03
ORD2750,2026-06-23,Metro Mart,Shirt,Clothing,Supplier C,WH-04,Islamabad,Peshawar,,Van,TCS,37,39713,,2026-06-25,2026-06-25,On Time,None,2,0,Yes,2026-06
ORD2751,2026-05-25,Metro Mart,Tablet,Electronics,Supplier D,WH-04,Multan,Karachi,,Rail,Leopards,6,3837,,2026-05-27,2026-05-28,On Time,None,2,-1,Yes,2026-05
ORD2752,2026-07-31,Pak Furniture,Tea,Grocery,Supplier A,WH-04,Lahore,Multan,,Rail,Leopards,42,37517,,2026-08-08,2026-08-04,Delayed,Weather,8,4,No,2026-07
ORD2753,2026-01-28,Metro Mart,Uniform,Clothing,Supplier D,WH-01,Lahore,Multan,,Courier,M&P,15,24063,,2026-01-30,2026-01-30,On Time,None,2,0,Yes,2026-01
ORD2754,2026-12-17,Super Store,Shirt,Clothing,Supplier D,WH-01,Faisalabad,Lahore,,Courier,TCS,99,175781,,2026-12-25,2026-12-20,Delayed,Traffic,8,5,No,2026-12
ORD2755,2026-07-16,Global Traders,Office Chair,Furniture,Supplier B,WH-02,Faisalabad,Lahore,,Van,Pakistan Railways,30,36227,,2026-07-22,2026-07-23,On Time,None,6,-1,Yes,2026-07
ORD2756,2026-11-19,Pak Furniture,Tea,Grocery,Supplier C,WH-03,Karachi,Lahore,,Courier,M&P,61,113498,,2026-11-21,2026-11-21,On Time,None,2,0,Yes,2026-11
ORD2757,2026-04-07,XYZ Ltd,Monitor,Electronics,Supplier A,WH-02,Karachi,Islamabad,,Van,Leopards,88,95971,,2026-04-12,2026-04-12,On Time,None,5,0,Yes,2026-04
ORD2758,2026-11-18,Pak Furniture,Laptop,Electronics,Supplier B,WH-01,Karachi,Islamabad,,Truck,TCS,42,65817,,2026-11-21,2026-11-22,On Time,None,3,-1,Yes,2026-11
ORD2759,2026-06-11,ABC Store,Monitor,Electronics,Supplier B,WH-03,Multan,Karachi,,Rail,DHL,29,26513,,2026-06-13,2026-06-14,On Time,None,2,-1,Yes,2026-06
ORD2760,2026-06-11,Global Traders,Milk Powder,Grocery,Supplier C,WH-02,Rawalpindi,Lahore,,Truck,TCS,74,114714,,2026-06-16,2026-06-17,On Time,None,5,-1,Yes,2026-06
ORD2761,2026-07-27,City Electronics,Sofa,Furniture,Supplier D,WH-01,Karachi,Faisalabad,,Van,TCS,60,63087,,2026-08-02,2026-08-03,On Time,None,6,-1,Yes,2026-07
ORD2762,2026-02-26,XYZ Ltd,Milk Powder,Grocery,Supplier E,WH-02,Lahore,Faisalabad,,Van,DHL,81,92815,,2026-03-03,2026-03-04,On Time,None,5,-1,Yes,2026-02
ORD2763,2026-08-18,Star Enterprises,Cooking Oil,Grocery,Supplier E,WH-01,Rawalpindi,Lahore,,Courier,Pakistan Railways,57,102671,,2026-08-19,2026-08-20,On Time,None,1,-1,Yes,2026-08
ORD2764,2026-09-10,Metro Mart,Chair,Furniture,Supplier A,WH-01,Karachi,Faisalabad,,Rail,M&P,76,66087,,2026-09-14,2026-09-15,On Time,None,4,-1,Yes,2026-09
ORD2765,2026-05-07,ABC Store,T-Shirt,Clothing,Supplier B,WH-04,Karachi,Islamabad,,Courier,TCS,67,122532,,2026-05-14,2026-05-14,On Time,None,7,0,Yes,2026-05
ORD2766,2026-01-23,Super Store,Milk Powder,Grocery,Supplier C,WH-03,Lahore,Multan,,Rail,Pakistan Railways,26,28029,,2026-01-27,2026-01-27,On Time,None,4,0,Yes,2026-01
ORD2767,2026-07-15,Pak Furniture,Printer,Electronics,Supplier D,WH-02,Lahore,Islamabad,,Courier,Pakistan Railways,83,149024,,2026-07-22,2026-07-20,Delayed,Warehouse Issue,7,2,No,2026-07
ORD2768,2026-02-26,New City Store,Sofa,Furniture,Supplier A,WH-02,Karachi,Faisalabad,,Courier,TCS,16,30396,,2026-03-02,2026-03-03,On Time,None,4,-1,Yes,2026-02
ORD2769,2026-03-02,Ali Traders,Sofa,Furniture,Supplier A,WH-01,Peshawar,Islamabad,,Rail,Pakistan Railways,1,4573,,2026-03-12,2026-03-08,Delayed,Traffic,10,4,No,2026-03
ORD2770,2026-01-26,Metro Mart,Sofa,Furniture,Supplier D,WH-02,Lahore,Faisalabad,,Truck,M&P,86,131463,,2026-02-02,2026-02-02,On Time,None,7,0,Yes,2026-01
ORD2771,2026-09-09,Global Traders,Mobile,Electronics,Supplier C,WH-04,Lahore,Multan,,Courier,Pakistan Railways,17,34816,,2026-09-14,2026-09-11,Delayed,Warehouse Issue,5,3,No,2026-09
ORD2772,2026-11-28,New City Store,Jacket,Clothing,Supplier D,WH-01,Rawalpindi,Lahore,,Courier,DHL,82,147204,,2026-12-03,2026-12-04,On Time,None,5,-1,Yes,2026-11
ORD2773,2026-10-31,XYZ Ltd,Chair,Furniture,Supplier C,WH-01,Islamabad,Peshawar,,Rail,Leopards,31,31908,,2026-11-07,2026-11-07,On Time,None,7,0,Yes,2026-10
ORD2774,2026-05-25,Star Enterprises,Desk,Furniture,Supplier A,WH-01,Rawalpindi,Lahore,,Rail,TCS,55,50325,,2026-06-01,2026-06-01,On Time,None,7,0,Yes,2026-05
ORD2775,2026-11-24,Global Traders,Desk,Furniture,Supplier E,WH-01,Lahore,Faisalabad,,Van,TCS,63,72255,,2026-11-29,2026-11-29,On Time,None,5,0,Yes,2026-11
ORD2776,2026-05-25,Global Traders,T-Shirt,Clothing,Supplier B,WH-03,Peshawar,Islamabad,,Rail,Pakistan Railways,40,34770,,2026-05-31,2026-05-31,On Time,None,6,0,Yes,2026-05
ORD2777,2026-11-06,New City Store,Shirt,Clothing,Supplier B,WH-03,Lahore,Multan,,Truck,TCS,79,117139,,2026-11-08,2026-11-08,On Time,None,2,0,Yes,2026-11
ORD2778,2026-08-07,New City Store,Tablet,Electronics,Supplier D,WH-04,Karachi,Lahore,,Truck,Pakistan Railways,54,85882,,2026-08-12,2026-08-13,On Time,None,5,-1,Yes,2026-08
ORD2779,2026-07-09,Metro Mart,Monitor,Electronics,Supplier A,WH-02,Lahore,Faisalabad,,Courier,Pakistan Railways,28,47724,,2026-07-12,2026-07-13,On Time,None,3,-1,Yes,2026-07
ORD2780,2026-09-21,Global Traders,Sugar,Grocery,Supplier B,WH-03,Faisalabad,Lahore,,Van,Leopards,89,96306,,2026-09-26,2026-09-23,Delayed,Supplier Delay,5,3,No,2026-09
ORD2781,2026-09-09,City Electronics,T-Shirt,Clothing,Supplier A,WH-01,Lahore,Multan,,Van,Leopards,76,87600,,2026-09-16,2026-09-16,On Time,None,7,0,Yes,2026-09
ORD2782,2026-07-08,ABC Store,Trousers,Clothing,Supplier E,WH-02,Lahore,Multan,,Van,Pakistan Railways,29,29577,,2026-07-13,2026-07-13,On Time,None,5,0,Yes,2026-07
ORD2783,2026-06-21,Ali Traders,Cabinet,Furniture,Supplier C,WH-04,Faisalabad,Lahore,,Truck,M&P,42,67908,,2026-06-26,2026-06-26,On Time,None,5,0,Yes,2026-06
ORD2784,2026-09-05,New City Store,Router,Electronics,Supplier C,WH-02,Karachi,Lahore,,Van,M&P,28,30272,,2026-09-12,2026-09-12,On Time,None,7,0,Yes,2026-09
ORD2785,2026-05-07,Star Enterprises,Mobile,Electronics,Supplier C,WH-04,Faisalabad,Lahore,,Truck,Pakistan Railways,19,32872,,2026-05-17,2026-05-12,Delayed,Vehicle Breakdown,10,5,No,2026-05
ORD2786,2026-09-21,Ali Traders,Sofa,Furniture,Supplier E,WH-03,Rawalpindi,Lahore,,Rail,Leopards,24,25825,,2026-09-26,2026-09-27,On Time,None,5,-1,Yes,2026-09
ORD2787,2026-10-23,ABC Store,T-Shirt,Clothing,Supplier D,WH-04,Lahore,Islamabad,,Rail,M&P,3,2974,,2026-10-28,2026-10-29,On Time,None,5,-1,Yes,2026-10
ORD2788,2026-10-24,City Electronics,Rice,Grocery,Supplier A,WH-01,Lahore,Islamabad,,Rail,DHL,63,60085,,2026-10-31,2026-10-31,On Time,None,7,0,Yes,2026-10
ORD2789,2026-11-15,Metro Mart,Flour,Grocery,Supplier E,WH-02,Karachi,Lahore,,Truck,TCS,68,105551,,2026-11-17,2026-11-17,On Time,None,2,0,Yes,2026-11
ORD2790,2026-11-09,New City Store,Monitor,Electronics,Supplier B,WH-02,Faisalabad,Lahore,,Courier,M&P,27,49930,,2026-11-12,2026-11-13,On Time,None,3,-1,Yes,2026-11
ORD2791,2026-02-21,ABC Store,Milk Powder,Grocery,Supplier D,WH-01,Islamabad,Peshawar,,Rail,Leopards,48,43440,,2026-02-23,2026-02-23,On Time,None,2,0,Yes,2026-02
ORD2792,2026-05-27,XYZ Ltd,Trousers,Clothing,Supplier C,WH-03,Faisalabad,Lahore,,Rail,Leopards,21,15926,,2026-05-29,2026-05-30,On Time,None,2,-1,Yes,2026-05
ORD2793,2026-06-24,City Electronics,T-Shirt,Clothing,Supplier B,WH-02,Karachi,Faisalabad,,Van,Pakistan Railways,37,37732,,2026-06-28,2026-06-29,On Time,None,4,-1,Yes,2026-06
ORD2794,2026-08-16,Metro Mart,Sugar,Grocery,Supplier C,WH-04,Multan,Karachi,,Truck,Pakistan Railways,44,69825,,2026-08-19,2026-08-20,On Time,None,3,-1,Yes,2026-08
ORD2795,2026-12-05,Ali Traders,Shirt,Clothing,Supplier B,WH-01,Lahore,Islamabad,,Courier,Pakistan Railways,100,179928,,2026-12-07,2026-12-07,On Time,None,2,0,Yes,2026-12
ORD2796,2026-03-10,ABC Store,Milk Powder,Grocery,Supplier A,WH-02,Lahore,Islamabad,,Van,DHL,38,43986,,2026-03-12,2026-03-12,On Time,None,2,0,Yes,2026-03
ORD2797,2026-02-04,Super Store,Keyboard,Electronics,Supplier D,WH-03,Karachi,Faisalabad,,Truck,Pakistan Railways,94,145817,,2026-02-07,2026-02-08,On Time,None,3,-1,Yes,2026-02
ORD2798,2026-04-22,Metro Mart,Shoes,Clothing,Supplier C,WH-01,Lahore,Multan,,Rail,Pakistan Railways,9,7793,,2026-04-27,2026-04-27,On Time,None,5,0,Yes,2026-04
ORD2799,2026-10-10,ABC Store,Uniform,Clothing,Supplier E,WH-01,Karachi,Faisalabad,,Rail,Leopards,71,62296,,2026-10-19,2026-10-16,Delayed,Weather,9,3,No,2026-10
ORD2800,2026-06-05,New City Store,Table,Furniture,Supplier A,WH-01,Karachi,Faisalabad,,Truck,M&P,21,33172,,2026-06-11,2026-06-11,On Time,None,6,0,Yes,2026-06
ORD2801,2026-09-15,ABC Store,Rice,Grocery,Supplier C,WH-01,Karachi,Lahore,,Van,Pakistan Railways,47,54380,,2026-09-21,2026-09-22,On Time,None,6,-1,Yes,2026-09
ORD2802,2026-10-25,ABC Store,Sugar,Grocery,Supplier D,WH-03,Lahore,Multan,,Truck,TCS,21,35223,,2026-11-05,2026-11-01,Delayed,Vehicle Breakdown,11,4,No,2026-10
ORD2803,2026-01-22,XYZ Ltd,Printer,Electronics,Supplier C,WH-04,Peshawar,Islamabad,,Courier,Leopards,47,86713,,2026-01-25,2026-01-26,On Time,None,3,-1,Yes,2026-01
ORD2804,2026-08-26,XYZ Ltd,Monitor,Electronics,Supplier D,WH-04,Karachi,Faisalabad,,Rail,Pakistan Railways,14,17080,,2026-08-31,2026-08-31,On Time,None,5,0,Yes,2026-08
ORD2805,2026-12-22,New City Store,Keyboard,Electronics,Supplier B,WH-02,Gujranwala,Lahore,,Truck,Pakistan Railways,84,123208,,2026-12-25,2026-12-24,Delayed,Supplier Delay,3,1,No,2026-12
ORD2806,2026-06-11,XYZ Ltd,Chair,Furniture,Supplier C,WH-04,Lahore,Faisalabad,,Van,DHL,38,40299,,2026-06-16,2026-06-17,On Time,None,5,-1,Yes,2026-06
ORD2807,2026-03-06,XYZ Ltd,Cooking Oil,Grocery,Supplier B,WH-04,Rawalpindi,Lahore,,Truck,DHL,100,148295,,2026-03-08,2026-03-08,On Time,None,2,0,Yes,2026-03
ORD2808,2026-05-07,City Electronics,Table,Furniture,Supplier E,WH-04,Rawalpindi,Lahore,,Truck,Leopards,61,91652,,2026-05-08,2026-05-09,On Time,None,1,-1,Yes,2026-05
ORD2809,2026-11-13,Metro Mart,Uniform,Clothing,Supplier D,WH-04,Rawalpindi,Lahore,,Rail,TCS,70,65740,,2026-11-17,2026-11-18,On Time,None,4,-1,Yes,2026-11
ORD2810,2026-02-08,Ali Traders,Uniform,Clothing,Supplier C,WH-02,Karachi,Islamabad,,Truck,TCS,31,50320,,2026-02-11,2026-02-11,On Time,None,3,0,Yes,2026-02
ORD2811,2026-02-07,Ali Traders,Trousers,Clothing,Supplier C,WH-04,Lahore,Multan,,Rail,M&P,24,22141,,2026-02-10,2026-02-11,On Time,None,3,-1,Yes,2026-02
ORD2812,2026-08-12,Star Enterprises,Cabinet,Furniture,Supplier B,WH-04,Multan,Karachi,,Van,Pakistan Railways,71,77713,,2026-08-24,2026-08-19,Delayed,Traffic,12,5,No,2026-08
ORD2813,2026-10-10,XYZ Ltd,Sofa,Furniture,Supplier B,WH-02,Rawalpindi,Lahore,,Courier,Pakistan Railways,3,6316,,2026-10-17,2026-10-17,On Time,None,7,0,Yes,2026-10
ORD2814,2026-04-03,Metro Mart,Cooking Oil,Grocery,Supplier B,WH-01,Lahore,Faisalabad,,Rail,Pakistan Railways,31,25479,,2026-04-04,2026-04-05,On Time,None,1,-1,Yes,2026-04
ORD2815,2026-12-12,ABC Store,Desk,Furniture,Supplier B,WH-03,Gujranwala,Lahore,,Courier,TCS,45,78056,,2026-12-16,2026-12-17,On Time,None,4,-1,Yes,2026-12
ORD2816,2026-09-11,Global Traders,Rice,Grocery,Supplier E,WH-03,Peshawar,Islamabad,,Rail,Pakistan Railways,79,73113,,2026-09-19,2026-09-16,Delayed,Warehouse Issue,8,3,No,2026-09
ORD2817,2026-07-13,Star Enterprises,Uniform,Clothing,Supplier D,WH-02,Karachi,Lahore,,Van,Pakistan Railways,2,5850,,2026-07-17,2026-07-17,On Time,None,4,0,Yes,2026-07
ORD2818,2026-02-07,New City Store,Tea,Grocery,Supplier C,WH-03,Karachi,Islamabad,,Van,DHL,48,54573,,2026-02-10,2026-02-11,On Time,None,3,-1,Yes,2026-02
ORD2819,2026-04-07,Ali Traders,Tea,Grocery,Supplier A,WH-03,Karachi,Islamabad,,Truck,Pakistan Railways,53,78205,,2026-04-13,2026-04-14,On Time,None,6,-1,Yes,2026-04
ORD2820,2026-12-27,ABC Store,Mouse,Electronics,Supplier D,WH-03,Faisalabad,Lahore,,Truck,DHL,55,81379,,2026-12-31,2027-01-01,On Time,None,4,-1,Yes,2026-12
ORD2821,2026-06-21,Ali Traders,Rice,Grocery,Supplier D,WH-02,Rawalpindi,Lahore,,Van,DHL,31,33236,,2026-06-24,2026-06-24,On Time,None,3,0,Yes,2026-06
ORD2822,2026-09-15,Global Traders,Monitor,Electronics,Supplier B,WH-02,Karachi,Faisalabad,,Truck,DHL,67,98156,,2026-09-25,2026-09-20,Delayed,Supplier Delay,10,5,No,2026-09
ORD2823,2026-12-01,New City Store,Desk,Furniture,Supplier C,WH-04,Gujranwala,Lahore,,Rail,DHL,16,11978,,2026-12-04,2026-12-04,On Time,None,3,0,Yes,2026-12
ORD2824,2026-10-25,Super Store,Office Chair,Furniture,Supplier D,WH-02,Karachi,Lahore,,Truck,M&P,78,120891,,2026-10-27,2026-10-28,On Time,None,2,-1,Yes,2026-10
ORD2825,2026-01-09,Star Enterprises,Trousers,Clothing,Supplier B,WH-01,Multan,Karachi,,Rail,Pakistan Railways,34,33115,,2026-01-16,2026-01-11,Delayed,Traffic,7,5,No,2026-01
ORD2826,2026-09-18,Ali Traders,Bookshelf,Furniture,Supplier D,WH-03,Lahore,Faisalabad,,Rail,TCS,87,75606,,2026-09-25,2026-09-20,Delayed,Weather,7,5,No,2026-09
ORD2827,2026-06-05,ABC Store,Rice,Grocery,Supplier E,WH-01,Rawalpindi,Lahore,,Truck,DHL,67,99644,,2026-06-15,2026-06-10,Delayed,Warehouse Issue,10,5,No,2026-06
ORD2828,2026-09-30,Global Traders,Table,Furniture,Supplier A,WH-03,Peshawar,Islamabad,,Courier,TCS,27,51045,,2026-10-03,2026-10-03,On Time,None,3,0,Yes,2026-09
ORD2829,2026-04-07,City Electronics,Jacket,Clothing,Supplier B,WH-02,Karachi,Islamabad,,Rail,DHL,14,9955,,2026-04-11,2026-04-12,On Time,None,4,-1,Yes,2026-04
ORD2830,2026-01-11,City Electronics,Shirt,Clothing,Supplier A,WH-01,Karachi,Faisalabad,,Rail,TCS,26,21399,,2026-01-14,2026-01-14,On Time,None,3,0,Yes,2026-01
ORD2831,2026-08-22,New City Store,Sugar,Grocery,Supplier A,WH-04,Lahore,Multan,,Van,DHL,77,89565,,2026-08-26,2026-08-26,On Time,None,4,0,Yes,2026-08
ORD2832,2026-03-08,ABC Store,Shoes,Clothing,Supplier A,WH-04,Gujranwala,Lahore,,Courier,Leopards,55,99900,,2026-03-15,2026-03-15,On Time,None,7,0,Yes,2026-03
ORD2833,2026-02-02,Metro Mart,Shoes,Clothing,Supplier A,WH-02,Islamabad,Peshawar,,Truck,Pakistan Railways,74,109828,,2026-02-07,2026-02-08,On Time,None,5,-1,Yes,2026-02
ORD2834,2026-01-22,City Electronics,Trousers,Clothing,Supplier A,WH-03,Faisalabad,Lahore,,Truck,Pakistan Railways,33,49113,,2026-01-26,2026-01-26,On Time,None,4,0,Yes,2026-01
ORD2835,2026-09-19,ABC Store,Uniform,Clothing,Supplier B,WH-03,Karachi,Lahore,,Truck,Leopards,75,114884,,2026-09-23,2026-09-24,On Time,None,4,-1,Yes,2026-09
ORD2836,2026-05-07,ABC Store,Cooking Oil,Grocery,Supplier C,WH-03,Peshawar,Islamabad,,Van,Pakistan Railways,14,18685,,2026-05-12,2026-05-13,On Time,None,5,-1,Yes,2026-05
ORD2837,2026-12-05,Super Store,Chair,Furniture,Supplier C,WH-03,Karachi,Islamabad,,Van,DHL,75,80996,,2026-12-15,2026-12-10,Delayed,Vehicle Breakdown,10,5,No,2026-12
ORD2838,2026-05-09,Ali Traders,Trousers,Clothing,Supplier E,WH-03,Multan,Karachi,,Courier,TCS,18,29846,,2026-05-15,2026-05-16,On Time,None,6,-1,Yes,2026-05
ORD2839,2026-07-01,Metro Mart,T-Shirt,Clothing,Supplier C,WH-02,Lahore,Islamabad,,Rail,M&P,88,81515,,2026-07-04,2026-07-05,On Time,None,3,-1,Yes,2026-07
ORD2840,2026-12-11,Pak Furniture,Flour,Grocery,Supplier A,WH-04,Lahore,Faisalabad,,Courier,Leopards,60,110722,,2026-12-16,2026-12-17,On Time,None,5,-1,Yes,2026-12
ORD2841,2026-11-26,XYZ Ltd,Laptop,Electronics,Supplier A,WH-04,Lahore,Multan,,Truck,M&P,3,7799,,2026-12-01,2026-12-02,On Time,None,5,-1,Yes,2026-11
ORD2842,2026-03-05,XYZ Ltd,Cooking Oil,Grocery,Supplier A,WH-04,Faisalabad,Lahore,,Courier,Pakistan Railways,89,157327,,2026-03-10,2026-03-09,Delayed,Vehicle Breakdown,5,1,No,2026-03
ORD2843,2026-10-10,Super Store,Shoes,Clothing,Supplier A,WH-04,Karachi,Islamabad,,Rail,DHL,56,48432,,2026-10-14,2026-10-14,On Time,None,4,0,Yes,2026-10
ORD2844,2026-01-31,City Electronics,Shoes,Clothing,Supplier A,WH-01,Lahore,Islamabad,,Truck,Pakistan Railways,60,90819,,2026-02-01,2026-02-02,On Time,None,1,-1,Yes,2026-01
ORD2845,2026-06-17,Global Traders,Printer,Electronics,Supplier C,WH-02,Lahore,Islamabad,,Courier,DHL,18,31922,,2026-06-22,2026-06-22,On Time,None,5,0,Yes,2026-06
ORD2846,2026-12-03,City Electronics,Monitor,Electronics,Supplier A,WH-03,Islamabad,Peshawar,,Truck,Leopards,57,87614,,2026-12-08,2026-12-09,On Time,None,5,-1,Yes,2026-12
ORD2847,2026-05-14,Super Store,Desk,Furniture,Supplier D,WH-01,Karachi,Islamabad,,Truck,TCS,88,130569,,2026-05-20,2026-05-16,Delayed,Vehicle Breakdown,6,4,No,2026-05
ORD2848,2026-05-06,XYZ Ltd,Chair,Furniture,Supplier C,WH-03,Gujranwala,Lahore,,Courier,M&P,13,24578,,2026-05-11,2026-05-08,Delayed,Supplier Delay,5,3,No,2026-05
ORD2849,2026-02-11,Global Traders,Laptop,Electronics,Supplier B,WH-03,Islamabad,Peshawar,,Courier,M&P,26,49770,,2026-02-14,2026-02-14,On Time,None,3,0,Yes,2026-02
ORD2850,2026-12-16,Global Traders,Rice,Grocery,Supplier C,WH-02,Multan,Karachi,,Van,M&P,12,17370,,2026-12-22,2026-12-23,On Time,None,6,-1,Yes,2026-12
ORD2851,2026-03-05,ABC Store,Flour,Grocery,Supplier A,WH-01,Karachi,Lahore,,Truck,DHL,4,6106,,2026-03-06,2026-03-07,On Time,None,1,-1,Yes,2026-03
ORD2852,2026-07-25,New City Store,Chair,Furniture,Supplier A,WH-03,Lahore,Multan,,Van,TCS,87,95233,,2026-08-02,2026-07-29,Delayed,Warehouse Issue,8,4,No,2026-07
ORD2853,2026-12-01,Metro Mart,Sugar,Grocery,Supplier E,WH-03,Karachi,Faisalabad,,Van,M&P,100,110476,,2026-12-07,2026-12-03,Delayed,Traffic,6,4,No,2026-12
ORD2854,2026-12-17,Pak Furniture,Flour,Grocery,Supplier B,WH-04,Gujranwala,Lahore,,Truck,Pakistan Railways,36,57971,,2026-12-21,2026-12-21,On Time,None,4,0,Yes,2026-12
ORD2855,2026-06-12,Star Enterprises,Sofa,Furniture,Supplier E,WH-02,Gujranwala,Lahore,,Rail,TCS,69,59972,,2026-06-16,2026-06-16,On Time,None,4,0,Yes,2026-06
ORD2856,2026-01-17,XYZ Ltd,Table,Furniture,Supplier B,WH-03,Lahore,Faisalabad,,Rail,Pakistan Railways,30,30762,,2026-01-20,2026-01-21,On Time,None,3,-1,Yes,2026-01
ORD2857,2026-12-09,Pak Furniture,Cabinet,Furniture,Supplier E,WH-01,Faisalabad,Lahore,,Truck,Leopards,41,58873,,2026-12-13,2026-12-14,On Time,None,4,-1,Yes,2026-12
ORD2858,2026-10-27,Global Traders,Desk,Furniture,Supplier C,WH-03,Lahore,Multan,,Rail,DHL,36,35165,,2026-11-03,2026-11-03,On Time,None,7,0,Yes,2026-10
ORD2859,2026-09-05,City Electronics,Flour,Grocery,Supplier E,WH-04,Karachi,Islamabad,,Van,TCS,40,44499,,2026-09-08,2026-09-09,On Time,None,3,-1,Yes,2026-09
ORD2860,2026-08-11,Ali Traders,T-Shirt,Clothing,Supplier E,WH-02,Multan,Karachi,,Rail,Pakistan Railways,56,48431,,2026-08-18,2026-08-18,On Time,None,7,0,Yes,2026-08
ORD2861,2026-07-06,Metro Mart,Shoes,Clothing,Supplier E,WH-02,Lahore,Faisalabad,,Rail,M&P,84,79190,,2026-07-12,2026-07-11,Delayed,Weather,6,1,No,2026-07
ORD2862,2026-03-04,Ali Traders,Rice,Grocery,Supplier D,WH-02,Faisalabad,Lahore,,Rail,M&P,94,83222,,2026-03-09,2026-03-10,On Time,None,5,-1,Yes,2026-03
ORD2863,2026-08-11,Ali Traders,Table,Furniture,Supplier C,WH-04,Lahore,Islamabad,,Courier,Pakistan Railways,19,34453,,2026-08-13,2026-08-14,On Time,None,2,-1,Yes,2026-08
ORD2864,2026-12-28,Global Traders,Sugar,Grocery,Supplier A,WH-04,Lahore,Islamabad,,Van,DHL,48,50281,,2027-01-04,2027-01-04,On Time,None,7,0,Yes,2026-12
ORD2865,2026-05-07,New City Store,Flour,Grocery,Supplier B,WH-04,Lahore,Faisalabad,,Rail,DHL,88,83774,,2026-05-10,2026-05-10,On Time,None,3,0,Yes,2026-05
ORD2866,2026-10-30,City Electronics,Uniform,Clothing,Supplier C,WH-03,Karachi,Islamabad,,Rail,Pakistan Railways,46,45303,,2026-11-03,2026-11-04,On Time,None,4,-1,Yes,2026-10
ORD2867,2026-03-30,Global Traders,Bookshelf,Furniture,Supplier A,WH-04,Gujranwala,Lahore,,Rail,DHL,57,54274,,2026-03-31,2026-04-01,On Time,None,1,-1,Yes,2026-03
ORD2868,2026-03-16,City Electronics,Tablet,Electronics,Supplier B,WH-02,Multan,Karachi,,Van,Leopards,50,52838,,2026-03-21,2026-03-21,On Time,None,5,0,Yes,2026-03
ORD2869,2026-12-30,Ali Traders,Rice,Grocery,Supplier C,WH-04,Faisalabad,Lahore,,Rail,TCS,11,8238,,2027-01-04,2027-01-05,On Time,None,5,-1,Yes,2026-12
ORD2870,2026-03-04,Ali Traders,Rice,Grocery,Supplier B,WH-02,Lahore,Faisalabad,,Van,TCS,62,71548,,2026-03-11,2026-03-11,On Time,None,7,0,Yes,2026-03
ORD2871,2026-10-28,Pak Furniture,Office Chair,Furniture,Supplier E,WH-02,Rawalpindi,Lahore,,Courier,Leopards,62,115109,,2026-11-06,2026-11-01,Delayed,Weather,9,5,No,2026-10
ORD2872,2026-06-12,City Electronics,Office Chair,Furniture,Supplier B,WH-04,Islamabad,Peshawar,,Van,Leopards,67,78592,,2026-06-14,2026-06-15,On Time,None,2,-1,Yes,2026-06
ORD2873,2026-02-10,Pak Furniture,Laptop,Electronics,Supplier A,WH-02,Multan,Karachi,,Truck,Leopards,57,88697,,2026-02-15,2026-02-13,Delayed,Vehicle Breakdown,5,2,No,2026-02
ORD2874,2026-12-23,Star Enterprises,T-Shirt,Clothing,Supplier D,WH-03,Islamabad,Peshawar,,Courier,TCS,47,88994,,2026-12-26,2026-12-27,On Time,None,3,-1,Yes,2026-12
ORD2875,2026-01-14,Pak Furniture,Chair,Furniture,Supplier E,WH-02,Karachi,Lahore,,Courier,DHL,4,9649,,2026-01-19,2026-01-20,On Time,None,5,-1,Yes,2026-01
ORD2876,2026-09-01,New City Store,Office Chair,Furniture,Supplier B,WH-04,Rawalpindi,Lahore,,Van,TCS,17,20715,,2026-09-06,2026-09-06,On Time,None,5,0,Yes,2026-09
ORD2877,2026-02-13,City Electronics,Rice,Grocery,Supplier B,WH-04,Karachi,Faisalabad,,Rail,Pakistan Railways,82,77594,,2026-02-22,2026-02-20,Delayed,Warehouse Issue,9,2,No,2026-02
ORD2878,2026-10-06,Ali Traders,Laptop,Electronics,Supplier D,WH-02,Lahore,Multan,,Truck,Pakistan Railways,84,128146,,2026-10-13,2026-10-11,Delayed,Traffic,7,2,No,2026-10
ORD2879,2026-09-25,New City Store,Flour,Grocery,Supplier B,WH-02,Peshawar,Islamabad,,Rail,Pakistan Railways,53,51027,,2026-09-29,2026-09-27,Delayed,Traffic,4,2,No,2026-09
ORD2880,2026-06-17,New City Store,Jacket,Clothing,Supplier A,WH-04,Faisalabad,Lahore,,Courier,Pakistan Railways,4,5819,,2026-06-25,2026-06-20,Delayed,Supplier Delay,8,5,No,2026-06
ORD2881,2026-10-03,Ali Traders,Shirt,Clothing,Supplier E,WH-03,Karachi,Lahore,,Courier,M&P,2,1986,,2026-10-09,2026-10-10,On Time,None,6,-1,Yes,2026-10
ORD2882,2026-01-13,Ali Traders,T-Shirt,Clothing,Supplier E,WH-04,Rawalpindi,Lahore,,Rail,Pakistan Railways,90,84400,,2026-01-18,2026-01-18,On Time,None,5,0,Yes,2026-01
ORD2883,2026-01-03,New City Store,Tea,Grocery,Supplier A,WH-03,Faisalabad,Lahore,,Truck,M&P,80,123789,,2026-01-10,2026-01-08,Delayed,Warehouse Issue,7,2,No,2026-01
ORD2884,2026-07-31,New City Store,Milk Powder,Grocery,Supplier D,WH-02,Rawalpindi,Lahore,,Van,Pakistan Railways,55,65326,,2026-08-05,2026-08-04,Delayed,Vehicle Breakdown,5,1,No,2026-07
ORD2885,2026-12-20,XYZ Ltd,Printer,Electronics,Supplier B,WH-03,Karachi,Faisalabad,,Rail,TCS,88,84018,,2026-12-27,2026-12-27,On Time,None,7,0,Yes,2026-12
ORD2886,2026-03-16,ABC Store,Shoes,Clothing,Supplier C,WH-02,Karachi,Islamabad,,Van,Pakistan Railways,37,38573,,2026-03-21,2026-03-21,On Time,None,5,0,Yes,2026-03
ORD2887,2026-08-18,City Electronics,Router,Electronics,Supplier E,WH-04,Peshawar,Islamabad,,Rail,Pakistan Railways,41,37557,,2026-08-21,2026-08-22,On Time,None,3,-1,Yes,2026-08
ORD2888,2026-01-28,Super Store,Shoes,Clothing,Supplier B,WH-04,Karachi,Islamabad,,Truck,Pakistan Railways,58,89118,,2026-01-31,2026-01-31,On Time,None,3,0,Yes,2026-01
ORD2889,2026-10-03,New City Store,Sugar,Grocery,Supplier D,WH-04,Lahore,Islamabad,,Truck,DHL,36,55710,,2026-10-05,2026-10-06,On Time,None,2,-1,Yes,2026-10
ORD2890,2026-08-09,City Electronics,Milk Powder,Grocery,Supplier E,WH-02,Karachi,Islamabad,,Van,Leopards,70,74119,,2026-08-13,2026-08-13,On Time,None,4,0,Yes,2026-08
ORD2891,2026-01-21,Global Traders,Sofa,Furniture,Supplier C,WH-01,Lahore,Faisalabad,,Courier,M&P,51,95241,,2026-01-31,2026-01-27,Delayed,Supplier Delay,10,4,No,2026-01
ORD2892,2026-03-13,Ali Traders,Bookshelf,Furniture,Supplier B,WH-04,Islamabad,Peshawar,,Rail,Leopards,16,12554,,2026-03-17,2026-03-17,On Time,None,4,0,Yes,2026-03
ORD2893,2026-04-05,ABC Store,Office Chair,Furniture,Supplier B,WH-01,Lahore,Islamabad,,Rail,Leopards,85,77644,,2026-04-10,2026-04-11,On Time,None,5,-1,Yes,2026-04
ORD2894,2026-07-08,Metro Mart,Bookshelf,Furniture,Supplier C,WH-02,Faisalabad,Lahore,,Courier,Leopards,3,2456,,2026-07-13,2026-07-14,On Time,None,5,-1,Yes,2026-07
ORD2895,2026-06-20,Global Traders,Sofa,Furniture,Supplier E,WH-01,Gujranwala,Lahore,,Van,TCS,26,32988,,2026-06-26,2026-06-24,Delayed,Warehouse Issue,6,2,No,2026-06
ORD2896,2026-06-23,Metro Mart,Cabinet,Furniture,Supplier E,WH-03,Multan,Karachi,,Rail,Pakistan Railways,87,80232,,2026-06-28,2026-06-28,On Time,None,5,0,Yes,2026-06
ORD2897,2026-01-15,Global Traders,Mouse,Electronics,Supplier A,WH-01,Rawalpindi,Lahore,,Rail,Leopards,13,15512,,2026-01-18,2026-01-19,On Time,None,3,-1,Yes,2026-01
ORD2898,2026-08-16,Ali Traders,Printer,Electronics,Supplier E,WH-01,Gujranwala,Lahore,,Courier,M&P,37,65213,,2026-08-20,2026-08-21,On Time,None,4,-1,Yes,2026-08
ORD2899,2026-12-05,Super Store,Cabinet,Furniture,Supplier D,WH-04,Lahore,Multan,,Truck,M&P,62,95798,,2026-12-09,2026-12-10,On Time,None,4,-1,Yes,2026-12
ORD2900,2026-06-16,City Electronics,Tea,Grocery,Supplier D,WH-04,Karachi,Lahore,,Van,M&P,98,109217,,2026-06-22,2026-06-23,On Time,None,6,-1,Yes,2026-06
ORD2901,2026-05-21,XYZ Ltd,T-Shirt,Clothing,Supplier C,WH-02,Karachi,Faisalabad,,Truck,M&P,14,23945,,2026-05-28,2026-05-28,On Time,None,7,0,Yes,2026-05
ORD2902,2026-03-30,Super Store,Bookshelf,Furniture,Supplier C,WH-02,Karachi,Lahore,,Van,DHL,27,32547,,2026-04-01,2026-04-02,On Time,None,2,-1,Yes,2026-03
ORD2903,2026-03-04,Pak Furniture,Laptop,Electronics,Supplier D,WH-01,Islamabad,Peshawar,,Van,TCS,38,44684,,2026-03-08,2026-03-08,On Time,None,4,0,Yes,2026-03
ORD2904,2026-06-29,Super Store,Shoes,Clothing,Supplier A,WH-03,Karachi,Faisalabad,,Rail,TCS,94,89387,,2026-07-04,2026-07-04,On Time,None,5,0,Yes,2026-06
ORD2905,2026-07-19,Ali Traders,Flour,Grocery,Supplier D,WH-02,Peshawar,Islamabad,,Truck,TCS,52,80616,,2026-07-26,2026-07-26,On Time,None,7,0,Yes,2026-07
ORD2906,2026-12-01,Super Store,Uniform,Clothing,Supplier D,WH-04,Faisalabad,Lahore,,Courier,Leopards,50,90283,,2026-12-05,2026-12-05,On Time,None,4,0,Yes,2026-12
ORD2907,2026-01-24,Star Enterprises,Sugar,Grocery,Supplier A,WH-03,Karachi,Faisalabad,,Van,Pakistan Railways,56,61146,,2026-01-27,2026-01-28,On Time,None,3,-1,Yes,2026-01
ORD2908,2026-02-06,Global Traders,Rice,Grocery,Supplier C,WH-04,Lahore,Faisalabad,,Van,Pakistan Railways,72,80306,,2026-02-11,2026-02-11,On Time,None,5,0,Yes,2026-02
ORD2909,2026-07-04,City Electronics,Sugar,Grocery,Supplier B,WH-01,Multan,Karachi,,Truck,Pakistan Railways,47,73171,,2026-07-05,2026-07-06,On Time,None,1,-1,Yes,2026-07
ORD2910,2026-11-01,Star Enterprises,Uniform,Clothing,Supplier B,WH-04,Karachi,Faisalabad,,Rail,TCS,8,7312,,2026-11-10,2026-11-06,Delayed,Warehouse Issue,9,4,No,2026-11
ORD2911,2026-04-14,New City Store,Monitor,Electronics,Supplier B,WH-01,Karachi,Islamabad,,Van,TCS,25,25228,,2026-04-19,2026-04-20,On Time,None,5,-1,Yes,2026-04
ORD2912,2026-05-04,Ali Traders,Mobile,Electronics,Supplier A,WH-03,Karachi,Faisalabad,,Truck,Leopards,46,68061,,2026-05-10,2026-05-10,On Time,None,6,0,Yes,2026-05
ORD2913,2026-09-25,Global Traders,Flour,Grocery,Supplier B,WH-03,Faisalabad,Lahore,,Van,Pakistan Railways,51,53954,,2026-10-01,2026-09-29,Delayed,Warehouse Issue,6,2,No,2026-09
ORD2914,2026-11-08,Global Traders,Flour,Grocery,Supplier D,WH-02,Faisalabad,Lahore,,Truck,Leopards,74,115206,,2026-11-19,2026-11-14,Delayed,Warehouse Issue,11,5,No,2026-11
ORD2915,2026-12-31,ABC Store,Desk,Furniture,Supplier C,WH-04,Multan,Karachi,,Courier,DHL,85,151665,,2027-01-06,2027-01-06,On Time,None,6,0,Yes,2026-12
ORD2916,2026-12-30,Star Enterprises,Uniform,Clothing,Supplier C,WH-01,Rawalpindi,Lahore,,Van,M&P,88,96970,,2026-12-31,2027-01-01,On Time,None,1,-1,Yes,2026-12
ORD2917,2026-08-10,XYZ Ltd,Cooking Oil,Grocery,Supplier E,WH-03,Karachi,Faisalabad,,Courier,Leopards,91,168574,,2026-08-13,2026-08-13,On Time,None,3,0,Yes,2026-08
ORD2918,2026-12-17,Star Enterprises,Sugar,Grocery,Supplier D,WH-03,Karachi,Lahore,,Courier,Pakistan Railways,59,104766,,2026-12-21,2026-12-22,On Time,None,4,-1,Yes,2026-12
ORD2919,2026-02-16,Ali Traders,Bookshelf,Furniture,Supplier D,WH-01,Peshawar,Islamabad,,Truck,Pakistan Railways,41,65512,,2026-02-22,2026-02-23,On Time,None,6,-1,Yes,2026-02
ORD2920,2026-01-05,Metro Mart,Trousers,Clothing,Supplier A,WH-02,Karachi,Lahore,,Rail,TCS,74,63939,,2026-01-12,2026-01-12,On Time,None,7,0,Yes,2026-01
ORD2921,2026-07-15,XYZ Ltd,Milk Powder,Grocery,Supplier C,WH-04,Gujranwala,Lahore,,Van,DHL,5,3268,,2026-07-20,2026-07-20,On Time,None,5,0,Yes,2026-07
ORD2922,2026-04-22,Metro Mart,Bookshelf,Furniture,Supplier C,WH-01,Lahore,Faisalabad,,Van,M&P,25,30494,,2026-04-25,2026-04-25,On Time,None,3,0,Yes,2026-04
ORD2923,2026-05-04,Star Enterprises,Printer,Electronics,Supplier A,WH-02,Lahore,Islamabad,,Courier,M&P,41,78536,,2026-05-10,2026-05-10,On Time,None,6,0,Yes,2026-05
ORD2924,2026-02-03,City Electronics,Chair,Furniture,Supplier B,WH-03,Lahore,Faisalabad,,Rail,DHL,97,92066,,2026-02-10,2026-02-07,Delayed,Vehicle Breakdown,7,3,No,2026-02
ORD2925,2026-01-08,New City Store,Bookshelf,Furniture,Supplier B,WH-02,Lahore,Faisalabad,,Truck,Pakistan Railways,82,127702,,2026-01-14,2026-01-14,On Time,None,6,0,Yes,2026-01
ORD2926,2026-01-13,XYZ Ltd,Flour,Grocery,Supplier A,WH-03,Islamabad,Peshawar,,Truck,TCS,80,117098,,2026-01-17,2026-01-18,On Time,None,4,-1,Yes,2026-01
ORD2927,2026-05-01,Pak Furniture,Table,Furniture,Supplier D,WH-04,Karachi,Faisalabad,,Van,Leopards,56,61504,,2026-05-05,2026-05-05,On Time,None,4,0,Yes,2026-05
ORD2928,2026-02-03,Global Traders,Sofa,Furniture,Supplier C,WH-04,Islamabad,Peshawar,,Rail,M&P,40,37566,,2026-02-04,2026-02-05,On Time,None,1,-1,Yes,2026-02
ORD2929,2026-04-03,Super Store,Shoes,Clothing,Supplier A,WH-03,Karachi,Faisalabad,,Van,Pakistan Railways,28,34342,,2026-04-08,2026-04-09,On Time,None,5,-1,Yes,2026-04
ORD2930,2026-11-07,City Electronics,Sofa,Furniture,Supplier A,WH-02,Karachi,Lahore,,Rail,TCS,83,72504,,2026-11-09,2026-11-10,On Time,None,2,-1,Yes,2026-11
ORD2931,2026-11-22,Metro Mart,Mouse,Electronics,Supplier B,WH-04,Peshawar,Islamabad,,Rail,Pakistan Railways,24,25904,,2026-11-26,2026-11-26,On Time,None,4,0,Yes,2026-11
ORD2932,2026-04-07,Metro Mart,Tablet,Electronics,Supplier E,WH-01,Islamabad,Peshawar,,Courier,TCS,89,162119,,2026-04-13,2026-04-09,Delayed,Vehicle Breakdown,6,4,No,2026-04
ORD2933,2026-11-03,Metro Mart,Flour,Grocery,Supplier D,WH-01,Karachi,Islamabad,,Van,TCS,95,102233,,2026-11-07,2026-11-08,On Time,None,4,-1,Yes,2026-11
ORD2934,2026-04-01,Ali Traders,Uniform,Clothing,Supplier C,WH-01,Lahore,Islamabad,,Truck,M&P,33,48053,,2026-04-05,2026-04-06,On Time,None,4,-1,Yes,2026-04
ORD2935,2026-07-20,City Electronics,Flour,Grocery,Supplier B,WH-02,Gujranwala,Lahore,,Courier,Pakistan Railways,12,20671,,2026-07-24,2026-07-23,Delayed,Traffic,4,1,No,2026-07
ORD2936,2026-08-26,XYZ Ltd,Sofa,Furniture,Supplier D,WH-02,Faisalabad,Lahore,,Van,Leopards,66,69984,,2026-09-02,2026-09-02,On Time,None,7,0,Yes,2026-08
ORD2937,2026-10-07,Pak Furniture,Shirt,Clothing,Supplier A,WH-02,Islamabad,Peshawar,,Rail,DHL,6,2516,,2026-10-08,2026-10-09,On Time,None,1,-1,Yes,2026-10
ORD2938,2026-12-07,Super Store,Bookshelf,Furniture,Supplier B,WH-03,Lahore,Faisalabad,,Courier,Leopards,58,108647,,2026-12-11,2026-12-11,On Time,None,4,0,Yes,2026-12
ORD2939,2026-10-10,Super Store,Router,Electronics,Supplier B,WH-03,Rawalpindi,Lahore,,Truck,DHL,38,56246,,2026-10-14,2026-10-15,On Time,None,4,-1,Yes,2026-10
ORD2940,2026-04-05,City Electronics,Jacket,Clothing,Supplier D,WH-03,Karachi,Lahore,,Rail,M&P,96,86765,,2026-04-11,2026-04-12,On Time,None,6,-1,Yes,2026-04
ORD2941,2026-08-27,Pak Furniture,Trousers,Clothing,Supplier C,WH-01,Lahore,Faisalabad,,Rail,TCS,94,88506,,2026-09-01,2026-09-01,On Time,None,5,0,Yes,2026-08
ORD2942,2026-07-03,New City Store,Tea,Grocery,Supplier D,WH-03,Multan,Karachi,,Truck,TCS,82,127549,,2026-07-06,2026-07-06,On Time,None,3,0,Yes,2026-07
ORD2943,2026-06-11,XYZ Ltd,Cabinet,Furniture,Supplier D,WH-03,Lahore,Faisalabad,,Rail,DHL,12,7871,,2026-06-19,2026-06-17,Delayed,Vehicle Breakdown,8,2,No,2026-06
ORD2944,2026-02-17,City Electronics,Flour,Grocery,Supplier D,WH-03,Gujranwala,Lahore,,Van,Leopards,83,89368,,2026-02-20,2026-02-20,On Time,None,3,0,Yes,2026-02
ORD2945,2026-01-24,City Electronics,Printer,Electronics,Supplier B,WH-04,Karachi,Islamabad,,Van,TCS,24,28469,,2026-01-30,2026-01-29,Delayed,Weather,6,1,No,2026-01
ORD2946,2026-09-07,XYZ Ltd,Cabinet,Furniture,Supplier E,WH-02,Karachi,Lahore,,Truck,Pakistan Railways,100,148640,,2026-09-10,2026-09-11,On Time,None,3,-1,Yes,2026-09
ORD2947,2026-06-09,Metro Mart,Table,Furniture,Supplier E,WH-03,Lahore,Islamabad,,Truck,M&P,73,109728,,2026-06-11,2026-06-12,On Time,None,2,-1,Yes,2026-06
ORD2948,2026-08-24,Super Store,Sugar,Grocery,Supplier E,WH-01,Lahore,Faisalabad,,Courier,Pakistan Railways,28,52800,,2026-08-31,2026-08-31,On Time,None,7,0,Yes,2026-08
ORD2949,2026-07-26,Global Traders,Laptop,Electronics,Supplier D,WH-02,Karachi,Islamabad,,Rail,Leopards,56,50612,,2026-07-30,2026-07-31,On Time,None,4,-1,Yes,2026-07
ORD2950,2026-08-09,Ali Traders,Sugar,Grocery,Supplier E,WH-04,Lahore,Faisalabad,,Van,M&P,94,100534,,2026-08-14,2026-08-15,On Time,None,5,-1,Yes,2026-08
ORD2951,2026-06-21,Super Store,Cabinet,Furniture,Supplier D,WH-02,Multan,Karachi,,Courier,Pakistan Railways,97,178565,,2026-06-23,2026-06-24,On Time,None,2,-1,Yes,2026-06
ORD2952,2026-06-17,Global Traders,Sofa,Furniture,Supplier B,WH-03,Gujranwala,Lahore,,Courier,Pakistan Railways,92,167562,,2026-06-25,2026-06-24,Delayed,Vehicle Breakdown,8,1,No,2026-06
ORD2953,2026-08-28,XYZ Ltd,Office Chair,Furniture,Supplier B,WH-03,Karachi,Faisalabad,,Rail,Leopards,54,48858,,2026-08-31,2026-08-30,Delayed,Vehicle Breakdown,3,1,No,2026-08
ORD2954,2026-11-03,Super Store,Laptop,Electronics,Supplier D,WH-04,Lahore,Multan,,Courier,Pakistan Railways,90,163274,,2026-11-07,2026-11-08,On Time,None,4,-1,Yes,2026-11
ORD2955,2026-05-20,City Electronics,Rice,Grocery,Supplier B,WH-03,Karachi,Lahore,,Courier,Pakistan Railways,91,163454,,2026-05-24,2026-05-25,On Time,None,4,-1,Yes,2026-05
ORD2956,2026-12-08,City Electronics,Rice,Grocery,Supplier E,WH-02,Gujranwala,Lahore,,Van,TCS,70,76028,,2026-12-18,2026-12-14,Delayed,Supplier Delay,10,4,No,2026-12
ORD2957,2026-04-08,City Electronics,Shoes,Clothing,Supplier E,WH-01,Lahore,Multan,,Van,Leopards,64,72335,,2026-04-10,2026-04-11,On Time,None,2,-1,Yes,2026-04
ORD2958,2026-02-16,XYZ Ltd,Office Chair,Furniture,Supplier A,WH-01,Multan,Karachi,,Van,TCS,65,74761,,2026-02-21,2026-02-20,Delayed,Weather,5,1,No,2026-02
ORD2959,2026-05-04,New City Store,Keyboard,Electronics,Supplier B,WH-02,Karachi,Lahore,,Van,DHL,51,58319,,2026-05-10,2026-05-11,On Time,None,6,-1,Yes,2026-05
ORD2960,2026-05-30,Ali Traders,Chair,Furniture,Supplier B,WH-04,Lahore,Islamabad,,Van,DHL,16,19099,,2026-06-05,2026-06-05,On Time,None,6,0,Yes,2026-05
ORD2961,2026-04-06,Ali Traders,Tablet,Electronics,Supplier E,WH-03,Peshawar,Islamabad,,Truck,DHL,13,21932,,2026-04-11,2026-04-11,On Time,None,5,0,Yes,2026-04
ORD2962,2026-07-24,New City Store,Laptop,Electronics,Supplier A,WH-01,Karachi,Faisalabad,,Truck,Leopards,49,77617,,2026-07-27,2026-07-28,On Time,None,3,-1,Yes,2026-07
ORD2963,2026-03-31,City Electronics,Tea,Grocery,Supplier B,WH-03,Islamabad,Peshawar,,Courier,TCS,48,90880,,2026-04-02,2026-04-02,On Time,None,2,0,Yes,2026-03
ORD2964,2026-06-05,Super Store,Mobile,Electronics,Supplier D,WH-01,Gujranwala,Lahore,,Courier,TCS,18,33353,,2026-06-07,2026-06-08,On Time,None,2,-1,Yes,2026-06
ORD2965,2026-01-17,City Electronics,Laptop,Electronics,Supplier E,WH-02,Karachi,Faisalabad,,Truck,Pakistan Railways,94,139655,,2026-01-20,2026-01-21,On Time,None,3,-1,Yes,2026-01
ORD2966,2026-04-02,Metro Mart,Chair,Furniture,Supplier D,WH-01,Lahore,Islamabad,,Rail,Pakistan Railways,91,80658,,2026-04-04,2026-04-05,On Time,None,2,-1,Yes,2026-04
ORD2967,2026-10-07,Metro Mart,Bookshelf,Furniture,Supplier C,WH-02,Gujranwala,Lahore,,Courier,Leopards,21,37756,,2026-10-09,2026-10-10,On Time,None,2,-1,Yes,2026-10
ORD2968,2026-03-25,ABC Store,Chair,Furniture,Supplier A,WH-04,Rawalpindi,Lahore,,Rail,M&P,22,21134,,2026-04-01,2026-04-01,On Time,None,7,0,Yes,2026-03
ORD2969,2026-09-10,Ali Traders,Mobile,Electronics,Supplier D,WH-04,Lahore,Faisalabad,,Truck,TCS,56,88561,,2026-09-15,2026-09-15,On Time,None,5,0,Yes,2026-09
ORD2970,2026-03-11,New City Store,Tablet,Electronics,Supplier C,WH-01,Faisalabad,Lahore,,Van,Pakistan Railways,51,60265,,2026-03-15,2026-03-15,On Time,None,4,0,Yes,2026-03
ORD2971,2026-08-15,Metro Mart,Tablet,Electronics,Supplier B,WH-01,Peshawar,Islamabad,,Rail,TCS,62,58417,,2026-08-18,2026-08-19,On Time,None,3,-1,Yes,2026-08
ORD2972,2026-05-25,Ali Traders,Sugar,Grocery,Supplier A,WH-03,Karachi,Lahore,,Truck,M&P,4,6664,,2026-05-28,2026-05-29,On Time,None,3,-1,Yes,2026-05
ORD2973,2026-09-28,City Electronics,Sugar,Grocery,Supplier E,WH-03,Multan,Karachi,,Courier,Leopards,8,13306,,2026-10-03,2026-10-03,On Time,None,5,0,Yes,2026-09
ORD2974,2026-08-20,New City Store,Shirt,Clothing,Supplier A,WH-02,Lahore,Islamabad,,Courier,Leopards,35,65405,,2026-08-24,2026-08-24,On Time,None,4,0,Yes,2026-08
ORD2975,2026-09-19,Metro Mart,Flour,Grocery,Supplier A,WH-01,Rawalpindi,Lahore,,Van,Leopards,22,24923,,2026-09-26,2026-09-26,On Time,None,7,0,Yes,2026-09
ORD2976,2026-05-05,XYZ Ltd,Cabinet,Furniture,Supplier A,WH-01,Gujranwala,Lahore,,Van,DHL,2,2157,,2026-05-09,2026-05-07,Delayed,Traffic,4,2,No,2026-05
ORD2977,2026-04-09,City Electronics,Mouse,Electronics,Supplier B,WH-04,Lahore,Faisalabad,,Truck,TCS,80,121886,,2026-04-10,2026-04-11,On Time,None,1,-1,Yes,2026-04
ORD2978,2026-06-05,Ali Traders,Jacket,Clothing,Supplier A,WH-01,Karachi,Faisalabad,,Courier,M&P,61,113369,,2026-06-07,2026-06-07,On Time,None,2,0,Yes,2026-06
ORD2979,2026-01-26,Super Store,Tea,Grocery,Supplier C,WH-04,Peshawar,Islamabad,,Courier,Pakistan Railways,72,129922,,2026-01-28,2026-01-29,On Time,None,2,-1,Yes,2026-01
ORD2980,2026-03-25,City Electronics,Router,Electronics,Supplier E,WH-01,Karachi,Islamabad,,Rail,Pakistan Railways,88,76857,,2026-03-27,2026-03-28,On Time,None,2,-1,Yes,2026-03
ORD2981,2026-10-23,Ali Traders,Mobile,Electronics,Supplier C,WH-03,Gujranwala,Lahore,,Courier,Leopards,89,160494,,2026-10-27,2026-10-28,On Time,None,4,-1,Yes,2026-10
ORD2982,2026-10-27,Pak Furniture,Desk,Furniture,Supplier E,WH-04,Gujranwala,Lahore,,Truck,TCS,62,90319,,2026-11-03,2026-11-02,Delayed,Warehouse Issue,7,1,No,2026-10
ORD2983,2026-08-05,City Electronics,Rice,Grocery,Supplier D,WH-04,Lahore,Islamabad,,Van,DHL,86,93284,,2026-08-14,2026-08-11,Delayed,Weather,9,3,No,2026-08
ORD2984,2026-06-06,Global Traders,Sofa,Furniture,Supplier D,WH-02,Faisalabad,Lahore,,Van,DHL,8,10856,,2026-06-09,2026-06-10,On Time,None,3,-1,Yes,2026-06
ORD2985,2026-09-30,City Electronics,Trousers,Clothing,Supplier C,WH-04,Lahore,Multan,,Courier,DHL,80,145978,,2026-10-03,2026-10-03,On Time,None,3,0,Yes,2026-09
ORD2986,2026-12-25,Global Traders,Tablet,Electronics,Supplier C,WH-01,Peshawar,Islamabad,,Van,Pakistan Railways,65,71784,,2027-01-01,2027-01-01,On Time,None,7,0,Yes,2026-12
ORD2987,2026-07-16,City Electronics,Flour,Grocery,Supplier B,WH-04,Islamabad,Peshawar,,Van,M&P,93,105516,,2026-07-21,2026-07-21,On Time,None,5,0,Yes,2026-07
ORD2988,2026-03-09,Metro Mart,Mouse,Electronics,Supplier D,WH-04,Lahore,Multan,,Van,Leopards,32,34931,,2026-03-12,2026-03-12,On Time,None,3,0,Yes,2026-03
ORD2989,2026-01-02,Super Store,Chair,Furniture,Supplier A,WH-04,Multan,Karachi,,Van,DHL,35,41886,,2026-01-06,2026-01-04,Delayed,Traffic,4,2,No,2026-01
ORD2990,2026-07-11,Super Store,Desk,Furniture,Supplier C,WH-02,Multan,Karachi,,Van,Leopards,22,27751,,2026-07-16,2026-07-17,On Time,None,5,-1,Yes,2026-07
ORD2991,2026-04-22,Metro Mart,Cooking Oil,Grocery,Supplier A,WH-03,Karachi,Islamabad,,Rail,M&P,47,45847,,2026-05-02,2026-04-29,Delayed,Weather,10,3,No,2026-04
ORD2992,2026-05-19,City Electronics,Chair,Furniture,Supplier A,WH-01,Rawalpindi,Lahore,,Rail,M&P,74,65770,,2026-05-23,2026-05-23,On Time,None,4,0,Yes,2026-05
ORD2993,2026-09-02,City Electronics,Office Chair,Furniture,Supplier A,WH-03,Lahore,Multan,,Rail,Leopards,31,29042,,2026-09-03,2026-09-04,On Time,None,1,-1,Yes,2026-09
ORD2994,2026-03-24,New City Store,Mobile,Electronics,Supplier D,WH-03,Rawalpindi,Lahore,,Van,M&P,85,93673,,2026-04-02,2026-03-28,Delayed,Supplier Delay,9,5,No,2026-03
ORD2995,2026-08-15,XYZ Ltd,Cooking Oil,Grocery,Supplier B,WH-03,Islamabad,Peshawar,,Courier,M&P,98,178685,,2026-08-21,2026-08-21,On Time,None,6,0,Yes,2026-08
ORD2996,2026-05-03,Ali Traders,Router,Electronics,Supplier C,WH-01,Karachi,Islamabad,,Rail,TCS,68,60004,,2026-05-06,2026-05-07,On Time,None,3,-1,Yes,2026-05
ORD2997,2026-12-18,Metro Mart,Keyboard,Electronics,Supplier D,WH-02,Karachi,Islamabad,,Rail,DHL,10,6210,,2026-12-24,2026-12-25,On Time,None,6,-1,Yes,2026-12
ORD2998,2026-05-09,Super Store,Sugar,Grocery,Supplier D,WH-04,Lahore,Multan,,Rail,DHL,96,83788,,2026-05-19,2026-05-16,Delayed,Warehouse Issue,10,3,No,2026-05
ORD2999,2026-01-07,Super Store,Uniform,Clothing,Supplier E,WH-04,Karachi,Lahore,,Truck,Leopards,77,117633,,2026-01-12,2026-01-12,On Time,None,5,0,Yes,2026-01
ORD3000,2026-06-08,New City Store,Tablet,Electronics,Supplier A,WH-04,Peshawar,Islamabad,,Truck,Leopards,44,63073,,2026-06-16,2026-06-13,Delayed,Warehouse Issue,8,3,No,2026-06
ORD3001,2026-02-12,Pak Furniture,Mobile,Electronics,Supplier A,WH-02,Faisalabad,Lahore,,Truck,DHL,94,139564,,2026-02-13,2026-02-14,On Time,None,1,-1,Yes,2026-02
ORD3002,2026-05-11,Ali Traders,Sofa,Furniture,Supplier B,WH-04,Lahore,Faisalabad,,Van,DHL,15,21081,,2026-05-18,2026-05-14,Delayed,Traffic,7,4,No,2026-05
ORD3003,2026-05-16,New City Store,Sugar,Grocery,Supplier C,WH-01,Rawalpindi,Lahore,,Courier,Leopards,80,145952,,2026-05-23,2026-05-23,On Time,None,7,0,Yes,2026-05
ORD3004,2026-09-16,City Electronics,Chair,Furniture,Supplier A,WH-01,Karachi,Islamabad,,Truck,M&P,35,50617,,2026-09-20,2026-09-20,On Time,None,4,0,Yes,2026-09
ORD3005,2026-04-25,Global Traders,Table,Furniture,Supplier E,WH-04,Karachi,Lahore,,Rail,Pakistan Railways,48,41589,,2026-05-01,2026-05-01,On Time,None,6,0,Yes,2026-04
ORD3006,2026-11-03,New City Store,Cooking Oil,Grocery,Supplier C,WH-04,Gujranwala,Lahore,,Courier,DHL,97,178953,,2026-11-07,2026-11-08,On Time,None,4,-1,Yes,2026-11
ORD3007,2026-10-31,Metro Mart,Keyboard,Electronics,Supplier C,WH-04,Rawalpindi,Lahore,,Courier,Pakistan Railways,83,150779,,2026-11-03,2026-11-03,On Time,None,3,0,Yes,2026-10
ORD3008,2026-01-09,Global Traders,Milk Powder,Grocery,Supplier A,WH-01,Faisalabad,Lahore,,Van,Pakistan Railways,35,41478,,2026-01-16,2026-01-16,On Time,None,7,0,Yes,2026-01
ORD3009,2026-01-03,City Electronics,Cabinet,Furniture,Supplier A,WH-02,Faisalabad,Lahore,,Courier,TCS,18,33747,,2026-01-07,2026-01-07,On Time,None,4,0,Yes,2026-01
ORD3010,2026-11-13,Super Store,Uniform,Clothing,Supplier A,WH-04,Islamabad,Peshawar,,Rail,M&P,87,79133,,2026-11-22,2026-11-18,Delayed,Vehicle Breakdown,9,4,No,2026-11
ORD3011,2026-02-11,XYZ Ltd,Laptop,Electronics,Supplier A,WH-03,Lahore,Multan,,Courier,DHL,85,151120,,2026-02-16,2026-02-16,On Time,None,5,0,Yes,2026-02
ORD3012,2026-02-23,Star Enterprises,Tablet,Electronics,Supplier C,WH-03,Peshawar,Islamabad,,Rail,TCS,65,58359,,2026-03-01,2026-03-01,On Time,None,6,0,Yes,2026-02
ORD3013,2026-07-27,Pak Furniture,Desk,Furniture,Supplier B,WH-03,Karachi,Faisalabad,,Van,Leopards,99,109612,,2026-08-03,2026-08-03,On Time,None,7,0,Yes,2026-07
ORD3014,2026-01-20,Global Traders,Uniform,Clothing,Supplier C,WH-03,Rawalpindi,Lahore,,Van,Leopards,33,37888,,2026-01-27,2026-01-27,On Time,None,7,0,Yes,2026-01
ORD3015,2026-03-21,Pak Furniture,Tablet,Electronics,Supplier B,WH-03,Gujranwala,Lahore,,Rail,Leopards,59,56597,,2026-03-26,2026-03-27,On Time,None,5,-1,Yes,2026-03
ORD3016,2026-02-12,Global Traders,Sugar,Grocery,Supplier B,WH-04,Peshawar,Islamabad,,Van,Pakistan Railways,36,41208,,2026-02-19,2026-02-19,On Time,None,7,0,Yes,2026-02
ORD3017,2026-06-17,XYZ Ltd,Office Chair,Furniture,Supplier E,WH-04,Rawalpindi,Lahore,,Rail,Pakistan Railways,73,67750,,2026-06-21,2026-06-19,Delayed,Supplier Delay,4,2,No,2026-06
ORD3018,2026-06-23,City Electronics,Router,Electronics,Supplier A,WH-01,Lahore,Faisalabad,,Rail,TCS,44,41272,,2026-07-02,2026-06-30,Delayed,Vehicle Breakdown,9,2,No,2026-06
ORD3019,2026-03-15,Super Store,Cooking Oil,Grocery,Supplier C,WH-02,Gujranwala,Lahore,,Rail,TCS,91,80552,,2026-03-22,2026-03-22,On Time,None,7,0,Yes,2026-03
ORD3020,2026-07-12,Metro Mart,Sugar,Grocery,Supplier E,WH-03,Multan,Karachi,,Truck,M&P,17,28422,,2026-07-16,2026-07-17,On Time,None,4,-1,Yes,2026-07
ORD3021,2026-05-19,Ali Traders,Sugar,Grocery,Supplier A,WH-04,Islamabad,Peshawar,,Van,M&P,53,55924,,2026-05-21,2026-05-21,On Time,None,2,0,Yes,2026-05
ORD3022,2026-09-27,Global Traders,Sofa,Furniture,Supplier B,WH-02,Karachi,Faisalabad,,Courier,M&P,78,144716,,2026-09-29,2026-09-30,On Time,None,2,-1,Yes,2026-09
ORD3023,2026-05-27,ABC Store,Router,Electronics,Supplier A,WH-04,Lahore,Islamabad,,Van,DHL,95,108081,,2026-06-03,2026-06-03,On Time,None,7,0,Yes,2026-05
ORD3024,2026-05-30,City Electronics,Printer,Electronics,Supplier B,WH-04,Karachi,Faisalabad,,Courier,TCS,86,153280,,2026-06-11,2026-06-06,Delayed,Weather,12,5,No,2026-05
ORD3025,2026-02-14,Metro Mart,T-Shirt,Clothing,Supplier E,WH-01,Gujranwala,Lahore,,Van,TCS,5,7254,,2026-02-17,2026-02-17,On Time,None,3,0,Yes,2026-02
ORD3026,2026-07-31,Global Traders,Shoes,Clothing,Supplier D,WH-02,Multan,Karachi,,Rail,Leopards,49,43648,,2026-08-04,2026-08-04,On Time,None,4,0,Yes,2026-07
ORD3027,2026-11-13,Ali Traders,Desk,Furniture,Supplier E,WH-01,Peshawar,Islamabad,,Rail,M&P,26,23334,,2026-11-19,2026-11-20,On Time,None,6,-1,Yes,2026-11
ORD3028,2026-01-26,XYZ Ltd,T-Shirt,Clothing,Supplier B,WH-03,Faisalabad,Lahore,,Van,DHL,7,9102,,2026-01-31,2026-02-01,On Time,None,5,-1,Yes,2026-01
ORD3029,2026-04-09,Metro Mart,Bookshelf,Furniture,Supplier A,WH-02,Faisalabad,Lahore,,Truck,M&P,84,127260,,2026-04-12,2026-04-13,On Time,None,3,-1,Yes,2026-04
ORD3030,2026-08-26,Ali Traders,Sofa,Furniture,Supplier C,WH-01,Multan,Karachi,,Van,Leopards,2,2358,,2026-08-30,2026-08-31,On Time,None,4,-1,Yes,2026-08
ORD3031,2026-06-13,ABC Store,Flour,Grocery,Supplier E,WH-04,Multan,Karachi,,Van,TCS,54,64257,,2026-06-16,2026-06-17,On Time,None,3,-1,Yes,2026-06
ORD3032,2026-05-11,XYZ Ltd,Uniform,Clothing,Supplier E,WH-04,Islamabad,Peshawar,,Truck,DHL,75,111809,,2026-05-13,2026-05-13,On Time,None,2,0,Yes,2026-05
ORD3033,2026-09-02,XYZ Ltd,Sugar,Grocery,Supplier A,WH-02,Islamabad,Peshawar,,Rail,Pakistan Railways,80,70689,,2026-09-06,2026-09-07,On Time,None,4,-1,Yes,2026-09
ORD3034,2026-03-24,Pak Furniture,Cabinet,Furniture,Supplier C,WH-01,Peshawar,Islamabad,,Rail,Pakistan Railways,46,46196,,2026-03-26,2026-03-26,On Time,None,2,0,Yes,2026-03
ORD3035,2026-11-16,New City Store,Printer,Electronics,Supplier C,WH-04,Karachi,Faisalabad,,Rail,M&P,56,49459,,2026-11-25,2026-11-20,Delayed,Traffic,9,5,No,2026-11
ORD3036,2026-01-16,City Electronics,Keyboard,Electronics,Supplier B,WH-03,Lahore,Multan,,Courier,Leopards,69,124193,,2026-01-19,2026-01-20,On Time,None,3,-1,Yes,2026-01
ORD3037,2026-02-05,Star Enterprises,Shoes,Clothing,Supplier E,WH-03,Lahore,Islamabad,,Truck,M&P,49,74198,,2026-02-06,2026-02-07,On Time,None,1,-1,Yes,2026-02
ORD3038,2026-08-05,Global Traders,Office Chair,Furniture,Supplier C,WH-01,Gujranwala,Lahore,,Van,Pakistan Railways,90,96228,,2026-08-07,2026-08-07,On Time,None,2,0,Yes,2026-08
ORD3039,2026-12-08,ABC Store,Shoes,Clothing,Supplier A,WH-04,Islamabad,Peshawar,,Rail,Leopards,6,7912,,2026-12-12,2026-12-11,Delayed,Weather,4,1,No,2026-12
ORD3040,2026-12-06,City Electronics,Router,Electronics,Supplier E,WH-02,Karachi,Faisalabad,,Truck,Leopards,35,52367,,2026-12-10,2026-12-11,On Time,None,4,-1,Yes,2026-12
ORD3041,2026-09-07,Pak Furniture,Milk Powder,Grocery,Supplier B,WH-02,Lahore,Multan,,Courier,Leopards,88,162765,,2026-09-12,2026-09-13,On Time,None,5,-1,Yes,2026-09
ORD3042,2026-07-01,Ali Traders,Shoes,Clothing,Supplier E,WH-01,Faisalabad,Lahore,,Rail,Leopards,15,16173,,2026-07-05,2026-07-05,On Time,None,4,0,Yes,2026-07
ORD3043,2026-12-13,Super Store,Mouse,Electronics,Supplier D,WH-03,Lahore,Islamabad,,Van,Leopards,96,104557,,2026-12-17,2026-12-18,On Time,None,4,-1,Yes,2026-12
ORD3044,2026-06-24,New City Store,Flour,Grocery,Supplier A,WH-04,Karachi,Lahore,,Truck,DHL,27,42308,,2026-06-27,2026-06-28,On Time,None,3,-1,Yes,2026-06
ORD3045,2026-04-06,XYZ Ltd,Flour,Grocery,Supplier A,WH-02,Faisalabad,Lahore,,Courier,Pakistan Railways,52,91151,,2026-04-14,2026-04-12,Delayed,Warehouse Issue,8,2,No,2026-04
ORD3046,2026-10-18,Global Traders,Tea,Grocery,Supplier D,WH-04,Lahore,Faisalabad,,Rail,Pakistan Railways,62,57478,,2026-10-24,2026-10-24,On Time,None,6,0,Yes,2026-10
ORD3047,2026-04-12,ABC Store,Trousers,Clothing,Supplier A,WH-03,Lahore,Multan,,Courier,TCS,34,64005,,2026-04-14,2026-04-15,On Time,None,2,-1,Yes,2026-04
ORD3048,2026-04-03,Pak Furniture,Mouse,Electronics,Supplier C,WH-02,Islamabad,Peshawar,,Truck,TCS,18,27954,,2026-04-06,2026-04-07,On Time,None,3,-1,Yes,2026-04
ORD3049,2026-02-26,Global Traders,Trousers,Clothing,Supplier A,WH-01,Peshawar,Islamabad,,Courier,DHL,60,110588,,2026-03-10,2026-03-05,Delayed,Vehicle Breakdown,12,5,No,2026-02
ORD3050,2026-12-08,Pak Furniture,Office Chair,Furniture,Supplier D,WH-01,Multan,Karachi,,Van,DHL,25,24598,,2026-12-17,2026-12-13,Delayed,Warehouse Issue,9,4,No,2026-12
ORD3051,2026-04-16,Pak Furniture,Shoes,Clothing,Supplier C,WH-04,Peshawar,Islamabad,,Rail,DHL,99,91080,,2026-04-21,2026-04-22,On Time,None,5,-1,Yes,2026-04
ORD3052,2026-01-01,City Electronics,Laptop,Electronics,Supplier B,WH-02,Rawalpindi,Lahore,,Van,TCS,28,33963,,2026-01-03,2026-01-04,On Time,None,2,-1,Yes,2026-01
ORD3053,2026-12-30,Global Traders,Milk Powder,Grocery,Supplier D,WH-02,Gujranwala,Lahore,,Rail,DHL,88,82136,,2027-01-02,2027-01-02,On Time,None,3,0,Yes,2026-12
ORD3054,2026-02-11,ABC Store,Chair,Furniture,Supplier B,WH-01,Karachi,Faisalabad,,Courier,Pakistan Railways,43,78541,,2026-02-17,2026-02-18,On Time,None,6,-1,Yes,2026-02
ORD3055,2026-12-05,ABC Store,Sugar,Grocery,Supplier A,WH-01,Karachi,Lahore,,Van,Pakistan Railways,98,105443,,2026-12-09,2026-12-10,On Time,None,4,-1,Yes,2026-12
ORD3056,2026-04-18,Super Store,Shoes,Clothing,Supplier D,WH-02,Multan,Karachi,,Rail,Leopards,23,21854,,2026-04-19,2026-04-20,On Time,None,1,-1,Yes,2026-04
ORD3057,2026-08-01,Pak Furniture,Flour,Grocery,Supplier A,WH-02,Islamabad,Peshawar,,Courier,Pakistan Railways,7,15474,,2026-08-04,2026-08-04,On Time,None,3,0,Yes,2026-08
ORD3058,2026-01-16,Metro Mart,Jacket,Clothing,Supplier B,WH-03,Karachi,Faisalabad,,Van,TCS,85,92145,,2026-01-19,2026-01-19,On Time,None,3,0,Yes,2026-01
ORD3059,2026-03-06,Global Traders,Cooking Oil,Grocery,Supplier D,WH-01,Peshawar,Islamabad,,Rail,TCS,94,83644,,2026-03-08,2026-03-08,On Time,None,2,0,Yes,2026-03
ORD3060,2026-10-12,Ali Traders,Shirt,Clothing,Supplier B,WH-04,Faisalabad,Lahore,,Van,M&P,80,87392,,2026-10-18,2026-10-18,On Time,None,6,0,Yes,2026-10
ORD3061,2026-03-23,New City Store,Cabinet,Furniture,Supplier E,WH-02,Lahore,Islamabad,,Truck,M&P,16,23265,,2026-03-29,2026-03-29,On Time,None,6,0,Yes,2026-03
ORD3062,2026-07-31,City Electronics,Monitor,Electronics,Supplier D,WH-01,Multan,Karachi,,Rail,Leopards,53,51574,,2026-08-06,2026-08-04,Delayed,Weather,6,2,No,2026-07
ORD3063,2026-12-27,Super Store,Keyboard,Electronics,Supplier C,WH-01,Lahore,Multan,,Rail,Pakistan Railways,34,32354,,2027-01-03,2026-12-31,Delayed,Vehicle Breakdown,7,3,No,2026-12
ORD3064,2026-08-23,Global Traders,Shoes,Clothing,Supplier A,WH-02,Lahore,Faisalabad,,Courier,M&P,81,145584,,2026-08-24,2026-08-25,On Time,None,1,-1,Yes,2026-08
ORD3065,2026-12-29,New City Store,Keyboard,Electronics,Supplier E,WH-03,Gujranwala,Lahore,,Courier,Leopards,66,117336,,2027-01-01,2027-01-01,On Time,None,3,0,Yes,2026-12
ORD3066,2026-10-30,Metro Mart,Shirt,Clothing,Supplier A,WH-03,Karachi,Lahore,,Van,Leopards,4,4800,,2026-11-07,2026-11-04,Delayed,Weather,8,3,No,2026-10
ORD3067,2026-07-29,Ali Traders,T-Shirt,Clothing,Supplier A,WH-04,Lahore,Multan,,Truck,DHL,4,10392,,2026-07-31,2026-08-01,On Time,None,2,-1,Yes,2026-07
ORD3068,2026-10-09,Star Enterprises,Mobile,Electronics,Supplier B,WH-01,Peshawar,Islamabad,,Courier,Leopards,62,112111,,2026-10-11,2026-10-12,On Time,None,2,-1,Yes,2026-10
ORD3069,2026-04-13,Global Traders,Desk,Furniture,Supplier C,WH-02,Multan,Karachi,,Rail,Leopards,62,52807,,2026-04-17,2026-04-18,On Time,None,4,-1,Yes,2026-04
ORD3070,2026-06-27,Super Store,Cooking Oil,Grocery,Supplier C,WH-02,Peshawar,Islamabad,,Courier,Leopards,62,108878,,2026-07-01,2026-07-01,On Time,None,4,0,Yes,2026-06
ORD3071,2026-04-14,New City Store,Chair,Furniture,Supplier D,WH-03,Gujranwala,Lahore,,Truck,Pakistan Railways,96,143799,,2026-04-18,2026-04-18,On Time,None,4,0,Yes,2026-04
ORD3072,2026-05-04,Ali Traders,Tea,Grocery,Supplier E,WH-04,Lahore,Faisalabad,,Truck,TCS,21,31207,,2026-05-06,2026-05-07,On Time,None,2,-1,Yes,2026-05
ORD3073,2026-10-29,XYZ Ltd,Shoes,Clothing,Supplier B,WH-03,Karachi,Islamabad,,Courier,Pakistan Railways,7,15223,,2026-10-30,2026-10-31,On Time,None,1,-1,Yes,2026-10
ORD3074,2026-06-06,Ali Traders,Printer,Electronics,Supplier D,WH-01,Faisalabad,Lahore,,Courier,TCS,6,8009,,2026-06-07,2026-06-08,On Time,None,1,-1,Yes,2026-06
ORD3075,2026-01-18,Global Traders,Cabinet,Furniture,Supplier E,WH-03,Karachi,Islamabad,,Courier,Leopards,98,179208,,2026-01-21,2026-01-21,On Time,None,3,0,Yes,2026-01
ORD3076,2026-05-25,Metro Mart,T-Shirt,Clothing,Supplier B,WH-01,Lahore,Faisalabad,,Rail,TCS,27,22179,,2026-05-31,2026-05-31,On Time,None,6,0,Yes,2026-05
ORD3077,2026-09-12,ABC Store,Table,Furniture,Supplier A,WH-02,Lahore,Islamabad,,Rail,M&P,17,19939,,2026-09-19,2026-09-19,On Time,None,7,0,Yes,2026-09
ORD3078,2026-12-02,XYZ Ltd,Milk Powder,Grocery,Supplier A,WH-01,Karachi,Lahore,,Truck,DHL,97,145394,,2026-12-07,2026-12-08,On Time,None,5,-1,Yes,2026-12
ORD3079,2026-10-23,City Electronics,Bookshelf,Furniture,Supplier E,WH-03,Karachi,Lahore,,Van,M&P,73,80973,,2026-10-28,2026-10-29,On Time,None,5,-1,Yes,2026-10
ORD3080,2026-12-16,Metro Mart,Table,Furniture,Supplier E,WH-04,Karachi,Faisalabad,,Courier,Leopards,50,93984,,2026-12-25,2026-12-21,Delayed,Weather,9,4,No,2026-12
ORD3081,2026-09-26,New City Store,Rice,Grocery,Supplier B,WH-03,Lahore,Islamabad,,Van,Pakistan Railways,79,90601,,2026-10-01,2026-10-01,On Time,None,5,0,Yes,2026-09
ORD3082,2026-05-27,City Electronics,Chair,Furniture,Supplier E,WH-01,Lahore,Faisalabad,,Van,Leopards,31,32419,,2026-06-02,2026-06-03,On Time,None,6,-1,Yes,2026-05
ORD3083,2026-11-21,New City Store,Uniform,Clothing,Supplier A,WH-02,Multan,Karachi,,Courier,DHL,66,117166,,2026-11-23,2026-11-23,On Time,None,2,0,Yes,2026-11
ORD3084,2026-06-08,Star Enterprises,Keyboard,Electronics,Supplier A,WH-02,Islamabad,Peshawar,,Truck,TCS,61,92672,,2026-06-17,2026-06-13,Delayed,Warehouse Issue,9,4,No,2026-06
ORD3085,2026-07-27,Global Traders,Shirt,Clothing,Supplier E,WH-02,Gujranwala,Lahore,,Van,TCS,30,30483,,2026-07-30,2026-07-30,On Time,None,3,0,Yes,2026-07
ORD3086,2026-06-13,Global Traders,Rice,Grocery,Supplier C,WH-02,Islamabad,Peshawar,,Truck,DHL,54,78106,,2026-06-18,2026-06-18,On Time,None,5,0,Yes,2026-06
ORD3087,2026-02-26,New City Store,Desk,Furniture,Supplier E,WH-04,Karachi,Faisalabad,,Van,Leopards,42,45998,,2026-03-07,2026-03-03,Delayed,Vehicle Breakdown,9,4,No,2026-02
ORD3088,2026-10-23,Super Store,Jacket,Clothing,Supplier C,WH-01,Gujranwala,Lahore,,Rail,M&P,30,27707,,2026-10-27,2026-10-27,On Time,None,4,0,Yes,2026-10
ORD3089,2026-08-16,City Electronics,Milk Powder,Grocery,Supplier E,WH-02,Faisalabad,Lahore,,Van,Leopards,84,96311,,2026-08-21,2026-08-22,On Time,None,5,-1,Yes,2026-08
ORD3090,2026-12-29,ABC Store,Rice,Grocery,Supplier A,WH-01,Faisalabad,Lahore,,Courier,Leopards,32,61049,,2027-01-01,2027-01-01,On Time,None,3,0,Yes,2026-12
ORD3091,2026-02-08,Pak Furniture,Shoes,Clothing,Supplier C,WH-04,Rawalpindi,Lahore,,Truck,M&P,8,14415,,2026-02-12,2026-02-13,On Time,None,4,-1,Yes,2026-02
ORD3092,2026-11-08,Star Enterprises,Cabinet,Furniture,Supplier B,WH-01,Peshawar,Islamabad,,Van,M&P,56,61251,,2026-11-19,2026-11-15,Delayed,Vehicle Breakdown,11,4,No,2026-11
ORD3093,2026-09-18,Super Store,Monitor,Electronics,Supplier C,WH-03,Multan,Karachi,,Van,DHL,27,33068,,2026-09-23,2026-09-24,On Time,None,5,-1,Yes,2026-09
ORD3094,2026-06-03,New City Store,Sugar,Grocery,Supplier C,WH-03,Rawalpindi,Lahore,,Truck,M&P,10,14595,,2026-06-06,2026-06-07,On Time,None,3,-1,Yes,2026-06
ORD3095,2026-07-26,Metro Mart,Monitor,Electronics,Supplier B,WH-03,Karachi,Faisalabad,,Van,Leopards,12,13292,,2026-07-28,2026-07-28,On Time,None,2,0,Yes,2026-07
ORD3096,2026-03-24,Star Enterprises,T-Shirt,Clothing,Supplier D,WH-03,Rawalpindi,Lahore,,Courier,DHL,28,52582,,2026-04-03,2026-03-29,Delayed,Vehicle Breakdown,10,5,No,2026-03
ORD3097,2026-11-30,City Electronics,T-Shirt,Clothing,Supplier D,WH-02,Multan,Karachi,,Truck,Pakistan Railways,25,42020,,2026-12-01,2026-12-02,On Time,None,1,-1,Yes,2026-11
ORD3098,2026-04-02,New City Store,Rice,Grocery,Supplier B,WH-02,Lahore,Multan,,Truck,Leopards,24,35855,,2026-04-05,2026-04-05,On Time,None,3,0,Yes,2026-04
ORD3099,2026-02-18,Star Enterprises,Flour,Grocery,Supplier C,WH-03,Karachi,Islamabad,,Truck,Pakistan Railways,79,116845,,2026-02-21,2026-02-22,On Time,None,3,-1,Yes,2026-02
ORD3100,2026-02-13,City Electronics,Laptop,Electronics,Supplier B,WH-03,Multan,Karachi,,Van,TCS,26,33010,,2026-02-16,2026-02-16,On Time,None,3,0,Yes,2026-02
ORD3101,2026-09-01,Metro Mart,Milk Powder,Grocery,Supplier C,WH-01,Karachi,Islamabad,,Courier,Pakistan Railways,97,176078,,2026-09-05,2026-09-06,On Time,None,4,-1,Yes,2026-09
ORD3102,2026-08-07,Star Enterprises,Uniform,Clothing,Supplier B,WH-01,Islamabad,Peshawar,,Van,M&P,8,10096,,2026-08-17,2026-08-12,Delayed,Warehouse Issue,10,5,No,2026-08
ORD3103,2026-10-02,Pak Furniture,Jacket,Clothing,Supplier B,WH-03,Rawalpindi,Lahore,,Courier,TCS,88,160971,,2026-10-07,2026-10-08,On Time,None,5,-1,Yes,2026-10
ORD3104,2026-04-18,Ali Traders,Office Chair,Furniture,Supplier C,WH-04,Lahore,Multan,,Rail,Leopards,60,58642,,2026-04-24,2026-04-25,On Time,None,6,-1,Yes,2026-04
ORD3105,2026-02-09,Super Store,Table,Furniture,Supplier A,WH-03,Multan,Karachi,,Truck,TCS,61,89791,,2026-02-15,2026-02-16,On Time,None,6,-1,Yes,2026-02
ORD3106,2026-09-21,Ali Traders,Table,Furniture,Supplier D,WH-03,Peshawar,Islamabad,,Truck,Pakistan Railways,37,58913,,2026-09-27,2026-09-28,On Time,None,6,-1,Yes,2026-09
ORD3107,2026-11-20,ABC Store,Trousers,Clothing,Supplier C,WH-02,Karachi,Faisalabad,,Truck,DHL,13,17000,,2026-11-26,2026-11-27,On Time,None,6,-1,Yes,2026-11
ORD3108,2026-07-18,Super Store,Office Chair,Furniture,Supplier D,WH-04,Lahore,Multan,,Van,Pakistan Railways,36,39572,,2026-07-22,2026-07-22,On Time,None,4,0,Yes,2026-07
ORD3109,2026-01-02,Star Enterprises,Cooking Oil,Grocery,Supplier E,WH-04,Lahore,Multan,,Van,Pakistan Railways,46,48222,,2026-01-04,2026-01-04,On Time,None,2,0,Yes,2026-01
ORD3110,2026-09-27,Super Store,Laptop,Electronics,Supplier D,WH-04,Gujranwala,Lahore,,Truck,TCS,24,40096,,2026-10-02,2026-10-02,On Time,None,5,0,Yes,2026-09
ORD3111,2026-08-03,New City Store,Mobile,Electronics,Supplier D,WH-03,Peshawar,Islamabad,,Rail,DHL,66,63193,,2026-08-10,2026-08-10,On Time,None,7,0,Yes,2026-08
ORD3112,2026-03-10,City Electronics,Rice,Grocery,Supplier A,WH-04,Multan,Karachi,,Courier,Pakistan Railways,70,125358,,2026-03-13,2026-03-14,On Time,None,3,-1,Yes,2026-03
ORD3113,2026-03-17,ABC Store,Jacket,Clothing,Supplier A,WH-02,Karachi,Faisalabad,,Rail,DHL,28,28542,,2026-03-23,2026-03-23,On Time,None,6,0,Yes,2026-03
ORD3114,2026-05-17,City Electronics,Router,Electronics,Supplier A,WH-01,Karachi,Faisalabad,,Truck,Leopards,97,143905,,2026-05-22,2026-05-23,On Time,None,5,-1,Yes,2026-05
ORD3115,2026-03-28,Metro Mart,Keyboard,Electronics,Supplier A,WH-04,Multan,Karachi,,Courier,TCS,33,60830,,2026-03-31,2026-04-01,On Time,None,3,-1,Yes,2026-03
ORD3116,2026-12-03,Metro Mart,Router,Electronics,Supplier A,WH-03,Rawalpindi,Lahore,,Rail,M&P,33,32725,,2026-12-10,2026-12-05,Delayed,Weather,7,5,No,2026-12
ORD3117,2026-05-30,New City Store,Table,Furniture,Supplier A,WH-02,Lahore,Faisalabad,,Truck,M&P,84,124482,,2026-06-01,2026-06-01,On Time,None,2,0,Yes,2026-05
ORD3118,2026-03-13,ABC Store,Shoes,Clothing,Supplier E,WH-01,Karachi,Lahore,,Van,Leopards,78,86323,,2026-03-15,2026-03-16,On Time,None,2,-1,Yes,2026-03
ORD3119,2026-06-17,Ali Traders,Uniform,Clothing,Supplier B,WH-02,Karachi,Islamabad,,Truck,DHL,77,114919,,2026-06-22,2026-06-20,Delayed,Vehicle Breakdown,5,2,No,2026-06
ORD3120,2026-01-24,XYZ Ltd,Jacket,Clothing,Supplier E,WH-04,Lahore,Multan,,Van,Pakistan Railways,30,34143,,2026-01-27,2026-01-28,On Time,None,3,-1,Yes,2026-01
ORD3121,2026-09-04,Super Store,Flour,Grocery,Supplier B,WH-03,Lahore,Multan,,Rail,Pakistan Railways,3,1500,,2026-09-07,2026-09-07,On Time,None,3,0,Yes,2026-09
ORD3122,2026-11-24,City Electronics,Printer,Electronics,Supplier E,WH-04,Karachi,Faisalabad,,Van,DHL,76,85915,,2026-11-25,2026-11-26,On Time,None,1,-1,Yes,2026-11
ORD3123,2026-06-20,Ali Traders,Milk Powder,Grocery,Supplier E,WH-04,Karachi,Faisalabad,,Truck,M&P,75,109727,,2026-06-26,2026-06-24,Delayed,Weather,6,2,No,2026-06
ORD3124,2026-08-27,Global Traders,Chair,Furniture,Supplier A,WH-01,Rawalpindi,Lahore,,Rail,M&P,33,30554,,2026-09-01,2026-09-02,On Time,None,5,-1,Yes,2026-08
ORD3125,2026-12-21,ABC Store,Shirt,Clothing,Supplier D,WH-03,Gujranwala,Lahore,,Truck,TCS,26,41816,,2026-12-25,2026-12-25,On Time,None,4,0,Yes,2026-12
ORD3126,2026-09-29,Super Store,Milk Powder,Grocery,Supplier D,WH-02,Rawalpindi,Lahore,,Rail,M&P,77,69399,,2026-10-03,2026-10-04,On Time,None,4,-1,Yes,2026-09
ORD3127,2026-08-15,XYZ Ltd,Sofa,Furniture,Supplier D,WH-01,Karachi,Islamabad,,Courier,M&P,14,23412,,2026-08-16,2026-08-17,On Time,None,1,-1,Yes,2026-08
ORD3128,2026-04-09,Super Store,Cabinet,Furniture,Supplier B,WH-03,Lahore,Multan,,Rail,TCS,40,34769,,2026-04-15,2026-04-15,On Time,None,6,0,Yes,2026-04
ORD3129,2026-03-01,Super Store,Tablet,Electronics,Supplier D,WH-03,Rawalpindi,Lahore,,Courier,M&P,17,33251,,2026-03-06,2026-03-06,On Time,None,5,0,Yes,2026-03
ORD3130,2026-10-14,Ali Traders,Bookshelf,Furniture,Supplier A,WH-04,Islamabad,Peshawar,,Courier,Leopards,67,118169,,2026-10-19,2026-10-19,On Time,None,5,0,Yes,2026-10
ORD3131,2026-11-28,Star Enterprises,Monitor,Electronics,Supplier C,WH-02,Rawalpindi,Lahore,,Courier,M&P,21,39795,,2026-12-03,2026-12-04,On Time,None,5,-1,Yes,2026-11
ORD3132,2026-01-06,Metro Mart,Sugar,Grocery,Supplier E,WH-03,Lahore,Multan,,Courier,TCS,67,122953,,2026-01-11,2026-01-12,On Time,None,5,-1,Yes,2026-01
ORD3133,2026-04-03,New City Store,Trousers,Clothing,Supplier C,WH-01,Karachi,Lahore,,Truck,M&P,80,123632,,2026-04-09,2026-04-09,On Time,None,6,0,Yes,2026-04
ORD3134,2026-08-22,Pak Furniture,Milk Powder,Grocery,Supplier D,WH-02,Karachi,Faisalabad,,Courier,Leopards,5,8256,,2026-08-27,2026-08-28,On Time,None,5,-1,Yes,2026-08
ORD3135,2026-10-22,Super Store,T-Shirt,Clothing,Supplier A,WH-03,Faisalabad,Lahore,,Courier,M&P,74,134126,,2026-10-27,2026-10-27,On Time,None,5,0,Yes,2026-10
ORD3136,2026-02-18,Ali Traders,Office Chair,Furniture,Supplier C,WH-01,Faisalabad,Lahore,,Courier,DHL,52,95035,,2026-02-24,2026-02-25,On Time,None,6,-1,Yes,2026-02
ORD3137,2026-09-23,Ali Traders,Rice,Grocery,Supplier D,WH-03,Multan,Karachi,,Rail,DHL,5,5381,,2026-09-29,2026-09-30,On Time,None,6,-1,Yes,2026-09
ORD3138,2026-12-17,Star Enterprises,Uniform,Clothing,Supplier D,WH-01,Karachi,Faisalabad,,Courier,Pakistan Railways,76,134626,,2026-12-22,2026-12-22,On Time,None,5,0,Yes,2026-12
ORD3139,2026-04-03,Metro Mart,Trousers,Clothing,Supplier C,WH-01,Karachi,Lahore,,Truck,M&P,69,107537,,2026-04-07,2026-04-07,On Time,None,4,0,Yes,2026-04
ORD3140,2026-08-19,ABC Store,Sofa,Furniture,Supplier C,WH-04,Gujranwala,Lahore,,Van,Pakistan Railways,9,11432,,2026-08-21,2026-08-22,On Time,None,2,-1,Yes,2026-08
ORD3141,2026-03-27,Global Traders,Milk Powder,Grocery,Supplier B,WH-03,Peshawar,Islamabad,,Truck,Pakistan Railways,52,75211,,2026-04-02,2026-04-03,On Time,None,6,-1,Yes,2026-03
ORD3142,2026-12-23,Pak Furniture,Flour,Grocery,Supplier B,WH-04,Gujranwala,Lahore,,Van,TCS,91,103611,,2026-12-27,2026-12-27,On Time,None,4,0,Yes,2026-12
ORD3143,2026-04-15,ABC Store,Flour,Grocery,Supplier E,WH-04,Rawalpindi,Lahore,,Truck,Leopards,16,24565,,2026-04-21,2026-04-21,On Time,None,6,0,Yes,2026-04
ORD3144,2026-10-08,ABC Store,Milk Powder,Grocery,Supplier C,WH-01,Lahore,Islamabad,,Truck,M&P,5,10925,,2026-10-12,2026-10-13,On Time,None,4,-1,Yes,2026-10
ORD3145,2026-03-18,Metro Mart,Laptop,Electronics,Supplier D,WH-03,Lahore,Islamabad,,Courier,Pakistan Railways,63,111701,,2026-03-23,2026-03-24,On Time,None,5,-1,Yes,2026-03
ORD3146,2026-04-01,Star Enterprises,Milk Powder,Grocery,Supplier C,WH-02,Rawalpindi,Lahore,,Van,M&P,34,39222,,2026-04-07,2026-04-08,On Time,None,6,-1,Yes,2026-04
ORD3147,2026-07-11,ABC Store,Uniform,Clothing,Supplier B,WH-04,Multan,Karachi,,Rail,M&P,58,55202,,2026-07-15,2026-07-15,On Time,None,4,0,Yes,2026-07
ORD3148,2026-10-14,Metro Mart,Shirt,Clothing,Supplier A,WH-03,Islamabad,Peshawar,,Van,M&P,83,94148,,2026-10-24,2026-10-20,Delayed,Warehouse Issue,10,4,No,2026-10
ORD3149,2026-08-24,ABC Store,Sugar,Grocery,Supplier D,WH-01,Karachi,Faisalabad,,Truck,Leopards,38,61605,,2026-08-27,2026-08-27,On Time,None,3,0,Yes,2026-08
ORD3150,2026-02-01,XYZ Ltd,Cooking Oil,Grocery,Supplier A,WH-01,Karachi,Islamabad,,Truck,DHL,13,19850,,2026-02-08,2026-02-08,On Time,None,7,0,Yes,2026-02
ORD3151,2026-08-27,Pak Furniture,Sofa,Furniture,Supplier A,WH-04,Karachi,Lahore,,Van,Leopards,74,84188,,2026-09-02,2026-09-03,On Time,None,6,-1,Yes,2026-08
ORD3152,2026-08-13,Super Store,Bookshelf,Furniture,Supplier C,WH-01,Multan,Karachi,,Rail,DHL,90,81756,,2026-08-15,2026-08-16,On Time,None,2,-1,Yes,2026-08
ORD3153,2026-12-19,City Electronics,Cabinet,Furniture,Supplier E,WH-01,Rawalpindi,Lahore,,Courier,Leopards,51,89909,,2026-12-22,2026-12-22,On Time,None,3,0,Yes,2026-12
ORD3154,2026-01-18,XYZ Ltd,Flour,Grocery,Supplier B,WH-01,Multan,Karachi,,Van,Pakistan Railways,9,9509,,2026-01-24,2026-01-24,On Time,None,6,0,Yes,2026-01
ORD3155,2026-05-20,Global Traders,Desk,Furniture,Supplier D,WH-01,Karachi,Islamabad,,Courier,Leopards,66,117090,,2026-05-29,2026-05-27,Delayed,Warehouse Issue,9,2,No,2026-05
ORD3156,2026-11-14,Ali Traders,Uniform,Clothing,Supplier A,WH-03,Gujranwala,Lahore,,Rail,TCS,85,80161,,2026-11-16,2026-11-17,On Time,None,2,-1,Yes,2026-11
ORD3157,2026-05-02,City Electronics,Router,Electronics,Supplier B,WH-01,Lahore,Multan,,Van,TCS,92,101738,,2026-05-07,2026-05-07,On Time,None,5,0,Yes,2026-05
ORD3158,2026-06-15,City Electronics,Keyboard,Electronics,Supplier B,WH-02,Karachi,Islamabad,,Van,TCS,89,101965,,2026-06-20,2026-06-20,On Time,None,5,0,Yes,2026-06
ORD3159,2026-04-24,Pak Furniture,Bookshelf,Furniture,Supplier B,WH-04,Karachi,Lahore,,Courier,Pakistan Railways,86,151898,,2026-04-27,2026-04-28,On Time,None,3,-1,Yes,2026-04
ORD3160,2026-05-03,Star Enterprises,Keyboard,Electronics,Supplier D,WH-02,Lahore,Multan,,Truck,DHL,49,76855,,2026-05-08,2026-05-08,On Time,None,5,0,Yes,2026-05
ORD3161,2026-06-01,Pak Furniture,Flour,Grocery,Supplier B,WH-04,Karachi,Lahore,,Rail,TCS,4,4208,,2026-06-03,2026-06-03,On Time,None,2,0,Yes,2026-06
ORD3162,2026-12-07,Pak Furniture,Shirt,Clothing,Supplier C,WH-02,Peshawar,Islamabad,,Rail,TCS,72,65064,,2026-12-13,2026-12-13,On Time,None,6,0,Yes,2026-12
ORD3163,2026-05-29,ABC Store,Office Chair,Furniture,Supplier B,WH-03,Karachi,Faisalabad,,Courier,DHL,41,75398,,2026-06-03,2026-06-03,On Time,None,5,0,Yes,2026-05
ORD3164,2026-05-07,Pak Furniture,Shirt,Clothing,Supplier A,WH-04,Karachi,Faisalabad,,Van,M&P,86,94433,,2026-05-09,2026-05-09,On Time,None,2,0,Yes,2026-05
ORD3165,2026-10-28,Global Traders,Rice,Grocery,Supplier E,WH-02,Rawalpindi,Lahore,,Rail,Pakistan Railways,43,37484,,2026-10-29,2026-10-30,On Time,None,1,-1,Yes,2026-10
ORD3166,2026-08-21,Metro Mart,Flour,Grocery,Supplier C,WH-01,Karachi,Faisalabad,,Truck,Pakistan Railways,64,96466,,2026-08-30,2026-08-28,Delayed,Vehicle Breakdown,9,2,No,2026-08
ORD3167,2026-08-02,ABC Store,Jacket,Clothing,Supplier D,WH-01,Faisalabad,Lahore,,Van,Leopards,99,108647,,2026-08-07,2026-08-05,Delayed,Weather,5,2,No,2026-08
ORD3168,2026-12-12,City Electronics,Shirt,Clothing,Supplier E,WH-01,Lahore,Islamabad,,Truck,M&P,68,104660,,2026-12-18,2026-12-14,Delayed,Traffic,6,4,No,2026-12
ORD3169,2026-11-12,Star Enterprises,Rice,Grocery,Supplier E,WH-03,Islamabad,Peshawar,,Courier,M&P,71,130256,,2026-11-18,2026-11-19,On Time,None,6,-1,Yes,2026-11
ORD3170,2026-03-11,Super Store,Router,Electronics,Supplier E,WH-02,Lahore,Islamabad,,Truck,Pakistan Railways,3,4151,,2026-03-16,2026-03-17,On Time,None,5,-1,Yes,2026-03
ORD3171,2026-06-18,Star Enterprises,Mobile,Electronics,Supplier C,WH-01,Islamabad,Peshawar,,Van,M&P,92,105075,,2026-06-19,2026-06-20,On Time,None,1,-1,Yes,2026-06
ORD3172,2026-10-11,ABC Store,Keyboard,Electronics,Supplier D,WH-02,Faisalabad,Lahore,,Courier,Pakistan Railways,76,134111,,2026-10-19,2026-10-18,Delayed,Weather,8,1,No,2026-10
ORD3173,2026-02-05,ABC Store,Uniform,Clothing,Supplier D,WH-03,Multan,Karachi,,Truck,DHL,82,120615,,2026-02-08,2026-02-08,On Time,None,3,0,Yes,2026-02
ORD3174,2026-08-09,Global Traders,Jacket,Clothing,Supplier B,WH-01,Lahore,Multan,,Rail,Pakistan Railways,68,65277,,2026-08-11,2026-08-12,On Time,None,2,-1,Yes,2026-08
ORD3175,2026-01-27,Global Traders,Tea,Grocery,Supplier E,WH-03,Peshawar,Islamabad,,Rail,Pakistan Railways,10,12940,,2026-01-29,2026-01-30,On Time,None,2,-1,Yes,2026-01
ORD3176,2026-01-01,Metro Mart,Chair,Furniture,Supplier C,WH-04,Faisalabad,Lahore,,Courier,M&P,64,118060,,2026-01-03,2026-01-03,On Time,None,2,0,Yes,2026-01
ORD3177,2026-07-01,Global Traders,Monitor,Electronics,Supplier A,WH-03,Peshawar,Islamabad,,Rail,TCS,39,34026,,2026-07-07,2026-07-07,On Time,None,6,0,Yes,2026-07
ORD3178,2026-05-29,ABC Store,Jacket,Clothing,Supplier C,WH-01,Lahore,Faisalabad,,Courier,DHL,93,170187,,2026-06-03,2026-06-04,On Time,None,5,-1,Yes,2026-05
ORD3179,2026-03-08,XYZ Ltd,Chair,Furniture,Supplier D,WH-02,Karachi,Islamabad,,Courier,Leopards,33,57170,,2026-03-10,2026-03-11,On Time,None,2,-1,Yes,2026-03
ORD3180,2026-12-09,New City Store,Flour,Grocery,Supplier D,WH-03,Faisalabad,Lahore,,Courier,TCS,65,120110,,2026-12-10,2026-12-11,On Time,None,1,-1,Yes,2026-12
ORD3181,2026-10-23,Metro Mart,Rice,Grocery,Supplier E,WH-02,Faisalabad,Lahore,,Rail,M&P,19,19632,,2026-10-30,2026-10-30,On Time,None,7,0,Yes,2026-10
ORD3182,2026-10-17,Star Enterprises,Tablet,Electronics,Supplier A,WH-04,Peshawar,Islamabad,,Courier,M&P,49,90223,,2026-10-25,2026-10-20,Delayed,Warehouse Issue,8,5,No,2026-10
ORD3183,2026-03-14,Global Traders,Uniform,Clothing,Supplier B,WH-02,Islamabad,Peshawar,,Courier,Pakistan Railways,31,53479,,2026-03-16,2026-03-17,On Time,None,2,-1,Yes,2026-03
ORD3184,2026-05-11,ABC Store,Cabinet,Furniture,Supplier E,WH-03,Faisalabad,Lahore,,Courier,Pakistan Railways,96,176182,,2026-05-15,2026-05-13,Delayed,Supplier Delay,4,2,No,2026-05
ORD3185,2026-01-10,ABC Store,Shoes,Clothing,Supplier A,WH-01,Multan,Karachi,,Van,Pakistan Railways,38,41772,,2026-01-16,2026-01-12,Delayed,Supplier Delay,6,4,No,2026-01
ORD3186,2026-05-27,City Electronics,Trousers,Clothing,Supplier C,WH-02,Karachi,Islamabad,,Truck,M&P,90,134021,,2026-06-04,2026-06-02,Delayed,Weather,8,2,No,2026-05
ORD3187,2026-05-03,ABC Store,Uniform,Clothing,Supplier D,WH-04,Peshawar,Islamabad,,Truck,Leopards,55,84740,,2026-05-08,2026-05-08,On Time,None,5,0,Yes,2026-05
ORD3188,2026-08-29,Global Traders,Office Chair,Furniture,Supplier A,WH-01,Karachi,Lahore,,Truck,M&P,1,3016,,2026-08-31,2026-09-01,On Time,None,2,-1,Yes,2026-08
ORD3189,2026-08-28,Star Enterprises,Sofa,Furniture,Supplier A,WH-01,Karachi,Faisalabad,,Courier,Leopards,92,166496,,2026-09-02,2026-09-03,On Time,None,5,-1,Yes,2026-08
ORD3190,2026-04-07,City Electronics,Table,Furniture,Supplier C,WH-02,Peshawar,Islamabad,,Van,Pakistan Railways,17,16797,,2026-04-15,2026-04-11,Delayed,Warehouse Issue,8,4,No,2026-04
ORD3191,2026-08-19,XYZ Ltd,Shoes,Clothing,Supplier C,WH-03,Rawalpindi,Lahore,,Rail,TCS,22,17673,,2026-08-26,2026-08-26,On Time,None,7,0,Yes,2026-08
ORD3192,2026-04-06,ABC Store,Printer,Electronics,Supplier E,WH-03,Multan,Karachi,,Truck,DHL,92,138100,,2026-04-09,2026-04-09,On Time,None,3,0,Yes,2026-04
ORD3193,2026-12-31,Star Enterprises,T-Shirt,Clothing,Supplier E,WH-03,Lahore,Multan,,Truck,M&P,60,89713,,2027-01-06,2027-01-07,On Time,None,6,-1,Yes,2026-12
ORD3194,2026-07-08,Star Enterprises,Cooking Oil,Grocery,Supplier D,WH-01,Multan,Karachi,,Van,Pakistan Railways,23,26610,,2026-07-11,2026-07-12,On Time,None,3,-1,Yes,2026-07
ORD3195,2026-03-18,Pak Furniture,Cooking Oil,Grocery,Supplier A,WH-04,Gujranwala,Lahore,,Courier,Pakistan Railways,38,68771,,2026-03-25,2026-03-25,On Time,None,7,0,Yes,2026-03
ORD3196,2026-09-26,ABC Store,Trousers,Clothing,Supplier D,WH-01,Islamabad,Peshawar,,Rail,Pakistan Railways,92,82180,,2026-10-02,2026-10-03,On Time,None,6,-1,Yes,2026-09
ORD3197,2026-12-27,ABC Store,Keyboard,Electronics,Supplier D,WH-02,Islamabad,Peshawar,,Rail,TCS,12,12868,,2026-12-31,2026-12-31,On Time,None,4,0,Yes,2026-12
ORD3198,2026-09-07,New City Store,Trousers,Clothing,Supplier D,WH-02,Lahore,Faisalabad,,Courier,M&P,38,71673,,2026-09-13,2026-09-13,On Time,None,6,0,Yes,2026-09
ORD3199,2026-12-14,Global Traders,Router,Electronics,Supplier E,WH-02,Lahore,Multan,,Truck,TCS,71,109382,,2026-12-22,2026-12-21,Delayed,Traffic,8,1,No,2026-12
ORD3200,2026-05-11,XYZ Ltd,Uniform,Clothing,Supplier D,WH-01,Multan,Karachi,,Van,M&P,11,11736,,2026-05-16,2026-05-16,On Time,None,5,0,Yes,2026-05
ORD3201,2026-02-25,City Electronics,Mouse,Electronics,Supplier D,WH-01,Karachi,Faisalabad,,Truck,Pakistan Railways,2,1500,,2026-03-04,2026-03-04,On Time,None,7,0,Yes,2026-02
ORD3202,2026-09-21,Global Traders,Desk,Furniture,Supplier B,WH-02,Rawalpindi,Lahore,,Rail,Pakistan Railways,51,46369,,2026-09-24,2026-09-25,On Time,None,3,-1,Yes,2026-09
ORD3203,2026-11-14,City Electronics,Office Chair,Furniture,Supplier A,WH-03,Karachi,Lahore,,Courier,TCS,76,137607,,2026-11-16,2026-11-17,On Time,None,2,-1,Yes,2026-11
ORD3204,2026-04-03,Metro Mart,Sugar,Grocery,Supplier B,WH-03,Islamabad,Peshawar,,Courier,Leopards,48,88933,,2026-04-08,2026-04-08,On Time,None,5,0,Yes,2026-04
ORD3205,2026-08-16,Metro Mart,Milk Powder,Grocery,Supplier B,WH-04,Faisalabad,Lahore,,Courier,M&P,7,11294,,2026-08-26,2026-08-23,Delayed,Supplier Delay,10,3,No,2026-08
ORD3206,2026-08-13,New City Store,Printer,Electronics,Supplier A,WH-04,Rawalpindi,Lahore,,Truck,DHL,66,96244,,2026-08-23,2026-08-18,Delayed,Supplier Delay,10,5,No,2026-08
ORD3207,2026-01-19,Global Traders,Cooking Oil,Grocery,Supplier D,WH-04,Peshawar,Islamabad,,Courier,M&P,61,108041,,2026-01-27,2026-01-26,Delayed,Weather,8,1,No,2026-01
ORD3208,2026-05-29,Metro Mart,Cooking Oil,Grocery,Supplier D,WH-02,Gujranwala,Lahore,,Truck,DHL,20,29852,,2026-06-01,2026-06-01,On Time,None,3,0,Yes,2026-05
ORD3209,2026-03-15,Pak Furniture,Tea,Grocery,Supplier D,WH-04,Rawalpindi,Lahore,,Van,M&P,94,100486,,2026-03-19,2026-03-20,On Time,None,4,-1,Yes,2026-03
ORD3210,2026-01-29,Global Traders,Cabinet,Furniture,Supplier B,WH-03,Rawalpindi,Lahore,,Courier,M&P,93,167801,,2026-02-04,2026-02-05,On Time,None,6,-1,Yes,2026-01
ORD3211,2026-04-04,Super Store,Printer,Electronics,Supplier E,WH-02,Karachi,Faisalabad,,Courier,DHL,14,28515,,2026-04-10,2026-04-10,On Time,None,6,0,Yes,2026-04
ORD3212,2026-06-20,Super Store,Flour,Grocery,Supplier B,WH-01,Peshawar,Islamabad,,Rail,TCS,81,74857,,2026-06-24,2026-06-24,On Time,None,4,0,Yes,2026-06
ORD3213,2026-04-22,Ali Traders,Mouse,Electronics,Supplier B,WH-04,Lahore,Multan,,Truck,TCS,46,71560,,2026-04-23,2026-04-24,On Time,None,1,-1,Yes,2026-04
ORD3214,2026-08-17,Star Enterprises,Uniform,Clothing,Supplier A,WH-03,Lahore,Faisalabad,,Truck,TCS,27,43569,,2026-08-23,2026-08-24,On Time,None,6,-1,Yes,2026-08
ORD3215,2026-12-19,Global Traders,Cabinet,Furniture,Supplier D,WH-03,Lahore,Multan,,Courier,DHL,98,179968,,2026-12-25,2026-12-25,On Time,None,6,0,Yes,2026-12
ORD3216,2026-08-14,Global Traders,Uniform,Clothing,Supplier A,WH-03,Faisalabad,Lahore,,Rail,Pakistan Railways,76,70190,,2026-08-21,2026-08-21,On Time,None,7,0,Yes,2026-08
ORD3217,2026-02-15,XYZ Ltd,T-Shirt,Clothing,Supplier E,WH-01,Faisalabad,Lahore,,Rail,Pakistan Railways,24,26578,,2026-02-22,2026-02-20,Delayed,Supplier Delay,7,2,No,2026-02
ORD3218,2026-05-07,Metro Mart,Monitor,Electronics,Supplier B,WH-04,Lahore,Faisalabad,,Van,Leopards,34,37846,,2026-05-11,2026-05-09,Delayed,Warehouse Issue,4,2,No,2026-05
ORD3219,2026-10-07,Star Enterprises,Rice,Grocery,Supplier C,WH-04,Rawalpindi,Lahore,,Truck,DHL,95,144476,,2026-10-08,2026-10-09,On Time,None,1,-1,Yes,2026-10
ORD3220,2026-12-25,Pak Furniture,Keyboard,Electronics,Supplier D,WH-01,Rawalpindi,Lahore,,Courier,M&P,44,80770,,2027-01-02,2026-12-31,Delayed,Vehicle Breakdown,8,2,No,2026-12
ORD3221,2026-07-05,XYZ Ltd,Tea,Grocery,Supplier D,WH-01,Multan,Karachi,,Van,TCS,86,92839,,2026-07-07,2026-07-08,On Time,None,2,-1,Yes,2026-07
ORD3222,2026-11-08,Metro Mart,Desk,Furniture,Supplier B,WH-04,Lahore,Faisalabad,,Courier,TCS,48,89349,,2026-11-11,2026-11-11,On Time,None,3,0,Yes,2026-11
ORD3223,2026-06-03,Global Traders,Sofa,Furniture,Supplier E,WH-03,Gujranwala,Lahore,,Courier,M&P,53,94669,,2026-06-09,2026-06-10,On Time,None,6,-1,Yes,2026-06
ORD3224,2026-08-21,XYZ Ltd,Chair,Furniture,Supplier A,WH-01,Lahore,Faisalabad,,Rail,TCS,68,62675,,2026-08-23,2026-08-23,On Time,None,2,0,Yes,2026-08
ORD3225,2026-06-11,Super Store,Flour,Grocery,Supplier A,WH-03,Lahore,Faisalabad,,Truck,TCS,41,62839,,2026-06-18,2026-06-13,Delayed,Supplier Delay,7,5,No,2026-06
ORD3226,2026-12-15,Super Store,T-Shirt,Clothing,Supplier D,WH-03,Karachi,Islamabad,,Courier,Leopards,11,21619,,2026-12-18,2026-12-18,On Time,None,3,0,Yes,2026-12
ORD3227,2026-07-12,Metro Mart,Uniform,Clothing,Supplier C,WH-04,Faisalabad,Lahore,,Van,DHL,30,32460,,2026-07-17,2026-07-17,On Time,None,5,0,Yes,2026-07
ORD3228,2026-04-28,Metro Mart,T-Shirt,Clothing,Supplier B,WH-02,Gujranwala,Lahore,,Courier,DHL,65,114937,,2026-05-04,2026-05-04,On Time,None,6,0,Yes,2026-04
ORD3229,2026-01-01,XYZ Ltd,Sofa,Furniture,Supplier C,WH-02,Lahore,Faisalabad,,Courier,DHL,37,66165,,2026-01-02,2026-01-03,On Time,None,1,-1,Yes,2026-01
ORD3230,2026-03-01,New City Store,Rice,Grocery,Supplier C,WH-01,Karachi,Islamabad,,Courier,DHL,97,175013,,2026-03-03,2026-03-03,On Time,None,2,0,Yes,2026-03
ORD3231,2026-03-25,New City Store,Printer,Electronics,Supplier C,WH-04,Rawalpindi,Lahore,,Van,Leopards,49,51031,,2026-03-31,2026-03-31,On Time,None,6,0,Yes,2026-03
ORD3232,2026-10-25,ABC Store,Router,Electronics,Supplier C,WH-04,Gujranwala,Lahore,,Van,Leopards,56,61588,,2026-10-28,2026-10-28,On Time,None,3,0,Yes,2026-10
ORD3233,2026-09-26,Global Traders,Tea,Grocery,Supplier E,WH-03,Karachi,Faisalabad,,Rail,Leopards,15,12504,,2026-09-28,2026-09-28,On Time,None,2,0,Yes,2026-09
ORD3234,2026-05-15,City Electronics,Shirt,Clothing,Supplier D,WH-02,Peshawar,Islamabad,,Rail,DHL,44,40523,,2026-05-19,2026-05-19,On Time,None,4,0,Yes,2026-05
ORD3235,2026-05-23,Metro Mart,Uniform,Clothing,Supplier B,WH-01,Lahore,Multan,,Van,Pakistan Railways,36,40820,,2026-05-28,2026-05-28,On Time,None,5,0,Yes,2026-05
ORD3236,2026-02-07,New City Store,Router,Electronics,Supplier C,WH-03,Rawalpindi,Lahore,,Van,DHL,94,101935,,2026-02-14,2026-02-13,Delayed,Traffic,7,1,No,2026-02
ORD3237,2026-06-15,New City Store,Keyboard,Electronics,Supplier C,WH-03,Gujranwala,Lahore,,Truck,Leopards,30,45111,,2026-06-19,2026-06-19,On Time,None,4,0,Yes,2026-06
ORD3238,2026-01-17,Pak Furniture,Monitor,Electronics,Supplier C,WH-03,Lahore,Multan,,Rail,Leopards,17,19342,,2026-01-24,2026-01-24,On Time,None,7,0,Yes,2026-01
ORD3239,2026-02-22,XYZ Ltd,Cabinet,Furniture,Supplier B,WH-02,Lahore,Islamabad,,Courier,M&P,31,54456,,2026-02-25,2026-02-26,On Time,None,3,-1,Yes,2026-02
ORD3240,2026-07-08,New City Store,Jacket,Clothing,Supplier E,WH-01,Peshawar,Islamabad,,Courier,DHL,65,115522,,2026-07-15,2026-07-15,On Time,None,7,0,Yes,2026-07
ORD3241,2026-01-01,Star Enterprises,T-Shirt,Clothing,Supplier D,WH-03,Karachi,Faisalabad,,Courier,Pakistan Railways,84,155241,,2026-01-11,2026-01-07,Delayed,Weather,10,4,No,2026-01
ORD3242,2026-08-27,Super Store,Chair,Furniture,Supplier E,WH-04,Rawalpindi,Lahore,,Van,Pakistan Railways,83,94959,,2026-09-02,2026-09-02,On Time,None,6,0,Yes,2026-08
ORD3243,2026-07-17,Super Store,Router,Electronics,Supplier E,WH-04,Lahore,Faisalabad,,Rail,M&P,2,5279,,2026-07-19,2026-07-19,On Time,None,2,0,Yes,2026-07
ORD3244,2026-05-23,Pak Furniture,Router,Electronics,Supplier B,WH-04,Lahore,Multan,,Truck,TCS,3,9111,,2026-05-27,2026-05-28,On Time,None,4,-1,Yes,2026-05
ORD3245,2026-12-20,XYZ Ltd,Jacket,Clothing,Supplier B,WH-04,Lahore,Faisalabad,,Van,M&P,38,41960,,2026-12-28,2026-12-23,Delayed,Vehicle Breakdown,8,5,No,2026-12
ORD3246,2026-12-10,ABC Store,Cooking Oil,Grocery,Supplier D,WH-01,Karachi,Lahore,,Courier,Leopards,41,72465,,2026-12-16,2026-12-16,On Time,None,6,0,Yes,2026-12
ORD3247,2026-03-26,City Electronics,Tea,Grocery,Supplier A,WH-04,Karachi,Faisalabad,,Truck,Pakistan Railways,86,130102,,2026-04-02,2026-03-30,Delayed,Vehicle Breakdown,7,3,No,2026-03
ORD3248,2026-04-13,Star Enterprises,Keyboard,Electronics,Supplier B,WH-04,Faisalabad,Lahore,,Courier,DHL,56,102072,,2026-04-16,2026-04-16,On Time,None,3,0,Yes,2026-04
ORD3249,2026-01-18,Global Traders,Keyboard,Electronics,Supplier A,WH-02,Lahore,Islamabad,,Courier,Pakistan Railways,54,97873,,2026-01-23,2026-01-21,Delayed,Supplier Delay,5,2,No,2026-01
ORD3250,2026-02-24,Pak Furniture,T-Shirt,Clothing,Supplier B,WH-04,Lahore,Islamabad,,Van,Leopards,67,78374,,2026-02-27,2026-02-28,On Time,None,3,-1,Yes,2026-02
ORD3251,2026-02-27,City Electronics,Desk,Furniture,Supplier A,WH-02,Rawalpindi,Lahore,,Truck,Leopards,31,43520,,2026-03-03,2026-03-04,On Time,None,4,-1,Yes,2026-02
ORD3252,2026-09-28,Pak Furniture,Chair,Furniture,Supplier D,WH-03,Karachi,Faisalabad,,Van,Leopards,100,114646,,2026-10-04,2026-10-04,On Time,None,6,0,Yes,2026-09
ORD3253,2026-08-15,XYZ Ltd,Cabinet,Furniture,Supplier D,WH-04,Faisalabad,Lahore,,Courier,TCS,52,94489,,2026-08-20,2026-08-20,On Time,None,5,0,Yes,2026-08
ORD3254,2026-10-16,Pak Furniture,Trousers,Clothing,Supplier C,WH-03,Karachi,Lahore,,Truck,M&P,96,147203,,2026-10-23,2026-10-23,On Time,None,7,0,Yes,2026-10
ORD3255,2026-09-04,XYZ Ltd,Rice,Grocery,Supplier C,WH-01,Lahore,Multan,,Rail,Pakistan Railways,84,77636,,2026-09-10,2026-09-11,On Time,None,6,-1,Yes,2026-09
ORD3256,2026-01-14,Star Enterprises,Flour,Grocery,Supplier E,WH-04,Lahore,Multan,,Van,M&P,63,70427,,2026-01-18,2026-01-18,On Time,None,4,0,Yes,2026-01
ORD3257,2026-11-19,XYZ Ltd,Laptop,Electronics,Supplier B,WH-03,Karachi,Lahore,,Truck,M&P,11,16529,,2026-11-21,2026-11-21,On Time,None,2,0,Yes,2026-11
ORD3258,2026-10-24,Metro Mart,Mouse,Electronics,Supplier D,WH-01,Lahore,Faisalabad,,Truck,Leopards,99,151074,,2026-10-29,2026-10-26,Delayed,Warehouse Issue,5,3,No,2026-10
ORD3259,2026-08-12,ABC Store,Bookshelf,Furniture,Supplier C,WH-01,Gujranwala,Lahore,,Rail,Leopards,85,78860,,2026-08-17,2026-08-16,Delayed,Vehicle Breakdown,5,1,No,2026-08
ORD3260,2026-06-21,Star Enterprises,Rice,Grocery,Supplier E,WH-02,Lahore,Multan,,Courier,TCS,52,97760,,2026-06-26,2026-06-27,On Time,None,5,-1,Yes,2026-06
ORD3261,2026-11-30,Super Store,Tea,Grocery,Supplier C,WH-02,Faisalabad,Lahore,,Courier,M&P,95,173701,,2026-12-06,2026-12-07,On Time,None,6,-1,Yes,2026-11
ORD3262,2026-12-14,Metro Mart,Trousers,Clothing,Supplier E,WH-02,Multan,Karachi,,Rail,Leopards,18,20333,,2026-12-17,2026-12-17,On Time,None,3,0,Yes,2026-12
ORD3263,2026-09-19,ABC Store,Shirt,Clothing,Supplier E,WH-02,Islamabad,Peshawar,,Rail,TCS,98,91530,,2026-09-22,2026-09-23,On Time,None,3,-1,Yes,2026-09
ORD3264,2026-05-14,City Electronics,Shoes,Clothing,Supplier B,WH-01,Lahore,Islamabad,,Truck,M&P,46,67734,,2026-05-19,2026-05-20,On Time,None,5,-1,Yes,2026-05
ORD3265,2026-05-20,Star Enterprises,Shoes,Clothing,Supplier B,WH-03,Karachi,Lahore,,Rail,TCS,88,80913,,2026-05-29,2026-05-25,Delayed,Traffic,9,4,No,2026-05
ORD3266,2026-10-17,New City Store,Trousers,Clothing,Supplier A,WH-04,Lahore,Islamabad,,Truck,Leopards,53,84358,,2026-10-22,2026-10-23,On Time,None,5,-1,Yes,2026-10
ORD3267,2026-04-25,Ali Traders,Office Chair,Furniture,Supplier E,WH-03,Multan,Karachi,,Truck,DHL,71,104285,,2026-05-03,2026-04-29,Delayed,Vehicle Breakdown,8,4,No,2026-04
ORD3268,2026-06-16,City Electronics,Shoes,Clothing,Supplier B,WH-03,Rawalpindi,Lahore,,Van,TCS,20,26094,,2026-06-19,2026-06-20,On Time,None,3,-1,Yes,2026-06
ORD3269,2026-03-07,Global Traders,T-Shirt,Clothing,Supplier E,WH-04,Multan,Karachi,,Van,DHL,97,111434,,2026-03-13,2026-03-13,On Time,None,6,0,Yes,2026-03
ORD3270,2026-11-24,New City Store,Cooking Oil,Grocery,Supplier C,WH-03,Lahore,Islamabad,,Truck,Pakistan Railways,83,125641,,2026-11-29,2026-11-30,On Time,None,5,-1,Yes,2026-11
ORD3271,2026-08-27,Metro Mart,Chair,Furniture,Supplier C,WH-04,Karachi,Lahore,,Courier,TCS,36,63213,,2026-08-31,2026-09-01,On Time,None,4,-1,Yes,2026-08
ORD3272,2026-05-16,City Electronics,Shirt,Clothing,Supplier D,WH-03,Lahore,Islamabad,,Rail,M&P,99,86958,,2026-05-23,2026-05-20,Delayed,Vehicle Breakdown,7,3,No,2026-05
ORD3273,2026-06-26,Star Enterprises,Cabinet,Furniture,Supplier D,WH-03,Gujranwala,Lahore,,Rail,M&P,12,13205,,2026-07-02,2026-07-03,On Time,None,6,-1,Yes,2026-06
ORD3274,2026-04-23,Global Traders,Printer,Electronics,Supplier E,WH-04,Multan,Karachi,,Van,TCS,78,84351,,2026-04-29,2026-04-29,On Time,None,6,0,Yes,2026-04
ORD3275,2026-05-07,New City Store,Jacket,Clothing,Supplier B,WH-03,Lahore,Multan,,Courier,Leopards,1,4575,,2026-05-11,2026-05-12,On Time,None,4,-1,Yes,2026-05
ORD3276,2026-06-09,Super Store,Flour,Grocery,Supplier A,WH-02,Multan,Karachi,,Truck,DHL,46,67566,,2026-06-16,2026-06-13,Delayed,Vehicle Breakdown,7,3,No,2026-06
ORD3277,2026-07-17,ABC Store,Table,Furniture,Supplier D,WH-02,Karachi,Lahore,,Van,Pakistan Railways,33,40991,,2026-07-19,2026-07-19,On Time,None,2,0,Yes,2026-07
ORD3278,2026-06-26,ABC Store,Keyboard,Electronics,Supplier C,WH-02,Karachi,Faisalabad,,Rail,DHL,62,55579,,2026-06-27,2026-06-28,On Time,None,1,-1,Yes,2026-06
ORD3279,2026-09-19,City Electronics,Bookshelf,Furniture,Supplier A,WH-04,Lahore,Multan,,Courier,TCS,20,36205,,2026-09-21,2026-09-22,On Time,None,2,-1,Yes,2026-09
ORD3280,2026-12-21,XYZ Ltd,Sofa,Furniture,Supplier E,WH-01,Gujranwala,Lahore,,Van,DHL,53,59149,,2026-12-23,2026-12-24,On Time,None,2,-1,Yes,2026-12
ORD3281,2026-03-21,Super Store,Sofa,Furniture,Supplier D,WH-04,Rawalpindi,Lahore,,Rail,Leopards,79,70850,,2026-03-26,2026-03-27,On Time,None,5,-1,Yes,2026-03
ORD3282,2026-10-25,City Electronics,T-Shirt,Clothing,Supplier D,WH-04,Karachi,Islamabad,,Van,Pakistan Railways,38,40999,,2026-10-30,2026-10-31,On Time,None,5,-1,Yes,2026-10
ORD3283,2026-04-14,Super Store,Jacket,Clothing,Supplier D,WH-02,Gujranwala,Lahore,,Courier,Leopards,65,116135,,2026-04-20,2026-04-21,On Time,None,6,-1,Yes,2026-04
ORD3284,2026-12-18,Pak Furniture,Sofa,Furniture,Supplier D,WH-04,Karachi,Faisalabad,,Van,DHL,5,4067,,2026-12-19,2026-12-20,On Time,None,1,-1,Yes,2026-12
ORD3285,2026-02-24,Global Traders,T-Shirt,Clothing,Supplier A,WH-03,Islamabad,Peshawar,,Rail,TCS,27,25843,,2026-03-02,2026-03-03,On Time,None,6,-1,Yes,2026-02
ORD3286,2026-04-13,ABC Store,Milk Powder,Grocery,Supplier A,WH-01,Karachi,Lahore,,Courier,Leopards,36,66228,,2026-04-19,2026-04-15,Delayed,Weather,6,4,No,2026-04
ORD3287,2026-10-03,Ali Traders,Monitor,Electronics,Supplier E,WH-03,Islamabad,Peshawar,,Truck,TCS,46,68261,,2026-10-10,2026-10-10,On Time,None,7,0,Yes,2026-10
ORD3288,2026-10-06,ABC Store,Cooking Oil,Grocery,Supplier B,WH-03,Karachi,Lahore,,Rail,Pakistan Railways,11,7076,,2026-10-13,2026-10-13,On Time,None,7,0,Yes,2026-10
ORD3289,2026-01-07,Star Enterprises,Trousers,Clothing,Supplier B,WH-04,Faisalabad,Lahore,,Truck,M&P,51,73810,,2026-01-09,2026-01-10,On Time,None,2,-1,Yes,2026-01
ORD3290,2026-03-15,City Electronics,T-Shirt,Clothing,Supplier E,WH-02,Lahore,Multan,,Rail,TCS,82,77204,,2026-03-20,2026-03-21,On Time,None,5,-1,Yes,2026-03
ORD3291,2026-08-07,ABC Store,Desk,Furniture,Supplier A,WH-04,Lahore,Multan,,Truck,TCS,68,101368,,2026-08-13,2026-08-09,Delayed,Supplier Delay,6,4,No,2026-08
ORD3292,2026-10-25,Global Traders,Mouse,Electronics,Supplier B,WH-01,Lahore,Islamabad,,Courier,M&P,24,47304,,2026-10-30,2026-10-30,On Time,None,5,0,Yes,2026-10
ORD3293,2026-07-11,Ali Traders,Sofa,Furniture,Supplier E,WH-01,Multan,Karachi,,Van,TCS,38,39143,,2026-07-16,2026-07-16,On Time,None,5,0,Yes,2026-07
ORD3294,2026-04-11,Ali Traders,Shirt,Clothing,Supplier C,WH-02,Peshawar,Islamabad,,Truck,DHL,80,117082,,2026-04-16,2026-04-17,On Time,None,5,-1,Yes,2026-04
ORD3295,2026-01-14,Ali Traders,Milk Powder,Grocery,Supplier D,WH-02,Multan,Karachi,,Truck,Leopards,1,3681,,2026-01-17,2026-01-17,On Time,None,3,0,Yes,2026-01
ORD3296,2026-09-10,City Electronics,Milk Powder,Grocery,Supplier D,WH-02,Karachi,Lahore,,Van,DHL,60,64871,,2026-09-19,2026-09-16,Delayed,Weather,9,3,No,2026-09
ORD3297,2026-03-20,New City Store,Table,Furniture,Supplier B,WH-04,Karachi,Faisalabad,,Van,M&P,33,33604,,2026-03-21,2026-03-22,On Time,None,1,-1,Yes,2026-03
ORD3298,2026-10-09,City Electronics,Jacket,Clothing,Supplier C,WH-02,Karachi,Faisalabad,,Truck,Pakistan Railways,69,103791,,2026-10-13,2026-10-13,On Time,None,4,0,Yes,2026-10
ORD3299,2026-08-21,Star Enterprises,Laptop,Electronics,Supplier D,WH-02,Gujranwala,Lahore,,Rail,Leopards,28,25475,,2026-08-25,2026-08-26,On Time,None,4,-1,Yes,2026-08
ORD3300,2026-09-02,Pak Furniture,Milk Powder,Grocery,Supplier C,WH-01,Karachi,Islamabad,,Rail,Pakistan Railways,32,30220,,2026-09-06,2026-09-07,On Time,None,4,-1,Yes,2026-09
ORD3301,2026-09-13,Global Traders,Laptop,Electronics,Supplier B,WH-01,Rawalpindi,Lahore,,Van,TCS,81,93299,,2026-09-15,2026-09-15,On Time,None,2,0,Yes,2026-09
ORD3302,2026-10-28,Star Enterprises,Printer,Electronics,Supplier B,WH-02,Islamabad,Peshawar,,Truck,M&P,87,130945,,2026-11-02,2026-11-03,On Time,None,5,-1,Yes,2026-10
ORD3303,2026-03-01,Ali Traders,Printer,Electronics,Supplier D,WH-01,Karachi,Lahore,,Van,DHL,42,44720,,2026-03-03,2026-03-03,On Time,None,2,0,Yes,2026-03
ORD3304,2026-03-27,XYZ Ltd,Shirt,Clothing,Supplier E,WH-02,Karachi,Lahore,,Courier,M&P,17,33830,,2026-03-31,2026-04-01,On Time,None,4,-1,Yes,2026-03
ORD3305,2026-04-29,ABC Store,Shirt,Clothing,Supplier C,WH-01,Lahore,Faisalabad,,Van,DHL,14,12463,,2026-05-01,2026-05-01,On Time,None,2,0,Yes,2026-04
ORD3306,2026-03-03,New City Store,Flour,Grocery,Supplier D,WH-03,Lahore,Islamabad,,Rail,TCS,78,72654,,2026-03-09,2026-03-10,On Time,None,6,-1,Yes,2026-03
ORD3307,2026-10-11,ABC Store,Laptop,Electronics,Supplier C,WH-04,Rawalpindi,Lahore,,Van,M&P,21,26674,,2026-10-16,2026-10-16,On Time,None,5,0,Yes,2026-10
ORD3308,2026-11-03,Pak Furniture,Router,Electronics,Supplier D,WH-02,Faisalabad,Lahore,,Van,M&P,15,15464,,2026-11-09,2026-11-10,On Time,None,6,-1,Yes,2026-11
ORD3309,2026-12-27,XYZ Ltd,Shoes,Clothing,Supplier A,WH-01,Multan,Karachi,,Courier,M&P,96,173268,,2027-01-03,2026-12-29,Delayed,Weather,7,5,No,2026-12
ORD3310,2026-04-09,Pak Furniture,Shoes,Clothing,Supplier D,WH-03,Karachi,Lahore,,Rail,Pakistan Railways,6,5408,,2026-04-17,2026-04-14,Delayed,Weather,8,3,No,2026-04
ORD3311,2026-03-19,XYZ Ltd,Uniform,Clothing,Supplier E,WH-04,Gujranwala,Lahore,,Rail,DHL,51,43899,,2026-03-22,2026-03-23,On Time,None,3,-1,Yes,2026-03
ORD3312,2026-07-25,Star Enterprises,Chair,Furniture,Supplier D,WH-01,Faisalabad,Lahore,,Truck,TCS,9,12614,,2026-07-27,2026-07-28,On Time,None,2,-1,Yes,2026-07
ORD3313,2026-03-22,City Electronics,Flour,Grocery,Supplier C,WH-04,Rawalpindi,Lahore,,Van,TCS,87,100361,,2026-03-25,2026-03-25,On Time,None,3,0,Yes,2026-03
ORD3314,2026-05-16,ABC Store,Mouse,Electronics,Supplier D,WH-03,Karachi,Islamabad,,Rail,TCS,70,62882,,2026-05-20,2026-05-21,On Time,None,4,-1,Yes,2026-05
ORD3315,2026-04-09,City Electronics,Mobile,Electronics,Supplier A,WH-04,Multan,Karachi,,Truck,Leopards,4,6169,,2026-04-10,2026-04-11,On Time,None,1,-1,Yes,2026-04
ORD3316,2026-02-28,ABC Store,Sofa,Furniture,Supplier B,WH-02,Karachi,Lahore,,Truck,Leopards,21,28742,,2026-03-03,2026-03-03,On Time,None,3,0,Yes,2026-02
ORD3317,2026-10-28,Super Store,Cooking Oil,Grocery,Supplier C,WH-01,Lahore,Islamabad,,Truck,Pakistan Railways,9,15953,,2026-11-04,2026-11-04,On Time,None,7,0,Yes,2026-10
ORD3318,2026-05-29,XYZ Ltd,Uniform,Clothing,Supplier A,WH-04,Lahore,Faisalabad,,Van,M&P,10,9007,,2026-06-02,2026-06-03,On Time,None,4,-1,Yes,2026-05
ORD3319,2026-05-19,XYZ Ltd,Milk Powder,Grocery,Supplier A,WH-01,Karachi,Islamabad,,Courier,M&P,38,70797,,2026-05-23,2026-05-24,On Time,None,4,-1,Yes,2026-05
ORD3320,2026-05-21,Star Enterprises,Table,Furniture,Supplier B,WH-01,Karachi,Faisalabad,,Courier,M&P,17,33681,,2026-05-23,2026-05-23,On Time,None,2,0,Yes,2026-05
ORD3321,2026-09-19,City Electronics,Shirt,Clothing,Supplier B,WH-03,Karachi,Lahore,,Rail,Pakistan Railways,20,16950,,2026-09-23,2026-09-23,On Time,None,4,0,Yes,2026-09
ORD3322,2026-07-20,Pak Furniture,Chair,Furniture,Supplier D,WH-03,Multan,Karachi,,Rail,M&P,25,25736,,2026-07-27,2026-07-23,Delayed,Vehicle Breakdown,7,4,No,2026-07
ORD3323,2026-10-25,Pak Furniture,Mouse,Electronics,Supplier A,WH-03,Karachi,Faisalabad,,Rail,TCS,13,14360,,2026-10-27,2026-10-28,On Time,None,2,-1,Yes,2026-10
ORD3324,2026-04-25,City Electronics,Uniform,Clothing,Supplier B,WH-01,Karachi,Faisalabad,,Truck,Leopards,70,106903,,2026-05-06,2026-05-02,Delayed,Supplier Delay,11,4,No,2026-04
ORD3325,2026-08-08,New City Store,Cooking Oil,Grocery,Supplier D,WH-01,Karachi,Lahore,,Van,TCS,36,37472,,2026-08-15,2026-08-15,On Time,None,7,0,Yes,2026-08
ORD3326,2026-11-24,City Electronics,Jacket,Clothing,Supplier D,WH-02,Islamabad,Peshawar,,Rail,DHL,48,45560,,2026-12-01,2026-12-01,On Time,None,7,0,Yes,2026-11
ORD3327,2026-05-08,Super Store,Shirt,Clothing,Supplier A,WH-04,Lahore,Faisalabad,,Rail,DHL,47,46154,,2026-05-15,2026-05-11,Delayed,Vehicle Breakdown,7,4,No,2026-05
ORD3328,2026-01-25,City Electronics,Monitor,Electronics,Supplier D,WH-01,Karachi,Lahore,,Truck,Pakistan Railways,42,65090,,2026-01-30,2026-01-30,On Time,None,5,0,Yes,2026-01
ORD3329,2026-05-18,Ali Traders,Sugar,Grocery,Supplier E,WH-01,Faisalabad,Lahore,,Rail,TCS,77,69168,,2026-05-22,2026-05-23,On Time,None,4,-1,Yes,2026-05
ORD3330,2026-09-15,ABC Store,Cooking Oil,Grocery,Supplier B,WH-04,Multan,Karachi,,Truck,Leopards,27,43570,,2026-09-20,2026-09-21,On Time,None,5,-1,Yes,2026-09
ORD3331,2026-05-28,ABC Store,Uniform,Clothing,Supplier A,WH-01,Peshawar,Islamabad,,Rail,M&P,5,8155,,2026-06-04,2026-06-04,On Time,None,7,0,Yes,2026-05
ORD3332,2026-04-01,Global Traders,Laptop,Electronics,Supplier D,WH-02,Karachi,Lahore,,Truck,DHL,86,132731,,2026-04-03,2026-04-03,On Time,None,2,0,Yes,2026-04
ORD3333,2026-11-05,XYZ Ltd,Office Chair,Furniture,Supplier B,WH-02,Islamabad,Peshawar,,Truck,DHL,43,64696,,2026-11-10,2026-11-10,On Time,None,5,0,Yes,2026-11
ORD3334,2026-01-02,Metro Mart,Cooking Oil,Grocery,Supplier A,WH-04,Lahore,Multan,,Courier,TCS,34,58953,,2026-01-04,2026-01-05,On Time,None,2,-1,Yes,2026-01
ORD3335,2026-09-12,Global Traders,Table,Furniture,Supplier B,WH-03,Karachi,Faisalabad,,Courier,DHL,90,163014,,2026-09-17,2026-09-16,Delayed,Vehicle Breakdown,5,1,No,2026-09
ORD3336,2026-03-19,Ali Traders,Sugar,Grocery,Supplier A,WH-04,Peshawar,Islamabad,,Van,Leopards,34,35316,,2026-03-23,2026-03-23,On Time,None,4,0,Yes,2026-03
ORD3337,2026-02-03,New City Store,Sugar,Grocery,Supplier C,WH-01,Karachi,Faisalabad,,Rail,Pakistan Railways,18,18632,,2026-02-06,2026-02-07,On Time,None,3,-1,Yes,2026-02
ORD3338,2026-10-22,Pak Furniture,Milk Powder,Grocery,Supplier E,WH-04,Rawalpindi,Lahore,,Van,Leopards,38,44300,,2026-10-25,2026-10-25,On Time,None,3,0,Yes,2026-10
ORD3339,2026-10-27,Pak Furniture,Trousers,Clothing,Supplier B,WH-01,Multan,Karachi,,Truck,DHL,75,110717,,2026-10-28,2026-10-29,On Time,None,1,-1,Yes,2026-10
ORD3340,2026-02-22,ABC Store,Bookshelf,Furniture,Supplier B,WH-01,Karachi,Lahore,,Truck,Leopards,43,63037,,2026-02-25,2026-02-26,On Time,None,3,-1,Yes,2026-02
ORD3341,2026-04-02,City Electronics,T-Shirt,Clothing,Supplier C,WH-03,Gujranwala,Lahore,,Truck,DHL,28,40142,,2026-04-11,2026-04-09,Delayed,Weather,9,2,No,2026-04
ORD3342,2026-01-18,Star Enterprises,Trousers,Clothing,Supplier E,WH-03,Gujranwala,Lahore,,Courier,TCS,99,181400,,2026-01-24,2026-01-25,On Time,None,6,-1,Yes,2026-01
ORD3343,2026-10-27,ABC Store,Sofa,Furniture,Supplier A,WH-03,Lahore,Faisalabad,,Courier,Pakistan Railways,27,49529,,2026-11-04,2026-11-02,Delayed,Traffic,8,2,No,2026-10
ORD3344,2026-08-06,Star Enterprises,Table,Furniture,Supplier D,WH-01,Lahore,Faisalabad,,Truck,Pakistan Railways,77,114213,,2026-08-12,2026-08-11,Delayed,Supplier Delay,6,1,No,2026-08
ORD3345,2026-04-29,ABC Store,T-Shirt,Clothing,Supplier C,WH-03,Gujranwala,Lahore,,Van,Pakistan Railways,1,1500,,2026-05-04,2026-05-04,On Time,None,5,0,Yes,2026-04
ORD3346,2026-04-29,Star Enterprises,Mobile,Electronics,Supplier B,WH-02,Rawalpindi,Lahore,,Truck,M&P,74,110183,,2026-05-07,2026-05-04,Delayed,Vehicle Breakdown,8,3,No,2026-04
ORD3347,2026-06-07,Ali Traders,Shoes,Clothing,Supplier A,WH-01,Faisalabad,Lahore,,Van,M&P,42,48524,,2026-06-12,2026-06-13,On Time,None,5,-1,Yes,2026-06
ORD3348,2026-05-16,Star Enterprises,Mobile,Electronics,Supplier E,WH-01,Karachi,Faisalabad,,Van,Pakistan Railways,84,95511,,2026-05-19,2026-05-19,On Time,None,3,0,Yes,2026-05
ORD3349,2026-01-30,XYZ Ltd,Cooking Oil,Grocery,Supplier D,WH-02,Faisalabad,Lahore,,Courier,M&P,29,53005,,2026-02-01,2026-02-01,On Time,None,2,0,Yes,2026-01
ORD3350,2026-05-31,ABC Store,Sugar,Grocery,Supplier B,WH-01,Rawalpindi,Lahore,,Truck,Leopards,53,79908,,2026-06-06,2026-06-07,On Time,None,6,-1,Yes,2026-05
ORD3351,2026-11-27,Super Store,Office Chair,Furniture,Supplier B,WH-01,Karachi,Lahore,,Truck,Leopards,90,132764,,2026-11-29,2026-11-29,On Time,None,2,0,Yes,2026-11
ORD3352,2026-06-22,Metro Mart,Monitor,Electronics,Supplier D,WH-02,Gujranwala,Lahore,,Truck,DHL,33,52112,,2026-06-24,2026-06-24,On Time,None,2,0,Yes,2026-06
ORD3353,2026-11-15,ABC Store,Shirt,Clothing,Supplier B,WH-04,Peshawar,Islamabad,,Van,TCS,54,57198,,2026-11-20,2026-11-21,On Time,None,5,-1,Yes,2026-11
ORD3354,2026-01-08,City Electronics,Tea,Grocery,Supplier B,WH-01,Rawalpindi,Lahore,,Van,TCS,51,54595,,2026-01-12,2026-01-12,On Time,None,4,0,Yes,2026-01
ORD3355,2026-03-07,City Electronics,T-Shirt,Clothing,Supplier C,WH-04,Islamabad,Peshawar,,Van,M&P,42,43696,,2026-03-11,2026-03-12,On Time,None,4,-1,Yes,2026-03
ORD3356,2026-10-22,New City Store,Keyboard,Electronics,Supplier B,WH-04,Rawalpindi,Lahore,,Truck,DHL,4,9671,,2026-10-26,2026-10-27,On Time,None,4,-1,Yes,2026-10
ORD3357,2026-11-15,Pak Furniture,T-Shirt,Clothing,Supplier E,WH-01,Islamabad,Peshawar,,Rail,M&P,2,6339,,2026-11-26,2026-11-21,Delayed,Warehouse Issue,11,5,No,2026-11
ORD3358,2026-10-04,City Electronics,Flour,Grocery,Supplier D,WH-03,Gujranwala,Lahore,,Courier,Pakistan Railways,100,177650,,2026-10-11,2026-10-11,On Time,None,7,0,Yes,2026-10
ORD3359,2026-04-05,Ali Traders,Flour,Grocery,Supplier A,WH-03,Karachi,Lahore,,Rail,M&P,54,49567,,2026-04-11,2026-04-09,Delayed,Traffic,6,2,No,2026-04
ORD3360,2026-03-01,Super Store,Jacket,Clothing,Supplier E,WH-02,Lahore,Islamabad,,Truck,TCS,29,47743,,2026-03-04,2026-03-05,On Time,None,3,-1,Yes,2026-03
ORD3361,2026-06-05,Ali Traders,Milk Powder,Grocery,Supplier E,WH-01,Multan,Karachi,,Courier,TCS,74,130791,,2026-06-09,2026-06-09,On Time,None,4,0,Yes,2026-06
ORD3362,2026-08-10,Pak Furniture,Tea,Grocery,Supplier C,WH-01,Lahore,Islamabad,,Truck,TCS,38,54306,,2026-08-12,2026-08-12,On Time,None,2,0,Yes,2026-08
ORD3363,2026-05-11,Pak Furniture,Tea,Grocery,Supplier D,WH-04,Lahore,Faisalabad,,Van,M&P,94,108327,,2026-05-17,2026-05-17,On Time,None,6,0,Yes,2026-05
ORD3364,2026-03-29,Pak Furniture,Shirt,Clothing,Supplier C,WH-02,Karachi,Islamabad,,Courier,Leopards,18,31990,,2026-04-02,2026-04-03,On Time,None,4,-1,Yes,2026-03
ORD3365,2026-04-09,Star Enterprises,Router,Electronics,Supplier E,WH-03,Gujranwala,Lahore,,Truck,TCS,65,95418,,2026-04-11,2026-04-12,On Time,None,2,-1,Yes,2026-04
ORD3366,2026-07-16,Pak Furniture,Bookshelf,Furniture,Supplier C,WH-01,Lahore,Faisalabad,,Truck,M&P,73,109202,,2026-07-24,2026-07-22,Delayed,Traffic,8,2,No,2026-07
ORD3367,2026-06-23,Ali Traders,Shirt,Clothing,Supplier D,WH-03,Karachi,Lahore,,Courier,M&P,62,116377,,2026-06-28,2026-06-28,On Time,None,5,0,Yes,2026-06
ORD3368,2026-04-07,ABC Store,Monitor,Electronics,Supplier B,WH-02,Karachi,Lahore,,Courier,Leopards,61,107274,,2026-04-10,2026-04-10,On Time,None,3,0,Yes,2026-04
ORD3369,2026-02-21,Super Store,Flour,Grocery,Supplier C,WH-04,Peshawar,Islamabad,,Courier,M&P,47,87834,,2026-02-27,2026-02-28,On Time,None,6,-1,Yes,2026-02
ORD3370,2026-05-09,City Electronics,Monitor,Electronics,Supplier B,WH-01,Karachi,Lahore,,Van,Leopards,81,87140,,2026-05-13,2026-05-13,On Time,None,4,0,Yes,2026-05
ORD3371,2026-09-10,New City Store,Office Chair,Furniture,Supplier E,WH-04,Gujranwala,Lahore,,Rail,Pakistan Railways,12,13678,,2026-09-14,2026-09-14,On Time,None,4,0,Yes,2026-09
ORD3372,2026-09-29,New City Store,Rice,Grocery,Supplier A,WH-03,Multan,Karachi,,Rail,Pakistan Railways,33,34048,,2026-10-03,2026-10-04,On Time,None,4,-1,Yes,2026-09
ORD3373,2026-11-26,City Electronics,T-Shirt,Clothing,Supplier A,WH-04,Islamabad,Peshawar,,Courier,Leopards,86,157031,,2026-12-03,2026-12-03,On Time,None,7,0,Yes,2026-11
ORD3374,2026-05-11,New City Store,Trousers,Clothing,Supplier D,WH-01,Faisalabad,Lahore,,Van,M&P,19,20772,,2026-05-13,2026-05-13,On Time,None,2,0,Yes,2026-05
ORD3375,2026-03-04,Super Store,Office Chair,Furniture,Supplier E,WH-04,Karachi,Islamabad,,Courier,Leopards,59,106743,,2026-03-09,2026-03-09,On Time,None,5,0,Yes,2026-03
ORD3376,2026-01-30,New City Store,Mobile,Electronics,Supplier E,WH-02,Faisalabad,Lahore,,Van,Leopards,33,34333,,2026-02-02,2026-02-03,On Time,None,3,-1,Yes,2026-01
ORD3377,2026-02-27,Global Traders,T-Shirt,Clothing,Supplier D,WH-01,Lahore,Faisalabad,,Rail,Leopards,97,91323,,2026-03-03,2026-03-04,On Time,None,4,-1,Yes,2026-02
ORD3378,2026-01-14,Pak Furniture,Uniform,Clothing,Supplier B,WH-04,Rawalpindi,Lahore,,Truck,M&P,36,57431,,2026-01-19,2026-01-19,On Time,None,5,0,Yes,2026-01
ORD3379,2026-02-26,City Electronics,Keyboard,Electronics,Supplier D,WH-04,Lahore,Islamabad,,Van,M&P,96,102749,,2026-03-08,2026-03-05,Delayed,Vehicle Breakdown,10,3,No,2026-02
ORD3380,2026-05-12,New City Store,Rice,Grocery,Supplier E,WH-03,Rawalpindi,Lahore,,Rail,DHL,48,43390,,2026-05-19,2026-05-19,On Time,None,7,0,Yes,2026-05
ORD3381,2026-05-17,Star Enterprises,Flour,Grocery,Supplier C,WH-03,Gujranwala,Lahore,,Courier,Leopards,97,177114,,2026-05-22,2026-05-22,On Time,None,5,0,Yes,2026-05
ORD3382,2026-12-20,City Electronics,Chair,Furniture,Supplier C,WH-01,Peshawar,Islamabad,,Rail,DHL,100,87080,,2026-12-27,2026-12-27,On Time,None,7,0,Yes,2026-12
ORD3383,2026-08-29,XYZ Ltd,Sofa,Furniture,Supplier D,WH-03,Karachi,Faisalabad,,Courier,TCS,92,167149,,2026-09-03,2026-09-04,On Time,None,5,-1,Yes,2026-08
ORD3384,2026-11-27,Super Store,Shirt,Clothing,Supplier B,WH-04,Multan,Karachi,,Truck,DHL,100,150806,,2026-12-02,2026-12-02,On Time,None,5,0,Yes,2026-11
ORD3385,2026-05-16,Star Enterprises,Bookshelf,Furniture,Supplier E,WH-03,Islamabad,Peshawar,,Rail,TCS,8,12068,,2026-05-21,2026-05-21,On Time,None,5,0,Yes,2026-05
ORD3386,2026-02-22,Super Store,Sugar,Grocery,Supplier D,WH-04,Rawalpindi,Lahore,,Rail,DHL,36,33422,,2026-02-24,2026-02-24,On Time,None,2,0,Yes,2026-02
ORD3387,2026-10-16,ABC Store,Mouse,Electronics,Supplier B,WH-04,Peshawar,Islamabad,,Rail,TCS,88,80056,,2026-10-18,2026-10-19,On Time,None,2,-1,Yes,2026-10
ORD3388,2026-06-26,Ali Traders,Mouse,Electronics,Supplier E,WH-01,Faisalabad,Lahore,,Courier,Pakistan Railways,61,111143,,2026-06-27,2026-06-28,On Time,None,1,-1,Yes,2026-06
ORD3389,2026-04-17,Ali Traders,Uniform,Clothing,Supplier A,WH-01,Lahore,Faisalabad,,Truck,DHL,28,45178,,2026-04-23,2026-04-24,On Time,None,6,-1,Yes,2026-04
ORD3390,2026-03-14,Metro Mart,Jacket,Clothing,Supplier B,WH-02,Multan,Karachi,,Van,M&P,80,87305,,2026-03-15,2026-03-16,On Time,None,1,-1,Yes,2026-03
ORD3391,2026-12-23,Super Store,Tea,Grocery,Supplier E,WH-01,Karachi,Lahore,,Van,Pakistan Railways,39,43344,,2026-12-28,2026-12-27,Delayed,Traffic,5,1,No,2026-12
ORD3392,2026-10-05,XYZ Ltd,T-Shirt,Clothing,Supplier A,WH-03,Multan,Karachi,,Rail,Pakistan Railways,45,38285,,2026-10-06,2026-10-07,On Time,None,1,-1,Yes,2026-10
ORD3393,2026-04-07,Metro Mart,Keyboard,Electronics,Supplier E,WH-04,Multan,Karachi,,Courier,Pakistan Railways,33,57663,,2026-04-10,2026-04-10,On Time,None,3,0,Yes,2026-04
ORD3394,2026-04-07,Star Enterprises,Bookshelf,Furniture,Supplier D,WH-03,Karachi,Faisalabad,,Rail,DHL,68,62303,,2026-04-11,2026-04-11,On Time,None,4,0,Yes,2026-04
ORD3395,2026-09-03,Metro Mart,Milk Powder,Grocery,Supplier E,WH-03,Lahore,Islamabad,,Van,TCS,94,101868,,2026-09-07,2026-09-08,On Time,None,4,-1,Yes,2026-09
ORD3396,2026-12-17,ABC Store,T-Shirt,Clothing,Supplier B,WH-01,Multan,Karachi,,Van,M&P,6,11372,,2026-12-20,2026-12-21,On Time,None,3,-1,Yes,2026-12
ORD3397,2026-08-06,Global Traders,Desk,Furniture,Supplier C,WH-02,Gujranwala,Lahore,,Courier,DHL,51,96616,,2026-08-12,2026-08-12,On Time,None,6,0,Yes,2026-08
ORD3398,2026-10-29,Metro Mart,Tea,Grocery,Supplier A,WH-02,Lahore,Faisalabad,,Courier,Leopards,22,40748,,2026-11-03,2026-11-03,On Time,None,5,0,Yes,2026-10
ORD3399,2026-10-03,Super Store,Laptop,Electronics,Supplier C,WH-01,Rawalpindi,Lahore,,Courier,DHL,77,138689,,2026-10-09,2026-10-09,On Time,None,6,0,Yes,2026-10
ORD3400,2026-06-10,XYZ Ltd,Rice,Grocery,Supplier C,WH-04,Islamabad,Peshawar,,Truck,Pakistan Railways,7,8652,,2026-06-12,2026-06-12,On Time,None,2,0,Yes,2026-06
ORD3401,2026-02-09,Ali Traders,Shirt,Clothing,Supplier E,WH-01,Lahore,Multan,,Rail,DHL,89,79135,,2026-02-16,2026-02-14,Delayed,Warehouse Issue,7,2,No,2026-02
ORD3402,2026-07-06,Global Traders,Printer,Electronics,Supplier E,WH-04,Islamabad,Peshawar,,Rail,M&P,4,1500,,2026-07-11,2026-07-12,On Time,None,5,-1,Yes,2026-07
ORD3403,2026-02-02,ABC Store,Mobile,Electronics,Supplier C,WH-03,Faisalabad,Lahore,,Courier,Leopards,29,57018,,2026-02-04,2026-02-04,On Time,None,2,0,Yes,2026-02
ORD3404,2026-01-30,Ali Traders,Router,Electronics,Supplier C,WH-02,Karachi,Lahore,,Courier,M&P,54,101995,,2026-01-31,2026-02-01,On Time,None,1,-1,Yes,2026-01
ORD3405,2026-01-04,XYZ Ltd,Router,Electronics,Supplier B,WH-04,Islamabad,Peshawar,,Van,Pakistan Railways,62,71846,,2026-01-10,2026-01-11,On Time,None,6,-1,Yes,2026-01
ORD3406,2026-01-03,ABC Store,Tea,Grocery,Supplier B,WH-04,Lahore,Multan,,Truck,Pakistan Railways,79,122486,,2026-01-05,2026-01-06,On Time,None,2,-1,Yes,2026-01
ORD3407,2026-12-13,City Electronics,Laptop,Electronics,Supplier D,WH-01,Islamabad,Peshawar,,Courier,M&P,35,66934,,2026-12-20,2026-12-20,On Time,None,7,0,Yes,2026-12
ORD3408,2026-01-28,XYZ Ltd,Rice,Grocery,Supplier C,WH-02,Faisalabad,Lahore,,Truck,M&P,61,89183,,2026-01-29,2026-01-30,On Time,None,1,-1,Yes,2026-01
ORD3409,2026-01-17,City Electronics,Rice,Grocery,Supplier A,WH-03,Gujranwala,Lahore,,Van,TCS,91,98021,,2026-01-23,2026-01-23,On Time,None,6,0,Yes,2026-01
ORD3410,2026-01-30,XYZ Ltd,Shoes,Clothing,Supplier E,WH-02,Gujranwala,Lahore,,Rail,Leopards,63,58672,,2026-02-04,2026-02-04,On Time,None,5,0,Yes,2026-01
ORD3411,2026-05-12,Star Enterprises,Cooking Oil,Grocery,Supplier B,WH-03,Rawalpindi,Lahore,,Rail,TCS,35,29885,,2026-05-15,2026-05-15,On Time,None,3,0,Yes,2026-05
ORD3412,2026-01-30,Super Store,Milk Powder,Grocery,Supplier E,WH-04,Karachi,Lahore,,Courier,M&P,34,65407,,2026-01-31,2026-02-01,On Time,None,1,-1,Yes,2026-01
ORD3413,2026-09-13,Global Traders,Mobile,Electronics,Supplier C,WH-01,Multan,Karachi,,Truck,M&P,72,105172,,2026-09-15,2026-09-15,On Time,None,2,0,Yes,2026-09
ORD3414,2026-07-01,Global Traders,Tablet,Electronics,Supplier D,WH-04,Gujranwala,Lahore,,Courier,M&P,6,9951,,2026-07-04,2026-07-05,On Time,None,3,-1,Yes,2026-07
ORD3415,2026-06-03,City Electronics,Cabinet,Furniture,Supplier C,WH-02,Gujranwala,Lahore,,Courier,Leopards,81,142953,,2026-06-09,2026-06-09,On Time,None,6,0,Yes,2026-06
ORD3416,2026-01-23,ABC Store,Rice,Grocery,Supplier B,WH-04,Karachi,Faisalabad,,Courier,DHL,53,96576,,2026-01-27,2026-01-27,On Time,None,4,0,Yes,2026-01
ORD3417,2026-01-23,City Electronics,Desk,Furniture,Supplier A,WH-04,Gujranwala,Lahore,,Truck,M&P,20,34160,,2026-01-25,2026-01-25,On Time,None,2,0,Yes,2026-01
ORD3418,2026-12-04,Star Enterprises,Router,Electronics,Supplier A,WH-01,Multan,Karachi,,Truck,M&P,29,43989,,2026-12-07,2026-12-08,On Time,None,3,-1,Yes,2026-12
ORD3419,2026-12-10,Metro Mart,Shoes,Clothing,Supplier D,WH-01,Karachi,Faisalabad,,Truck,M&P,33,47495,,2026-12-15,2026-12-15,On Time,None,5,0,Yes,2026-12
ORD3420,2026-01-20,Ali Traders,Shoes,Clothing,Supplier A,WH-01,Gujranwala,Lahore,,Courier,M&P,97,179476,,2026-01-21,2026-01-22,On Time,None,1,-1,Yes,2026-01
ORD3421,2026-01-03,Global Traders,T-Shirt,Clothing,Supplier C,WH-02,Lahore,Faisalabad,,Rail,M&P,47,43040,,2026-01-12,2026-01-08,Delayed,Warehouse Issue,9,4,No,2026-01
ORD3422,2026-09-04,Ali Traders,Shoes,Clothing,Supplier D,WH-02,Gujranwala,Lahore,,Truck,Pakistan Railways,93,137805,,2026-09-06,2026-09-07,On Time,None,2,-1,Yes,2026-09
ORD3423,2026-06-03,New City Store,Printer,Electronics,Supplier B,WH-01,Karachi,Faisalabad,,Van,TCS,47,49997,,2026-06-08,2026-06-08,On Time,None,5,0,Yes,2026-06
ORD3424,2026-11-15,Global Traders,Table,Furniture,Supplier D,WH-04,Karachi,Islamabad,,Truck,Pakistan Railways,87,132220,,2026-11-18,2026-11-17,Delayed,Vehicle Breakdown,3,1,No,2026-11
ORD3425,2026-10-31,New City Store,Flour,Grocery,Supplier D,WH-04,Peshawar,Islamabad,,Truck,TCS,23,36998,,2026-11-03,2026-11-03,On Time,None,3,0,Yes,2026-10
ORD3426,2026-03-08,Ali Traders,Sofa,Furniture,Supplier A,WH-01,Lahore,Faisalabad,,Truck,DHL,46,70021,,2026-03-16,2026-03-15,Delayed,Warehouse Issue,8,1,No,2026-03
ORD3427,2026-11-29,XYZ Ltd,Mouse,Electronics,Supplier B,WH-04,Lahore,Islamabad,,Van,M&P,44,50471,,2026-12-02,2026-12-03,On Time,None,3,-1,Yes,2026-11
ORD3428,2026-06-12,ABC Store,Shoes,Clothing,Supplier D,WH-01,Multan,Karachi,,Courier,DHL,74,133524,,2026-06-16,2026-06-16,On Time,None,4,0,Yes,2026-06
ORD3429,2026-04-09,Super Store,Tablet,Electronics,Supplier C,WH-02,Multan,Karachi,,Courier,DHL,19,37830,,2026-04-10,2026-04-11,On Time,None,1,-1,Yes,2026-04
ORD3430,2026-06-17,City Electronics,Rice,Grocery,Supplier E,WH-01,Multan,Karachi,,Rail,TCS,79,71697,,2026-06-23,2026-06-23,On Time,None,6,0,Yes,2026-06
ORD3431,2026-04-15,Star Enterprises,Shirt,Clothing,Supplier E,WH-02,Karachi,Faisalabad,,Rail,TCS,97,84758,,2026-04-17,2026-04-17,On Time,None,2,0,Yes,2026-04
ORD3432,2026-07-19,Pak Furniture,Tea,Grocery,Supplier C,WH-02,Gujranwala,Lahore,,Van,TCS,97,103747,,2026-07-22,2026-07-23,On Time,None,3,-1,Yes,2026-07
ORD3433,2026-12-26,Pak Furniture,Shirt,Clothing,Supplier E,WH-04,Lahore,Islamabad,,Courier,M&P,73,135463,,2027-01-02,2027-01-02,On Time,None,7,0,Yes,2026-12
ORD3434,2026-11-16,Ali Traders,Flour,Grocery,Supplier D,WH-01,Karachi,Faisalabad,,Rail,Pakistan Railways,32,26272,,2026-11-19,2026-11-20,On Time,None,3,-1,Yes,2026-11
ORD3435,2026-09-08,Star Enterprises,Tablet,Electronics,Supplier D,WH-04,Karachi,Islamabad,,Rail,TCS,25,19535,,2026-09-14,2026-09-15,On Time,None,6,-1,Yes,2026-09
ORD3436,2026-06-14,Ali Traders,Keyboard,Electronics,Supplier D,WH-03,Karachi,Islamabad,,Courier,DHL,70,127161,,2026-06-15,2026-06-16,On Time,None,1,-1,Yes,2026-06
ORD3437,2026-09-06,City Electronics,Mouse,Electronics,Supplier B,WH-02,Lahore,Faisalabad,,Rail,TCS,57,49641,,2026-09-09,2026-09-10,On Time,None,3,-1,Yes,2026-09
ORD3438,2026-01-07,Pak Furniture,Cabinet,Furniture,Supplier C,WH-01,Faisalabad,Lahore,,Rail,TCS,15,12044,,2026-01-15,2026-01-11,Delayed,Traffic,8,4,No,2026-01
ORD3439,2026-02-17,Global Traders,Uniform,Clothing,Supplier C,WH-01,Gujranwala,Lahore,,Rail,TCS,27,28389,,2026-02-22,2026-02-23,On Time,None,5,-1,Yes,2026-02
ORD3440,2026-09-29,City Electronics,Laptop,Electronics,Supplier C,WH-01,Karachi,Islamabad,,Truck,DHL,3,9428,,2026-10-05,2026-10-06,On Time,None,6,-1,Yes,2026-09
ORD3441,2026-09-10,City Electronics,Printer,Electronics,Supplier C,WH-01,Faisalabad,Lahore,,Courier,Pakistan Railways,78,144889,,2026-09-12,2026-09-13,On Time,None,2,-1,Yes,2026-09
ORD3442,2026-08-31,Super Store,Office Chair,Furniture,Supplier D,WH-03,Rawalpindi,Lahore,,Van,Pakistan Railways,60,69859,,2026-09-05,2026-09-06,On Time,None,5,-1,Yes,2026-08
ORD3443,2026-12-12,Pak Furniture,Office Chair,Furniture,Supplier B,WH-01,Multan,Karachi,,Truck,M&P,53,78127,,2026-12-17,2026-12-17,On Time,None,5,0,Yes,2026-12
ORD3444,2026-02-11,XYZ Ltd,Rice,Grocery,Supplier B,WH-04,Islamabad,Peshawar,,Rail,Pakistan Railways,12,8921,,2026-02-17,2026-02-18,On Time,None,6,-1,Yes,2026-02
ORD3445,2026-10-18,Metro Mart,Shoes,Clothing,Supplier E,WH-03,Islamabad,Peshawar,,Courier,M&P,27,53529,,2026-10-22,2026-10-23,On Time,None,4,-1,Yes,2026-10
ORD3446,2026-02-13,City Electronics,Milk Powder,Grocery,Supplier E,WH-03,Faisalabad,Lahore,,Courier,Pakistan Railways,98,174361,,2026-02-22,2026-02-17,Delayed,Supplier Delay,9,5,No,2026-02
ORD3447,2026-06-13,ABC Store,Cooking Oil,Grocery,Supplier B,WH-01,Lahore,Faisalabad,,Courier,Pakistan Railways,71,129542,,2026-06-17,2026-06-18,On Time,None,4,-1,Yes,2026-06
ORD3448,2026-05-03,Ali Traders,Table,Furniture,Supplier A,WH-03,Lahore,Multan,,Van,DHL,29,34564,,2026-05-08,2026-05-09,On Time,None,5,-1,Yes,2026-05
ORD3449,2026-02-23,New City Store,Shirt,Clothing,Supplier B,WH-03,Lahore,Islamabad,,Van,Leopards,3,2417,,2026-02-28,2026-02-25,Delayed,Weather,5,3,No,2026-02
ORD3450,2026-10-07,Super Store,Shoes,Clothing,Supplier E,WH-03,Rawalpindi,Lahore,,Truck,Leopards,84,124251,,2026-10-14,2026-10-12,Delayed,Warehouse Issue,7,2,No,2026-10
ORD3451,2026-06-11,Global Traders,Shoes,Clothing,Supplier B,WH-04,Lahore,Faisalabad,,Truck,M&P,27,45454,,2026-06-17,2026-06-16,Delayed,Supplier Delay,6,1,No,2026-06
ORD3452,2026-09-27,XYZ Ltd,Table,Furniture,Supplier A,WH-04,Lahore,Islamabad,,Truck,Pakistan Railways,75,113940,,2026-09-30,2026-09-30,On Time,None,3,0,Yes,2026-09
ORD3453,2026-01-26,Global Traders,Rice,Grocery,Supplier E,WH-04,Lahore,Multan,,Truck,TCS,73,110653,,2026-02-02,2026-02-02,On Time,None,7,0,Yes,2026-01
ORD3454,2026-04-07,Super Store,T-Shirt,Clothing,Supplier B,WH-01,Multan,Karachi,,Courier,TCS,2,3699,,2026-04-11,2026-04-12,On Time,None,4,-1,Yes,2026-04
ORD3455,2026-03-23,Global Traders,Printer,Electronics,Supplier B,WH-03,Lahore,Multan,,Rail,Leopards,42,38925,,2026-03-24,2026-03-25,On Time,None,1,-1,Yes,2026-03
ORD3456,2026-12-13,Global Traders,Table,Furniture,Supplier C,WH-01,Karachi,Faisalabad,,Courier,Pakistan Railways,57,99668,,2026-12-21,2026-12-16,Delayed,Traffic,8,5,No,2026-12
ORD3457,2026-09-29,Metro Mart,Tea,Grocery,Supplier A,WH-03,Gujranwala,Lahore,,Rail,M&P,68,61935,,2026-10-05,2026-10-05,On Time,None,6,0,Yes,2026-09
ORD3458,2026-10-01,Metro Mart,Desk,Furniture,Supplier D,WH-03,Lahore,Faisalabad,,Courier,Leopards,95,173197,,2026-10-03,2026-10-04,On Time,None,2,-1,Yes,2026-10
ORD3459,2026-02-21,Metro Mart,Laptop,Electronics,Supplier D,WH-04,Gujranwala,Lahore,,Courier,M&P,8,14022,,2026-02-28,2026-02-28,On Time,None,7,0,Yes,2026-02
ORD3460,2026-11-22,City Electronics,Bookshelf,Furniture,Supplier A,WH-04,Gujranwala,Lahore,,Truck,DHL,57,86792,,2026-11-25,2026-11-25,On Time,None,3,0,Yes,2026-11
ORD3461,2026-12-28,Metro Mart,Shirt,Clothing,Supplier B,WH-04,Gujranwala,Lahore,,Courier,TCS,37,70934,,2026-12-30,2026-12-30,On Time,None,2,0,Yes,2026-12
ORD3462,2026-09-07,Star Enterprises,Monitor,Electronics,Supplier D,WH-02,Gujranwala,Lahore,,Truck,M&P,22,37971,,2026-09-09,2026-09-09,On Time,None,2,0,Yes,2026-09
ORD3463,2026-07-18,XYZ Ltd,Cooking Oil,Grocery,Supplier E,WH-03,Gujranwala,Lahore,,Rail,DHL,26,27240,,2026-07-19,2026-07-20,On Time,None,1,-1,Yes,2026-07
ORD3464,2026-08-19,Metro Mart,Keyboard,Electronics,Supplier E,WH-04,Multan,Karachi,,Courier,DHL,5,10324,,2026-08-23,2026-08-23,On Time,None,4,0,Yes,2026-08
ORD3465,2026-09-24,City Electronics,Jacket,Clothing,Supplier A,WH-01,Faisalabad,Lahore,,Courier,Leopards,38,68728,,2026-10-04,2026-09-29,Delayed,Supplier Delay,10,5,No,2026-09
ORD3466,2026-12-24,Global Traders,Cooking Oil,Grocery,Supplier C,WH-02,Faisalabad,Lahore,,Rail,M&P,20,17155,,2026-12-28,2026-12-28,On Time,None,4,0,Yes,2026-12
ORD3467,2026-07-25,Global Traders,Cabinet,Furniture,Supplier B,WH-01,Rawalpindi,Lahore,,Van,DHL,92,101640,,2026-07-29,2026-07-30,On Time,None,4,-1,Yes,2026-07
ORD3468,2026-08-10,Ali Traders,Keyboard,Electronics,Supplier C,WH-01,Islamabad,Peshawar,,Van,Leopards,92,105770,,2026-08-12,2026-08-13,On Time,None,2,-1,Yes,2026-08
ORD3469,2026-05-02,New City Store,Office Chair,Furniture,Supplier B,WH-04,Lahore,Multan,,Van,M&P,83,95518,,2026-05-06,2026-05-06,On Time,None,4,0,Yes,2026-05
ORD3470,2026-04-06,New City Store,Shoes,Clothing,Supplier A,WH-01,Islamabad,Peshawar,,Rail,Leopards,48,44273,,2026-04-09,2026-04-10,On Time,None,3,-1,Yes,2026-04
ORD3471,2026-10-14,City Electronics,Sofa,Furniture,Supplier A,WH-03,Peshawar,Islamabad,,Van,Leopards,19,21840,,2026-10-16,2026-10-17,On Time,None,2,-1,Yes,2026-10
ORD3472,2026-11-28,Super Store,Laptop,Electronics,Supplier A,WH-02,Multan,Karachi,,Courier,M&P,50,92215,,2026-11-30,2026-11-30,On Time,None,2,0,Yes,2026-11
ORD3473,2026-02-08,City Electronics,Mobile,Electronics,Supplier A,WH-01,Peshawar,Islamabad,,Truck,Leopards,51,76413,,2026-02-15,2026-02-15,On Time,None,7,0,Yes,2026-02
ORD3474,2026-06-08,Pak Furniture,Milk Powder,Grocery,Supplier B,WH-01,Lahore,Islamabad,,Truck,Leopards,67,104621,,2026-06-11,2026-06-12,On Time,None,3,-1,Yes,2026-06
ORD3475,2026-12-02,Global Traders,Milk Powder,Grocery,Supplier B,WH-01,Karachi,Faisalabad,,Rail,DHL,92,80869,,2026-12-06,2026-12-06,On Time,None,4,0,Yes,2026-12
ORD3476,2026-12-18,Metro Mart,Router,Electronics,Supplier B,WH-02,Karachi,Lahore,,Courier,Leopards,48,90125,,2026-12-22,2026-12-23,On Time,None,4,-1,Yes,2026-12
ORD3477,2026-01-24,Global Traders,Mouse,Electronics,Supplier A,WH-01,Rawalpindi,Lahore,,Truck,DHL,86,133478,,2026-01-30,2026-01-28,Delayed,Vehicle Breakdown,6,2,No,2026-01
ORD3478,2026-01-18,Ali Traders,Jacket,Clothing,Supplier B,WH-02,Rawalpindi,Lahore,,Courier,M&P,32,57140,,2026-01-24,2026-01-24,On Time,None,6,0,Yes,2026-01
ORD3479,2026-06-23,XYZ Ltd,Uniform,Clothing,Supplier C,WH-01,Faisalabad,Lahore,,Van,M&P,64,74680,,2026-06-28,2026-06-28,On Time,None,5,0,Yes,2026-06
ORD3480,2026-02-10,ABC Store,Shirt,Clothing,Supplier B,WH-03,Gujranwala,Lahore,,Rail,DHL,92,86668,,2026-02-16,2026-02-16,On Time,None,6,0,Yes,2026-02
ORD3481,2026-06-25,Pak Furniture,Jacket,Clothing,Supplier E,WH-02,Lahore,Islamabad,,Rail,TCS,87,78120,,2026-07-04,2026-06-29,Delayed,Weather,9,5,No,2026-06
ORD3482,2026-04-27,Ali Traders,Mouse,Electronics,Supplier C,WH-02,Lahore,Islamabad,,Van,DHL,78,90660,,2026-05-02,2026-05-02,On Time,None,5,0,Yes,2026-04
ORD3483,2026-05-31,City Electronics,Table,Furniture,Supplier B,WH-03,Faisalabad,Lahore,,Courier,Pakistan Railways,55,103771,,2026-06-05,2026-06-05,On Time,None,5,0,Yes,2026-05
ORD3484,2026-12-29,Ali Traders,Cooking Oil,Grocery,Supplier D,WH-02,Karachi,Islamabad,,Courier,M&P,80,144938,,2026-12-31,2027-01-01,On Time,None,2,-1,Yes,2026-12
ORD3485,2026-12-05,City Electronics,Laptop,Electronics,Supplier D,WH-04,Karachi,Faisalabad,,Truck,TCS,5,9386,,2026-12-11,2026-12-11,On Time,None,6,0,Yes,2026-12
ORD3486,2026-05-30,XYZ Ltd,Cabinet,Furniture,Supplier E,WH-02,Karachi,Lahore,,Courier,M&P,17,28592,,2026-06-02,2026-06-02,On Time,None,3,0,Yes,2026-05
ORD3487,2026-07-02,Star Enterprises,Tea,Grocery,Supplier D,WH-01,Lahore,Multan,,Rail,Pakistan Railways,76,65985,,2026-07-04,2026-07-04,On Time,None,2,0,Yes,2026-07
ORD3488,2026-08-29,New City Store,Keyboard,Electronics,Supplier E,WH-03,Islamabad,Peshawar,,Rail,M&P,49,43969,,2026-08-30,2026-08-31,On Time,None,1,-1,Yes,2026-08
ORD3489,2026-05-27,Metro Mart,Flour,Grocery,Supplier A,WH-04,Gujranwala,Lahore,,Truck,Pakistan Railways,99,145664,,2026-05-31,2026-06-01,On Time,None,4,-1,Yes,2026-05
ORD3490,2026-02-06,Metro Mart,Tea,Grocery,Supplier C,WH-02,Faisalabad,Lahore,,Courier,Pakistan Railways,96,176217,,2026-02-13,2026-02-13,On Time,None,7,0,Yes,2026-02
ORD3491,2026-11-14,Ali Traders,Trousers,Clothing,Supplier A,WH-02,Lahore,Faisalabad,,Van,TCS,82,88025,,2026-11-19,2026-11-16,Delayed,Weather,5,3,No,2026-11
ORD3492,2026-02-18,Star Enterprises,Keyboard,Electronics,Supplier C,WH-03,Rawalpindi,Lahore,,Van,Leopards,82,95159,,2026-02-24,2026-02-23,Delayed,Vehicle Breakdown,6,1,No,2026-02
ORD3493,2026-01-15,Global Traders,Keyboard,Electronics,Supplier A,WH-04,Lahore,Multan,,Courier,DHL,24,43835,,2026-01-23,2026-01-20,Delayed,Weather,8,3,No,2026-01
ORD3494,2026-03-08,Super Store,Cooking Oil,Grocery,Supplier B,WH-01,Rawalpindi,Lahore,,Truck,M&P,95,143522,,2026-03-09,2026-03-10,On Time,None,1,-1,Yes,2026-03
ORD3495,2026-08-14,New City Store,Shoes,Clothing,Supplier C,WH-02,Gujranwala,Lahore,,Van,Pakistan Railways,76,85693,,2026-08-18,2026-08-19,On Time,None,4,-1,Yes,2026-08
ORD3496,2026-07-19,New City Store,Printer,Electronics,Supplier C,WH-03,Karachi,Islamabad,,Truck,Pakistan Railways,70,107518,,2026-07-22,2026-07-22,On Time,None,3,0,Yes,2026-07
ORD3497,2026-08-20,New City Store,Cabinet,Furniture,Supplier B,WH-04,Lahore,Multan,,Truck,TCS,54,84580,,2026-08-29,2026-08-24,Delayed,Supplier Delay,9,5,No,2026-08
ORD3498,2026-06-10,XYZ Ltd,Jacket,Clothing,Supplier D,WH-04,Karachi,Lahore,,Rail,M&P,95,84334,,2026-06-12,2026-06-13,On Time,None,2,-1,Yes,2026-06
ORD3499,2026-11-28,Global Traders,Chair,Furniture,Supplier B,WH-03,Rawalpindi,Lahore,,Rail,Leopards,9,10148,,2026-12-03,2026-12-03,On Time,None,5,0,Yes,2026-11
ORD3500,2026-07-14,Pak Furniture,Tablet,Electronics,Supplier A,WH-01,Lahore,Islamabad,,Truck,DHL,64,97328,,2026-07-19,2026-07-19,On Time,None,5,0,Yes,2026-07
ORD3501,2026-09-25,Global Traders,Laptop,Electronics,Supplier C,WH-01,Karachi,Faisalabad,,Van,M&P,30,34200,,2026-10-06,2026-10-02,Delayed,Weather,11,4,No,2026-09
ORD3502,2026-02-18,New City Store,Keyboard,Electronics,Supplier B,WH-04,Multan,Karachi,,Van,DHL,94,104957,,2026-02-22,2026-02-23,On Time,None,4,-1,Yes,2026-02
ORD3503,2026-12-29,Global Traders,Milk Powder,Grocery,Supplier D,WH-02,Lahore,Multan,,Courier,Pakistan Railways,87,158605,,2027-01-02,2027-01-03,On Time,None,4,-1,Yes,2026-12
ORD3504,2026-02-09,Pak Furniture,Bookshelf,Furniture,Supplier C,WH-02,Lahore,Faisalabad,,Courier,DHL,85,150215,,2026-02-13,2026-02-14,On Time,None,4,-1,Yes,2026-02
ORD3505,2026-02-19,City Electronics,Flour,Grocery,Supplier E,WH-03,Karachi,Lahore,,Courier,M&P,41,78738,,2026-02-26,2026-02-26,On Time,None,7,0,Yes,2026-02
ORD3506,2026-04-01,City Electronics,Cabinet,Furniture,Supplier C,WH-01,Peshawar,Islamabad,,Van,Leopards,58,68510,,2026-04-11,2026-04-08,Delayed,Warehouse Issue,10,3,No,2026-04
ORD3507,2026-04-28,Super Store,Rice,Grocery,Supplier D,WH-01,Faisalabad,Lahore,,Truck,Pakistan Railways,20,29863,,2026-04-29,2026-04-30,On Time,None,1,-1,Yes,2026-04
ORD3508,2026-01-16,Metro Mart,Mouse,Electronics,Supplier D,WH-02,Lahore,Islamabad,,Courier,M&P,75,132863,,2026-01-20,2026-01-20,On Time,None,4,0,Yes,2026-01
ORD3509,2026-08-01,Super Store,Mouse,Electronics,Supplier D,WH-04,Karachi,Faisalabad,,Courier,TCS,12,24497,,2026-08-08,2026-08-05,Delayed,Weather,7,3,No,2026-08
ORD3510,2026-05-20,Ali Traders,Laptop,Electronics,Supplier B,WH-04,Karachi,Faisalabad,,Rail,M&P,59,53200,,2026-05-27,2026-05-27,On Time,None,7,0,Yes,2026-05
ORD3511,2026-08-03,Super Store,Milk Powder,Grocery,Supplier D,WH-02,Gujranwala,Lahore,,Van,Pakistan Railways,83,92204,,2026-08-07,2026-08-08,On Time,None,4,-1,Yes,2026-08
ORD3512,2026-01-31,Pak Furniture,Mouse,Electronics,Supplier E,WH-03,Peshawar,Islamabad,,Truck,DHL,31,45496,,2026-02-02,2026-02-02,On Time,None,2,0,Yes,2026-01
ORD3513,2026-08-07,XYZ Ltd,Printer,Electronics,Supplier D,WH-01,Multan,Karachi,,Truck,Leopards,43,63304,,2026-08-11,2026-08-12,On Time,None,4,-1,Yes,2026-08
ORD3514,2026-06-14,Metro Mart,Sugar,Grocery,Supplier E,WH-01,Rawalpindi,Lahore,,Truck,Leopards,20,31741,,2026-06-22,2026-06-17,Delayed,Warehouse Issue,8,5,No,2026-06
ORD3515,2026-02-27,Pak Furniture,Router,Electronics,Supplier A,WH-01,Multan,Karachi,,Courier,TCS,51,93747,,2026-03-01,2026-03-01,On Time,None,2,0,Yes,2026-02
ORD3516,2026-01-30,Pak Furniture,Printer,Electronics,Supplier A,WH-01,Rawalpindi,Lahore,,Courier,Leopards,78,140928,,2026-02-06,2026-02-06,On Time,None,7,0,Yes,2026-01
ORD3517,2026-07-31,Global Traders,Mouse,Electronics,Supplier A,WH-04,Karachi,Islamabad,,Courier,TCS,20,34225,,2026-08-05,2026-08-06,On Time,None,5,-1,Yes,2026-07
ORD3518,2026-01-10,Star Enterprises,T-Shirt,Clothing,Supplier E,WH-03,Gujranwala,Lahore,,Courier,Leopards,73,132816,,2026-01-15,2026-01-16,On Time,None,5,-1,Yes,2026-01
ORD3519,2026-05-12,Metro Mart,Jacket,Clothing,Supplier E,WH-04,Lahore,Faisalabad,,Courier,Pakistan Railways,88,158929,,2026-05-15,2026-05-15,On Time,None,3,0,Yes,2026-05
ORD3520,2026-09-15,XYZ Ltd,Chair,Furniture,Supplier A,WH-04,Karachi,Lahore,,Rail,M&P,63,60371,,2026-09-19,2026-09-19,On Time,None,4,0,Yes,2026-09
ORD3521,2026-01-09,ABC Store,Office Chair,Furniture,Supplier B,WH-04,Rawalpindi,Lahore,,Van,TCS,9,13742,,2026-01-12,2026-01-13,On Time,None,3,-1,Yes,2026-01
ORD3522,2026-05-22,Ali Traders,Cabinet,Furniture,Supplier B,WH-03,Multan,Karachi,,Rail,Pakistan Railways,83,78498,,2026-05-24,2026-05-24,On Time,None,2,0,Yes,2026-05
ORD3523,2026-02-10,Super Store,Rice,Grocery,Supplier E,WH-03,Karachi,Faisalabad,,Van,DHL,85,91366,,2026-02-14,2026-02-14,On Time,None,4,0,Yes,2026-02
ORD3524,2026-11-24,Metro Mart,T-Shirt,Clothing,Supplier A,WH-02,Karachi,Lahore,,Truck,M&P,14,22199,,2026-12-03,2026-12-01,Delayed,Warehouse Issue,9,2,No,2026-11
ORD3525,2026-10-25,Ali Traders,Printer,Electronics,Supplier D,WH-01,Karachi,Islamabad,,Courier,M&P,37,68502,,2026-11-01,2026-10-29,Delayed,Supplier Delay,7,3,No,2026-10
ORD3526,2026-02-03,Pak Furniture,Monitor,Electronics,Supplier E,WH-03,Lahore,Multan,,Courier,Pakistan Railways,73,135663,,2026-02-04,2026-02-05,On Time,None,1,-1,Yes,2026-02
ORD3527,2026-11-15,XYZ Ltd,T-Shirt,Clothing,Supplier E,WH-01,Lahore,Islamabad,,Courier,TCS,82,148063,,2026-11-24,2026-11-21,Delayed,Vehicle Breakdown,9,3,No,2026-11
ORD3528,2026-02-11,Super Store,Uniform,Clothing,Supplier D,WH-01,Karachi,Lahore,,Courier,Leopards,88,156646,,2026-02-16,2026-02-17,On Time,None,5,-1,Yes,2026-02
ORD3529,2026-07-29,Global Traders,Laptop,Electronics,Supplier C,WH-03,Lahore,Faisalabad,,Van,M&P,87,92795,,2026-08-02,2026-08-02,On Time,None,4,0,Yes,2026-07
ORD3530,2026-09-06,New City Store,Milk Powder,Grocery,Supplier D,WH-02,Karachi,Islamabad,,Truck,TCS,30,42481,,2026-09-10,2026-09-09,Delayed,Supplier Delay,4,1,No,2026-09
ORD3531,2026-07-31,ABC Store,Jacket,Clothing,Supplier E,WH-04,Lahore,Multan,,Van,M&P,79,86388,,2026-08-07,2026-08-07,On Time,None,7,0,Yes,2026-07
ORD3532,2026-05-16,ABC Store,Tea,Grocery,Supplier C,WH-02,Lahore,Multan,,Rail,TCS,77,70990,,2026-05-20,2026-05-18,Delayed,Warehouse Issue,4,2,No,2026-05
ORD3533,2026-04-29,Metro Mart,Tea,Grocery,Supplier B,WH-02,Rawalpindi,Lahore,,Courier,Leopards,8,15754,,2026-05-02,2026-05-03,On Time,None,3,-1,Yes,2026-04
ORD3534,2026-08-05,Star Enterprises,Table,Furniture,Supplier E,WH-03,Gujranwala,Lahore,,Rail,M&P,26,26086,,2026-08-08,2026-08-09,On Time,None,3,-1,Yes,2026-08
ORD3535,2026-02-16,Metro Mart,Mobile,Electronics,Supplier A,WH-03,Karachi,Faisalabad,,Rail,Leopards,52,48731,,2026-02-20,2026-02-20,On Time,None,4,0,Yes,2026-02
ORD3536,2026-02-22,Metro Mart,Flour,Grocery,Supplier B,WH-02,Islamabad,Peshawar,,Courier,M&P,2,4730,,2026-02-24,2026-02-25,On Time,None,2,-1,Yes,2026-02
ORD3537,2026-03-02,Global Traders,Sugar,Grocery,Supplier C,WH-02,Karachi,Faisalabad,,Van,DHL,36,38522,,2026-03-05,2026-03-06,On Time,None,3,-1,Yes,2026-03
ORD3538,2026-04-15,New City Store,Milk Powder,Grocery,Supplier D,WH-04,Faisalabad,Lahore,,Courier,DHL,71,124853,,2026-04-22,2026-04-20,Delayed,Vehicle Breakdown,7,2,No,2026-04
ORD3539,2026-01-10,Ali Traders,Uniform,Clothing,Supplier C,WH-03,Faisalabad,Lahore,,Truck,M&P,67,98898,,2026-01-15,2026-01-16,On Time,None,5,-1,Yes,2026-01
ORD3540,2026-09-01,Star Enterprises,Cabinet,Furniture,Supplier D,WH-02,Faisalabad,Lahore,,Rail,Pakistan Railways,57,54431,,2026-09-04,2026-09-04,On Time,None,3,0,Yes,2026-09
ORD3541,2026-01-12,Super Store,Bookshelf,Furniture,Supplier C,WH-04,Gujranwala,Lahore,,Van,Leopards,3,4589,,2026-01-13,2026-01-14,On Time,None,1,-1,Yes,2026-01
ORD3542,2026-12-13,XYZ Ltd,Trousers,Clothing,Supplier B,WH-01,Multan,Karachi,,Courier,M&P,3,2920,,2026-12-14,2026-12-15,On Time,None,1,-1,Yes,2026-12
ORD3543,2026-11-22,Global Traders,Monitor,Electronics,Supplier C,WH-01,Karachi,Islamabad,,Courier,Leopards,44,82402,,2026-11-27,2026-11-27,On Time,None,5,0,Yes,2026-11
ORD3544,2026-04-19,Global Traders,Monitor,Electronics,Supplier D,WH-04,Lahore,Islamabad,,Truck,M&P,32,49144,,2026-04-21,2026-04-22,On Time,None,2,-1,Yes,2026-04
ORD3545,2026-04-01,XYZ Ltd,Bookshelf,Furniture,Supplier E,WH-04,Faisalabad,Lahore,,Courier,M&P,25,48221,,2026-04-08,2026-04-08,On Time,None,7,0,Yes,2026-04
ORD3546,2026-05-19,City Electronics,Rice,Grocery,Supplier B,WH-03,Multan,Karachi,,Van,DHL,20,19098,,2026-05-24,2026-05-25,On Time,None,5,-1,Yes,2026-05
ORD3547,2026-05-24,Super Store,Milk Powder,Grocery,Supplier C,WH-02,Peshawar,Islamabad,,Courier,TCS,27,49841,,2026-05-26,2026-05-26,On Time,None,2,0,Yes,2026-05
ORD3548,2026-01-23,Super Store,Cabinet,Furniture,Supplier E,WH-03,Faisalabad,Lahore,,Truck,TCS,50,77390,,2026-01-31,2026-01-29,Delayed,Supplier Delay,8,2,No,2026-01
ORD3549,2026-03-14,ABC Store,Trousers,Clothing,Supplier E,WH-04,Lahore,Islamabad,,Rail,DHL,63,57852,,2026-03-17,2026-03-18,On Time,None,3,-1,Yes,2026-03
ORD3550,2026-01-30,Metro Mart,Uniform,Clothing,Supplier B,WH-01,Faisalabad,Lahore,,Courier,Pakistan Railways,43,79735,,2026-02-05,2026-02-06,On Time,None,6,-1,Yes,2026-01
ORD3551,2026-06-11,Ali Traders,T-Shirt,Clothing,Supplier C,WH-01,Lahore,Multan,,Van,M&P,22,25681,,2026-06-16,2026-06-17,On Time,None,5,-1,Yes,2026-06
ORD3552,2026-12-13,Star Enterprises,Shirt,Clothing,Supplier E,WH-01,Karachi,Lahore,,Truck,Leopards,13,18812,,2026-12-18,2026-12-19,On Time,None,5,-1,Yes,2026-12
ORD3553,2026-12-27,Super Store,Monitor,Electronics,Supplier D,WH-01,Lahore,Faisalabad,,Rail,Pakistan Railways,85,77641,,2026-12-31,2026-12-31,On Time,None,4,0,Yes,2026-12
ORD3554,2026-04-18,Global Traders,Office Chair,Furniture,Supplier A,WH-02,Lahore,Multan,,Courier,Leopards,64,119193,,2026-04-22,2026-04-23,On Time,None,4,-1,Yes,2026-04
ORD3555,2026-02-07,New City Store,Laptop,Electronics,Supplier C,WH-02,Lahore,Faisalabad,,Rail,DHL,6,8717,,2026-02-13,2026-02-13,On Time,None,6,0,Yes,2026-02
ORD3556,2026-06-18,Super Store,Sugar,Grocery,Supplier A,WH-01,Lahore,Faisalabad,,Truck,TCS,68,105948,,2026-06-25,2026-06-25,On Time,None,7,0,Yes,2026-06
ORD3557,2026-03-27,New City Store,Monitor,Electronics,Supplier A,WH-01,Lahore,Multan,,Courier,M&P,80,146666,,2026-03-31,2026-04-01,On Time,None,4,-1,Yes,2026-03
ORD3558,2026-04-22,Ali Traders,Bookshelf,Furniture,Supplier B,WH-01,Lahore,Multan,,Truck,Leopards,68,99928,,2026-04-26,2026-04-27,On Time,None,4,-1,Yes,2026-04
ORD3559,2026-06-07,XYZ Ltd,Office Chair,Furniture,Supplier B,WH-04,Faisalabad,Lahore,,Truck,TCS,69,103100,,2026-06-12,2026-06-13,On Time,None,5,-1,Yes,2026-06
ORD3560,2026-08-01,Metro Mart,Printer,Electronics,Supplier A,WH-04,Faisalabad,Lahore,,Van,Leopards,22,28382,,2026-08-11,2026-08-06,Delayed,Traffic,10,5,No,2026-08
ORD3561,2026-01-05,New City Store,Sugar,Grocery,Supplier A,WH-01,Lahore,Islamabad,,Truck,Leopards,78,119396,,2026-01-07,2026-01-08,On Time,None,2,-1,Yes,2026-01
ORD3562,2026-04-26,Super Store,Table,Furniture,Supplier B,WH-01,Karachi,Lahore,,Van,Leopards,5,3946,,2026-04-27,2026-04-28,On Time,None,1,-1,Yes,2026-04
ORD3563,2026-11-02,City Electronics,Mobile,Electronics,Supplier C,WH-04,Peshawar,Islamabad,,Courier,TCS,91,162735,,2026-11-11,2026-11-07,Delayed,Warehouse Issue,9,4,No,2026-11
ORD3564,2026-03-15,Global Traders,Chair,Furniture,Supplier C,WH-03,Lahore,Islamabad,,Truck,Leopards,95,146401,,2026-03-18,2026-03-18,On Time,None,3,0,Yes,2026-03
ORD3565,2026-04-28,Metro Mart,Desk,Furniture,Supplier A,WH-01,Multan,Karachi,,Van,Leopards,17,18366,,2026-05-05,2026-04-30,Delayed,Vehicle Breakdown,7,5,No,2026-04
ORD3566,2026-07-13,ABC Store,Trousers,Clothing,Supplier A,WH-03,Karachi,Faisalabad,,Truck,M&P,13,18195,,2026-07-15,2026-07-16,On Time,None,2,-1,Yes,2026-07
ORD3567,2026-10-30,Super Store,Trousers,Clothing,Supplier A,WH-02,Karachi,Islamabad,,Truck,Leopards,40,57764,,2026-11-06,2026-11-06,On Time,None,7,0,Yes,2026-10
ORD3568,2026-10-18,Super Store,Jacket,Clothing,Supplier B,WH-02,Peshawar,Islamabad,,Truck,DHL,50,73845,,2026-10-25,2026-10-25,On Time,None,7,0,Yes,2026-10
ORD3569,2026-09-04,City Electronics,Table,Furniture,Supplier E,WH-01,Peshawar,Islamabad,,Rail,Pakistan Railways,3,5455,,2026-09-11,2026-09-06,Delayed,Vehicle Breakdown,7,5,No,2026-09
ORD3570,2026-02-22,Super Store,Bookshelf,Furniture,Supplier D,WH-04,Faisalabad,Lahore,,Truck,TCS,92,137540,,2026-02-26,2026-02-27,On Time,None,4,-1,Yes,2026-02
ORD3571,2026-05-18,Super Store,Rice,Grocery,Supplier A,WH-02,Peshawar,Islamabad,,Rail,M&P,47,43485,,2026-05-25,2026-05-25,On Time,None,7,0,Yes,2026-05
ORD3572,2026-07-18,City Electronics,Chair,Furniture,Supplier A,WH-01,Karachi,Faisalabad,,Truck,DHL,28,40385,,2026-07-23,2026-07-20,Delayed,Traffic,5,3,No,2026-07
ORD3573,2026-11-04,Star Enterprises,Mouse,Electronics,Supplier A,WH-01,Rawalpindi,Lahore,,Rail,TCS,59,58038,,2026-11-13,2026-11-08,Delayed,Weather,9,5,No,2026-11
ORD3574,2026-07-19,Global Traders,Uniform,Clothing,Supplier C,WH-01,Karachi,Islamabad,,Courier,TCS,51,94104,,2026-07-22,2026-07-22,On Time,None,3,0,Yes,2026-07
ORD3575,2026-04-11,New City Store,Jacket,Clothing,Supplier D,WH-04,Lahore,Multan,,Truck,DHL,1,1500,,2026-04-16,2026-04-17,On Time,None,5,-1,Yes,2026-04
ORD3576,2026-01-16,Metro Mart,Uniform,Clothing,Supplier C,WH-02,Karachi,Islamabad,,Courier,Leopards,97,174019,,2026-01-17,2026-01-18,On Time,None,1,-1,Yes,2026-01
ORD3577,2026-12-30,Global Traders,Router,Electronics,Supplier C,WH-03,Islamabad,Peshawar,,Truck,M&P,47,72255,,2027-01-02,2027-01-03,On Time,None,3,-1,Yes,2026-12
ORD3578,2026-01-26,XYZ Ltd,Mouse,Electronics,Supplier E,WH-03,Karachi,Islamabad,,Courier,DHL,41,74279,,2026-02-03,2026-01-30,Delayed,Weather,8,4,No,2026-01
ORD3579,2026-10-31,City Electronics,Sofa,Furniture,Supplier A,WH-01,Peshawar,Islamabad,,Truck,Pakistan Railways,67,105203,,2026-11-02,2026-11-03,On Time,None,2,-1,Yes,2026-10
ORD3580,2026-11-27,Star Enterprises,Printer,Electronics,Supplier D,WH-03,Rawalpindi,Lahore,,Truck,DHL,26,39427,,2026-11-28,2026-11-29,On Time,None,1,-1,Yes,2026-11
ORD3581,2026-09-09,Ali Traders,Shirt,Clothing,Supplier B,WH-02,Faisalabad,Lahore,,Van,M&P,42,50638,,2026-09-11,2026-09-12,On Time,None,2,-1,Yes,2026-09
ORD3582,2026-04-07,City Electronics,Router,Electronics,Supplier D,WH-02,Lahore,Multan,,Truck,Pakistan Railways,45,66950,,2026-04-09,2026-04-09,On Time,None,2,0,Yes,2026-04
ORD3583,2026-12-14,Ali Traders,Mouse,Electronics,Supplier B,WH-04,Peshawar,Islamabad,,Truck,M&P,99,150000,,2026-12-17,2026-12-18,On Time,None,3,-1,Yes,2026-12
ORD3584,2026-08-17,Metro Mart,Table,Furniture,Supplier E,WH-04,Peshawar,Islamabad,,Truck,TCS,98,151513,,2026-08-28,2026-08-23,Delayed,Warehouse Issue,11,5,No,2026-08
ORD3585,2026-11-30,Pak Furniture,Shirt,Clothing,Supplier B,WH-01,Multan,Karachi,,Rail,Leopards,36,35305,,2026-12-05,2026-12-05,On Time,None,5,0,Yes,2026-11
ORD3586,2026-07-12,City Electronics,T-Shirt,Clothing,Supplier C,WH-04,Lahore,Multan,,Rail,TCS,72,63942,,2026-07-17,2026-07-16,Delayed,Vehicle Breakdown,5,1,No,2026-07
ORD3587,2026-05-07,New City Store,Desk,Furniture,Supplier D,WH-01,Peshawar,Islamabad,,Van,Pakistan Railways,56,59581,,2026-05-12,2026-05-09,Delayed,Vehicle Breakdown,5,3,No,2026-05
ORD3588,2026-02-24,City Electronics,Cabinet,Furniture,Supplier B,WH-03,Karachi,Faisalabad,,Rail,DHL,2,1500,,2026-02-27,2026-02-27,On Time,None,3,0,Yes,2026-02
ORD3589,2026-06-22,New City Store,Mobile,Electronics,Supplier E,WH-01,Faisalabad,Lahore,,Van,Pakistan Railways,27,33329,,2026-06-27,2026-06-28,On Time,None,5,-1,Yes,2026-06
ORD3590,2026-06-23,Metro Mart,Mouse,Electronics,Supplier D,WH-02,Lahore,Islamabad,,Van,TCS,30,34604,,2026-06-28,2026-06-29,On Time,None,5,-1,Yes,2026-06
ORD3591,2026-08-09,Global Traders,Shoes,Clothing,Supplier E,WH-02,Gujranwala,Lahore,,Truck,Pakistan Railways,83,122507,,2026-08-17,2026-08-16,Delayed,Warehouse Issue,8,1,No,2026-08
ORD3592,2026-02-21,New City Store,Shirt,Clothing,Supplier E,WH-03,Rawalpindi,Lahore,,Rail,M&P,45,45169,,2026-02-28,2026-02-28,On Time,None,7,0,Yes,2026-02
ORD3593,2026-10-30,ABC Store,Sugar,Grocery,Supplier E,WH-04,Multan,Karachi,,Courier,DHL,71,130071,,2026-11-03,2026-11-03,On Time,None,4,0,Yes,2026-10
ORD3594,2026-07-10,Super Store,Shoes,Clothing,Supplier E,WH-03,Peshawar,Islamabad,,Courier,Pakistan Railways,21,39413,,2026-07-19,2026-07-15,Delayed,Weather,9,4,No,2026-07
ORD3595,2026-03-26,Global Traders,Table,Furniture,Supplier C,WH-02,Rawalpindi,Lahore,,Truck,DHL,87,134559,,2026-04-01,2026-04-02,On Time,None,6,-1,Yes,2026-03
ORD3596,2026-06-17,Super Store,Jacket,Clothing,Supplier A,WH-03,Karachi,Lahore,,Van,M&P,25,24672,,2026-06-21,2026-06-22,On Time,None,4,-1,Yes,2026-06
ORD3597,2026-03-18,New City Store,Shoes,Clothing,Supplier E,WH-01,Karachi,Faisalabad,,Courier,TCS,46,86438,,2026-03-24,2026-03-25,On Time,None,6,-1,Yes,2026-03
ORD3598,2026-08-30,Ali Traders,Bookshelf,Furniture,Supplier C,WH-02,Islamabad,Peshawar,,Courier,DHL,57,101650,,2026-09-06,2026-09-06,On Time,None,7,0,Yes,2026-08
ORD3599,2026-05-08,Star Enterprises,Mobile,Electronics,Supplier B,WH-01,Lahore,Faisalabad,,Rail,DHL,37,30914,,2026-05-11,2026-05-11,On Time,None,3,0,Yes,2026-05
ORD3600,2026-03-03,Super Store,Sofa,Furniture,Supplier A,WH-01,Karachi,Lahore,,Rail,Leopards,49,48679,,2026-03-08,2026-03-06,Delayed,Vehicle Breakdown,5,2,No,2026-03
ORD3601,2026-08-25,Star Enterprises,Trousers,Clothing,Supplier C,WH-03,Karachi,Lahore,,Rail,M&P,45,44000,,2026-08-30,2026-08-30,On Time,None,5,0,Yes,2026-08
ORD3602,2026-04-10,ABC Store,Mouse,Electronics,Supplier E,WH-03,Peshawar,Islamabad,,Van,Leopards,52,56095,,2026-04-14,2026-04-15,On Time,None,4,-1,Yes,2026-04
ORD3603,2026-01-08,Star Enterprises,Sugar,Grocery,Supplier E,WH-02,Lahore,Islamabad,,Truck,M&P,71,108971,,2026-01-11,2026-01-12,On Time,None,3,-1,Yes,2026-01
ORD3604,2026-07-27,Pak Furniture,Shirt,Clothing,Supplier E,WH-01,Karachi,Faisalabad,,Rail,TCS,66,62001,,2026-08-04,2026-08-02,Delayed,Vehicle Breakdown,8,2,No,2026-07
ORD3605,2026-05-26,Super Store,Cabinet,Furniture,Supplier E,WH-02,Multan,Karachi,,Truck,Leopards,27,39648,,2026-06-02,2026-06-02,On Time,None,7,0,Yes,2026-05
ORD3606,2026-04-22,Super Store,Chair,Furniture,Supplier C,WH-02,Gujranwala,Lahore,,Truck,Pakistan Railways,11,15056,,2026-04-26,2026-04-27,On Time,None,4,-1,Yes,2026-04
ORD3607,2026-10-29,Metro Mart,Printer,Electronics,Supplier C,WH-01,Karachi,Faisalabad,,Van,TCS,100,114357,,2026-11-04,2026-11-05,On Time,None,6,-1,Yes,2026-10
ORD3608,2026-05-22,New City Store,Mobile,Electronics,Supplier D,WH-03,Rawalpindi,Lahore,,Courier,M&P,75,133514,,2026-05-29,2026-05-29,On Time,None,7,0,Yes,2026-05
ORD3609,2026-10-12,ABC Store,Table,Furniture,Supplier D,WH-02,Gujranwala,Lahore,,Van,Leopards,90,102397,,2026-10-19,2026-10-18,Delayed,Vehicle Breakdown,7,1,No,2026-10
ORD3610,2026-06-26,Metro Mart,Desk,Furniture,Supplier E,WH-02,Lahore,Islamabad,,Van,TCS,26,28856,,2026-07-02,2026-07-01,Delayed,Weather,6,1,No,2026-06
ORD3611,2026-05-06,Star Enterprises,Rice,Grocery,Supplier D,WH-04,Multan,Karachi,,Truck,DHL,66,100039,,2026-05-09,2026-05-10,On Time,None,3,-1,Yes,2026-05
ORD3612,2026-08-30,XYZ Ltd,Uniform,Clothing,Supplier C,WH-01,Lahore,Islamabad,,Rail,TCS,32,30614,,2026-08-31,2026-09-01,On Time,None,1,-1,Yes,2026-08
ORD3613,2026-03-30,Star Enterprises,Sofa,Furniture,Supplier E,WH-02,Peshawar,Islamabad,,Rail,Pakistan Railways,29,30814,,2026-03-31,2026-04-01,On Time,None,1,-1,Yes,2026-03
ORD3614,2026-04-05,Global Traders,Printer,Electronics,Supplier D,WH-03,Islamabad,Peshawar,,Rail,DHL,100,90454,,2026-04-10,2026-04-11,On Time,None,5,-1,Yes,2026-04
ORD3615,2026-05-05,XYZ Ltd,Router,Electronics,Supplier B,WH-03,Lahore,Faisalabad,,Courier,TCS,87,154300,,2026-05-08,2026-05-09,On Time,None,3,-1,Yes,2026-05
ORD3616,2026-04-29,Ali Traders,Shoes,Clothing,Supplier E,WH-01,Karachi,Lahore,,Rail,Leopards,63,54006,,2026-04-30,2026-05-01,On Time,None,1,-1,Yes,2026-04
ORD3617,2026-03-19,Star Enterprises,Printer,Electronics,Supplier C,WH-04,Karachi,Lahore,,Van,TCS,72,77851,,2026-03-29,2026-03-24,Delayed,Warehouse Issue,10,5,No,2026-03
ORD3618,2026-06-07,Star Enterprises,Cooking Oil,Grocery,Supplier B,WH-02,Rawalpindi,Lahore,,Courier,TCS,62,116191,,2026-06-09,2026-06-10,On Time,None,2,-1,Yes,2026-06
ORD3619,2026-08-20,Global Traders,Shirt,Clothing,Supplier D,WH-02,Peshawar,Islamabad,,Rail,TCS,91,80867,,2026-08-24,2026-08-25,On Time,None,4,-1,Yes,2026-08
ORD3620,2026-08-07,Pak Furniture,Jacket,Clothing,Supplier A,WH-04,Peshawar,Islamabad,,Rail,DHL,54,48915,,2026-08-13,2026-08-14,On Time,None,6,-1,Yes,2026-08
ORD3621,2026-09-01,Pak Furniture,Shirt,Clothing,Supplier E,WH-03,Faisalabad,Lahore,,Van,M&P,62,68910,,2026-09-06,2026-09-06,On Time,None,5,0,Yes,2026-09
ORD3622,2026-10-16,XYZ Ltd,Flour,Grocery,Supplier E,WH-02,Multan,Karachi,,Truck,Pakistan Railways,88,136608,,2026-10-21,2026-10-22,On Time,None,5,-1,Yes,2026-10
ORD3623,2026-08-14,City Electronics,Tea,Grocery,Supplier E,WH-02,Islamabad,Peshawar,,Courier,TCS,37,64669,,2026-08-17,2026-08-18,On Time,None,3,-1,Yes,2026-08
ORD3624,2026-04-04,Pak Furniture,Shoes,Clothing,Supplier A,WH-02,Karachi,Lahore,,Courier,Pakistan Railways,23,43461,,2026-04-07,2026-04-08,On Time,None,3,-1,Yes,2026-04
ORD3625,2026-07-23,ABC Store,Monitor,Electronics,Supplier D,WH-04,Islamabad,Peshawar,,Van,Pakistan Railways,38,38820,,2026-07-25,2026-07-26,On Time,None,2,-1,Yes,2026-07
ORD3626,2026-06-05,Metro Mart,Jacket,Clothing,Supplier A,WH-02,Multan,Karachi,,Truck,Pakistan Railways,94,141074,,2026-06-08,2026-06-09,On Time,None,3,-1,Yes,2026-06
ORD3627,2026-01-08,Star Enterprises,Shirt,Clothing,Supplier E,WH-04,Lahore,Islamabad,,Courier,Pakistan Railways,27,50717,,2026-01-10,2026-01-11,On Time,None,2,-1,Yes,2026-01
ORD3628,2026-03-07,New City Store,Rice,Grocery,Supplier B,WH-04,Faisalabad,Lahore,,Rail,DHL,46,45787,,2026-03-13,2026-03-09,Delayed,Vehicle Breakdown,6,4,No,2026-03
ORD3629,2026-08-18,Pak Furniture,Flour,Grocery,Supplier D,WH-03,Lahore,Faisalabad,,Courier,DHL,82,145816,,2026-08-25,2026-08-24,Delayed,Warehouse Issue,7,1,No,2026-08
ORD3630,2026-12-09,Ali Traders,Cooking Oil,Grocery,Supplier A,WH-03,Faisalabad,Lahore,,Courier,DHL,67,123474,,2026-12-16,2026-12-16,On Time,None,7,0,Yes,2026-12
ORD3631,2026-03-01,Ali Traders,Shirt,Clothing,Supplier A,WH-04,Multan,Karachi,,Truck,Leopards,87,134557,,2026-03-02,2026-03-03,On Time,None,1,-1,Yes,2026-03
ORD3632,2026-02-10,Global Traders,Shoes,Clothing,Supplier A,WH-02,Karachi,Islamabad,,Rail,M&P,49,46021,,2026-02-14,2026-02-15,On Time,None,4,-1,Yes,2026-02
ORD3633,2026-09-19,ABC Store,Sugar,Grocery,Supplier B,WH-04,Peshawar,Islamabad,,Courier,M&P,59,105923,,2026-09-22,2026-09-23,On Time,None,3,-1,Yes,2026-09
ORD3634,2026-07-16,Star Enterprises,Desk,Furniture,Supplier B,WH-04,Lahore,Islamabad,,Rail,DHL,31,32035,,2026-07-22,2026-07-22,On Time,None,6,0,Yes,2026-07
ORD3635,2026-11-08,New City Store,T-Shirt,Clothing,Supplier D,WH-04,Gujranwala,Lahore,,Truck,Pakistan Railways,91,139901,,2026-11-14,2026-11-15,On Time,None,6,-1,Yes,2026-11
ORD3636,2026-09-21,Global Traders,Tea,Grocery,Supplier E,WH-01,Karachi,Islamabad,,Truck,M&P,82,120160,,2026-09-23,2026-09-24,On Time,None,2,-1,Yes,2026-09
ORD3637,2026-06-06,Star Enterprises,Jacket,Clothing,Supplier C,WH-01,Lahore,Multan,,Courier,TCS,73,135607,,2026-06-08,2026-06-09,On Time,None,2,-1,Yes,2026-06
ORD3638,2026-03-26,XYZ Ltd,Chair,Furniture,Supplier E,WH-03,Karachi,Islamabad,,Van,TCS,88,95137,,2026-03-28,2026-03-28,On Time,None,2,0,Yes,2026-03
ORD3639,2026-06-15,Pak Furniture,T-Shirt,Clothing,Supplier E,WH-01,Lahore,Islamabad,,Courier,DHL,44,79485,,2026-06-20,2026-06-20,On Time,None,5,0,Yes,2026-06
ORD3640,2026-03-09,Metro Mart,Mouse,Electronics,Supplier B,WH-04,Faisalabad,Lahore,,Courier,Pakistan Railways,26,47421,,2026-03-19,2026-03-16,Delayed,Traffic,10,3,No,2026-03
ORD3641,2026-01-27,City Electronics,Monitor,Electronics,Supplier D,WH-04,Rawalpindi,Lahore,,Courier,Leopards,63,115366,,2026-01-30,2026-01-31,On Time,None,3,-1,Yes,2026-01
ORD3642,2026-03-07,XYZ Ltd,Tea,Grocery,Supplier D,WH-04,Islamabad,Peshawar,,Courier,TCS,76,137254,,2026-03-12,2026-03-12,On Time,None,5,0,Yes,2026-03
ORD3643,2026-10-26,ABC Store,Chair,Furniture,Supplier E,WH-03,Faisalabad,Lahore,,Rail,TCS,21,20308,,2026-11-02,2026-11-02,On Time,None,7,0,Yes,2026-10
ORD3644,2026-06-02,Metro Mart,Sofa,Furniture,Supplier E,WH-04,Multan,Karachi,,Rail,TCS,31,30430,,2026-06-07,2026-06-07,On Time,None,5,0,Yes,2026-06
ORD3645,2026-10-07,Star Enterprises,T-Shirt,Clothing,Supplier E,WH-04,Peshawar,Islamabad,,Truck,Pakistan Railways,99,149423,,2026-10-12,2026-10-13,On Time,None,5,-1,Yes,2026-10
ORD3646,2026-06-02,ABC Store,Desk,Furniture,Supplier E,WH-01,Gujranwala,Lahore,,Rail,Pakistan Railways,7,8927,,2026-06-06,2026-06-06,On Time,None,4,0,Yes,2026-06
ORD3647,2026-08-27,City Electronics,Sofa,Furniture,Supplier A,WH-04,Lahore,Multan,,Rail,M&P,35,31314,,2026-09-08,2026-09-03,Delayed,Warehouse Issue,12,5,No,2026-08
ORD3648,2026-02-02,Ali Traders,Flour,Grocery,Supplier D,WH-02,Lahore,Faisalabad,,Courier,M&P,8,15138,,2026-02-05,2026-02-06,On Time,None,3,-1,Yes,2026-02
ORD3649,2026-11-09,ABC Store,Cooking Oil,Grocery,Supplier A,WH-02,Rawalpindi,Lahore,,Van,Pakistan Railways,4,3270,,2026-11-12,2026-11-13,On Time,None,3,-1,Yes,2026-11
ORD3650,2026-12-13,Ali Traders,Tea,Grocery,Supplier D,WH-04,Rawalpindi,Lahore,,Truck,Leopards,46,66240,,2026-12-20,2026-12-15,Delayed,Weather,7,5,No,2026-12
ORD3651,2026-11-04,XYZ Ltd,Cooking Oil,Grocery,Supplier D,WH-04,Gujranwala,Lahore,,Rail,Leopards,32,26553,,2026-11-08,2026-11-09,On Time,None,4,-1,Yes,2026-11
ORD3652,2026-09-23,Super Store,Sofa,Furniture,Supplier D,WH-04,Gujranwala,Lahore,,Courier,TCS,52,97989,,2026-09-26,2026-09-26,On Time,None,3,0,Yes,2026-09
ORD3653,2026-04-17,Star Enterprises,Monitor,Electronics,Supplier A,WH-02,Lahore,Multan,,Courier,DHL,39,72810,,2026-04-23,2026-04-23,On Time,None,6,0,Yes,2026-04
ORD3654,2026-01-14,New City Store,Cooking Oil,Grocery,Supplier D,WH-03,Karachi,Islamabad,,Courier,Leopards,4,10571,,2026-01-18,2026-01-18,On Time,None,4,0,Yes,2026-01
ORD3655,2026-05-18,Metro Mart,Tea,Grocery,Supplier C,WH-03,Karachi,Lahore,,Van,TCS,84,93209,,2026-05-28,2026-05-23,Delayed,Traffic,10,5,No,2026-05
ORD3656,2026-02-09,XYZ Ltd,Desk,Furniture,Supplier E,WH-02,Lahore,Faisalabad,,Truck,TCS,87,132326,,2026-02-12,2026-02-12,On Time,None,3,0,Yes,2026-02
ORD3657,2026-05-07,Super Store,Rice,Grocery,Supplier C,WH-03,Multan,Karachi,,Courier,Pakistan Railways,54,99104,,2026-05-10,2026-05-09,Delayed,Supplier Delay,3,1,No,2026-05
ORD3658,2026-03-28,Metro Mart,Chair,Furniture,Supplier C,WH-02,Karachi,Islamabad,,Truck,M&P,16,28600,,2026-04-01,2026-04-01,On Time,None,4,0,Yes,2026-03
ORD3659,2026-09-21,City Electronics,Sofa,Furniture,Supplier D,WH-04,Karachi,Lahore,,Van,Leopards,58,67469,,2026-09-27,2026-09-28,On Time,None,6,-1,Yes,2026-09
ORD3660,2026-05-04,Metro Mart,Office Chair,Furniture,Supplier C,WH-04,Peshawar,Islamabad,,Rail,DHL,3,1500,,2026-05-10,2026-05-10,On Time,None,6,0,Yes,2026-05
ORD3661,2026-08-18,Super Store,Shirt,Clothing,Supplier D,WH-02,Peshawar,Islamabad,,Rail,TCS,94,84994,,2026-08-24,2026-08-22,Delayed,Traffic,6,2,No,2026-08
ORD3662,2026-10-01,City Electronics,Router,Electronics,Supplier B,WH-02,Karachi,Faisalabad,,Courier,M&P,18,31136,,2026-10-05,2026-10-05,On Time,None,4,0,Yes,2026-10
ORD3663,2026-07-09,Pak Furniture,Cooking Oil,Grocery,Supplier A,WH-02,Karachi,Faisalabad,,Truck,DHL,98,150220,,2026-07-15,2026-07-15,On Time,None,6,0,Yes,2026-07
ORD3664,2026-08-21,XYZ Ltd,Jacket,Clothing,Supplier C,WH-01,Karachi,Lahore,,Van,Pakistan Railways,78,83738,,2026-08-25,2026-08-25,On Time,None,4,0,Yes,2026-08
ORD3665,2026-04-19,Pak Furniture,Sugar,Grocery,Supplier C,WH-04,Lahore,Multan,,Courier,TCS,64,117881,,2026-04-27,2026-04-25,Delayed,Supplier Delay,8,2,No,2026-04
ORD3666,2026-05-26,Global Traders,Rice,Grocery,Supplier B,WH-03,Lahore,Islamabad,,Courier,M&P,80,141722,,2026-06-01,2026-06-01,On Time,None,6,0,Yes,2026-05
ORD3667,2026-01-10,Pak Furniture,Bookshelf,Furniture,Supplier C,WH-01,Faisalabad,Lahore,,Rail,M&P,54,51436,,2026-01-15,2026-01-14,Delayed,Warehouse Issue,5,1,No,2026-01
ORD3668,2026-11-12,Ali Traders,Shirt,Clothing,Supplier A,WH-03,Peshawar,Islamabad,,Courier,DHL,82,148201,,2026-11-14,2026-11-15,On Time,None,2,-1,Yes,2026-11
ORD3669,2026-04-29,ABC Store,Tea,Grocery,Supplier C,WH-04,Karachi,Islamabad,,Van,Pakistan Railways,33,35523,,2026-05-02,2026-05-02,On Time,None,3,0,Yes,2026-04
ORD3670,2026-05-11,Ali Traders,Tablet,Electronics,Supplier B,WH-01,Peshawar,Islamabad,,Rail,TCS,61,56489,,2026-05-16,2026-05-16,On Time,None,5,0,Yes,2026-05
ORD3671,2026-12-17,Metro Mart,Laptop,Electronics,Supplier B,WH-03,Karachi,Faisalabad,,Van,DHL,96,107701,,2026-12-19,2026-12-20,On Time,None,2,-1,Yes,2026-12
ORD3672,2026-01-13,Pak Furniture,Milk Powder,Grocery,Supplier C,WH-03,Gujranwala,Lahore,,Courier,DHL,65,116470,,2026-01-19,2026-01-19,On Time,None,6,0,Yes,2026-01
ORD3673,2026-06-26,Global Traders,Office Chair,Furniture,Supplier B,WH-02,Peshawar,Islamabad,,Rail,DHL,10,6241,,2026-07-01,2026-07-02,On Time,None,5,-1,Yes,2026-06
ORD3674,2026-10-04,Star Enterprises,Cooking Oil,Grocery,Supplier E,WH-04,Lahore,Faisalabad,,Van,Pakistan Railways,2,4761,,2026-10-09,2026-10-10,On Time,None,5,-1,Yes,2026-10
ORD3675,2026-09-18,Metro Mart,T-Shirt,Clothing,Supplier B,WH-01,Karachi,Faisalabad,,Truck,Pakistan Railways,78,118607,,2026-09-23,2026-09-23,On Time,None,5,0,Yes,2026-09
ORD3676,2026-07-26,Ali Traders,Jacket,Clothing,Supplier C,WH-04,Lahore,Multan,,Rail,Leopards,82,74631,,2026-07-27,2026-07-28,On Time,None,1,-1,Yes,2026-07
ORD3677,2026-08-18,ABC Store,Jacket,Clothing,Supplier E,WH-04,Faisalabad,Lahore,,Truck,Pakistan Railways,71,110632,,2026-08-19,2026-08-20,On Time,None,1,-1,Yes,2026-08
ORD3678,2026-09-06,Pak Furniture,Chair,Furniture,Supplier C,WH-04,Peshawar,Islamabad,,Truck,Leopards,37,54205,,2026-09-16,2026-09-12,Delayed,Vehicle Breakdown,10,4,No,2026-09
ORD3679,2026-09-30,City Electronics,Shoes,Clothing,Supplier B,WH-02,Lahore,Islamabad,,Van,M&P,81,92607,,2026-10-04,2026-10-04,On Time,None,4,0,Yes,2026-09
ORD3680,2026-01-07,Global Traders,Bookshelf,Furniture,Supplier A,WH-04,Karachi,Lahore,,Truck,TCS,9,11981,,2026-01-09,2026-01-09,On Time,None,2,0,Yes,2026-01
ORD3681,2026-09-08,XYZ Ltd,Mouse,Electronics,Supplier E,WH-03,Lahore,Multan,,Courier,TCS,82,150962,,2026-09-13,2026-09-13,On Time,None,5,0,Yes,2026-09
ORD3682,2026-05-21,Global Traders,Laptop,Electronics,Supplier D,WH-02,Faisalabad,Lahore,,Van,Leopards,44,48843,,2026-05-26,2026-05-25,Delayed,Supplier Delay,5,1,No,2026-05
ORD3683,2026-05-07,ABC Store,Chair,Furniture,Supplier A,WH-01,Gujranwala,Lahore,,Courier,TCS,82,151692,,2026-05-12,2026-05-13,On Time,None,5,-1,Yes,2026-05
ORD3684,2026-06-19,XYZ Ltd,Laptop,Electronics,Supplier D,WH-03,Karachi,Lahore,,Courier,Leopards,92,168299,,2026-06-22,2026-06-23,On Time,None,3,-1,Yes,2026-06
ORD3685,2026-10-09,Super Store,Printer,Electronics,Supplier B,WH-02,Karachi,Lahore,,Courier,Leopards,18,31138,,2026-10-12,2026-10-12,On Time,None,3,0,Yes,2026-10
ORD3686,2026-07-15,City Electronics,Cooking Oil,Grocery,Supplier A,WH-01,Multan,Karachi,,Truck,Leopards,8,12523,,2026-07-19,2026-07-20,On Time,None,4,-1,Yes,2026-07
ORD3687,2026-09-09,Global Traders,Chair,Furniture,Supplier C,WH-01,Lahore,Faisalabad,,Truck,TCS,8,12761,,2026-09-11,2026-09-12,On Time,None,2,-1,Yes,2026-09
ORD3688,2026-09-15,City Electronics,T-Shirt,Clothing,Supplier E,WH-01,Gujranwala,Lahore,,Truck,TCS,59,85999,,2026-09-22,2026-09-22,On Time,None,7,0,Yes,2026-09
ORD3689,2026-05-19,Global Traders,Uniform,Clothing,Supplier C,WH-03,Rawalpindi,Lahore,,Rail,Leopards,76,65574,,2026-05-21,2026-05-22,On Time,None,2,-1,Yes,2026-05
ORD3690,2026-07-24,Global Traders,Milk Powder,Grocery,Supplier E,WH-03,Rawalpindi,Lahore,,Truck,TCS,75,115733,,2026-07-29,2026-07-30,On Time,None,5,-1,Yes,2026-07
ORD3691,2026-09-05,Star Enterprises,Tea,Grocery,Supplier D,WH-03,Lahore,Multan,,Van,TCS,69,72936,,2026-09-08,2026-09-09,On Time,None,3,-1,Yes,2026-09
ORD3692,2026-04-10,City Electronics,Chair,Furniture,Supplier C,WH-02,Lahore,Islamabad,,Courier,TCS,1,1500,,2026-04-13,2026-04-13,On Time,None,3,0,Yes,2026-04
ORD3693,2026-06-28,Pak Furniture,Cooking Oil,Grocery,Supplier C,WH-02,Gujranwala,Lahore,,Courier,M&P,92,163332,,2026-07-02,2026-07-03,On Time,None,4,-1,Yes,2026-06
ORD3694,2026-06-24,ABC Store,Router,Electronics,Supplier B,WH-02,Lahore,Islamabad,,Van,M&P,65,69842,,2026-06-25,2026-06-26,On Time,None,1,-1,Yes,2026-06
ORD3695,2026-07-18,Metro Mart,Office Chair,Furniture,Supplier A,WH-01,Gujranwala,Lahore,,Rail,Pakistan Railways,82,76024,,2026-07-20,2026-07-20,On Time,None,2,0,Yes,2026-07
ORD3696,2026-12-22,ABC Store,Tablet,Electronics,Supplier C,WH-01,Karachi,Islamabad,,Rail,DHL,8,7458,,2026-12-26,2026-12-26,On Time,None,4,0,Yes,2026-12
ORD3697,2026-09-05,XYZ Ltd,Mobile,Electronics,Supplier B,WH-04,Karachi,Lahore,,Courier,Pakistan Railways,14,22206,,2026-09-10,2026-09-11,On Time,None,5,-1,Yes,2026-09
ORD3698,2026-12-04,Global Traders,Shoes,Clothing,Supplier B,WH-03,Lahore,Multan,,Truck,M&P,20,34635,,2026-12-09,2026-12-09,On Time,None,5,0,Yes,2026-12
ORD3699,2026-02-28,ABC Store,Router,Electronics,Supplier A,WH-04,Lahore,Faisalabad,,Courier,Pakistan Railways,83,149948,,2026-03-04,2026-03-04,On Time,None,4,0,Yes,2026-02
ORD3700,2026-02-21,City Electronics,Trousers,Clothing,Supplier C,WH-03,Multan,Karachi,,Rail,DHL,82,74622,,2026-02-25,2026-02-25,On Time,None,4,0,Yes,2026-02
ORD3701,2026-03-30,Pak Furniture,Shoes,Clothing,Supplier D,WH-04,Gujranwala,Lahore,,Courier,DHL,88,162196,,2026-04-05,2026-04-05,On Time,None,6,0,Yes,2026-03
ORD3702,2026-11-17,Super Store,Monitor,Electronics,Supplier B,WH-02,Karachi,Faisalabad,,Courier,TCS,13,22571,,2026-11-24,2026-11-24,On Time,None,7,0,Yes,2026-11
ORD3703,2026-12-31,Ali Traders,Uniform,Clothing,Supplier A,WH-03,Karachi,Faisalabad,,Truck,Pakistan Railways,79,123249,,2027-01-04,2027-01-05,On Time,None,4,-1,Yes,2026-12
ORD3704,2026-03-14,Metro Mart,Printer,Electronics,Supplier D,WH-04,Lahore,Multan,,Rail,Pakistan Railways,54,46216,,2026-03-26,2026-03-21,Delayed,Vehicle Breakdown,12,5,No,2026-03
ORD3705,2026-12-18,Metro Mart,Office Chair,Furniture,Supplier E,WH-03,Karachi,Lahore,,Courier,DHL,97,177198,,2026-12-23,2026-12-24,On Time,None,5,-1,Yes,2026-12
ORD3706,2026-08-11,XYZ Ltd,Keyboard,Electronics,Supplier D,WH-04,Lahore,Islamabad,,Van,TCS,74,82783,,2026-08-12,2026-08-13,On Time,None,1,-1,Yes,2026-08
ORD3707,2026-11-24,Star Enterprises,Desk,Furniture,Supplier B,WH-03,Peshawar,Islamabad,,Van,Leopards,32,34835,,2026-11-29,2026-11-29,On Time,None,5,0,Yes,2026-11
ORD3708,2026-08-15,New City Store,Desk,Furniture,Supplier D,WH-02,Karachi,Islamabad,,Rail,TCS,91,82376,,2026-08-19,2026-08-20,On Time,None,4,-1,Yes,2026-08
ORD3709,2026-10-02,Global Traders,Sugar,Grocery,Supplier A,WH-04,Karachi,Islamabad,,Courier,M&P,17,32537,,2026-10-09,2026-10-09,On Time,None,7,0,Yes,2026-10
ORD3710,2026-09-28,Metro Mart,Tea,Grocery,Supplier D,WH-01,Peshawar,Islamabad,,Van,Pakistan Railways,43,45153,,2026-10-02,2026-10-03,On Time,None,4,-1,Yes,2026-09
ORD3711,2026-10-12,City Electronics,Flour,Grocery,Supplier E,WH-02,Multan,Karachi,,Van,Leopards,62,72620,,2026-10-14,2026-10-15,On Time,None,2,-1,Yes,2026-10
ORD3712,2026-06-22,Star Enterprises,Tablet,Electronics,Supplier E,WH-04,Multan,Karachi,,Courier,DHL,35,60057,,2026-06-26,2026-06-26,On Time,None,4,0,Yes,2026-06
ORD3713,2026-05-10,City Electronics,Shoes,Clothing,Supplier C,WH-02,Lahore,Multan,,Rail,Leopards,79,71385,,2026-05-15,2026-05-16,On Time,None,5,-1,Yes,2026-05
ORD3714,2026-07-31,New City Store,Chair,Furniture,Supplier D,WH-03,Karachi,Lahore,,Courier,TCS,32,57643,,2026-08-07,2026-08-07,On Time,None,7,0,Yes,2026-07
ORD3715,2026-06-17,City Electronics,Shirt,Clothing,Supplier C,WH-01,Karachi,Faisalabad,,Truck,M&P,57,84628,,2026-06-23,2026-06-24,On Time,None,6,-1,Yes,2026-06
ORD3716,2026-09-06,Super Store,Jacket,Clothing,Supplier E,WH-04,Lahore,Faisalabad,,Rail,TCS,29,27569,,2026-09-12,2026-09-13,On Time,None,6,-1,Yes,2026-09
ORD3717,2026-08-22,Super Store,Router,Electronics,Supplier E,WH-02,Islamabad,Peshawar,,Rail,Pakistan Railways,37,34729,,2026-08-24,2026-08-25,On Time,None,2,-1,Yes,2026-08
ORD3718,2026-05-12,Pak Furniture,Desk,Furniture,Supplier E,WH-01,Multan,Karachi,,Truck,DHL,47,74110,,2026-05-15,2026-05-15,On Time,None,3,0,Yes,2026-05
ORD3719,2026-08-06,Pak Furniture,Cooking Oil,Grocery,Supplier A,WH-03,Karachi,Lahore,,Truck,Pakistan Railways,84,123894,,2026-08-08,2026-08-08,On Time,None,2,0,Yes,2026-08
ORD3720,2026-12-11,Global Traders,Cabinet,Furniture,Supplier A,WH-02,Peshawar,Islamabad,,Van,M&P,67,72751,,2026-12-14,2026-12-15,On Time,None,3,-1,Yes,2026-12
ORD3721,2026-12-12,ABC Store,Sofa,Furniture,Supplier D,WH-01,Lahore,Multan,,Courier,Leopards,90,159861,,2026-12-16,2026-12-16,On Time,None,4,0,Yes,2026-12
ORD3722,2026-04-10,New City Store,Mobile,Electronics,Supplier D,WH-03,Karachi,Islamabad,,Courier,Pakistan Railways,33,56514,,2026-04-18,2026-04-16,Delayed,Traffic,8,2,No,2026-04
ORD3723,2026-10-03,New City Store,Table,Furniture,Supplier E,WH-01,Multan,Karachi,,Rail,TCS,78,72260,,2026-10-08,2026-10-08,On Time,None,5,0,Yes,2026-10
ORD3724,2026-01-17,XYZ Ltd,Sofa,Furniture,Supplier D,WH-03,Faisalabad,Lahore,,Van,Leopards,82,89813,,2026-01-22,2026-01-23,On Time,None,5,-1,Yes,2026-01
ORD3725,2026-09-26,Ali Traders,Table,Furniture,Supplier E,WH-04,Faisalabad,Lahore,,Courier,DHL,53,92758,,2026-09-28,2026-09-28,On Time,None,2,0,Yes,2026-09
ORD3726,2026-10-24,Star Enterprises,Mobile,Electronics,Supplier E,WH-01,Lahore,Islamabad,,Van,TCS,1,1500,,2026-10-26,2026-10-27,On Time,None,2,-1,Yes,2026-10
ORD3727,2026-10-07,Super Store,Uniform,Clothing,Supplier B,WH-02,Lahore,Islamabad,,Van,TCS,59,62477,,2026-10-08,2026-10-09,On Time,None,1,-1,Yes,2026-10
ORD3728,2026-08-06,New City Store,Table,Furniture,Supplier B,WH-04,Multan,Karachi,,Courier,DHL,15,27000,,2026-08-11,2026-08-10,Delayed,Supplier Delay,5,1,No,2026-08
ORD3729,2026-10-15,Ali Traders,Shirt,Clothing,Supplier B,WH-04,Gujranwala,Lahore,,Van,Pakistan Railways,85,91865,,2026-10-21,2026-10-22,On Time,None,6,-1,Yes,2026-10
ORD3730,2026-12-06,Star Enterprises,Trousers,Clothing,Supplier C,WH-02,Karachi,Islamabad,,Van,Leopards,26,30182,,2026-12-12,2026-12-12,On Time,None,6,0,Yes,2026-12
ORD3731,2026-11-27,City Electronics,Flour,Grocery,Supplier E,WH-01,Lahore,Islamabad,,Van,DHL,31,34044,,2026-12-01,2026-12-01,On Time,None,4,0,Yes,2026-11
ORD3732,2026-08-22,XYZ Ltd,Desk,Furniture,Supplier D,WH-02,Karachi,Faisalabad,,Truck,Leopards,11,18928,,2026-08-31,2026-08-28,Delayed,Supplier Delay,9,3,No,2026-08
ORD3733,2026-09-07,Pak Furniture,Chair,Furniture,Supplier B,WH-04,Karachi,Lahore,,Rail,Pakistan Railways,77,71782,,2026-09-09,2026-09-09,On Time,None,2,0,Yes,2026-09
ORD3734,2026-02-03,Super Store,T-Shirt,Clothing,Supplier C,WH-02,Karachi,Faisalabad,,Truck,DHL,60,91880,,2026-02-08,2026-02-09,On Time,None,5,-1,Yes,2026-02
ORD3735,2026-05-21,Pak Furniture,Tea,Grocery,Supplier A,WH-01,Lahore,Faisalabad,,Truck,Leopards,81,119824,,2026-05-27,2026-05-27,On Time,None,6,0,Yes,2026-05
ORD3736,2026-10-02,Global Traders,Tea,Grocery,Supplier C,WH-01,Lahore,Islamabad,,Van,Leopards,24,27927,,2026-10-08,2026-10-08,On Time,None,6,0,Yes,2026-10
ORD3737,2026-10-04,Ali Traders,Uniform,Clothing,Supplier B,WH-01,Lahore,Islamabad,,Truck,M&P,59,92071,,2026-10-10,2026-10-06,Delayed,Vehicle Breakdown,6,4,No,2026-10
ORD3738,2026-04-18,Pak Furniture,Jacket,Clothing,Supplier B,WH-02,Faisalabad,Lahore,,Rail,M&P,82,74254,,2026-04-29,2026-04-24,Delayed,Vehicle Breakdown,11,5,No,2026-04
ORD3739,2026-08-06,New City Store,Laptop,Electronics,Supplier A,WH-03,Gujranwala,Lahore,,Truck,DHL,100,148729,,2026-08-11,2026-08-11,On Time,None,5,0,Yes,2026-08
ORD3740,2026-12-27,XYZ Ltd,Tea,Grocery,Supplier C,WH-04,Karachi,Faisalabad,,Truck,TCS,18,31971,,2027-01-01,2026-12-31,Delayed,Warehouse Issue,5,1,No,2026-12
ORD3741,2026-11-30,Global Traders,Desk,Furniture,Supplier C,WH-04,Lahore,Islamabad,,Rail,Leopards,89,81069,,2026-12-03,2026-12-03,On Time,None,3,0,Yes,2026-11
ORD3742,2026-09-06,City Electronics,Shoes,Clothing,Supplier B,WH-01,Karachi,Faisalabad,,Van,M&P,57,60781,,2026-09-12,2026-09-13,On Time,None,6,-1,Yes,2026-09
ORD3743,2026-11-13,ABC Store,Laptop,Electronics,Supplier D,WH-02,Karachi,Islamabad,,Courier,M&P,81,149110,,2026-11-21,2026-11-20,Delayed,Vehicle Breakdown,8,1,No,2026-11
ORD3744,2026-03-10,Ali Traders,Table,Furniture,Supplier B,WH-01,Faisalabad,Lahore,,Courier,M&P,59,105241,,2026-03-13,2026-03-13,On Time,None,3,0,Yes,2026-03
ORD3745,2026-10-12,XYZ Ltd,Shoes,Clothing,Supplier C,WH-04,Faisalabad,Lahore,,Rail,M&P,18,15918,,2026-10-18,2026-10-18,On Time,None,6,0,Yes,2026-10
ORD3746,2026-07-16,Star Enterprises,Rice,Grocery,Supplier D,WH-04,Karachi,Islamabad,,Courier,Pakistan Railways,22,41989,,2026-07-21,2026-07-21,On Time,None,5,0,Yes,2026-07
ORD3747,2026-02-27,Metro Mart,Laptop,Electronics,Supplier A,WH-02,Faisalabad,Lahore,,Rail,M&P,52,49051,,2026-03-02,2026-03-03,On Time,None,3,-1,Yes,2026-02
ORD3748,2026-05-03,City Electronics,T-Shirt,Clothing,Supplier E,WH-03,Lahore,Multan,,Rail,Pakistan Railways,37,32657,,2026-05-09,2026-05-08,Delayed,Vehicle Breakdown,6,1,No,2026-05
ORD3749,2026-07-10,Ali Traders,Milk Powder,Grocery,Supplier D,WH-02,Islamabad,Peshawar,,Courier,TCS,55,100942,,2026-07-13,2026-07-14,On Time,None,3,-1,Yes,2026-07
ORD3750,2026-09-25,ABC Store,Uniform,Clothing,Supplier A,WH-02,Lahore,Faisalabad,,Courier,M&P,84,153253,,2026-09-29,2026-09-29,On Time,None,4,0,Yes,2026-09
ORD3751,2026-03-25,XYZ Ltd,Monitor,Electronics,Supplier B,WH-02,Karachi,Islamabad,,Truck,Pakistan Railways,86,131034,,2026-03-30,2026-03-30,On Time,None,5,0,Yes,2026-03
ORD3752,2026-02-14,ABC Store,Mobile,Electronics,Supplier D,WH-04,Gujranwala,Lahore,,Courier,M&P,25,45104,,2026-02-15,2026-02-16,On Time,None,1,-1,Yes,2026-02
ORD3753,2026-10-31,Star Enterprises,Tea,Grocery,Supplier B,WH-04,Karachi,Lahore,,Rail,DHL,88,79604,,2026-11-06,2026-11-06,On Time,None,6,0,Yes,2026-10
ORD3754,2026-05-10,New City Store,Bookshelf,Furniture,Supplier C,WH-04,Multan,Karachi,,Van,Pakistan Railways,54,57067,,2026-05-14,2026-05-15,On Time,None,4,-1,Yes,2026-05
ORD3755,2026-12-25,Star Enterprises,Shoes,Clothing,Supplier D,WH-03,Gujranwala,Lahore,,Rail,Pakistan Railways,87,75756,,2026-12-30,2026-12-31,On Time,None,5,-1,Yes,2026-12
ORD3756,2026-11-13,Super Store,Sugar,Grocery,Supplier A,WH-04,Peshawar,Islamabad,,Truck,TCS,42,61586,,2026-11-24,2026-11-20,Delayed,Traffic,11,4,No,2026-11
ORD3757,2026-07-09,Pak Furniture,Jacket,Clothing,Supplier A,WH-02,Karachi,Faisalabad,,Rail,M&P,80,72009,,2026-07-15,2026-07-15,On Time,None,6,0,Yes,2026-07
ORD3758,2026-08-05,New City Store,Flour,Grocery,Supplier E,WH-01,Karachi,Faisalabad,,Van,Leopards,67,71441,,2026-08-13,2026-08-08,Delayed,Weather,8,5,No,2026-08
ORD3759,2026-08-19,Metro Mart,Monitor,Electronics,Supplier C,WH-03,Karachi,Lahore,,Van,DHL,98,110891,,2026-08-22,2026-08-23,On Time,None,3,-1,Yes,2026-08
ORD3760,2026-04-14,XYZ Ltd,Milk Powder,Grocery,Supplier E,WH-01,Gujranwala,Lahore,,Van,M&P,45,49115,,2026-04-20,2026-04-19,Delayed,Warehouse Issue,6,1,No,2026-04
ORD3761,2026-04-02,Global Traders,Sugar,Grocery,Supplier C,WH-01,Karachi,Islamabad,,Van,Pakistan Railways,53,56947,,2026-04-04,2026-04-05,On Time,None,2,-1,Yes,2026-04
ORD3762,2026-03-20,Metro Mart,Router,Electronics,Supplier C,WH-01,Lahore,Multan,,Truck,TCS,49,70523,,2026-03-27,2026-03-27,On Time,None,7,0,Yes,2026-03
ORD3763,2026-04-29,City Electronics,Sugar,Grocery,Supplier B,WH-03,Karachi,Faisalabad,,Courier,TCS,24,45521,,2026-05-05,2026-05-06,On Time,None,6,-1,Yes,2026-04
ORD3764,2026-05-06,Pak Furniture,Jacket,Clothing,Supplier A,WH-04,Karachi,Faisalabad,,Van,Pakistan Railways,71,80539,,2026-05-13,2026-05-11,Delayed,Vehicle Breakdown,7,2,No,2026-05
ORD3765,2026-03-19,ABC Store,Milk Powder,Grocery,Supplier A,WH-03,Karachi,Faisalabad,,Van,M&P,13,15189,,2026-03-22,2026-03-22,On Time,None,3,0,Yes,2026-03
ORD3766,2026-09-17,Pak Furniture,Printer,Electronics,Supplier C,WH-03,Lahore,Multan,,Courier,TCS,82,151838,,2026-09-19,2026-09-20,On Time,None,2,-1,Yes,2026-09
ORD3767,2026-06-20,City Electronics,Trousers,Clothing,Supplier B,WH-03,Lahore,Islamabad,,Rail,M&P,31,25272,,2026-06-24,2026-06-25,On Time,None,4,-1,Yes,2026-06
ORD3768,2026-04-26,New City Store,Laptop,Electronics,Supplier C,WH-03,Karachi,Faisalabad,,Van,Leopards,47,55627,,2026-05-06,2026-05-03,Delayed,Traffic,10,3,No,2026-04
ORD3769,2026-09-17,Global Traders,Keyboard,Electronics,Supplier D,WH-02,Islamabad,Peshawar,,Rail,M&P,46,41691,,2026-09-19,2026-09-20,On Time,None,2,-1,Yes,2026-09
ORD3770,2026-09-27,XYZ Ltd,Sugar,Grocery,Supplier E,WH-04,Karachi,Islamabad,,Courier,Pakistan Railways,72,126946,,2026-09-29,2026-09-29,On Time,None,2,0,Yes,2026-09
ORD3771,2026-09-08,Metro Mart,Cabinet,Furniture,Supplier A,WH-04,Peshawar,Islamabad,,Van,Leopards,81,89281,,2026-09-10,2026-09-10,On Time,None,2,0,Yes,2026-09
ORD3772,2026-01-06,City Electronics,Cooking Oil,Grocery,Supplier C,WH-01,Karachi,Lahore,,Courier,M&P,2,3329,,2026-01-11,2026-01-11,On Time,None,5,0,Yes,2026-01
ORD3773,2026-06-27,Pak Furniture,Mouse,Electronics,Supplier C,WH-04,Peshawar,Islamabad,,Courier,DHL,21,36454,,2026-06-29,2026-06-30,On Time,None,2,-1,Yes,2026-06
ORD3774,2026-05-10,Metro Mart,Laptop,Electronics,Supplier D,WH-02,Gujranwala,Lahore,,Truck,Pakistan Railways,14,25105,,2026-05-12,2026-05-12,On Time,None,2,0,Yes,2026-05
ORD3775,2026-02-21,Metro Mart,Trousers,Clothing,Supplier C,WH-01,Karachi,Faisalabad,,Truck,M&P,92,136204,,2026-02-22,2026-02-23,On Time,None,1,-1,Yes,2026-02
ORD3776,2026-10-08,Super Store,Tablet,Electronics,Supplier B,WH-02,Lahore,Multan,,Courier,TCS,35,60016,,2026-10-15,2026-10-15,On Time,None,7,0,Yes,2026-10
ORD3777,2026-06-18,City Electronics,Table,Furniture,Supplier C,WH-02,Lahore,Multan,,Rail,DHL,3,1500,,2026-06-20,2026-06-21,On Time,None,2,-1,Yes,2026-06
ORD3778,2026-01-08,Ali Traders,Monitor,Electronics,Supplier B,WH-04,Lahore,Faisalabad,,Van,Pakistan Railways,85,96005,,2026-01-10,2026-01-11,On Time,None,2,-1,Yes,2026-01
ORD3779,2026-06-20,Ali Traders,T-Shirt,Clothing,Supplier A,WH-02,Faisalabad,Lahore,,Van,DHL,78,85443,,2026-06-29,2026-06-25,Delayed,Warehouse Issue,9,4,No,2026-06
ORD3780,2026-04-05,New City Store,Milk Powder,Grocery,Supplier E,WH-03,Multan,Karachi,,Courier,Leopards,37,64058,,2026-04-11,2026-04-11,On Time,None,6,0,Yes,2026-04
ORD3781,2026-08-23,New City Store,Sugar,Grocery,Supplier D,WH-01,Karachi,Islamabad,,Truck,Pakistan Railways,25,34502,,2026-08-29,2026-08-30,On Time,None,6,-1,Yes,2026-08
ORD3782,2026-07-20,Metro Mart,Sofa,Furniture,Supplier A,WH-02,Rawalpindi,Lahore,,Van,TCS,93,107243,,2026-07-23,2026-07-24,On Time,None,3,-1,Yes,2026-07
ORD3783,2026-08-04,ABC Store,Uniform,Clothing,Supplier B,WH-04,Lahore,Multan,,Van,M&P,42,49849,,2026-08-10,2026-08-10,On Time,None,6,0,Yes,2026-08
ORD3784,2026-12-29,Global Traders,Trousers,Clothing,Supplier E,WH-02,Gujranwala,Lahore,,Rail,DHL,65,56779,,2026-12-30,2026-12-31,On Time,None,1,-1,Yes,2026-12
ORD3785,2026-11-01,XYZ Ltd,Table,Furniture,Supplier B,WH-02,Islamabad,Peshawar,,Truck,DHL,65,102190,,2026-11-07,2026-11-05,Delayed,Weather,6,2,No,2026-11
ORD3786,2026-06-22,New City Store,Mouse,Electronics,Supplier B,WH-04,Karachi,Faisalabad,,Truck,Pakistan Railways,91,135886,,2026-06-23,2026-06-24,On Time,None,1,-1,Yes,2026-06
ORD3787,2026-05-23,City Electronics,Tablet,Electronics,Supplier C,WH-03,Lahore,Multan,,Van,Pakistan Railways,20,21061,,2026-05-26,2026-05-27,On Time,None,3,-1,Yes,2026-05
ORD3788,2026-09-25,New City Store,Cabinet,Furniture,Supplier B,WH-03,Lahore,Islamabad,,Rail,Leopards,21,21586,,2026-09-30,2026-10-01,On Time,None,5,-1,Yes,2026-09
ORD3789,2026-11-26,Global Traders,Rice,Grocery,Supplier C,WH-02,Faisalabad,Lahore,,Van,DHL,92,102478,,2026-12-01,2026-12-01,On Time,None,5,0,Yes,2026-11
ORD3790,2026-11-16,ABC Store,Keyboard,Electronics,Supplier B,WH-01,Peshawar,Islamabad,,Rail,M&P,72,65750,,2026-11-19,2026-11-20,On Time,None,3,-1,Yes,2026-11
ORD3791,2026-09-18,XYZ Ltd,Cooking Oil,Grocery,Supplier B,WH-02,Lahore,Multan,,Van,TCS,1,2048,,2026-09-19,2026-09-20,On Time,None,1,-1,Yes,2026-09
ORD3792,2026-10-13,Super Store,Tea,Grocery,Supplier C,WH-04,Karachi,Faisalabad,,Courier,M&P,60,110890,,2026-10-19,2026-10-20,On Time,None,6,-1,Yes,2026-10
ORD3793,2026-11-14,ABC Store,Tea,Grocery,Supplier B,WH-03,Karachi,Faisalabad,,Courier,M&P,6,12354,,2026-11-20,2026-11-21,On Time,None,6,-1,Yes,2026-11
ORD3794,2026-12-07,XYZ Ltd,Uniform,Clothing,Supplier A,WH-02,Faisalabad,Lahore,,Van,M&P,82,92672,,2026-12-13,2026-12-14,On Time,None,6,-1,Yes,2026-12
ORD3795,2026-02-26,Ali Traders,Flour,Grocery,Supplier D,WH-02,Karachi,Faisalabad,,Rail,TCS,19,17563,,2026-03-05,2026-03-05,On Time,None,7,0,Yes,2026-02
ORD3796,2026-11-27,Star Enterprises,Printer,Electronics,Supplier A,WH-03,Peshawar,Islamabad,,Courier,M&P,62,108890,,2026-11-30,2026-11-30,On Time,None,3,0,Yes,2026-11
ORD3797,2026-03-29,City Electronics,Sugar,Grocery,Supplier B,WH-01,Multan,Karachi,,Rail,M&P,93,86700,,2026-04-05,2026-04-01,Delayed,Traffic,7,4,No,2026-03
ORD3798,2026-06-01,Metro Mart,Rice,Grocery,Supplier B,WH-04,Karachi,Lahore,,Rail,DHL,92,81983,,2026-06-03,2026-06-04,On Time,None,2,-1,Yes,2026-06
ORD3799,2026-11-08,ABC Store,Milk Powder,Grocery,Supplier D,WH-02,Karachi,Faisalabad,,Truck,Pakistan Railways,95,142491,,2026-11-10,2026-11-11,On Time,None,2,-1,Yes,2026-11
ORD3800,2026-04-06,XYZ Ltd,Sugar,Grocery,Supplier D,WH-03,Peshawar,Islamabad,,Courier,M&P,57,104097,,2026-04-15,2026-04-11,Delayed,Warehouse Issue,9,4,No,2026-04
ORD3801,2026-05-29,City Electronics,Cabinet,Furniture,Supplier D,WH-02,Lahore,Islamabad,,Courier,TCS,59,107494,,2026-05-30,2026-05-31,On Time,None,1,-1,Yes,2026-05
ORD3802,2026-01-19,ABC Store,Desk,Furniture,Supplier C,WH-01,Faisalabad,Lahore,,Courier,Pakistan Railways,82,147035,,2026-01-27,2026-01-22,Delayed,Warehouse Issue,8,5,No,2026-01
ORD3803,2026-06-07,New City Store,Laptop,Electronics,Supplier C,WH-03,Peshawar,Islamabad,,Truck,TCS,85,132437,,2026-06-16,2026-06-14,Delayed,Weather,9,2,No,2026-06
ORD3804,2026-12-19,ABC Store,Tea,Grocery,Supplier B,WH-01,Karachi,Islamabad,,Van,TCS,92,106044,,2026-12-24,2026-12-24,On Time,None,5,0,Yes,2026-12
ORD3805,2026-02-13,XYZ Ltd,Laptop,Electronics,Supplier D,WH-01,Karachi,Faisalabad,,Rail,DHL,10,6239,,2026-02-16,2026-02-17,On Time,None,3,-1,Yes,2026-02
ORD3806,2026-04-22,ABC Store,Milk Powder,Grocery,Supplier E,WH-04,Lahore,Faisalabad,,Rail,TCS,50,45401,,2026-04-24,2026-04-24,On Time,None,2,0,Yes,2026-04
ORD3807,2026-07-03,ABC Store,Rice,Grocery,Supplier C,WH-02,Faisalabad,Lahore,,Truck,M&P,52,75172,,2026-07-09,2026-07-09,On Time,None,6,0,Yes,2026-07
ORD3808,2026-03-09,Global Traders,Shirt,Clothing,Supplier B,WH-01,Faisalabad,Lahore,,Van,Pakistan Railways,50,52940,,2026-03-10,2026-03-11,On Time,None,1,-1,Yes,2026-03
ORD3809,2026-03-02,ABC Store,Trousers,Clothing,Supplier D,WH-01,Karachi,Islamabad,,Van,M&P,79,85479,,2026-03-10,2026-03-06,Delayed,Traffic,8,4,No,2026-03
ORD3810,2026-11-28,Super Store,Rice,Grocery,Supplier C,WH-04,Lahore,Multan,,Rail,M&P,28,23195,,2026-12-07,2026-12-05,Delayed,Warehouse Issue,9,2,No,2026-11
ORD3811,2026-02-08,XYZ Ltd,Chair,Furniture,Supplier D,WH-02,Faisalabad,Lahore,,Truck,Pakistan Railways,83,124008,,2026-02-11,2026-02-12,On Time,None,3,-1,Yes,2026-02
ORD3812,2026-06-03,Ali Traders,Uniform,Clothing,Supplier A,WH-04,Karachi,Faisalabad,,Van,M&P,99,113643,,2026-06-06,2026-06-06,On Time,None,3,0,Yes,2026-06
ORD3813,2026-01-20,ABC Store,Monitor,Electronics,Supplier A,WH-01,Gujranwala,Lahore,,Rail,TCS,4,7246,,2026-01-25,2026-01-26,On Time,None,5,-1,Yes,2026-01
ORD3814,2026-03-26,New City Store,Uniform,Clothing,Supplier A,WH-02,Karachi,Faisalabad,,Van,Pakistan Railways,67,74365,,2026-03-30,2026-03-30,On Time,None,4,0,Yes,2026-03
ORD3815,2026-12-30,New City Store,Tea,Grocery,Supplier B,WH-03,Karachi,Islamabad,,Van,M&P,91,99809,,2027-01-05,2027-01-01,Delayed,Vehicle Breakdown,6,4,No,2026-12
ORD3816,2026-11-27,XYZ Ltd,Trousers,Clothing,Supplier E,WH-04,Karachi,Faisalabad,,Courier,Leopards,36,66294,,2026-11-28,2026-11-29,On Time,None,1,-1,Yes,2026-11
ORD3817,2026-06-21,ABC Store,Cabinet,Furniture,Supplier B,WH-04,Lahore,Multan,,Rail,DHL,3,5728,,2026-06-26,2026-06-26,On Time,None,5,0,Yes,2026-06
ORD3818,2026-11-13,Star Enterprises,Bookshelf,Furniture,Supplier D,WH-04,Rawalpindi,Lahore,,Truck,TCS,64,93024,,2026-11-18,2026-11-19,On Time,None,5,-1,Yes,2026-11
ORD3819,2026-05-09,Ali Traders,Bookshelf,Furniture,Supplier C,WH-01,Gujranwala,Lahore,,Van,DHL,96,108842,,2026-05-11,2026-05-11,On Time,None,2,0,Yes,2026-05
ORD3820,2026-10-23,XYZ Ltd,Tablet,Electronics,Supplier B,WH-04,Multan,Karachi,,Truck,Leopards,83,122843,,2026-10-27,2026-10-25,Delayed,Supplier Delay,4,2,No,2026-10
ORD3821,2026-06-16,ABC Store,Sofa,Furniture,Supplier D,WH-01,Karachi,Faisalabad,,Courier,Pakistan Railways,55,102356,,2026-06-17,2026-06-18,On Time,None,1,-1,Yes,2026-06
ORD3822,2026-10-11,City Electronics,Monitor,Electronics,Supplier E,WH-01,Gujranwala,Lahore,,Van,Leopards,51,60457,,2026-10-16,2026-10-16,On Time,None,5,0,Yes,2026-10
ORD3823,2026-01-11,Star Enterprises,Trousers,Clothing,Supplier B,WH-02,Peshawar,Islamabad,,Rail,TCS,51,46103,,2026-01-18,2026-01-18,On Time,None,7,0,Yes,2026-01
ORD3824,2026-08-08,Ali Traders,Flour,Grocery,Supplier A,WH-01,Karachi,Faisalabad,,Truck,M&P,7,13060,,2026-08-16,2026-08-14,Delayed,Traffic,8,2,No,2026-08
ORD3825,2026-08-02,New City Store,Desk,Furniture,Supplier A,WH-01,Faisalabad,Lahore,,Rail,Leopards,38,33752,,2026-08-04,2026-08-04,On Time,None,2,0,Yes,2026-08
ORD3826,2026-02-04,XYZ Ltd,Sugar,Grocery,Supplier D,WH-01,Multan,Karachi,,Truck,M&P,2,5727,,2026-02-06,2026-02-07,On Time,None,2,-1,Yes,2026-02
ORD3827,2026-08-14,Super Store,Mobile,Electronics,Supplier E,WH-01,Gujranwala,Lahore,,Rail,Pakistan Railways,69,60824,,2026-08-19,2026-08-19,On Time,None,5,0,Yes,2026-08
ORD3828,2026-11-09,Ali Traders,Table,Furniture,Supplier A,WH-04,Rawalpindi,Lahore,,Rail,Pakistan Railways,90,78766,,2026-11-11,2026-11-11,On Time,None,2,0,Yes,2026-11
ORD3829,2026-08-13,Pak Furniture,Rice,Grocery,Supplier A,WH-03,Islamabad,Peshawar,,Courier,M&P,83,153533,,2026-08-15,2026-08-16,On Time,None,2,-1,Yes,2026-08
ORD3830,2026-06-20,Global Traders,Milk Powder,Grocery,Supplier B,WH-02,Peshawar,Islamabad,,Rail,TCS,92,84210,,2026-06-23,2026-06-23,On Time,None,3,0,Yes,2026-06
ORD3831,2026-01-19,Metro Mart,Monitor,Electronics,Supplier D,WH-04,Karachi,Islamabad,,Courier,Leopards,47,88829,,2026-01-24,2026-01-24,On Time,None,5,0,Yes,2026-01
ORD3832,2026-04-15,Pak Furniture,Keyboard,Electronics,Supplier B,WH-03,Karachi,Faisalabad,,Courier,M&P,26,48702,,2026-04-17,2026-04-18,On Time,None,2,-1,Yes,2026-04
ORD3833,2026-03-29,Ali Traders,T-Shirt,Clothing,Supplier A,WH-01,Islamabad,Peshawar,,Courier,Pakistan Railways,12,25614,,2026-04-02,2026-03-31,Delayed,Weather,4,2,No,2026-03
ORD3834,2026-01-03,Star Enterprises,Office Chair,Furniture,Supplier B,WH-03,Karachi,Lahore,,Courier,TCS,77,141214,,2026-01-13,2026-01-09,Delayed,Vehicle Breakdown,10,4,No,2026-01
ORD3835,2026-09-08,Star Enterprises,Rice,Grocery,Supplier D,WH-04,Karachi,Lahore,,Truck,Leopards,51,75635,,2026-09-11,2026-09-12,On Time,None,3,-1,Yes,2026-09
ORD3836,2026-05-24,Metro Mart,Milk Powder,Grocery,Supplier D,WH-01,Multan,Karachi,,Van,DHL,89,96283,,2026-05-29,2026-05-29,On Time,None,5,0,Yes,2026-05
ORD3837,2026-03-09,Super Store,Laptop,Electronics,Supplier C,WH-03,Karachi,Faisalabad,,Truck,DHL,93,139625,,2026-03-10,2026-03-11,On Time,None,1,-1,Yes,2026-03
ORD3838,2026-09-25,City Electronics,Jacket,Clothing,Supplier C,WH-02,Karachi,Lahore,,Rail,Leopards,70,64154,,2026-09-29,2026-09-30,On Time,None,4,-1,Yes,2026-09
ORD3839,2026-04-09,New City Store,Jacket,Clothing,Supplier C,WH-02,Peshawar,Islamabad,,Truck,Pakistan Railways,6,7443,,2026-04-12,2026-04-12,On Time,None,3,0,Yes,2026-04
ORD3840,2026-07-30,ABC Store,Flour,Grocery,Supplier C,WH-02,Gujranwala,Lahore,,Van,Leopards,30,33094,,2026-08-05,2026-08-06,On Time,None,6,-1,Yes,2026-07
ORD3841,2026-09-20,Pak Furniture,Jacket,Clothing,Supplier B,WH-04,Peshawar,Islamabad,,Rail,Leopards,51,49074,,2026-09-25,2026-09-23,Delayed,Vehicle Breakdown,5,2,No,2026-09
ORD3842,2026-04-03,New City Store,Laptop,Electronics,Supplier B,WH-03,Peshawar,Islamabad,,Van,Leopards,69,80574,,2026-04-09,2026-04-07,Delayed,Vehicle Breakdown,6,2,No,2026-04
ORD3843,2026-07-24,ABC Store,Rice,Grocery,Supplier B,WH-01,Multan,Karachi,,Courier,Leopards,95,168037,,2026-07-30,2026-07-30,On Time,None,6,0,Yes,2026-07
ORD3844,2026-01-23,ABC Store,Mouse,Electronics,Supplier D,WH-03,Lahore,Faisalabad,,Courier,Pakistan Railways,87,154911,,2026-01-30,2026-01-30,On Time,None,7,0,Yes,2026-01
ORD3845,2026-08-04,Pak Furniture,Office Chair,Furniture,Supplier E,WH-02,Lahore,Faisalabad,,Rail,M&P,90,83231,,2026-08-06,2026-08-06,On Time,None,2,0,Yes,2026-08
ORD3846,2026-05-31,Pak Furniture,Monitor,Electronics,Supplier E,WH-04,Islamabad,Peshawar,,Van,M&P,49,58669,,2026-06-04,2026-06-05,On Time,None,4,-1,Yes,2026-05
ORD3847,2026-09-25,ABC Store,Flour,Grocery,Supplier E,WH-04,Lahore,Islamabad,,Van,Pakistan Railways,92,101513,,2026-09-28,2026-09-29,On Time,None,3,-1,Yes,2026-09
ORD3848,2026-12-18,Star Enterprises,Office Chair,Furniture,Supplier A,WH-03,Karachi,Faisalabad,,Van,TCS,62,65336,,2026-12-22,2026-12-23,On Time,None,4,-1,Yes,2026-12
ORD3849,2026-11-13,Ali Traders,Milk Powder,Grocery,Supplier E,WH-04,Lahore,Faisalabad,,Courier,TCS,10,17940,,2026-11-14,2026-11-15,On Time,None,1,-1,Yes,2026-11
ORD3850,2026-05-03,City Electronics,Rice,Grocery,Supplier B,WH-02,Peshawar,Islamabad,,Rail,M&P,35,34673,,2026-05-04,2026-05-05,On Time,None,1,-1,Yes,2026-05
ORD3851,2026-09-12,Star Enterprises,Printer,Electronics,Supplier D,WH-03,Lahore,Multan,,Rail,TCS,59,56676,,2026-09-15,2026-09-16,On Time,None,3,-1,Yes,2026-09
ORD3852,2026-01-24,Metro Mart,Milk Powder,Grocery,Supplier A,WH-01,Rawalpindi,Lahore,,Courier,Leopards,58,108503,,2026-01-27,2026-01-28,On Time,None,3,-1,Yes,2026-01
ORD3853,2026-06-14,Metro Mart,Cooking Oil,Grocery,Supplier D,WH-01,Karachi,Faisalabad,,Van,Leopards,58,62511,,2026-06-16,2026-06-17,On Time,None,2,-1,Yes,2026-06
ORD3854,2026-05-18,XYZ Ltd,Cooking Oil,Grocery,Supplier C,WH-01,Faisalabad,Lahore,,Truck,Leopards,95,141334,,2026-05-21,2026-05-21,On Time,None,3,0,Yes,2026-05
ORD3855,2026-08-01,ABC Store,Tea,Grocery,Supplier B,WH-03,Karachi,Faisalabad,,Van,Leopards,39,44370,,2026-08-10,2026-08-05,Delayed,Weather,9,5,No,2026-08
ORD3856,2026-12-23,Global Traders,Milk Powder,Grocery,Supplier D,WH-04,Islamabad,Peshawar,,Truck,Leopards,9,12633,,2027-01-01,2026-12-28,Delayed,Vehicle Breakdown,9,4,No,2026-12
ORD3857,2026-02-14,New City Store,Jacket,Clothing,Supplier A,WH-01,Lahore,Islamabad,,Van,M&P,53,60842,,2026-02-20,2026-02-20,On Time,None,6,0,Yes,2026-02
ORD3858,2026-11-04,Super Store,Sofa,Furniture,Supplier E,WH-02,Karachi,Faisalabad,,Courier,Leopards,62,111732,,2026-11-07,2026-11-08,On Time,None,3,-1,Yes,2026-11
ORD3859,2026-04-25,City Electronics,Shirt,Clothing,Supplier C,WH-03,Karachi,Lahore,,Van,Leopards,35,40896,,2026-04-26,2026-04-27,On Time,None,1,-1,Yes,2026-04
ORD3860,2026-08-03,Pak Furniture,Jacket,Clothing,Supplier B,WH-02,Karachi,Faisalabad,,Courier,Leopards,47,84782,,2026-08-06,2026-08-06,On Time,None,3,0,Yes,2026-08
ORD3861,2026-06-24,City Electronics,Monitor,Electronics,Supplier C,WH-02,Peshawar,Islamabad,,Courier,M&P,80,143932,,2026-06-28,2026-06-28,On Time,None,4,0,Yes,2026-06
ORD3862,2026-11-18,XYZ Ltd,Bookshelf,Furniture,Supplier A,WH-03,Rawalpindi,Lahore,,Truck,M&P,33,53753,,2026-11-22,2026-11-22,On Time,None,4,0,Yes,2026-11
ORD3863,2026-07-03,Star Enterprises,Cabinet,Furniture,Supplier A,WH-01,Lahore,Faisalabad,,Courier,Leopards,99,180862,,2026-07-13,2026-07-09,Delayed,Traffic,10,4,No,2026-07
ORD3864,2026-05-20,Metro Mart,Milk Powder,Grocery,Supplier B,WH-04,Karachi,Lahore,,Rail,Pakistan Railways,30,26223,,2026-05-27,2026-05-27,On Time,None,7,0,Yes,2026-05
ORD3865,2026-04-26,Ali Traders,Office Chair,Furniture,Supplier E,WH-04,Gujranwala,Lahore,,Van,Pakistan Railways,41,44645,,2026-04-29,2026-04-30,On Time,None,3,-1,Yes,2026-04
ORD3866,2026-05-24,Ali Traders,Cabinet,Furniture,Supplier C,WH-01,Karachi,Islamabad,,Courier,Pakistan Railways,68,122555,,2026-05-30,2026-05-31,On Time,None,6,-1,Yes,2026-05
ORD3867,2026-10-04,Global Traders,Trousers,Clothing,Supplier C,WH-02,Rawalpindi,Lahore,,Van,M&P,57,66296,,2026-10-12,2026-10-09,Delayed,Warehouse Issue,8,3,No,2026-10
ORD3868,2026-10-09,Global Traders,Sofa,Furniture,Supplier E,WH-01,Faisalabad,Lahore,,Courier,TCS,52,91884,,2026-10-10,2026-10-11,On Time,None,1,-1,Yes,2026-10
ORD3869,2026-07-13,Global Traders,Monitor,Electronics,Supplier E,WH-04,Islamabad,Peshawar,,Truck,M&P,3,7223,,2026-07-19,2026-07-20,On Time,None,6,-1,Yes,2026-07
ORD3870,2026-10-19,ABC Store,Shoes,Clothing,Supplier D,WH-01,Multan,Karachi,,Van,M&P,96,108124,,2026-10-26,2026-10-26,On Time,None,7,0,Yes,2026-10
ORD3871,2026-09-03,Super Store,Bookshelf,Furniture,Supplier A,WH-02,Lahore,Multan,,Rail,Leopards,73,70676,,2026-09-09,2026-09-10,On Time,None,6,-1,Yes,2026-09
ORD3872,2026-05-12,Global Traders,Uniform,Clothing,Supplier E,WH-04,Rawalpindi,Lahore,,Truck,Leopards,14,21214,,2026-05-20,2026-05-17,Delayed,Supplier Delay,8,3,No,2026-05
ORD3873,2026-12-07,New City Store,Cooking Oil,Grocery,Supplier E,WH-02,Faisalabad,Lahore,,Courier,Pakistan Railways,48,89067,,2026-12-13,2026-12-10,Delayed,Weather,6,3,No,2026-12
ORD3874,2026-11-02,Star Enterprises,Laptop,Electronics,Supplier E,WH-02,Karachi,Islamabad,,Truck,DHL,100,150616,,2026-11-05,2026-11-05,On Time,None,3,0,Yes,2026-11
ORD3875,2026-03-07,City Electronics,Shirt,Clothing,Supplier A,WH-03,Faisalabad,Lahore,,Van,DHL,9,11465,,2026-03-09,2026-03-09,On Time,None,2,0,Yes,2026-03
ORD3876,2026-02-13,Global Traders,Laptop,Electronics,Supplier D,WH-01,Multan,Karachi,,Courier,Leopards,84,151701,,2026-02-19,2026-02-20,On Time,None,6,-1,Yes,2026-02
ORD3877,2026-04-18,ABC Store,Jacket,Clothing,Supplier C,WH-02,Lahore,Faisalabad,,Van,DHL,52,61488,,2026-04-25,2026-04-22,Delayed,Traffic,7,3,No,2026-04
ORD3878,2026-04-25,Pak Furniture,Table,Furniture,Supplier B,WH-01,Lahore,Islamabad,,Truck,DHL,44,70765,,2026-04-29,2026-04-29,On Time,None,4,0,Yes,2026-04
ORD3879,2026-06-17,New City Store,Printer,Electronics,Supplier E,WH-03,Peshawar,Islamabad,,Courier,Leopards,6,9704,,2026-06-19,2026-06-19,On Time,None,2,0,Yes,2026-06
ORD3880,2026-01-01,Pak Furniture,T-Shirt,Clothing,Supplier B,WH-03,Lahore,Faisalabad,,Van,DHL,6,4148,,2026-01-04,2026-01-05,On Time,None,3,-1,Yes,2026-01
ORD3881,2026-06-18,City Electronics,Cooking Oil,Grocery,Supplier B,WH-04,Rawalpindi,Lahore,,Van,Leopards,65,72051,,2026-06-21,2026-06-21,On Time,None,3,0,Yes,2026-06
ORD3882,2026-12-09,City Electronics,Tea,Grocery,Supplier E,WH-01,Lahore,Islamabad,,Courier,DHL,97,172683,,2026-12-13,2026-12-14,On Time,None,4,-1,Yes,2026-12
ORD3883,2026-10-17,XYZ Ltd,Mouse,Electronics,Supplier A,WH-03,Lahore,Multan,,Rail,DHL,79,73095,,2026-10-19,2026-10-20,On Time,None,2,-1,Yes,2026-10
ORD3884,2026-11-11,XYZ Ltd,Cooking Oil,Grocery,Supplier C,WH-02,Karachi,Faisalabad,,Rail,TCS,56,52332,,2026-11-17,2026-11-18,On Time,None,6,-1,Yes,2026-11
ORD3885,2026-01-31,New City Store,Cabinet,Furniture,Supplier D,WH-02,Karachi,Lahore,,Truck,DHL,3,3265,,2026-02-11,2026-02-06,Delayed,Supplier Delay,11,5,No,2026-01
ORD3886,2026-09-16,Metro Mart,Mobile,Electronics,Supplier C,WH-01,Karachi,Faisalabad,,Rail,Pakistan Railways,45,45202,,2026-09-20,2026-09-20,On Time,None,4,0,Yes,2026-09
ORD3887,2026-02-10,Super Store,Mouse,Electronics,Supplier E,WH-01,Islamabad,Peshawar,,Truck,M&P,94,145921,,2026-02-15,2026-02-12,Delayed,Vehicle Breakdown,5,3,No,2026-02
ORD3888,2026-08-04,Star Enterprises,Mobile,Electronics,Supplier B,WH-01,Karachi,Islamabad,,Van,DHL,54,56407,,2026-08-07,2026-08-08,On Time,None,3,-1,Yes,2026-08
ORD3889,2026-04-06,ABC Store,Mobile,Electronics,Supplier C,WH-03,Peshawar,Islamabad,,Rail,Pakistan Railways,81,75955,,2026-04-12,2026-04-13,On Time,None,6,-1,Yes,2026-04
ORD3890,2026-10-23,ABC Store,T-Shirt,Clothing,Supplier A,WH-04,Peshawar,Islamabad,,Truck,Pakistan Railways,9,12424,,2026-10-28,2026-10-28,On Time,None,5,0,Yes,2026-10
ORD3891,2026-11-26,Super Store,Milk Powder,Grocery,Supplier E,WH-02,Lahore,Islamabad,,Rail,Pakistan Railways,39,36540,,2026-12-03,2026-12-03,On Time,None,7,0,Yes,2026-11
ORD3892,2026-01-13,New City Store,Mobile,Electronics,Supplier D,WH-01,Karachi,Lahore,,Truck,M&P,85,126275,,2026-01-20,2026-01-20,On Time,None,7,0,Yes,2026-01
ORD3893,2026-05-30,Metro Mart,Flour,Grocery,Supplier B,WH-03,Peshawar,Islamabad,,Courier,DHL,17,28081,,2026-06-01,2026-06-01,On Time,None,2,0,Yes,2026-05
ORD3894,2026-01-18,ABC Store,Sugar,Grocery,Supplier C,WH-02,Karachi,Faisalabad,,Truck,M&P,29,41966,,2026-01-21,2026-01-22,On Time,None,3,-1,Yes,2026-01
ORD3895,2026-06-07,Star Enterprises,Printer,Electronics,Supplier E,WH-04,Lahore,Islamabad,,Rail,Leopards,36,33916,,2026-06-14,2026-06-14,On Time,None,7,0,Yes,2026-06
ORD3896,2026-02-19,Super Store,Table,Furniture,Supplier C,WH-01,Faisalabad,Lahore,,Courier,M&P,13,21059,,2026-02-26,2026-02-26,On Time,None,7,0,Yes,2026-02
ORD3897,2026-04-12,New City Store,Laptop,Electronics,Supplier B,WH-01,Gujranwala,Lahore,,Courier,Leopards,64,115809,,2026-04-22,2026-04-19,Delayed,Weather,10,3,No,2026-04
ORD3898,2026-02-07,Star Enterprises,Milk Powder,Grocery,Supplier E,WH-04,Lahore,Faisalabad,,Truck,M&P,89,132049,,2026-02-12,2026-02-13,On Time,None,5,-1,Yes,2026-02
ORD3899,2026-01-17,Star Enterprises,Desk,Furniture,Supplier E,WH-03,Rawalpindi,Lahore,,Van,Pakistan Railways,92,104908,,2026-01-27,2026-01-23,Delayed,Traffic,10,4,No,2026-01
ORD3900,2026-04-20,Global Traders,Trousers,Clothing,Supplier A,WH-02,Lahore,Islamabad,,Rail,Pakistan Railways,72,65154,,2026-04-26,2026-04-26,On Time,None,6,0,Yes,2026-04
ORD3901,2026-09-23,Pak Furniture,Bookshelf,Furniture,Supplier A,WH-04,Karachi,Islamabad,,Courier,Pakistan Railways,10,21584,,2026-09-25,2026-09-26,On Time,None,2,-1,Yes,2026-09
ORD3902,2026-10-31,Pak Furniture,Printer,Electronics,Supplier A,WH-03,Lahore,Islamabad,,Truck,Pakistan Railways,13,18488,,2026-11-07,2026-11-07,On Time,None,7,0,Yes,2026-10
ORD3903,2026-02-08,Global Traders,Laptop,Electronics,Supplier A,WH-03,Lahore,Faisalabad,,Rail,M&P,94,86983,,2026-02-09,2026-02-10,On Time,None,1,-1,Yes,2026-02
ORD3904,2026-12-16,Metro Mart,Tea,Grocery,Supplier A,WH-01,Gujranwala,Lahore,,Rail,M&P,22,19407,,2026-12-20,2026-12-20,On Time,None,4,0,Yes,2026-12
ORD3905,2026-03-16,Pak Furniture,Cooking Oil,Grocery,Supplier A,WH-03,Karachi,Islamabad,,Truck,DHL,85,132372,,2026-03-23,2026-03-23,On Time,None,7,0,Yes,2026-03
ORD3906,2026-02-01,ABC Store,Monitor,Electronics,Supplier B,WH-01,Faisalabad,Lahore,,Van,Pakistan Railways,33,34183,,2026-02-05,2026-02-06,On Time,None,4,-1,Yes,2026-02
ORD3907,2026-02-26,ABC Store,Tea,Grocery,Supplier B,WH-02,Karachi,Islamabad,,Truck,Pakistan Railways,52,81139,,2026-03-01,2026-03-02,On Time,None,3,-1,Yes,2026-02
ORD3908,2026-12-13,Super Store,Tablet,Electronics,Supplier A,WH-04,Multan,Karachi,,Rail,Pakistan Railways,12,15310,,2026-12-19,2026-12-20,On Time,None,6,-1,Yes,2026-12
ORD3909,2026-01-01,ABC Store,Tablet,Electronics,Supplier B,WH-02,Gujranwala,Lahore,,Truck,TCS,54,81725,,2026-01-07,2026-01-07,On Time,None,6,0,Yes,2026-01
ORD3910,2026-07-08,Super Store,Trousers,Clothing,Supplier B,WH-02,Lahore,Faisalabad,,Van,Leopards,65,71018,,2026-07-10,2026-07-10,On Time,None,2,0,Yes,2026-07
ORD3911,2026-05-25,Super Store,Table,Furniture,Supplier E,WH-01,Gujranwala,Lahore,,Courier,M&P,85,154937,,2026-06-03,2026-06-01,Delayed,Supplier Delay,9,2,No,2026-05
ORD3912,2026-12-12,New City Store,Keyboard,Electronics,Supplier E,WH-03,Lahore,Islamabad,,Rail,DHL,68,63451,,2026-12-13,2026-12-14,On Time,None,1,-1,Yes,2026-12
ORD3913,2026-07-23,XYZ Ltd,Cooking Oil,Grocery,Supplier D,WH-02,Karachi,Lahore,,Truck,Pakistan Railways,63,93015,,2026-07-27,2026-07-28,On Time,None,4,-1,Yes,2026-07
ORD3914,2026-01-26,Pak Furniture,Keyboard,Electronics,Supplier D,WH-01,Faisalabad,Lahore,,Rail,M&P,12,12320,,2026-01-30,2026-01-30,On Time,None,4,0,Yes,2026-01
ORD3915,2026-03-27,New City Store,Jacket,Clothing,Supplier B,WH-03,Lahore,Multan,,Van,TCS,62,66824,,2026-03-29,2026-03-30,On Time,None,2,-1,Yes,2026-03
ORD3916,2026-05-16,Star Enterprises,Uniform,Clothing,Supplier B,WH-01,Karachi,Faisalabad,,Van,TCS,20,24056,,2026-05-18,2026-05-18,On Time,None,2,0,Yes,2026-05
ORD3917,2026-03-30,Super Store,Rice,Grocery,Supplier B,WH-03,Lahore,Multan,,Truck,M&P,81,121249,,2026-04-03,2026-04-04,On Time,None,4,-1,Yes,2026-03
ORD3918,2026-05-06,ABC Store,Flour,Grocery,Supplier D,WH-02,Gujranwala,Lahore,,Rail,DHL,8,5991,,2026-05-08,2026-05-08,On Time,None,2,0,Yes,2026-05
ORD3919,2026-02-03,Metro Mart,Laptop,Electronics,Supplier A,WH-01,Islamabad,Peshawar,,Truck,M&P,55,81976,,2026-02-10,2026-02-07,Delayed,Weather,7,3,No,2026-02
ORD3920,2026-08-27,Global Traders,Keyboard,Electronics,Supplier C,WH-02,Gujranwala,Lahore,,Van,Leopards,61,64292,,2026-09-04,2026-09-03,Delayed,Vehicle Breakdown,8,1,No,2026-08
ORD3921,2026-10-16,Global Traders,T-Shirt,Clothing,Supplier D,WH-04,Gujranwala,Lahore,,Van,M&P,52,59703,,2026-10-22,2026-10-22,On Time,None,6,0,Yes,2026-10
ORD3922,2026-02-09,ABC Store,Desk,Furniture,Supplier A,WH-04,Gujranwala,Lahore,,Courier,M&P,80,146100,,2026-02-14,2026-02-14,On Time,None,5,0,Yes,2026-02
ORD3923,2026-12-28,Super Store,Table,Furniture,Supplier E,WH-04,Lahore,Faisalabad,,Truck,TCS,57,83427,,2026-12-30,2026-12-30,On Time,None,2,0,Yes,2026-12
ORD3924,2026-09-13,Pak Furniture,Keyboard,Electronics,Supplier B,WH-02,Lahore,Islamabad,,Truck,TCS,19,32744,,2026-09-17,2026-09-18,On Time,None,4,-1,Yes,2026-09
ORD3925,2026-05-25,XYZ Ltd,Bookshelf,Furniture,Supplier C,WH-02,Islamabad,Peshawar,,Van,DHL,98,109321,,2026-05-26,2026-05-27,On Time,None,1,-1,Yes,2026-05
ORD3926,2026-04-19,ABC Store,Shirt,Clothing,Supplier D,WH-04,Gujranwala,Lahore,,Courier,M&P,87,156118,,2026-04-23,2026-04-24,On Time,None,4,-1,Yes,2026-04
ORD3927,2026-09-07,ABC Store,Keyboard,Electronics,Supplier A,WH-01,Karachi,Lahore,,Rail,Leopards,70,67394,,2026-09-17,2026-09-12,Delayed,Traffic,10,5,No,2026-09
ORD3928,2026-04-11,Global Traders,Keyboard,Electronics,Supplier C,WH-04,Lahore,Islamabad,,Van,Leopards,39,40966,,2026-04-13,2026-04-14,On Time,None,2,-1,Yes,2026-04
ORD3929,2026-06-04,Pak Furniture,Milk Powder,Grocery,Supplier D,WH-02,Rawalpindi,Lahore,,Truck,M&P,60,92299,,2026-06-09,2026-06-10,On Time,None,5,-1,Yes,2026-06
ORD3930,2026-09-23,Ali Traders,Milk Powder,Grocery,Supplier D,WH-01,Karachi,Lahore,,Courier,Pakistan Railways,34,63378,,2026-09-26,2026-09-27,On Time,None,3,-1,Yes,2026-09
ORD3931,2026-03-21,Global Traders,Tea,Grocery,Supplier E,WH-03,Lahore,Multan,,Rail,M&P,30,27617,,2026-03-27,2026-03-27,On Time,None,6,0,Yes,2026-03
ORD3932,2026-07-19,Super Store,Printer,Electronics,Supplier C,WH-04,Gujranwala,Lahore,,Courier,TCS,16,30211,,2026-07-26,2026-07-25,Delayed,Supplier Delay,7,1,No,2026-07
ORD3933,2026-03-28,Global Traders,Uniform,Clothing,Supplier B,WH-03,Rawalpindi,Lahore,,Courier,M&P,76,137221,,2026-04-02,2026-04-02,On Time,None,5,0,Yes,2026-03
ORD3934,2026-07-11,XYZ Ltd,Trousers,Clothing,Supplier B,WH-01,Karachi,Faisalabad,,Truck,M&P,54,82059,,2026-07-14,2026-07-15,On Time,None,3,-1,Yes,2026-07
ORD3935,2026-04-20,Pak Furniture,Milk Powder,Grocery,Supplier C,WH-03,Karachi,Faisalabad,,Courier,Pakistan Railways,59,108416,,2026-04-21,2026-04-22,On Time,None,1,-1,Yes,2026-04
ORD3936,2026-09-01,Global Traders,Printer,Electronics,Supplier C,WH-03,Islamabad,Peshawar,,Truck,TCS,10,15972,,2026-09-07,2026-09-04,Delayed,Traffic,6,3,No,2026-09
ORD3937,2026-03-19,Global Traders,Desk,Furniture,Supplier E,WH-02,Karachi,Lahore,,Van,Pakistan Railways,81,90640,,2026-03-22,2026-03-23,On Time,None,3,-1,Yes,2026-03
ORD3938,2026-05-13,Ali Traders,Flour,Grocery,Supplier C,WH-02,Faisalabad,Lahore,,Truck,Leopards,61,90865,,2026-05-20,2026-05-20,On Time,None,7,0,Yes,2026-05
ORD3939,2026-06-14,XYZ Ltd,Jacket,Clothing,Supplier B,WH-03,Islamabad,Peshawar,,Courier,M&P,20,37139,,2026-06-23,2026-06-21,Delayed,Traffic,9,2,No,2026-06
ORD3940,2026-04-05,XYZ Ltd,Printer,Electronics,Supplier A,WH-01,Multan,Karachi,,Rail,Pakistan Railways,52,44143,,2026-04-13,2026-04-10,Delayed,Weather,8,3,No,2026-04
ORD3941,2026-02-01,ABC Store,Tea,Grocery,Supplier D,WH-04,Lahore,Islamabad,,Courier,Leopards,30,54597,,2026-02-03,2026-02-04,On Time,None,2,-1,Yes,2026-02
ORD3942,2026-10-21,Metro Mart,Chair,Furniture,Supplier E,WH-03,Multan,Karachi,,Van,DHL,8,8867,,2026-10-31,2026-10-28,Delayed,Traffic,10,3,No,2026-10
ORD3943,2026-07-23,New City Store,Uniform,Clothing,Supplier A,WH-03,Lahore,Faisalabad,,Rail,M&P,86,77277,,2026-07-26,2026-07-26,On Time,None,3,0,Yes,2026-07
ORD3944,2026-10-25,City Electronics,Mobile,Electronics,Supplier A,WH-01,Karachi,Faisalabad,,Van,TCS,69,77567,,2026-10-29,2026-10-30,On Time,None,4,-1,Yes,2026-10
ORD3945,2026-06-02,Ali Traders,Trousers,Clothing,Supplier B,WH-02,Karachi,Lahore,,Rail,TCS,90,85890,,2026-06-07,2026-06-07,On Time,None,5,0,Yes,2026-06
ORD3946,2026-08-31,New City Store,Cabinet,Furniture,Supplier D,WH-01,Faisalabad,Lahore,,Courier,M&P,30,51660,,2026-09-03,2026-09-04,On Time,None,3,-1,Yes,2026-08
ORD3947,2026-05-19,XYZ Ltd,Chair,Furniture,Supplier D,WH-01,Karachi,Islamabad,,Van,TCS,88,94170,,2026-05-23,2026-05-24,On Time,None,4,-1,Yes,2026-05
ORD3948,2026-03-15,Star Enterprises,Jacket,Clothing,Supplier E,WH-03,Lahore,Faisalabad,,Van,Leopards,63,73938,,2026-03-23,2026-03-19,Delayed,Traffic,8,4,No,2026-03
ORD3949,2026-02-12,Global Traders,Uniform,Clothing,Supplier D,WH-04,Islamabad,Peshawar,,Truck,TCS,14,18522,,2026-02-18,2026-02-15,Delayed,Weather,6,3,No,2026-02
ORD3950,2026-12-18,New City Store,Table,Furniture,Supplier E,WH-02,Faisalabad,Lahore,,Van,DHL,27,30513,,2026-12-23,2026-12-23,On Time,None,5,0,Yes,2026-12
ORD3951,2026-05-27,Star Enterprises,Mouse,Electronics,Supplier B,WH-02,Karachi,Islamabad,,Rail,Pakistan Railways,88,81192,,2026-06-01,2026-06-01,On Time,None,5,0,Yes,2026-05
ORD3952,2026-01-18,City Electronics,Tablet,Electronics,Supplier D,WH-01,Multan,Karachi,,Rail,M&P,81,72447,,2026-01-20,2026-01-21,On Time,None,2,-1,Yes,2026-01
ORD3953,2026-04-11,New City Store,Shirt,Clothing,Supplier B,WH-01,Karachi,Islamabad,,Courier,TCS,95,171158,,2026-04-16,2026-04-17,On Time,None,5,-1,Yes,2026-04
ORD3954,2026-06-09,Global Traders,Shirt,Clothing,Supplier A,WH-02,Peshawar,Islamabad,,Courier,M&P,34,60606,,2026-06-10,2026-06-11,On Time,None,1,-1,Yes,2026-06
ORD3955,2026-05-16,Metro Mart,Shoes,Clothing,Supplier A,WH-02,Peshawar,Islamabad,,Courier,Leopards,5,8704,,2026-05-18,2026-05-18,On Time,None,2,0,Yes,2026-05
ORD3956,2026-03-28,Metro Mart,Trousers,Clothing,Supplier C,WH-04,Karachi,Faisalabad,,Rail,M&P,51,42978,,2026-04-01,2026-04-01,On Time,None,4,0,Yes,2026-03
ORD3957,2026-02-14,ABC Store,Mouse,Electronics,Supplier C,WH-04,Gujranwala,Lahore,,Van,DHL,24,28915,,2026-02-18,2026-02-19,On Time,None,4,-1,Yes,2026-02
ORD3958,2026-03-01,ABC Store,T-Shirt,Clothing,Supplier C,WH-01,Lahore,Multan,,Rail,Pakistan Railways,92,81203,,2026-03-07,2026-03-08,On Time,None,6,-1,Yes,2026-03
ORD3959,2026-07-27,New City Store,Sugar,Grocery,Supplier B,WH-02,Peshawar,Islamabad,,Van,M&P,32,36675,,2026-08-04,2026-07-31,Delayed,Vehicle Breakdown,8,4,No,2026-07
ORD3960,2026-09-02,Super Store,Router,Electronics,Supplier D,WH-03,Karachi,Faisalabad,,Courier,DHL,21,40287,,2026-09-06,2026-09-06,On Time,None,4,0,Yes,2026-09
ORD3961,2026-09-24,Star Enterprises,Sofa,Furniture,Supplier D,WH-01,Rawalpindi,Lahore,,Van,DHL,85,92815,,2026-09-25,2026-09-26,On Time,None,1,-1,Yes,2026-09
ORD3962,2026-08-30,Star Enterprises,Sofa,Furniture,Supplier A,WH-03,Karachi,Faisalabad,,Van,Leopards,54,60679,,2026-09-03,2026-09-04,On Time,None,4,-1,Yes,2026-08
ORD3963,2026-10-05,Ali Traders,T-Shirt,Clothing,Supplier C,WH-04,Faisalabad,Lahore,,Van,TCS,4,1805,,2026-10-08,2026-10-08,On Time,None,3,0,Yes,2026-10
ORD3964,2026-07-06,Ali Traders,Bookshelf,Furniture,Supplier D,WH-01,Karachi,Islamabad,,Courier,TCS,80,142272,,2026-07-14,2026-07-12,Delayed,Warehouse Issue,8,2,No,2026-07
ORD3965,2026-02-14,City Electronics,Bookshelf,Furniture,Supplier A,WH-02,Rawalpindi,Lahore,,Rail,Leopards,23,21786,,2026-02-19,2026-02-20,On Time,None,5,-1,Yes,2026-02
ORD3966,2026-11-20,XYZ Ltd,Uniform,Clothing,Supplier E,WH-03,Peshawar,Islamabad,,Rail,M&P,21,19985,,2026-11-24,2026-11-25,On Time,None,4,-1,Yes,2026-11
ORD3967,2026-11-09,Metro Mart,Sofa,Furniture,Supplier E,WH-02,Lahore,Multan,,Rail,TCS,87,79161,,2026-11-11,2026-11-12,On Time,None,2,-1,Yes,2026-11
ORD3968,2026-11-12,Pak Furniture,Mouse,Electronics,Supplier A,WH-01,Peshawar,Islamabad,,Truck,Pakistan Railways,69,105098,,2026-11-20,2026-11-19,Delayed,Supplier Delay,8,1,No,2026-11
ORD3969,2026-04-17,Metro Mart,Uniform,Clothing,Supplier B,WH-04,Lahore,Multan,,Rail,M&P,43,42491,,2026-04-23,2026-04-20,Delayed,Supplier Delay,6,3,No,2026-04
ORD3970,2026-05-13,XYZ Ltd,Shoes,Clothing,Supplier B,WH-02,Gujranwala,Lahore,,Courier,DHL,24,47537,,2026-05-19,2026-05-16,Delayed,Vehicle Breakdown,6,3,No,2026-05
ORD3971,2026-05-02,XYZ Ltd,Rice,Grocery,Supplier A,WH-04,Peshawar,Islamabad,,Van,DHL,73,84937,,2026-05-06,2026-05-07,On Time,None,4,-1,Yes,2026-05
ORD3972,2026-02-13,Super Store,Milk Powder,Grocery,Supplier A,WH-04,Lahore,Islamabad,,Courier,DHL,100,184857,,2026-02-17,2026-02-17,On Time,None,4,0,Yes,2026-02
ORD3973,2026-02-24,Metro Mart,Cabinet,Furniture,Supplier D,WH-04,Gujranwala,Lahore,,Truck,M&P,60,89651,,2026-02-27,2026-02-27,On Time,None,3,0,Yes,2026-02
ORD3974,2026-07-22,City Electronics,Shirt,Clothing,Supplier A,WH-01,Islamabad,Peshawar,,Van,TCS,59,63170,,2026-07-24,2026-07-25,On Time,None,2,-1,Yes,2026-07
ORD3975,2026-10-26,ABC Store,Cooking Oil,Grocery,Supplier C,WH-03,Lahore,Islamabad,,Courier,DHL,56,102553,,2026-11-02,2026-11-02,On Time,None,7,0,Yes,2026-10
ORD3976,2026-02-02,Super Store,Uniform,Clothing,Supplier D,WH-03,Faisalabad,Lahore,,Truck,Pakistan Railways,49,77256,,2026-02-07,2026-02-07,On Time,None,5,0,Yes,2026-02
ORD3977,2026-02-01,XYZ Ltd,Table,Furniture,Supplier D,WH-03,Karachi,Islamabad,,Rail,TCS,38,33120,,2026-02-06,2026-02-06,On Time,None,5,0,Yes,2026-02
ORD3978,2026-04-11,City Electronics,Desk,Furniture,Supplier E,WH-01,Multan,Karachi,,Van,Leopards,26,26580,,2026-04-16,2026-04-16,On Time,None,5,0,Yes,2026-04
ORD3979,2026-12-29,City Electronics,Table,Furniture,Supplier B,WH-01,Lahore,Multan,,Rail,DHL,83,72582,,2027-01-05,2027-01-05,On Time,None,7,0,Yes,2026-12
ORD3980,2026-04-09,Star Enterprises,Laptop,Electronics,Supplier B,WH-03,Rawalpindi,Lahore,,Van,TCS,59,64576,,2026-04-13,2026-04-11,Delayed,Supplier Delay,4,2,No,2026-04
ORD3981,2026-07-07,Star Enterprises,Bookshelf,Furniture,Supplier E,WH-03,Lahore,Islamabad,,Van,DHL,22,25082,,2026-07-12,2026-07-09,Delayed,Weather,5,3,No,2026-07
ORD3982,2026-06-15,ABC Store,Desk,Furniture,Supplier D,WH-02,Karachi,Faisalabad,,Rail,DHL,9,10807,,2026-06-19,2026-06-20,On Time,None,4,-1,Yes,2026-06
ORD3983,2026-07-14,Metro Mart,Office Chair,Furniture,Supplier C,WH-03,Rawalpindi,Lahore,,Truck,M&P,34,55088,,2026-07-16,2026-07-17,On Time,None,2,-1,Yes,2026-07
ORD3984,2026-06-15,City Electronics,Router,Electronics,Supplier D,WH-02,Gujranwala,Lahore,,Van,TCS,51,60661,,2026-06-26,2026-06-21,Delayed,Vehicle Breakdown,11,5,No,2026-06
ORD3985,2026-06-24,Star Enterprises,Tablet,Electronics,Supplier E,WH-03,Faisalabad,Lahore,,Courier,TCS,87,158160,,2026-06-28,2026-06-29,On Time,None,4,-1,Yes,2026-06
ORD3986,2026-10-16,Star Enterprises,Mouse,Electronics,Supplier B,WH-03,Karachi,Islamabad,,Van,TCS,39,42539,,2026-10-19,2026-10-19,On Time,None,3,0,Yes,2026-10
ORD3987,2026-02-21,Metro Mart,Cabinet,Furniture,Supplier D,WH-01,Islamabad,Peshawar,,Courier,Leopards,89,159582,,2026-02-27,2026-02-26,Delayed,Warehouse Issue,6,1,No,2026-02
ORD3988,2026-01-06,Pak Furniture,Sugar,Grocery,Supplier B,WH-04,Karachi,Faisalabad,,Truck,Leopards,97,147973,,2026-01-13,2026-01-13,On Time,None,7,0,Yes,2026-01
ORD3989,2026-08-29,ABC Store,Sofa,Furniture,Supplier C,WH-04,Lahore,Islamabad,,Courier,Pakistan Railways,97,179090,,2026-09-01,2026-09-02,On Time,None,3,-1,Yes,2026-08
ORD3990,2026-03-31,ABC Store,T-Shirt,Clothing,Supplier E,WH-03,Lahore,Islamabad,,Courier,Pakistan Railways,99,178895,,2026-04-03,2026-04-03,On Time,None,3,0,Yes,2026-03
ORD3991,2026-08-17,XYZ Ltd,Printer,Electronics,Supplier A,WH-04,Lahore,Multan,,Van,TCS,79,90092,,2026-08-19,2026-08-19,On Time,None,2,0,Yes,2026-08
ORD3992,2026-10-10,Global Traders,Milk Powder,Grocery,Supplier E,WH-04,Gujranwala,Lahore,,Rail,Leopards,34,27716,,2026-10-11,2026-10-12,On Time,None,1,-1,Yes,2026-10
ORD3993,2026-11-23,Pak Furniture,Sugar,Grocery,Supplier A,WH-04,Faisalabad,Lahore,,Rail,TCS,34,30803,,2026-11-25,2026-11-25,On Time,None,2,0,Yes,2026-11
ORD3994,2026-12-28,Metro Mart,Rice,Grocery,Supplier B,WH-04,Lahore,Multan,,Courier,Leopards,44,78504,,2026-12-31,2027-01-01,On Time,None,3,-1,Yes,2026-12
ORD3995,2026-10-25,City Electronics,Printer,Electronics,Supplier B,WH-03,Karachi,Faisalabad,,Truck,Pakistan Railways,46,69213,,2026-10-27,2026-10-28,On Time,None,2,-1,Yes,2026-10
ORD3996,2026-04-22,Star Enterprises,Milk Powder,Grocery,Supplier C,WH-02,Lahore,Faisalabad,,Van,DHL,15,21204,,2026-04-30,2026-04-25,Delayed,Warehouse Issue,8,5,No,2026-04
ORD3997,2026-09-06,Star Enterprises,Office Chair,Furniture,Supplier C,WH-02,Faisalabad,Lahore,,Rail,Pakistan Railways,75,65385,,2026-09-12,2026-09-12,On Time,None,6,0,Yes,2026-09
ORD3998,2026-07-29,Metro Mart,Tea,Grocery,Supplier D,WH-02,Lahore,Multan,,Rail,M&P,30,27995,,2026-08-05,2026-08-05,On Time,None,7,0,Yes,2026-07
ORD3999,2026-07-27,XYZ Ltd,Shirt,Clothing,Supplier A,WH-04,Karachi,Lahore,,Courier,M&P,28,55306,,2026-08-03,2026-08-03,On Time,None,7,0,Yes,2026-07
ORD4000,2026-06-27,Metro Mart,Flour,Grocery,Supplier A,WH-04,Karachi,Faisalabad,,Rail,Pakistan Railways,100,92384,,2026-06-30,2026-06-30,On Time,None,3,0,Yes,2026-06
ORD4001,2026-05-01,Ali Traders,Uniform,Clothing,Supplier B,WH-03,Faisalabad,Lahore,,Rail,TCS,58,53954,,2026-05-04,2026-05-04,On Time,None,3,0,Yes,2026-05
ORD4002,2026-04-23,ABC Store,Tea,Grocery,Supplier A,WH-03,Lahore,Multan,,Truck,M&P,33,49039,,2026-04-29,2026-04-30,On Time,None,6,-1,Yes,2026-04
ORD4003,2026-10-24,Super Store,Shoes,Clothing,Supplier B,WH-03,Lahore,Multan,,Rail,Leopards,34,27870,,2026-10-31,2026-10-28,Delayed,Weather,7,3,No,2026-10
ORD4004,2026-12-09,Global Traders,Shirt,Clothing,Supplier B,WH-03,Karachi,Islamabad,,Courier,Leopards,49,92850,,2026-12-16,2026-12-12,Delayed,Warehouse Issue,7,4,No,2026-12
ORD4005,2026-10-20,New City Store,Jacket,Clothing,Supplier A,WH-01,Peshawar,Islamabad,,Truck,Leopards,91,138870,,2026-10-23,2026-10-24,On Time,None,3,-1,Yes,2026-10
ORD4006,2026-11-15,City Electronics,Router,Electronics,Supplier B,WH-02,Karachi,Islamabad,,Courier,TCS,47,87550,,2026-11-16,2026-11-17,On Time,None,1,-1,Yes,2026-11
ORD4007,2026-09-13,Ali Traders,Cabinet,Furniture,Supplier B,WH-02,Lahore,Islamabad,,Van,M&P,12,16401,,2026-09-19,2026-09-20,On Time,None,6,-1,Yes,2026-09
ORD4008,2026-01-03,XYZ Ltd,Rice,Grocery,Supplier A,WH-01,Karachi,Islamabad,,Courier,M&P,87,160390,,2026-01-13,2026-01-08,Delayed,Traffic,10,5,No,2026-01
ORD4009,2026-12-29,Pak Furniture,Flour,Grocery,Supplier B,WH-02,Rawalpindi,Lahore,,Van,Pakistan Railways,4,3468,,2027-01-04,2027-01-04,On Time,None,6,0,Yes,2026-12
ORD4010,2026-06-26,Global Traders,Flour,Grocery,Supplier D,WH-03,Karachi,Islamabad,,Van,Leopards,30,31602,,2026-06-28,2026-06-29,On Time,None,2,-1,Yes,2026-06
ORD4011,2026-11-21,Star Enterprises,Milk Powder,Grocery,Supplier D,WH-03,Karachi,Lahore,,Truck,DHL,92,137383,,2026-11-28,2026-11-27,Delayed,Supplier Delay,7,1,No,2026-11
ORD4012,2026-03-12,City Electronics,Monitor,Electronics,Supplier A,WH-01,Multan,Karachi,,Truck,Leopards,85,130815,,2026-03-16,2026-03-16,On Time,None,4,0,Yes,2026-03
ORD4013,2026-10-25,Ali Traders,Desk,Furniture,Supplier E,WH-02,Karachi,Islamabad,,Truck,Leopards,88,132965,,2026-10-31,2026-11-01,On Time,None,6,-1,Yes,2026-10
ORD4014,2026-04-15,City Electronics,Office Chair,Furniture,Supplier A,WH-04,Karachi,Lahore,,Van,TCS,81,93068,,2026-04-25,2026-04-21,Delayed,Traffic,10,4,No,2026-04
ORD4015,2026-08-11,Metro Mart,Table,Furniture,Supplier A,WH-04,Rawalpindi,Lahore,,Truck,TCS,85,131099,,2026-08-12,2026-08-13,On Time,None,1,-1,Yes,2026-08
ORD4016,2026-03-20,Metro Mart,Sofa,Furniture,Supplier E,WH-04,Lahore,Islamabad,,Van,M&P,58,65781,,2026-03-24,2026-03-24,On Time,None,4,0,Yes,2026-03
ORD4017,2026-08-05,City Electronics,Milk Powder,Grocery,Supplier A,WH-01,Peshawar,Islamabad,,Van,M&P,38,46253,,2026-08-10,2026-08-10,On Time,None,5,0,Yes,2026-08
ORD4018,2026-05-08,New City Store,Trousers,Clothing,Supplier C,WH-01,Karachi,Faisalabad,,Van,DHL,65,74253,,2026-05-11,2026-05-12,On Time,None,3,-1,Yes,2026-05
ORD4019,2026-01-30,Metro Mart,Router,Electronics,Supplier C,WH-01,Karachi,Islamabad,,Rail,TCS,78,67563,,2026-02-04,2026-02-05,On Time,None,5,-1,Yes,2026-01
ORD4020,2026-11-15,Pak Furniture,Trousers,Clothing,Supplier E,WH-04,Peshawar,Islamabad,,Van,Pakistan Railways,44,47329,,2026-11-20,2026-11-21,On Time,None,5,-1,Yes,2026-11
ORD4021,2026-01-13,Super Store,Trousers,Clothing,Supplier B,WH-02,Lahore,Faisalabad,,Van,Leopards,50,59947,,2026-01-17,2026-01-17,On Time,None,4,0,Yes,2026-01
ORD4022,2026-10-04,Ali Traders,Bookshelf,Furniture,Supplier C,WH-04,Multan,Karachi,,Van,DHL,72,79167,,2026-10-10,2026-10-10,On Time,None,6,0,Yes,2026-10
ORD4023,2026-04-04,Ali Traders,Laptop,Electronics,Supplier A,WH-03,Karachi,Faisalabad,,Rail,M&P,100,89524,,2026-04-10,2026-04-10,On Time,None,6,0,Yes,2026-04
ORD4024,2026-11-01,XYZ Ltd,Router,Electronics,Supplier C,WH-01,Faisalabad,Lahore,,Truck,Pakistan Railways,60,87114,,2026-11-03,2026-11-04,On Time,None,2,-1,Yes,2026-11
ORD4025,2026-02-22,Global Traders,Jacket,Clothing,Supplier E,WH-01,Lahore,Multan,,Rail,M&P,96,90747,,2026-02-28,2026-03-01,On Time,None,6,-1,Yes,2026-02
ORD4026,2026-10-21,ABC Store,Monitor,Electronics,Supplier B,WH-01,Gujranwala,Lahore,,Rail,TCS,93,81127,,2026-10-23,2026-10-24,On Time,None,2,-1,Yes,2026-10
ORD4027,2026-09-18,ABC Store,Tablet,Electronics,Supplier E,WH-04,Lahore,Multan,,Rail,Leopards,42,37726,,2026-09-22,2026-09-20,Delayed,Warehouse Issue,4,2,No,2026-09
ORD4028,2026-01-29,Ali Traders,T-Shirt,Clothing,Supplier D,WH-02,Islamabad,Peshawar,,Truck,DHL,21,31358,,2026-01-31,2026-01-31,On Time,None,2,0,Yes,2026-01
ORD4029,2026-08-12,Star Enterprises,Chair,Furniture,Supplier B,WH-04,Karachi,Islamabad,,Courier,DHL,13,27390,,2026-08-15,2026-08-15,On Time,None,3,0,Yes,2026-08
ORD4030,2026-10-23,Pak Furniture,Bookshelf,Furniture,Supplier E,WH-03,Multan,Karachi,,Rail,Leopards,21,16423,,2026-10-29,2026-10-29,On Time,None,6,0,Yes,2026-10
ORD4031,2026-11-03,Ali Traders,Flour,Grocery,Supplier A,WH-03,Rawalpindi,Lahore,,Rail,DHL,98,88796,,2026-11-08,2026-11-08,On Time,None,5,0,Yes,2026-11
ORD4032,2026-10-12,XYZ Ltd,Cooking Oil,Grocery,Supplier C,WH-03,Lahore,Faisalabad,,Courier,M&P,64,115779,,2026-10-17,2026-10-17,On Time,None,5,0,Yes,2026-10
ORD4033,2026-12-13,Global Traders,Uniform,Clothing,Supplier A,WH-03,Karachi,Lahore,,Courier,M&P,7,12846,,2026-12-18,2026-12-18,On Time,None,5,0,Yes,2026-12
ORD4034,2026-05-24,Pak Furniture,Mobile,Electronics,Supplier C,WH-01,Faisalabad,Lahore,,Van,M&P,53,59421,,2026-05-31,2026-05-29,Delayed,Warehouse Issue,7,2,No,2026-05
ORD4035,2026-05-15,Super Store,T-Shirt,Clothing,Supplier C,WH-01,Gujranwala,Lahore,,Truck,M&P,89,133755,,2026-05-20,2026-05-20,On Time,None,5,0,Yes,2026-05
ORD4036,2026-04-23,Star Enterprises,Cabinet,Furniture,Supplier C,WH-01,Gujranwala,Lahore,,Rail,TCS,54,46765,,2026-04-27,2026-04-28,On Time,None,4,-1,Yes,2026-04
ORD4037,2026-01-15,New City Store,Table,Furniture,Supplier C,WH-02,Karachi,Lahore,,Van,DHL,72,76302,,2026-01-18,2026-01-18,On Time,None,3,0,Yes,2026-01
ORD4038,2026-05-16,Super Store,Sofa,Furniture,Supplier D,WH-02,Faisalabad,Lahore,,Truck,M&P,66,99801,,2026-05-20,2026-05-20,On Time,None,4,0,Yes,2026-05
ORD4039,2026-11-19,ABC Store,Milk Powder,Grocery,Supplier A,WH-02,Karachi,Faisalabad,,Rail,M&P,48,46375,,2026-11-25,2026-11-25,On Time,None,6,0,Yes,2026-11
ORD4040,2026-04-25,Metro Mart,Tea,Grocery,Supplier C,WH-01,Multan,Karachi,,Rail,DHL,45,45055,,2026-05-02,2026-05-02,On Time,None,7,0,Yes,2026-04
ORD4041,2026-03-15,XYZ Ltd,Uniform,Clothing,Supplier C,WH-01,Lahore,Multan,,Truck,Pakistan Railways,89,130861,,2026-03-17,2026-03-17,On Time,None,2,0,Yes,2026-03
ORD4042,2026-12-08,City Electronics,Trousers,Clothing,Supplier A,WH-01,Karachi,Lahore,,Rail,Pakistan Railways,55,48456,,2026-12-10,2026-12-11,On Time,None,2,-1,Yes,2026-12
ORD4043,2026-10-17,Star Enterprises,Laptop,Electronics,Supplier C,WH-01,Karachi,Islamabad,,Rail,Pakistan Railways,97,87490,,2026-10-24,2026-10-24,On Time,None,7,0,Yes,2026-10
ORD4044,2026-11-29,City Electronics,Laptop,Electronics,Supplier C,WH-04,Faisalabad,Lahore,,Van,M&P,87,95082,,2026-12-03,2026-12-03,On Time,None,4,0,Yes,2026-11
ORD4045,2026-03-28,ABC Store,Printer,Electronics,Supplier B,WH-01,Karachi,Faisalabad,,Rail,TCS,66,57931,,2026-04-03,2026-04-03,On Time,None,6,0,Yes,2026-03
ORD4046,2026-06-14,City Electronics,Router,Electronics,Supplier E,WH-04,Lahore,Multan,,Rail,M&P,5,7284,,2026-06-18,2026-06-18,On Time,None,4,0,Yes,2026-06
ORD4047,2026-03-03,New City Store,Monitor,Electronics,Supplier D,WH-03,Rawalpindi,Lahore,,Courier,TCS,57,106386,,2026-03-08,2026-03-09,On Time,None,5,-1,Yes,2026-03
ORD4048,2026-12-16,Super Store,Mouse,Electronics,Supplier E,WH-03,Karachi,Lahore,,Van,M&P,13,12707,,2026-12-21,2026-12-22,On Time,None,5,-1,Yes,2026-12
ORD4049,2026-07-14,New City Store,Flour,Grocery,Supplier E,WH-03,Lahore,Faisalabad,,Van,Leopards,60,69038,,2026-07-15,2026-07-16,On Time,None,1,-1,Yes,2026-07
ORD4050,2026-03-11,Super Store,Keyboard,Electronics,Supplier D,WH-03,Peshawar,Islamabad,,Truck,Leopards,3,8470,,2026-03-17,2026-03-17,On Time,None,6,0,Yes,2026-03
ORD4051,2026-08-06,ABC Store,Laptop,Electronics,Supplier B,WH-02,Faisalabad,Lahore,,Truck,DHL,4,10560,,2026-08-12,2026-08-12,On Time,None,6,0,Yes,2026-08
ORD4052,2026-07-07,New City Store,T-Shirt,Clothing,Supplier A,WH-03,Rawalpindi,Lahore,,Van,M&P,77,83841,,2026-07-10,2026-07-10,On Time,None,3,0,Yes,2026-07
ORD4053,2026-04-13,Metro Mart,Jacket,Clothing,Supplier E,WH-03,Peshawar,Islamabad,,Truck,DHL,94,142428,,2026-04-20,2026-04-20,On Time,None,7,0,Yes,2026-04
ORD4054,2026-01-02,ABC Store,Mobile,Electronics,Supplier A,WH-02,Islamabad,Peshawar,,Courier,Pakistan Railways,42,79787,,2026-01-08,2026-01-09,On Time,None,6,-1,Yes,2026-01
ORD4055,2026-04-14,ABC Store,Sugar,Grocery,Supplier B,WH-03,Karachi,Lahore,,Courier,TCS,86,155611,,2026-04-21,2026-04-16,Delayed,Warehouse Issue,7,5,No,2026-04
ORD4056,2026-11-05,Super Store,Table,Furniture,Supplier E,WH-04,Peshawar,Islamabad,,Truck,Pakistan Railways,93,137061,,2026-11-07,2026-11-08,On Time,None,2,-1,Yes,2026-11
ORD4057,2026-03-30,Ali Traders,Table,Furniture,Supplier A,WH-03,Karachi,Islamabad,,Rail,DHL,41,34819,,2026-04-04,2026-04-05,On Time,None,5,-1,Yes,2026-03
ORD4058,2026-08-01,City Electronics,Cooking Oil,Grocery,Supplier A,WH-01,Karachi,Islamabad,,Van,M&P,80,89843,,2026-08-05,2026-08-03,Delayed,Supplier Delay,4,2,No,2026-08
ORD4059,2026-05-31,XYZ Ltd,Desk,Furniture,Supplier A,WH-04,Lahore,Islamabad,,Truck,Pakistan Railways,100,152353,,2026-06-02,2026-06-03,On Time,None,2,-1,Yes,2026-05
ORD4060,2026-05-03,Global Traders,Uniform,Clothing,Supplier C,WH-02,Karachi,Islamabad,,Truck,DHL,8,15878,,2026-05-07,2026-05-07,On Time,None,4,0,Yes,2026-05
ORD4061,2026-10-21,XYZ Ltd,Milk Powder,Grocery,Supplier A,WH-04,Islamabad,Peshawar,,Van,DHL,45,50764,,2026-10-22,2026-10-23,On Time,None,1,-1,Yes,2026-10
ORD4062,2026-03-25,Ali Traders,Keyboard,Electronics,Supplier B,WH-04,Peshawar,Islamabad,,Courier,Pakistan Railways,48,85757,,2026-03-31,2026-03-30,Delayed,Warehouse Issue,6,1,No,2026-03
ORD4063,2026-08-20,Ali Traders,Mouse,Electronics,Supplier B,WH-01,Lahore,Faisalabad,,Van,TCS,17,17894,,2026-08-22,2026-08-22,On Time,None,2,0,Yes,2026-08
ORD4064,2026-08-10,City Electronics,Milk Powder,Grocery,Supplier B,WH-04,Lahore,Multan,,Van,TCS,97,109402,,2026-08-13,2026-08-13,On Time,None,3,0,Yes,2026-08
ORD4065,2026-01-23,ABC Store,Monitor,Electronics,Supplier C,WH-03,Peshawar,Islamabad,,Courier,Pakistan Railways,89,164424,,2026-01-28,2026-01-29,On Time,None,5,-1,Yes,2026-01
ORD4066,2026-10-16,ABC Store,Tea,Grocery,Supplier E,WH-03,Faisalabad,Lahore,,Rail,Pakistan Railways,36,35423,,2026-10-22,2026-10-22,On Time,None,6,0,Yes,2026-10
ORD4067,2026-05-31,Global Traders,Bookshelf,Furniture,Supplier A,WH-03,Rawalpindi,Lahore,,Rail,M&P,17,17861,,2026-06-02,2026-06-02,On Time,None,2,0,Yes,2026-05
ORD4068,2026-07-30,Metro Mart,Tea,Grocery,Supplier A,WH-03,Multan,Karachi,,Rail,TCS,37,32766,,2026-08-03,2026-08-03,On Time,None,4,0,Yes,2026-07
ORD4069,2026-09-06,City Electronics,Printer,Electronics,Supplier C,WH-02,Faisalabad,Lahore,,Van,Pakistan Railways,97,107884,,2026-09-12,2026-09-12,On Time,None,6,0,Yes,2026-09
ORD4070,2026-06-02,Super Store,Rice,Grocery,Supplier E,WH-02,Lahore,Islamabad,,Rail,DHL,11,10796,,2026-06-07,2026-06-08,On Time,None,5,-1,Yes,2026-06
ORD4071,2026-05-02,New City Store,Monitor,Electronics,Supplier D,WH-04,Faisalabad,Lahore,,Rail,Pakistan Railways,29,28140,,2026-05-05,2026-05-05,On Time,None,3,0,Yes,2026-05
ORD4072,2026-03-09,Global Traders,Keyboard,Electronics,Supplier C,WH-02,Lahore,Multan,,Rail,TCS,22,19399,,2026-03-10,2026-03-11,On Time,None,1,-1,Yes,2026-03
ORD4073,2026-05-21,ABC Store,Desk,Furniture,Supplier D,WH-02,Lahore,Multan,,Van,Leopards,19,18256,,2026-05-25,2026-05-26,On Time,None,4,-1,Yes,2026-05
ORD4074,2026-11-03,Global Traders,Sugar,Grocery,Supplier D,WH-01,Karachi,Faisalabad,,Truck,Leopards,31,44820,,2026-11-06,2026-11-06,On Time,None,3,0,Yes,2026-11
ORD4075,2026-08-22,Metro Mart,Desk,Furniture,Supplier B,WH-01,Lahore,Islamabad,,Rail,Pakistan Railways,25,27427,,2026-08-29,2026-08-29,On Time,None,7,0,Yes,2026-08
ORD4076,2026-12-16,Star Enterprises,Sofa,Furniture,Supplier B,WH-02,Karachi,Lahore,,Rail,M&P,13,14657,,2026-12-18,2026-12-18,On Time,None,2,0,Yes,2026-12
ORD4077,2026-09-17,New City Store,Mobile,Electronics,Supplier A,WH-03,Lahore,Multan,,Truck,Leopards,91,138089,,2026-09-19,2026-09-20,On Time,None,2,-1,Yes,2026-09
ORD4078,2026-07-30,City Electronics,Table,Furniture,Supplier E,WH-03,Faisalabad,Lahore,,Van,M&P,26,27136,,2026-08-03,2026-08-03,On Time,None,4,0,Yes,2026-07
ORD4079,2026-12-31,ABC Store,Trousers,Clothing,Supplier A,WH-03,Lahore,Islamabad,,Van,DHL,38,40015,,2027-01-03,2027-01-04,On Time,None,3,-1,Yes,2026-12
ORD4080,2026-01-13,New City Store,Router,Electronics,Supplier B,WH-01,Multan,Karachi,,Van,DHL,18,19203,,2026-01-20,2026-01-20,On Time,None,7,0,Yes,2026-01
ORD4081,2026-03-29,City Electronics,Cooking Oil,Grocery,Supplier E,WH-02,Peshawar,Islamabad,,Truck,Leopards,16,28336,,2026-04-03,2026-04-01,Delayed,Vehicle Breakdown,5,2,No,2026-03
ORD4082,2026-09-11,New City Store,T-Shirt,Clothing,Supplier A,WH-01,Lahore,Multan,,Rail,TCS,73,66821,,2026-09-20,2026-09-18,Delayed,Vehicle Breakdown,9,2,No,2026-09
ORD4083,2026-05-29,New City Store,Sugar,Grocery,Supplier A,WH-04,Multan,Karachi,,Truck,M&P,19,32185,,2026-06-03,2026-06-04,On Time,None,5,-1,Yes,2026-05
ORD4084,2026-10-17,Global Traders,T-Shirt,Clothing,Supplier E,WH-03,Karachi,Lahore,,Courier,Leopards,46,86799,,2026-10-18,2026-10-19,On Time,None,1,-1,Yes,2026-10
ORD4085,2026-01-27,Pak Furniture,Flour,Grocery,Supplier A,WH-02,Rawalpindi,Lahore,,Courier,Leopards,8,12359,,2026-02-02,2026-02-03,On Time,None,6,-1,Yes,2026-01
ORD4086,2026-02-19,Super Store,Desk,Furniture,Supplier D,WH-03,Karachi,Lahore,,Truck,TCS,3,3266,,2026-02-24,2026-02-24,On Time,None,5,0,Yes,2026-02
ORD4087,2026-08-30,City Electronics,Cabinet,Furniture,Supplier D,WH-02,Lahore,Faisalabad,,Rail,Leopards,82,77493,,2026-09-01,2026-09-01,On Time,None,2,0,Yes,2026-08
ORD4088,2026-07-07,Star Enterprises,Mouse,Electronics,Supplier B,WH-01,Lahore,Multan,,Truck,DHL,76,117594,,2026-07-08,2026-07-09,On Time,None,1,-1,Yes,2026-07
ORD4089,2026-07-28,Metro Mart,Trousers,Clothing,Supplier C,WH-01,Karachi,Lahore,,Van,Pakistan Railways,85,94770,,2026-07-29,2026-07-30,On Time,None,1,-1,Yes,2026-07
ORD4090,2026-02-14,Ali Traders,Sofa,Furniture,Supplier B,WH-02,Rawalpindi,Lahore,,Truck,M&P,5,7642,,2026-02-18,2026-02-19,On Time,None,4,-1,Yes,2026-02
ORD4091,2026-12-13,Pak Furniture,Office Chair,Furniture,Supplier B,WH-02,Faisalabad,Lahore,,Rail,Leopards,44,44412,,2026-12-20,2026-12-20,On Time,None,7,0,Yes,2026-12
ORD4092,2026-07-12,Metro Mart,Mouse,Electronics,Supplier E,WH-01,Karachi,Islamabad,,Rail,M&P,77,74100,,2026-07-14,2026-07-14,On Time,None,2,0,Yes,2026-07
ORD4093,2026-04-26,Pak Furniture,Sugar,Grocery,Supplier B,WH-04,Lahore,Multan,,Rail,Leopards,55,50201,,2026-04-30,2026-05-01,On Time,None,4,-1,Yes,2026-04
ORD4094,2026-03-27,Super Store,Shoes,Clothing,Supplier A,WH-04,Karachi,Islamabad,,Courier,Pakistan Railways,2,2873,,2026-03-31,2026-03-31,On Time,None,4,0,Yes,2026-03
ORD4095,2026-03-27,XYZ Ltd,Milk Powder,Grocery,Supplier B,WH-01,Faisalabad,Lahore,,Courier,M&P,19,34200,,2026-03-30,2026-03-31,On Time,None,3,-1,Yes,2026-03
ORD4096,2026-07-12,City Electronics,Sofa,Furniture,Supplier A,WH-04,Lahore,Islamabad,,Van,M&P,97,110283,,2026-07-17,2026-07-18,On Time,None,5,-1,Yes,2026-07
ORD4097,2026-02-05,ABC Store,Shirt,Clothing,Supplier A,WH-03,Multan,Karachi,,Rail,DHL,73,67639,,2026-02-10,2026-02-09,Delayed,Traffic,5,1,No,2026-02
ORD4098,2026-11-24,Pak Furniture,Sugar,Grocery,Supplier C,WH-01,Karachi,Lahore,,Rail,TCS,87,81372,,2026-11-28,2026-11-28,On Time,None,4,0,Yes,2026-11
ORD4099,2026-11-09,Ali Traders,T-Shirt,Clothing,Supplier A,WH-02,Faisalabad,Lahore,,Rail,M&P,65,60782,,2026-11-12,2026-11-12,On Time,None,3,0,Yes,2026-11
ORD4100,2026-05-15,Star Enterprises,Jacket,Clothing,Supplier E,WH-04,Peshawar,Islamabad,,Courier,M&P,18,32262,,2026-05-21,2026-05-22,On Time,None,6,-1,Yes,2026-05
ORD4101,2026-11-20,New City Store,Printer,Electronics,Supplier B,WH-04,Lahore,Faisalabad,,Van,Leopards,42,46506,,2026-11-26,2026-11-26,On Time,None,6,0,Yes,2026-11
ORD4102,2026-12-11,Star Enterprises,Rice,Grocery,Supplier D,WH-04,Rawalpindi,Lahore,,Van,M&P,30,30464,,2026-12-22,2026-12-17,Delayed,Traffic,11,5,No,2026-12
ORD4103,2026-10-06,Super Store,T-Shirt,Clothing,Supplier E,WH-03,Faisalabad,Lahore,,Truck,TCS,78,121397,,2026-10-08,2026-10-09,On Time,None,2,-1,Yes,2026-10
ORD4104,2026-05-26,Super Store,Shirt,Clothing,Supplier E,WH-02,Rawalpindi,Lahore,,Rail,DHL,28,25797,,2026-05-29,2026-05-28,Delayed,Weather,3,1,No,2026-05
ORD4105,2026-11-15,Pak Furniture,Trousers,Clothing,Supplier C,WH-01,Lahore,Faisalabad,,Courier,M&P,58,101855,,2026-11-18,2026-11-19,On Time,None,3,-1,Yes,2026-11
ORD4106,2026-01-22,New City Store,Sofa,Furniture,Supplier A,WH-02,Karachi,Faisalabad,,Truck,TCS,37,55053,,2026-01-26,2026-01-27,On Time,None,4,-1,Yes,2026-01
ORD4107,2026-11-15,Global Traders,Bookshelf,Furniture,Supplier E,WH-03,Karachi,Lahore,,Truck,DHL,55,83539,,2026-11-18,2026-11-19,On Time,None,3,-1,Yes,2026-11
ORD4108,2026-07-18,New City Store,Table,Furniture,Supplier E,WH-03,Lahore,Islamabad,,Truck,TCS,59,86135,,2026-07-20,2026-07-21,On Time,None,2,-1,Yes,2026-07
ORD4109,2026-12-28,Global Traders,Router,Electronics,Supplier A,WH-03,Multan,Karachi,,Courier,Pakistan Railways,8,15921,,2027-01-01,2027-01-02,On Time,None,4,-1,Yes,2026-12
ORD4110,2026-09-01,Metro Mart,Mouse,Electronics,Supplier E,WH-02,Rawalpindi,Lahore,,Rail,Pakistan Railways,22,20816,,2026-09-04,2026-09-05,On Time,None,3,-1,Yes,2026-09
ORD4111,2026-02-13,Ali Traders,Mouse,Electronics,Supplier E,WH-04,Rawalpindi,Lahore,,Rail,TCS,1,2769,,2026-02-19,2026-02-20,On Time,None,6,-1,Yes,2026-02
ORD4112,2026-09-20,Metro Mart,Desk,Furniture,Supplier D,WH-04,Gujranwala,Lahore,,Truck,Pakistan Railways,2,3095,,2026-09-25,2026-09-22,Delayed,Weather,5,3,No,2026-09
ORD4113,2026-08-21,Ali Traders,Router,Electronics,Supplier A,WH-01,Karachi,Lahore,,Truck,DHL,97,143650,,2026-08-23,2026-08-24,On Time,None,2,-1,Yes,2026-08
ORD4114,2026-12-26,Super Store,Office Chair,Furniture,Supplier E,WH-01,Faisalabad,Lahore,,Truck,TCS,16,28558,,2026-12-27,2026-12-28,On Time,None,1,-1,Yes,2026-12
ORD4115,2026-07-13,New City Store,Office Chair,Furniture,Supplier C,WH-01,Lahore,Islamabad,,Courier,Leopards,56,102846,,2026-07-18,2026-07-19,On Time,None,5,-1,Yes,2026-07
ORD4116,2026-01-21,ABC Store,Tea,Grocery,Supplier C,WH-01,Karachi,Lahore,,Courier,DHL,23,42976,,2026-01-24,2026-01-24,On Time,None,3,0,Yes,2026-01
ORD4117,2026-02-27,New City Store,Jacket,Clothing,Supplier B,WH-03,Lahore,Faisalabad,,Courier,TCS,56,101454,,2026-03-06,2026-03-02,Delayed,Traffic,7,4,No,2026-02
ORD4118,2026-03-21,Pak Furniture,Flour,Grocery,Supplier E,WH-04,Faisalabad,Lahore,,Rail,TCS,21,21684,,2026-03-24,2026-03-25,On Time,None,3,-1,Yes,2026-03
ORD4119,2026-02-12,Star Enterprises,Desk,Furniture,Supplier C,WH-01,Faisalabad,Lahore,,Courier,M&P,80,147857,,2026-02-18,2026-02-16,Delayed,Vehicle Breakdown,6,2,No,2026-02
ORD4120,2026-03-14,City Electronics,Sofa,Furniture,Supplier B,WH-02,Faisalabad,Lahore,,Van,DHL,15,18902,,2026-03-19,2026-03-19,On Time,None,5,0,Yes,2026-03
ORD4121,2026-09-15,Global Traders,Shirt,Clothing,Supplier B,WH-02,Lahore,Islamabad,,Van,TCS,52,54938,,2026-09-21,2026-09-22,On Time,None,6,-1,Yes,2026-09
ORD4122,2026-01-08,Metro Mart,Mouse,Electronics,Supplier D,WH-04,Gujranwala,Lahore,,Courier,M&P,40,73243,,2026-01-15,2026-01-11,Delayed,Supplier Delay,7,4,No,2026-01
ORD4123,2026-01-06,Global Traders,Cabinet,Furniture,Supplier A,WH-01,Karachi,Islamabad,,Courier,DHL,5,11717,,2026-01-12,2026-01-12,On Time,None,6,0,Yes,2026-01
ORD4124,2026-07-20,Global Traders,Trousers,Clothing,Supplier E,WH-04,Lahore,Islamabad,,Van,Pakistan Railways,56,66345,,2026-07-26,2026-07-27,On Time,None,6,-1,Yes,2026-07
ORD4125,2026-11-23,Ali Traders,Milk Powder,Grocery,Supplier D,WH-01,Multan,Karachi,,Rail,Pakistan Railways,42,41885,,2026-11-27,2026-11-27,On Time,None,4,0,Yes,2026-11
ORD4126,2026-11-23,Star Enterprises,Milk Powder,Grocery,Supplier C,WH-04,Faisalabad,Lahore,,Courier,Leopards,92,170354,,2026-11-25,2026-11-25,On Time,None,2,0,Yes,2026-11
ORD4127,2026-02-26,Pak Furniture,Desk,Furniture,Supplier B,WH-04,Lahore,Faisalabad,,Van,DHL,67,78145,,2026-03-02,2026-03-03,On Time,None,4,-1,Yes,2026-02
ORD4128,2026-03-30,Global Traders,Shoes,Clothing,Supplier C,WH-03,Gujranwala,Lahore,,Rail,DHL,64,61655,,2026-04-03,2026-04-03,On Time,None,4,0,Yes,2026-03
ORD4129,2026-08-08,City Electronics,Milk Powder,Grocery,Supplier C,WH-01,Islamabad,Peshawar,,Truck,TCS,20,32269,,2026-08-09,2026-08-10,On Time,None,1,-1,Yes,2026-08
ORD4130,2026-07-16,Super Store,Tea,Grocery,Supplier C,WH-03,Islamabad,Peshawar,,Van,DHL,18,18838,,2026-07-20,2026-07-20,On Time,None,4,0,Yes,2026-07
ORD4131,2026-05-06,Metro Mart,Cooking Oil,Grocery,Supplier D,WH-02,Lahore,Multan,,Courier,M&P,99,179167,,2026-05-12,2026-05-13,On Time,None,6,-1,Yes,2026-05
ORD4132,2026-12-07,Ali Traders,Office Chair,Furniture,Supplier E,WH-01,Karachi,Lahore,,Van,DHL,82,91023,,2026-12-13,2026-12-14,On Time,None,6,-1,Yes,2026-12
ORD4133,2026-07-07,Global Traders,Shirt,Clothing,Supplier A,WH-03,Karachi,Lahore,,Truck,TCS,46,72133,,2026-07-17,2026-07-13,Delayed,Weather,10,4,No,2026-07
ORD4134,2026-04-19,ABC Store,Sugar,Grocery,Supplier E,WH-03,Lahore,Multan,,Truck,TCS,46,70467,,2026-04-24,2026-04-24,On Time,None,5,0,Yes,2026-04
ORD4135,2026-06-22,Ali Traders,Mouse,Electronics,Supplier B,WH-04,Karachi,Faisalabad,,Rail,TCS,48,47466,,2026-06-26,2026-06-27,On Time,None,4,-1,Yes,2026-06
ORD4136,2026-03-03,Pak Furniture,Laptop,Electronics,Supplier E,WH-01,Lahore,Islamabad,,Truck,Pakistan Railways,34,50415,,2026-03-08,2026-03-06,Delayed,Warehouse Issue,5,2,No,2026-03
ORD4137,2026-09-07,Metro Mart,Office Chair,Furniture,Supplier A,WH-04,Faisalabad,Lahore,,Courier,Pakistan Railways,38,66596,,2026-09-11,2026-09-12,On Time,None,4,-1,Yes,2026-09
ORD4138,2026-10-11,Ali Traders,Sofa,Furniture,Supplier B,WH-02,Multan,Karachi,,Courier,Leopards,95,169854,,2026-10-17,2026-10-18,On Time,None,6,-1,Yes,2026-10
ORD4139,2026-06-08,Metro Mart,Laptop,Electronics,Supplier D,WH-03,Islamabad,Peshawar,,Courier,TCS,36,62691,,2026-06-11,2026-06-12,On Time,None,3,-1,Yes,2026-06
ORD4140,2026-08-10,City Electronics,Cabinet,Furniture,Supplier B,WH-01,Multan,Karachi,,Rail,Leopards,15,12804,,2026-08-12,2026-08-13,On Time,None,2,-1,Yes,2026-08
ORD4141,2026-09-17,ABC Store,Shoes,Clothing,Supplier C,WH-02,Gujranwala,Lahore,,Rail,M&P,7,6214,,2026-09-23,2026-09-23,On Time,None,6,0,Yes,2026-09
ORD4142,2026-05-13,Metro Mart,Cooking Oil,Grocery,Supplier C,WH-02,Lahore,Faisalabad,,Courier,DHL,84,150700,,2026-05-17,2026-05-17,On Time,None,4,0,Yes,2026-05
ORD4143,2026-10-16,Star Enterprises,Table,Furniture,Supplier C,WH-03,Faisalabad,Lahore,,Rail,TCS,94,86934,,2026-10-21,2026-10-20,Delayed,Traffic,5,1,No,2026-10
ORD4144,2026-02-27,City Electronics,Shirt,Clothing,Supplier A,WH-04,Rawalpindi,Lahore,,Rail,M&P,48,41910,,2026-03-04,2026-03-05,On Time,None,5,-1,Yes,2026-02
ORD4145,2026-06-27,Global Traders,Shoes,Clothing,Supplier B,WH-04,Peshawar,Islamabad,,Van,DHL,31,35740,,2026-06-30,2026-07-01,On Time,None,3,-1,Yes,2026-06
ORD4146,2026-01-17,XYZ Ltd,Milk Powder,Grocery,Supplier C,WH-02,Peshawar,Islamabad,,Rail,DHL,82,73824,,2026-01-22,2026-01-22,On Time,None,5,0,Yes,2026-01
ORD4147,2026-09-07,Metro Mart,Tablet,Electronics,Supplier C,WH-02,Karachi,Islamabad,,Rail,Pakistan Railways,93,87583,,2026-09-11,2026-09-12,On Time,None,4,-1,Yes,2026-09
ORD4148,2026-04-24,ABC Store,Mobile,Electronics,Supplier D,WH-03,Karachi,Lahore,,Courier,DHL,86,153489,,2026-04-28,2026-04-28,On Time,None,4,0,Yes,2026-04
ORD4149,2026-03-14,City Electronics,Chair,Furniture,Supplier C,WH-01,Faisalabad,Lahore,,Courier,Pakistan Railways,40,71551,,2026-03-17,2026-03-17,On Time,None,3,0,Yes,2026-03
ORD4150,2026-02-05,Global Traders,Monitor,Electronics,Supplier C,WH-02,Faisalabad,Lahore,,Truck,TCS,45,70918,,2026-02-08,2026-02-09,On Time,None,3,-1,Yes,2026-02
ORD4151,2026-06-19,Super Store,Bookshelf,Furniture,Supplier D,WH-02,Peshawar,Islamabad,,Courier,M&P,26,49315,,2026-06-22,2026-06-22,On Time,None,3,0,Yes,2026-06
ORD4152,2026-02-12,XYZ Ltd,Tablet,Electronics,Supplier E,WH-04,Karachi,Faisalabad,,Courier,Pakistan Railways,38,66654,,2026-02-19,2026-02-19,On Time,None,7,0,Yes,2026-02
ORD4153,2026-06-19,ABC Store,Sugar,Grocery,Supplier D,WH-04,Lahore,Multan,,Truck,Pakistan Railways,57,89555,,2026-06-25,2026-06-26,On Time,None,6,-1,Yes,2026-06
ORD4154,2026-07-16,Super Store,Tablet,Electronics,Supplier E,WH-03,Gujranwala,Lahore,,Courier,Pakistan Railways,43,79031,,2026-07-20,2026-07-20,On Time,None,4,0,Yes,2026-07
ORD4155,2026-05-27,New City Store,Table,Furniture,Supplier A,WH-01,Karachi,Lahore,,Rail,Leopards,97,89520,,2026-06-03,2026-06-03,On Time,None,7,0,Yes,2026-05
ORD4156,2026-01-15,XYZ Ltd,Uniform,Clothing,Supplier B,WH-01,Lahore,Faisalabad,,Truck,Leopards,92,140678,,2026-01-21,2026-01-22,On Time,None,6,-1,Yes,2026-01
ORD4157,2026-07-29,Metro Mart,Table,Furniture,Supplier C,WH-01,Lahore,Faisalabad,,Rail,DHL,19,18971,,2026-08-08,2026-08-05,Delayed,Warehouse Issue,10,3,No,2026-07
ORD4158,2026-02-17,Metro Mart,Router,Electronics,Supplier B,WH-04,Karachi,Lahore,,Rail,Pakistan Railways,38,36783,,2026-02-21,2026-02-21,On Time,None,4,0,Yes,2026-02
ORD4159,2026-04-12,Ali Traders,Router,Electronics,Supplier C,WH-03,Karachi,Faisalabad,,Courier,Leopards,61,114338,,2026-04-19,2026-04-16,Delayed,Warehouse Issue,7,3,No,2026-04
ORD4160,2026-06-27,ABC Store,Chair,Furniture,Supplier D,WH-02,Islamabad,Peshawar,,Van,M&P,29,35939,,2026-06-29,2026-06-30,On Time,None,2,-1,Yes,2026-06
ORD4161,2026-01-21,Pak Furniture,Uniform,Clothing,Supplier C,WH-04,Gujranwala,Lahore,,Courier,Leopards,8,15112,,2026-01-26,2026-01-23,Delayed,Traffic,5,3,No,2026-01
ORD4162,2026-08-22,Super Store,Shoes,Clothing,Supplier A,WH-04,Peshawar,Islamabad,,Rail,TCS,66,64071,,2026-08-26,2026-08-26,On Time,None,4,0,Yes,2026-08
ORD4163,2026-02-11,Ali Traders,T-Shirt,Clothing,Supplier E,WH-04,Faisalabad,Lahore,,Rail,DHL,18,16357,,2026-02-14,2026-02-15,On Time,None,3,-1,Yes,2026-02
ORD4164,2026-11-29,City Electronics,Tablet,Electronics,Supplier C,WH-01,Karachi,Faisalabad,,Rail,DHL,73,66271,,2026-12-04,2026-12-05,On Time,None,5,-1,Yes,2026-11
ORD4165,2026-06-12,New City Store,Shirt,Clothing,Supplier A,WH-01,Karachi,Lahore,,Van,TCS,66,73599,,2026-06-13,2026-06-14,On Time,None,1,-1,Yes,2026-06
ORD4166,2026-09-29,Star Enterprises,Monitor,Electronics,Supplier E,WH-02,Rawalpindi,Lahore,,Truck,Pakistan Railways,13,20644,,2026-10-04,2026-10-05,On Time,None,5,-1,Yes,2026-09
ORD4167,2026-10-14,ABC Store,T-Shirt,Clothing,Supplier B,WH-01,Multan,Karachi,,Rail,TCS,13,15644,,2026-10-20,2026-10-20,On Time,None,6,0,Yes,2026-10
ORD4168,2026-07-05,Global Traders,Uniform,Clothing,Supplier A,WH-01,Lahore,Faisalabad,,Truck,Pakistan Railways,56,86839,,2026-07-10,2026-07-10,On Time,None,5,0,Yes,2026-07
ORD4169,2026-03-06,XYZ Ltd,Trousers,Clothing,Supplier C,WH-01,Faisalabad,Lahore,,Van,Pakistan Railways,79,85741,,2026-03-09,2026-03-09,On Time,None,3,0,Yes,2026-03
ORD4170,2026-08-12,Pak Furniture,Router,Electronics,Supplier D,WH-02,Karachi,Lahore,,Van,TCS,79,90189,,2026-08-16,2026-08-17,On Time,None,4,-1,Yes,2026-08
ORD4171,2026-03-01,Metro Mart,Sugar,Grocery,Supplier D,WH-04,Lahore,Multan,,Rail,M&P,79,70123,,2026-03-06,2026-03-06,On Time,None,5,0,Yes,2026-03
ORD4172,2026-02-02,ABC Store,Desk,Furniture,Supplier D,WH-04,Karachi,Faisalabad,,Rail,TCS,50,43757,,2026-02-10,2026-02-08,Delayed,Warehouse Issue,8,2,No,2026-02
ORD4173,2026-02-18,Pak Furniture,Tea,Grocery,Supplier B,WH-04,Lahore,Multan,,Truck,DHL,37,53495,,2026-02-20,2026-02-21,On Time,None,2,-1,Yes,2026-02
ORD4174,2026-04-07,Metro Mart,Cooking Oil,Grocery,Supplier A,WH-04,Karachi,Islamabad,,Courier,Pakistan Railways,57,102268,,2026-04-12,2026-04-12,On Time,None,5,0,Yes,2026-04
ORD4175,2026-08-08,Pak Furniture,Milk Powder,Grocery,Supplier C,WH-02,Karachi,Lahore,,Courier,DHL,79,143768,,2026-08-17,2026-08-15,Delayed,Vehicle Breakdown,9,2,No,2026-08
ORD4176,2026-06-16,Star Enterprises,Shoes,Clothing,Supplier C,WH-01,Faisalabad,Lahore,,Truck,DHL,99,146033,,2026-06-23,2026-06-20,Delayed,Warehouse Issue,7,3,No,2026-06
ORD4177,2026-07-11,Ali Traders,Jacket,Clothing,Supplier D,WH-04,Gujranwala,Lahore,,Van,Pakistan Railways,63,72765,,2026-07-15,2026-07-15,On Time,None,4,0,Yes,2026-07
ORD4178,2026-02-10,Metro Mart,Rice,Grocery,Supplier B,WH-03,Gujranwala,Lahore,,Van,Pakistan Railways,90,103554,,2026-02-16,2026-02-17,On Time,None,6,-1,Yes,2026-02
ORD4179,2026-01-14,Super Store,Cooking Oil,Grocery,Supplier B,WH-04,Multan,Karachi,,Courier,M&P,54,100462,,2026-01-16,2026-01-17,On Time,None,2,-1,Yes,2026-01
ORD4180,2026-08-04,Global Traders,Monitor,Electronics,Supplier E,WH-02,Islamabad,Peshawar,,Courier,Leopards,88,159389,,2026-08-08,2026-08-09,On Time,None,4,-1,Yes,2026-08
ORD4181,2026-01-18,Star Enterprises,Sugar,Grocery,Supplier E,WH-04,Karachi,Lahore,,Truck,Pakistan Railways,24,38772,,2026-01-19,2026-01-20,On Time,None,1,-1,Yes,2026-01
ORD4182,2026-12-10,City Electronics,Monitor,Electronics,Supplier C,WH-02,Rawalpindi,Lahore,,Truck,Leopards,26,41631,,2026-12-16,2026-12-17,On Time,None,6,-1,Yes,2026-12
ORD4183,2026-04-19,ABC Store,Mouse,Electronics,Supplier D,WH-04,Karachi,Islamabad,,Courier,M&P,13,27302,,2026-04-25,2026-04-25,On Time,None,6,0,Yes,2026-04
ORD4184,2026-09-18,Star Enterprises,Uniform,Clothing,Supplier E,WH-04,Lahore,Faisalabad,,Rail,M&P,65,60625,,2026-09-25,2026-09-25,On Time,None,7,0,Yes,2026-09
ORD4185,2026-08-27,New City Store,Shirt,Clothing,Supplier A,WH-03,Peshawar,Islamabad,,Truck,Leopards,78,120902,,2026-08-30,2026-08-31,On Time,None,3,-1,Yes,2026-08
ORD4186,2026-07-12,New City Store,Office Chair,Furniture,Supplier B,WH-03,Karachi,Lahore,,Truck,Pakistan Railways,84,130886,,2026-07-18,2026-07-19,On Time,None,6,-1,Yes,2026-07
ORD4187,2026-03-10,Global Traders,Shoes,Clothing,Supplier E,WH-04,Lahore,Faisalabad,,Rail,DHL,3,1500,,2026-03-17,2026-03-13,Delayed,Vehicle Breakdown,7,4,No,2026-03
ORD4188,2026-01-31,Metro Mart,Keyboard,Electronics,Supplier B,WH-03,Karachi,Lahore,,Truck,M&P,97,143879,,2026-02-02,2026-02-02,On Time,None,2,0,Yes,2026-01
ORD4189,2026-07-11,ABC Store,Table,Furniture,Supplier C,WH-02,Peshawar,Islamabad,,Rail,Pakistan Railways,48,44102,,2026-07-21,2026-07-16,Delayed,Warehouse Issue,10,5,No,2026-07
ORD4190,2026-12-19,ABC Store,Printer,Electronics,Supplier E,WH-02,Gujranwala,Lahore,,Courier,TCS,39,73530,,2026-12-23,2026-12-23,On Time,None,4,0,Yes,2026-12
ORD4191,2026-10-05,Global Traders,Shirt,Clothing,Supplier B,WH-04,Multan,Karachi,,Courier,Leopards,20,33930,,2026-10-11,2026-10-12,On Time,None,6,-1,Yes,2026-10
ORD4192,2026-06-21,City Electronics,Cooking Oil,Grocery,Supplier A,WH-03,Gujranwala,Lahore,,Van,TCS,45,52570,,2026-06-23,2026-06-24,On Time,None,2,-1,Yes,2026-06
ORD4193,2026-12-17,City Electronics,Sugar,Grocery,Supplier A,WH-02,Lahore,Islamabad,,Truck,Pakistan Railways,99,148217,,2026-12-23,2026-12-23,On Time,None,6,0,Yes,2026-12
ORD4194,2026-01-25,Ali Traders,Desk,Furniture,Supplier A,WH-04,Lahore,Islamabad,,Van,Leopards,92,100260,,2026-01-28,2026-01-28,On Time,None,3,0,Yes,2026-01
ORD4195,2026-05-08,Metro Mart,Monitor,Electronics,Supplier C,WH-02,Karachi,Islamabad,,Truck,M&P,81,122103,,2026-05-10,2026-05-10,On Time,None,2,0,Yes,2026-05
ORD4196,2026-07-21,XYZ Ltd,Router,Electronics,Supplier D,WH-03,Gujranwala,Lahore,,Van,Pakistan Railways,23,23107,,2026-07-23,2026-07-23,On Time,None,2,0,Yes,2026-07
ORD4197,2026-03-11,Global Traders,Tea,Grocery,Supplier B,WH-01,Gujranwala,Lahore,,Rail,TCS,62,59080,,2026-03-15,2026-03-15,On Time,None,4,0,Yes,2026-03
ORD4198,2026-12-17,New City Store,Trousers,Clothing,Supplier A,WH-02,Lahore,Multan,,Rail,TCS,85,80597,,2026-12-24,2026-12-24,On Time,None,7,0,Yes,2026-12
ORD4199,2026-02-11,New City Store,Uniform,Clothing,Supplier C,WH-01,Peshawar,Islamabad,,Courier,Leopards,22,40543,,2026-02-13,2026-02-13,On Time,None,2,0,Yes,2026-02
ORD4200,2026-01-27,Super Store,Milk Powder,Grocery,Supplier E,WH-04,Lahore,Faisalabad,,Courier,DHL,99,182761,,2026-01-30,2026-01-30,On Time,None,3,0,Yes,2026-01
ORD4201,2026-12-23,Global Traders,Shirt,Clothing,Supplier D,WH-01,Lahore,Multan,,Truck,Pakistan Railways,76,115675,,2026-12-25,2026-12-26,On Time,None,2,-1,Yes,2026-12
ORD4202,2026-09-10,Super Store,Shirt,Clothing,Supplier D,WH-01,Lahore,Islamabad,,Van,DHL,83,91892,,2026-09-15,2026-09-16,On Time,None,5,-1,Yes,2026-09
ORD4203,2026-05-22,City Electronics,Sugar,Grocery,Supplier D,WH-03,Islamabad,Peshawar,,Truck,TCS,29,45467,,2026-05-27,2026-05-28,On Time,None,5,-1,Yes,2026-05
ORD4204,2026-08-04,City Electronics,Jacket,Clothing,Supplier E,WH-03,Gujranwala,Lahore,,Truck,Pakistan Railways,54,82446,,2026-08-11,2026-08-11,On Time,None,7,0,Yes,2026-08
ORD4205,2026-11-04,Star Enterprises,Uniform,Clothing,Supplier C,WH-02,Gujranwala,Lahore,,Van,TCS,27,32612,,2026-11-14,2026-11-10,Delayed,Supplier Delay,10,4,No,2026-11
ORD4206,2026-07-26,Star Enterprises,Shirt,Clothing,Supplier B,WH-04,Faisalabad,Lahore,,Rail,Leopards,69,62114,,2026-07-30,2026-07-30,On Time,None,4,0,Yes,2026-07
ORD4207,2026-06-16,Metro Mart,Tablet,Electronics,Supplier C,WH-04,Karachi,Islamabad,,Van,TCS,65,69414,,2026-06-21,2026-06-19,Delayed,Vehicle Breakdown,5,2,No,2026-06
ORD4208,2026-08-24,Pak Furniture,Printer,Electronics,Supplier A,WH-02,Lahore,Multan,,Courier,Leopards,40,75164,,2026-08-27,2026-08-27,On Time,None,3,0,Yes,2026-08
ORD4209,2026-01-02,New City Store,Flour,Grocery,Supplier C,WH-04,Islamabad,Peshawar,,Truck,M&P,99,150170,,2026-01-05,2026-01-05,On Time,None,3,0,Yes,2026-01
ORD4210,2026-08-05,XYZ Ltd,Office Chair,Furniture,Supplier C,WH-04,Rawalpindi,Lahore,,Courier,TCS,26,48350,,2026-08-07,2026-08-08,On Time,None,2,-1,Yes,2026-08
ORD4211,2026-09-04,ABC Store,Laptop,Electronics,Supplier B,WH-03,Faisalabad,Lahore,,Courier,M&P,15,29152,,2026-09-08,2026-09-09,On Time,None,4,-1,Yes,2026-09
ORD4212,2026-11-03,New City Store,T-Shirt,Clothing,Supplier D,WH-02,Karachi,Faisalabad,,Van,Pakistan Railways,99,107563,,2026-11-05,2026-11-06,On Time,None,2,-1,Yes,2026-11
ORD4213,2026-09-27,Global Traders,T-Shirt,Clothing,Supplier E,WH-02,Lahore,Faisalabad,,Courier,Pakistan Railways,75,138479,,2026-10-08,2026-10-03,Delayed,Traffic,11,5,No,2026-09
ORD4214,2026-08-18,Metro Mart,T-Shirt,Clothing,Supplier A,WH-04,Faisalabad,Lahore,,Van,DHL,32,34924,,2026-08-19,2026-08-20,On Time,None,1,-1,Yes,2026-08
ORD4215,2026-09-03,Star Enterprises,Trousers,Clothing,Supplier C,WH-02,Karachi,Lahore,,Truck,Leopards,67,99594,,2026-09-08,2026-09-09,On Time,None,5,-1,Yes,2026-09
ORD4216,2026-04-17,City Electronics,Cabinet,Furniture,Supplier E,WH-03,Lahore,Islamabad,,Courier,Leopards,20,38895,,2026-04-20,2026-04-20,On Time,None,3,0,Yes,2026-04
ORD4217,2026-04-05,Star Enterprises,Laptop,Electronics,Supplier D,WH-04,Rawalpindi,Lahore,,Courier,Leopards,100,181409,,2026-04-09,2026-04-10,On Time,None,4,-1,Yes,2026-04
ORD4218,2026-12-26,New City Store,Shirt,Clothing,Supplier E,WH-01,Peshawar,Islamabad,,Truck,M&P,84,127720,,2026-12-31,2026-12-31,On Time,None,5,0,Yes,2026-12
ORD4219,2026-09-14,New City Store,Table,Furniture,Supplier A,WH-03,Islamabad,Peshawar,,Courier,M&P,6,13277,,2026-09-22,2026-09-19,Delayed,Weather,8,3,No,2026-09
ORD4220,2026-07-18,ABC Store,Monitor,Electronics,Supplier B,WH-02,Karachi,Islamabad,,Courier,Leopards,25,45191,,2026-07-27,2026-07-22,Delayed,Vehicle Breakdown,9,5,No,2026-07
ORD4221,2026-11-07,ABC Store,Shoes,Clothing,Supplier A,WH-02,Lahore,Multan,,Rail,TCS,52,45751,,2026-11-10,2026-11-11,On Time,None,3,-1,Yes,2026-11
ORD4222,2026-05-16,Global Traders,Trousers,Clothing,Supplier E,WH-03,Rawalpindi,Lahore,,Van,Leopards,85,96231,,2026-05-21,2026-05-22,On Time,None,5,-1,Yes,2026-05
ORD4223,2026-08-27,XYZ Ltd,Sugar,Grocery,Supplier E,WH-03,Lahore,Faisalabad,,Truck,TCS,75,114594,,2026-09-02,2026-09-02,On Time,None,6,0,Yes,2026-08
ORD4224,2026-08-11,New City Store,Office Chair,Furniture,Supplier C,WH-03,Gujranwala,Lahore,,Truck,M&P,9,17637,,2026-08-15,2026-08-15,On Time,None,4,0,Yes,2026-08
ORD4225,2026-09-15,Global Traders,Desk,Furniture,Supplier E,WH-04,Faisalabad,Lahore,,Rail,DHL,37,38093,,2026-09-19,2026-09-19,On Time,None,4,0,Yes,2026-09
ORD4226,2026-05-31,New City Store,Shirt,Clothing,Supplier A,WH-04,Rawalpindi,Lahore,,Courier,Leopards,19,32424,,2026-06-07,2026-06-03,Delayed,Vehicle Breakdown,7,4,No,2026-05
ORD4227,2026-07-13,ABC Store,Sugar,Grocery,Supplier B,WH-01,Lahore,Islamabad,,Van,Leopards,2,1500,,2026-07-17,2026-07-18,On Time,None,4,-1,Yes,2026-07
ORD4228,2026-09-01,Super Store,Uniform,Clothing,Supplier D,WH-02,Lahore,Faisalabad,,Truck,M&P,14,20065,,2026-09-05,2026-09-05,On Time,None,4,0,Yes,2026-09
ORD4229,2026-11-29,New City Store,Mobile,Electronics,Supplier D,WH-01,Lahore,Multan,,Truck,Leopards,44,70146,,2026-12-05,2026-12-01,Delayed,Supplier Delay,6,4,No,2026-11
ORD4230,2026-11-13,ABC Store,Flour,Grocery,Supplier E,WH-03,Peshawar,Islamabad,,Van,Pakistan Railways,85,91784,,2026-11-16,2026-11-16,On Time,None,3,0,Yes,2026-11
ORD4231,2026-06-13,Pak Furniture,Jacket,Clothing,Supplier B,WH-02,Lahore,Multan,,Van,TCS,39,45987,,2026-06-19,2026-06-19,On Time,None,6,0,Yes,2026-06
ORD4232,2026-05-24,ABC Store,Cabinet,Furniture,Supplier E,WH-03,Karachi,Faisalabad,,Truck,Leopards,52,79620,,2026-05-31,2026-05-30,Delayed,Weather,7,1,No,2026-05
ORD4233,2026-10-10,ABC Store,Cooking Oil,Grocery,Supplier E,WH-03,Peshawar,Islamabad,,Truck,Leopards,2,2860,,2026-10-17,2026-10-17,On Time,None,7,0,Yes,2026-10
ORD4234,2026-11-03,Pak Furniture,Laptop,Electronics,Supplier D,WH-02,Multan,Karachi,,Truck,TCS,18,28250,,2026-11-07,2026-11-08,On Time,None,4,-1,Yes,2026-11
ORD4235,2026-02-02,Global Traders,Chair,Furniture,Supplier D,WH-02,Lahore,Faisalabad,,Van,TCS,36,39172,,2026-02-05,2026-02-05,On Time,None,3,0,Yes,2026-02
ORD4236,2026-03-11,Star Enterprises,Chair,Furniture,Supplier B,WH-03,Lahore,Islamabad,,Rail,DHL,10,10116,,2026-03-19,2026-03-15,Delayed,Traffic,8,4,No,2026-03
ORD4237,2026-10-14,Metro Mart,Mobile,Electronics,Supplier B,WH-04,Lahore,Islamabad,,Rail,Pakistan Railways,46,44497,,2026-10-20,2026-10-20,On Time,None,6,0,Yes,2026-10
ORD4238,2026-05-15,New City Store,Printer,Electronics,Supplier C,WH-01,Peshawar,Islamabad,,Van,Pakistan Railways,55,60393,,2026-05-18,2026-05-19,On Time,None,3,-1,Yes,2026-05
ORD4239,2026-09-13,Ali Traders,Flour,Grocery,Supplier E,WH-04,Karachi,Islamabad,,Courier,TCS,44,79469,,2026-09-19,2026-09-18,Delayed,Traffic,6,1,No,2026-09
ORD4240,2026-07-10,Super Store,Printer,Electronics,Supplier C,WH-04,Karachi,Lahore,,Rail,TCS,13,9834,,2026-07-16,2026-07-17,On Time,None,6,-1,Yes,2026-07
ORD4241,2026-06-21,Ali Traders,Shoes,Clothing,Supplier C,WH-04,Multan,Karachi,,Truck,M&P,4,5858,,2026-07-02,2026-06-27,Delayed,Vehicle Breakdown,11,5,No,2026-06
ORD4242,2026-11-26,Pak Furniture,Shoes,Clothing,Supplier C,WH-04,Lahore,Faisalabad,,Van,Leopards,74,84130,,2026-11-29,2026-11-29,On Time,None,3,0,Yes,2026-11
ORD4243,2026-09-07,City Electronics,Sofa,Furniture,Supplier B,WH-01,Gujranwala,Lahore,,Van,M&P,20,19677,,2026-09-14,2026-09-14,On Time,None,7,0,Yes,2026-09
ORD4244,2026-01-10,New City Store,Laptop,Electronics,Supplier B,WH-04,Multan,Karachi,,Rail,Leopards,10,13448,,2026-01-16,2026-01-14,Delayed,Weather,6,2,No,2026-01
ORD4245,2026-02-11,ABC Store,Laptop,Electronics,Supplier B,WH-04,Karachi,Faisalabad,,Courier,DHL,31,56772,,2026-02-21,2026-02-16,Delayed,Traffic,10,5,No,2026-02
ORD4246,2026-04-23,Metro Mart,Monitor,Electronics,Supplier A,WH-03,Faisalabad,Lahore,,Van,DHL,63,70674,,2026-04-25,2026-04-25,On Time,None,2,0,Yes,2026-04
ORD4247,2026-04-22,Metro Mart,Cabinet,Furniture,Supplier D,WH-03,Karachi,Faisalabad,,Van,M&P,54,59020,,2026-04-27,2026-04-27,On Time,None,5,0,Yes,2026-04
ORD4248,2026-07-31,Star Enterprises,Keyboard,Electronics,Supplier E,WH-01,Lahore,Islamabad,,Truck,M&P,72,109716,,2026-08-06,2026-08-07,On Time,None,6,-1,Yes,2026-07
ORD4249,2026-10-06,ABC Store,Cooking Oil,Grocery,Supplier C,WH-01,Karachi,Lahore,,Rail,M&P,29,28708,,2026-10-12,2026-10-12,On Time,None,6,0,Yes,2026-10
ORD4250,2026-08-21,Star Enterprises,Laptop,Electronics,Supplier D,WH-04,Peshawar,Islamabad,,Rail,Pakistan Railways,93,88234,,2026-08-22,2026-08-23,On Time,None,1,-1,Yes,2026-08
ORD4251,2026-06-27,ABC Store,Flour,Grocery,Supplier D,WH-04,Karachi,Lahore,,Rail,M&P,15,14220,,2026-07-03,2026-06-29,Delayed,Vehicle Breakdown,6,4,No,2026-06
ORD4252,2026-08-01,XYZ Ltd,Shoes,Clothing,Supplier D,WH-03,Karachi,Islamabad,,Rail,M&P,31,31267,,2026-08-07,2026-08-08,On Time,None,6,-1,Yes,2026-08
ORD4253,2026-09-12,Global Traders,Shoes,Clothing,Supplier C,WH-03,Peshawar,Islamabad,,Truck,DHL,85,126372,,2026-09-15,2026-09-16,On Time,None,3,-1,Yes,2026-09
ORD4254,2026-04-30,Star Enterprises,Mouse,Electronics,Supplier B,WH-02,Multan,Karachi,,Courier,M&P,66,122732,,2026-05-03,2026-05-04,On Time,None,3,-1,Yes,2026-04
ORD4255,2026-09-27,Super Store,Printer,Electronics,Supplier D,WH-02,Lahore,Faisalabad,,Van,Leopards,28,33635,,2026-09-30,2026-10-01,On Time,None,3,-1,Yes,2026-09
ORD4256,2026-12-04,Pak Furniture,Table,Furniture,Supplier A,WH-03,Karachi,Lahore,,Van,TCS,87,94313,,2026-12-07,2026-12-08,On Time,None,3,-1,Yes,2026-12
ORD4257,2026-08-16,Ali Traders,Sofa,Furniture,Supplier E,WH-03,Rawalpindi,Lahore,,Van,M&P,40,44737,,2026-08-22,2026-08-22,On Time,None,6,0,Yes,2026-08
ORD4258,2026-03-29,XYZ Ltd,Office Chair,Furniture,Supplier E,WH-01,Rawalpindi,Lahore,,Courier,TCS,79,144925,,2026-04-02,2026-04-03,On Time,None,4,-1,Yes,2026-03
ORD4259,2026-06-27,Star Enterprises,Milk Powder,Grocery,Supplier E,WH-03,Karachi,Faisalabad,,Van,TCS,28,32998,,2026-07-04,2026-07-04,On Time,None,7,0,Yes,2026-06
ORD4260,2026-06-05,Ali Traders,Jacket,Clothing,Supplier D,WH-03,Lahore,Islamabad,,Courier,DHL,79,143104,,2026-06-08,2026-06-08,On Time,None,3,0,Yes,2026-06
ORD4261,2026-02-23,Global Traders,Cooking Oil,Grocery,Supplier C,WH-04,Rawalpindi,Lahore,,Truck,Leopards,16,25151,,2026-02-26,2026-02-26,On Time,None,3,0,Yes,2026-02
ORD4262,2026-03-18,Pak Furniture,Mobile,Electronics,Supplier E,WH-01,Peshawar,Islamabad,,Rail,M&P,43,38265,,2026-03-19,2026-03-20,On Time,None,1,-1,Yes,2026-03
ORD4263,2026-05-29,ABC Store,Sugar,Grocery,Supplier E,WH-04,Islamabad,Peshawar,,Rail,Pakistan Railways,33,26749,,2026-05-30,2026-05-31,On Time,None,1,-1,Yes,2026-05
ORD4264,2026-12-10,Global Traders,Mouse,Electronics,Supplier C,WH-01,Karachi,Islamabad,,Rail,M&P,28,24210,,2026-12-15,2026-12-15,On Time,None,5,0,Yes,2026-12
ORD4265,2026-04-02,Ali Traders,Keyboard,Electronics,Supplier D,WH-01,Karachi,Islamabad,,Courier,TCS,49,90810,,2026-04-06,2026-04-06,On Time,None,4,0,Yes,2026-04
ORD4266,2026-08-31,Metro Mart,Sofa,Furniture,Supplier D,WH-03,Lahore,Islamabad,,Truck,DHL,35,50087,,2026-09-06,2026-09-07,On Time,None,6,-1,Yes,2026-08
ORD4267,2026-01-08,New City Store,Router,Electronics,Supplier A,WH-03,Rawalpindi,Lahore,,Truck,M&P,45,65332,,2026-01-11,2026-01-12,On Time,None,3,-1,Yes,2026-01
ORD4268,2026-05-24,New City Store,Flour,Grocery,Supplier E,WH-02,Lahore,Faisalabad,,Courier,DHL,50,91497,,2026-05-26,2026-05-26,On Time,None,2,0,Yes,2026-05
ORD4269,2026-03-31,New City Store,Shoes,Clothing,Supplier A,WH-01,Lahore,Faisalabad,,Rail,DHL,67,61548,,2026-04-02,2026-04-02,On Time,None,2,0,Yes,2026-03
ORD4270,2026-09-29,XYZ Ltd,Uniform,Clothing,Supplier B,WH-02,Karachi,Faisalabad,,Truck,Pakistan Railways,78,114257,,2026-10-04,2026-10-04,On Time,None,5,0,Yes,2026-09
ORD4271,2026-07-17,City Electronics,Flour,Grocery,Supplier A,WH-02,Lahore,Islamabad,,Truck,Leopards,86,126021,,2026-07-20,2026-07-21,On Time,None,3,-1,Yes,2026-07
ORD4272,2026-12-12,New City Store,Mobile,Electronics,Supplier E,WH-04,Islamabad,Peshawar,,Van,TCS,4,2852,,2026-12-17,2026-12-17,On Time,None,5,0,Yes,2026-12
ORD4273,2026-05-03,XYZ Ltd,Trousers,Clothing,Supplier B,WH-02,Rawalpindi,Lahore,,Van,Leopards,79,90921,,2026-05-09,2026-05-07,Delayed,Weather,6,2,No,2026-05
ORD4274,2026-11-29,Super Store,Keyboard,Electronics,Supplier E,WH-01,Karachi,Islamabad,,Courier,DHL,46,81527,,2026-12-02,2026-12-03,On Time,None,3,-1,Yes,2026-11
ORD4275,2026-08-03,Pak Furniture,Tea,Grocery,Supplier B,WH-01,Faisalabad,Lahore,,Van,Pakistan Railways,60,70279,,2026-08-06,2026-08-06,On Time,None,3,0,Yes,2026-08
ORD4276,2026-02-19,Metro Mart,Tea,Grocery,Supplier E,WH-04,Karachi,Islamabad,,Van,Leopards,8,10989,,2026-02-23,2026-02-24,On Time,None,4,-1,Yes,2026-02
ORD4277,2026-11-09,Star Enterprises,Trousers,Clothing,Supplier D,WH-03,Lahore,Islamabad,,Rail,TCS,34,32963,,2026-11-16,2026-11-16,On Time,None,7,0,Yes,2026-11
ORD4278,2026-05-29,ABC Store,Mobile,Electronics,Supplier B,WH-04,Faisalabad,Lahore,,Courier,M&P,92,163004,,2026-06-04,2026-06-05,On Time,None,6,-1,Yes,2026-05
ORD4279,2026-12-24,Pak Furniture,Sugar,Grocery,Supplier D,WH-01,Lahore,Islamabad,,Courier,DHL,70,129164,,2026-12-30,2026-12-31,On Time,None,6,-1,Yes,2026-12
ORD4280,2026-03-27,Metro Mart,Sugar,Grocery,Supplier C,WH-04,Peshawar,Islamabad,,Van,Pakistan Railways,83,93189,,2026-03-31,2026-03-31,On Time,None,4,0,Yes,2026-03
ORD4281,2026-07-08,Star Enterprises,Table,Furniture,Supplier C,WH-01,Karachi,Faisalabad,,Courier,M&P,63,113038,,2026-07-11,2026-07-11,On Time,None,3,0,Yes,2026-07
ORD4282,2026-08-23,Pak Furniture,Jacket,Clothing,Supplier C,WH-01,Lahore,Multan,,Rail,Leopards,26,24791,,2026-08-26,2026-08-26,On Time,None,3,0,Yes,2026-08
ORD4283,2026-08-05,Pak Furniture,Shirt,Clothing,Supplier B,WH-01,Gujranwala,Lahore,,Truck,TCS,22,31045,,2026-08-14,2026-08-12,Delayed,Supplier Delay,9,2,No,2026-08
ORD4284,2026-09-10,Pak Furniture,Bookshelf,Furniture,Supplier C,WH-02,Karachi,Lahore,,Rail,M&P,95,86688,,2026-09-13,2026-09-13,On Time,None,3,0,Yes,2026-09
ORD4285,2026-05-28,Pak Furniture,Jacket,Clothing,Supplier E,WH-02,Peshawar,Islamabad,,Courier,Pakistan Railways,26,48403,,2026-06-06,2026-06-04,Delayed,Vehicle Breakdown,9,2,No,2026-05
ORD4286,2026-05-27,Metro Mart,Monitor,Electronics,Supplier C,WH-02,Faisalabad,Lahore,,Van,TCS,46,48117,,2026-06-04,2026-06-01,Delayed,Warehouse Issue,8,3,No,2026-05
ORD4287,2026-08-04,Ali Traders,T-Shirt,Clothing,Supplier E,WH-02,Gujranwala,Lahore,,Rail,Leopards,14,17484,,2026-08-08,2026-08-08,On Time,None,4,0,Yes,2026-08
ORD4288,2026-08-01,ABC Store,Laptop,Electronics,Supplier A,WH-01,Islamabad,Peshawar,,Truck,DHL,23,38792,,2026-08-02,2026-08-03,On Time,None,1,-1,Yes,2026-08
ORD4289,2026-10-26,Pak Furniture,Rice,Grocery,Supplier B,WH-01,Multan,Karachi,,Van,DHL,25,25755,,2026-11-01,2026-11-01,On Time,None,6,0,Yes,2026-10
ORD4290,2026-02-20,City Electronics,Table,Furniture,Supplier D,WH-02,Karachi,Faisalabad,,Van,Leopards,96,108715,,2026-02-26,2026-02-23,Delayed,Vehicle Breakdown,6,3,No,2026-02
ORD4291,2026-04-14,Global Traders,Keyboard,Electronics,Supplier A,WH-03,Faisalabad,Lahore,,Truck,Pakistan Railways,51,77501,,2026-04-20,2026-04-20,On Time,None,6,0,Yes,2026-04
ORD4292,2026-10-09,Star Enterprises,Mobile,Electronics,Supplier A,WH-03,Peshawar,Islamabad,,Truck,DHL,23,34962,,2026-10-14,2026-10-15,On Time,None,5,-1,Yes,2026-10
ORD4293,2026-03-31,Super Store,Desk,Furniture,Supplier C,WH-03,Multan,Karachi,,Truck,DHL,25,40375,,2026-04-04,2026-04-05,On Time,None,4,-1,Yes,2026-03
ORD4294,2026-02-14,Ali Traders,Cooking Oil,Grocery,Supplier A,WH-04,Islamabad,Peshawar,,Van,DHL,91,101590,,2026-02-16,2026-02-16,On Time,None,2,0,Yes,2026-02
ORD4295,2026-06-23,XYZ Ltd,T-Shirt,Clothing,Supplier D,WH-04,Karachi,Faisalabad,,Van,Leopards,1,5304,,2026-06-26,2026-06-26,On Time,None,3,0,Yes,2026-06
ORD4296,2026-08-08,City Electronics,Monitor,Electronics,Supplier A,WH-04,Lahore,Faisalabad,,Truck,Pakistan Railways,93,139556,,2026-08-10,2026-08-10,On Time,None,2,0,Yes,2026-08
ORD4297,2026-09-11,New City Store,T-Shirt,Clothing,Supplier E,WH-02,Karachi,Faisalabad,,Truck,Pakistan Railways,83,122510,,2026-09-18,2026-09-18,On Time,None,7,0,Yes,2026-09
ORD4298,2026-05-20,Super Store,Tablet,Electronics,Supplier B,WH-01,Peshawar,Islamabad,,Truck,TCS,19,27868,,2026-05-21,2026-05-22,On Time,None,1,-1,Yes,2026-05
ORD4299,2026-09-11,Pak Furniture,Trousers,Clothing,Supplier D,WH-02,Faisalabad,Lahore,,Van,DHL,22,28405,,2026-09-21,2026-09-16,Delayed,Supplier Delay,10,5,No,2026-09
ORD4300,2026-11-06,Super Store,Shoes,Clothing,Supplier E,WH-04,Lahore,Faisalabad,,Rail,Pakistan Railways,96,85600,,2026-11-13,2026-11-09,Delayed,Weather,7,4,No,2026-11
ORD4301,2026-02-04,Ali Traders,Jacket,Clothing,Supplier A,WH-03,Gujranwala,Lahore,,Rail,Leopards,27,27747,,2026-02-10,2026-02-10,On Time,None,6,0,Yes,2026-02
ORD4302,2026-12-17,City Electronics,Chair,Furniture,Supplier A,WH-03,Faisalabad,Lahore,,Courier,Leopards,9,18631,,2026-12-18,2026-12-19,On Time,None,1,-1,Yes,2026-12
ORD4303,2026-12-05,XYZ Ltd,Jacket,Clothing,Supplier E,WH-04,Lahore,Islamabad,,Rail,Pakistan Railways,50,46995,,2026-12-10,2026-12-10,On Time,None,5,0,Yes,2026-12
ORD4304,2026-09-24,City Electronics,Desk,Furniture,Supplier B,WH-02,Karachi,Lahore,,Rail,Pakistan Railways,36,35700,,2026-09-29,2026-09-28,Delayed,Weather,5,1,No,2026-09
ORD4305,2026-06-26,Star Enterprises,Shirt,Clothing,Supplier D,WH-02,Karachi,Faisalabad,,Truck,Pakistan Railways,66,96880,,2026-07-05,2026-07-02,Delayed,Traffic,9,3,No,2026-06
ORD4306,2026-12-01,New City Store,Keyboard,Electronics,Supplier A,WH-03,Gujranwala,Lahore,,Truck,M&P,1,1500,,2026-12-02,2026-12-03,On Time,None,1,-1,Yes,2026-12
ORD4307,2026-12-07,ABC Store,Bookshelf,Furniture,Supplier C,WH-04,Karachi,Faisalabad,,Rail,DHL,77,71936,,2026-12-12,2026-12-12,On Time,None,5,0,Yes,2026-12
ORD4308,2026-05-11,ABC Store,Table,Furniture,Supplier D,WH-03,Rawalpindi,Lahore,,Van,M&P,89,97086,,2026-05-17,2026-05-18,On Time,None,6,-1,Yes,2026-05
ORD4309,2026-05-27,Pak Furniture,Cabinet,Furniture,Supplier D,WH-01,Karachi,Islamabad,,Van,M&P,4,5798,,2026-05-29,2026-05-29,On Time,None,2,0,Yes,2026-05
ORD4310,2026-03-12,Pak Furniture,Cabinet,Furniture,Supplier D,WH-03,Karachi,Faisalabad,,Van,Leopards,56,62721,,2026-03-16,2026-03-15,Delayed,Supplier Delay,4,1,No,2026-03
ORD4311,2026-11-28,Star Enterprises,Tablet,Electronics,Supplier B,WH-03,Multan,Karachi,,Courier,TCS,34,65439,,2026-11-30,2026-12-01,On Time,None,2,-1,Yes,2026-11
ORD4312,2026-11-06,Global Traders,Tablet,Electronics,Supplier A,WH-04,Peshawar,Islamabad,,Truck,Pakistan Railways,56,86522,,2026-11-08,2026-11-09,On Time,None,2,-1,Yes,2026-11
ORD4313,2026-12-18,Pak Furniture,Mobile,Electronics,Supplier D,WH-03,Karachi,Faisalabad,,Van,DHL,16,18203,,2026-12-23,2026-12-20,Delayed,Weather,5,3,No,2026-12
ORD4314,2026-05-03,Global Traders,Shirt,Clothing,Supplier E,WH-04,Lahore,Islamabad,,Rail,DHL,60,57253,,2026-05-08,2026-05-08,On Time,None,5,0,Yes,2026-05
ORD4315,2026-04-03,Pak Furniture,Sofa,Furniture,Supplier A,WH-04,Lahore,Multan,,Truck,TCS,42,61887,,2026-04-05,2026-04-06,On Time,None,2,-1,Yes,2026-04
ORD4316,2026-04-13,XYZ Ltd,Cooking Oil,Grocery,Supplier E,WH-04,Karachi,Islamabad,,Courier,M&P,9,14763,,2026-04-17,2026-04-16,Delayed,Vehicle Breakdown,4,1,No,2026-04
ORD4317,2026-02-16,New City Store,T-Shirt,Clothing,Supplier B,WH-03,Lahore,Faisalabad,,Rail,DHL,19,17477,,2026-02-22,2026-02-23,On Time,None,6,-1,Yes,2026-02
ORD4318,2026-07-08,City Electronics,Chair,Furniture,Supplier E,WH-01,Islamabad,Peshawar,,Rail,Pakistan Railways,16,13421,,2026-07-10,2026-07-10,On Time,None,2,0,Yes,2026-07
ORD4319,2026-11-24,Pak Furniture,Office Chair,Furniture,Supplier D,WH-04,Rawalpindi,Lahore,,Truck,DHL,52,77507,,2026-11-28,2026-11-29,On Time,None,4,-1,Yes,2026-11
ORD4320,2026-06-18,ABC Store,Flour,Grocery,Supplier B,WH-02,Lahore,Faisalabad,,Van,DHL,18,24020,,2026-06-22,2026-06-22,On Time,None,4,0,Yes,2026-06
ORD4321,2026-09-19,Pak Furniture,Office Chair,Furniture,Supplier E,WH-04,Peshawar,Islamabad,,Van,M&P,77,88653,,2026-09-24,2026-09-24,On Time,None,5,0,Yes,2026-09
ORD4322,2026-08-22,Pak Furniture,Bookshelf,Furniture,Supplier B,WH-03,Lahore,Multan,,Truck,Pakistan Railways,64,93001,,2026-08-28,2026-08-29,On Time,None,6,-1,Yes,2026-08
ORD4323,2026-08-10,City Electronics,Tablet,Electronics,Supplier B,WH-01,Faisalabad,Lahore,,Rail,TCS,20,17524,,2026-08-13,2026-08-14,On Time,None,3,-1,Yes,2026-08
ORD4324,2026-01-05,Global Traders,Rice,Grocery,Supplier A,WH-04,Islamabad,Peshawar,,Van,Leopards,82,87371,,2026-01-07,2026-01-08,On Time,None,2,-1,Yes,2026-01
ORD4325,2026-05-10,ABC Store,Keyboard,Electronics,Supplier B,WH-04,Peshawar,Islamabad,,Courier,DHL,53,100054,,2026-05-16,2026-05-14,Delayed,Traffic,6,2,No,2026-05
ORD4326,2026-04-06,Super Store,Milk Powder,Grocery,Supplier C,WH-03,Islamabad,Peshawar,,Courier,Leopards,54,98375,,2026-04-13,2026-04-13,On Time,None,7,0,Yes,2026-04
ORD4327,2026-11-09,Super Store,Uniform,Clothing,Supplier C,WH-04,Rawalpindi,Lahore,,Van,Leopards,77,85909,,2026-11-13,2026-11-14,On Time,None,4,-1,Yes,2026-11
ORD4328,2026-02-15,Metro Mart,Table,Furniture,Supplier B,WH-04,Peshawar,Islamabad,,Van,TCS,58,60809,,2026-02-18,2026-02-18,On Time,None,3,0,Yes,2026-02
ORD4329,2026-12-08,Global Traders,Mouse,Electronics,Supplier A,WH-03,Peshawar,Islamabad,,Rail,Pakistan Railways,13,15721,,2026-12-14,2026-12-14,On Time,None,6,0,Yes,2026-12
ORD4330,2026-08-24,Pak Furniture,Shirt,Clothing,Supplier D,WH-01,Islamabad,Peshawar,,Rail,Pakistan Railways,42,42784,,2026-09-01,2026-08-31,Delayed,Warehouse Issue,8,1,No,2026-08
ORD4331,2026-09-21,XYZ Ltd,Cabinet,Furniture,Supplier D,WH-03,Gujranwala,Lahore,,Courier,TCS,40,75378,,2026-09-23,2026-09-23,On Time,None,2,0,Yes,2026-09
ORD4332,2026-07-15,ABC Store,Tea,Grocery,Supplier B,WH-02,Lahore,Multan,,Rail,Leopards,68,63107,,2026-07-17,2026-07-17,On Time,None,2,0,Yes,2026-07
ORD4333,2026-01-23,Super Store,Monitor,Electronics,Supplier A,WH-02,Karachi,Islamabad,,Courier,TCS,11,18307,,2026-01-27,2026-01-25,Delayed,Traffic,4,2,No,2026-01
ORD4334,2026-11-29,XYZ Ltd,Office Chair,Furniture,Supplier E,WH-03,Karachi,Faisalabad,,Rail,TCS,89,82728,,2026-12-01,2026-12-02,On Time,None,2,-1,Yes,2026-11
ORD4335,2026-01-19,Global Traders,Table,Furniture,Supplier B,WH-01,Islamabad,Peshawar,,Van,M&P,95,106033,,2026-01-22,2026-01-22,On Time,None,3,0,Yes,2026-01
ORD4336,2026-02-04,ABC Store,Monitor,Electronics,Supplier E,WH-04,Gujranwala,Lahore,,Courier,DHL,70,129747,,2026-02-10,2026-02-11,On Time,None,6,-1,Yes,2026-02
ORD4337,2026-08-13,Star Enterprises,Shoes,Clothing,Supplier D,WH-02,Islamabad,Peshawar,,Courier,TCS,82,149116,,2026-08-19,2026-08-20,On Time,None,6,-1,Yes,2026-08
ORD4338,2026-10-31,Super Store,Jacket,Clothing,Supplier A,WH-03,Karachi,Islamabad,,Rail,Pakistan Railways,49,43875,,2026-11-04,2026-11-05,On Time,None,4,-1,Yes,2026-10
ORD4339,2026-07-26,XYZ Ltd,Mouse,Electronics,Supplier E,WH-01,Karachi,Islamabad,,Rail,Pakistan Railways,79,73230,,2026-07-28,2026-07-28,On Time,None,2,0,Yes,2026-07
ORD4340,2026-03-14,Ali Traders,Office Chair,Furniture,Supplier E,WH-01,Karachi,Lahore,,Van,TCS,98,104838,,2026-03-19,2026-03-20,On Time,None,5,-1,Yes,2026-03
ORD4341,2026-10-27,ABC Store,Rice,Grocery,Supplier E,WH-01,Karachi,Lahore,,Courier,Pakistan Railways,53,94441,,2026-11-02,2026-10-30,Delayed,Traffic,6,3,No,2026-10
ORD4342,2026-08-21,City Electronics,Rice,Grocery,Supplier C,WH-03,Islamabad,Peshawar,,Van,Leopards,13,18064,,2026-09-01,2026-08-27,Delayed,Traffic,11,5,No,2026-08
ORD4343,2026-03-14,Star Enterprises,Milk Powder,Grocery,Supplier C,WH-01,Multan,Karachi,,Truck,Leopards,76,112745,,2026-03-20,2026-03-21,On Time,None,6,-1,Yes,2026-03
ORD4344,2026-05-20,Ali Traders,Rice,Grocery,Supplier D,WH-02,Lahore,Multan,,Van,Pakistan Railways,14,14004,,2026-05-28,2026-05-25,Delayed,Warehouse Issue,8,3,No,2026-05
ORD4345,2026-12-31,City Electronics,Laptop,Electronics,Supplier B,WH-04,Multan,Karachi,,Van,DHL,54,63387,,2027-01-07,2027-01-07,On Time,None,7,0,Yes,2026-12
ORD4346,2026-03-04,Pak Furniture,Desk,Furniture,Supplier E,WH-02,Lahore,Faisalabad,,Rail,TCS,56,49319,,2026-03-07,2026-03-08,On Time,None,3,-1,Yes,2026-03
ORD4347,2026-03-02,Super Store,Flour,Grocery,Supplier D,WH-04,Lahore,Faisalabad,,Rail,Leopards,14,16342,,2026-03-10,2026-03-05,Delayed,Traffic,8,5,No,2026-03
ORD4348,2026-02-21,Ali Traders,Office Chair,Furniture,Supplier E,WH-01,Faisalabad,Lahore,,Rail,TCS,13,13213,,2026-02-24,2026-02-25,On Time,None,3,-1,Yes,2026-02
ORD4349,2026-01-28,ABC Store,Cooking Oil,Grocery,Supplier A,WH-02,Islamabad,Peshawar,,Rail,DHL,44,41792,,2026-02-02,2026-02-03,On Time,None,5,-1,Yes,2026-01
ORD4350,2026-09-19,New City Store,Mobile,Electronics,Supplier C,WH-01,Lahore,Faisalabad,,Truck,DHL,89,132485,,2026-09-22,2026-09-23,On Time,None,3,-1,Yes,2026-09
ORD4351,2026-07-24,Global Traders,Shoes,Clothing,Supplier A,WH-02,Rawalpindi,Lahore,,Truck,Leopards,72,109776,,2026-07-27,2026-07-27,On Time,None,3,0,Yes,2026-07
ORD4352,2026-08-28,Star Enterprises,Shirt,Clothing,Supplier E,WH-01,Peshawar,Islamabad,,Van,Pakistan Railways,30,32516,,2026-09-02,2026-09-02,On Time,None,5,0,Yes,2026-08
ORD4353,2026-01-24,Pak Furniture,Laptop,Electronics,Supplier C,WH-04,Islamabad,Peshawar,,Truck,Pakistan Railways,4,4513,,2026-01-31,2026-01-30,Delayed,Weather,7,1,No,2026-01
ORD4354,2026-02-28,ABC Store,Tea,Grocery,Supplier B,WH-03,Karachi,Faisalabad,,Truck,M&P,95,141417,,2026-03-02,2026-03-02,On Time,None,2,0,Yes,2026-02
ORD4355,2026-06-08,Super Store,T-Shirt,Clothing,Supplier E,WH-03,Lahore,Multan,,Rail,Pakistan Railways,53,46510,,2026-06-11,2026-06-12,On Time,None,3,-1,Yes,2026-06
ORD4356,2026-01-11,ABC Store,Shoes,Clothing,Supplier E,WH-02,Islamabad,Peshawar,,Rail,M&P,1,1500,,2026-01-18,2026-01-15,Delayed,Traffic,7,3,No,2026-01
ORD4357,2026-12-08,ABC Store,Bookshelf,Furniture,Supplier A,WH-02,Lahore,Islamabad,,Courier,Leopards,50,87577,,2026-12-14,2026-12-13,Delayed,Warehouse Issue,6,1,No,2026-12
ORD4358,2026-12-17,Super Store,Cooking Oil,Grocery,Supplier C,WH-02,Karachi,Faisalabad,,Truck,Pakistan Railways,67,101503,,2026-12-19,2026-12-20,On Time,None,2,-1,Yes,2026-12
ORD4359,2026-09-20,ABC Store,T-Shirt,Clothing,Supplier D,WH-02,Islamabad,Peshawar,,Rail,M&P,33,27156,,2026-09-23,2026-09-24,On Time,None,3,-1,Yes,2026-09
ORD4360,2026-06-08,Global Traders,Trousers,Clothing,Supplier A,WH-02,Peshawar,Islamabad,,Courier,DHL,84,156105,,2026-06-18,2026-06-13,Delayed,Traffic,10,5,No,2026-06
ORD4361,2026-07-28,Ali Traders,Tea,Grocery,Supplier C,WH-01,Rawalpindi,Lahore,,Van,DHL,9,14225,,2026-08-07,2026-08-03,Delayed,Traffic,10,4,No,2026-07
ORD4362,2026-12-24,Super Store,T-Shirt,Clothing,Supplier D,WH-02,Rawalpindi,Lahore,,Van,TCS,90,100469,,2026-12-27,2026-12-28,On Time,None,3,-1,Yes,2026-12
ORD4363,2026-06-27,Star Enterprises,Milk Powder,Grocery,Supplier A,WH-03,Rawalpindi,Lahore,,Truck,M&P,89,134240,,2026-06-28,2026-06-29,On Time,None,1,-1,Yes,2026-06
ORD4364,2026-08-02,Pak Furniture,Jacket,Clothing,Supplier D,WH-03,Karachi,Lahore,,Courier,M&P,51,91992,,2026-08-07,2026-08-07,On Time,None,5,0,Yes,2026-08
ORD4365,2026-08-23,ABC Store,Mobile,Electronics,Supplier B,WH-01,Rawalpindi,Lahore,,Truck,TCS,67,103142,,2026-09-02,2026-08-30,Delayed,Supplier Delay,10,3,No,2026-08
ORD4366,2026-10-18,Metro Mart,Tea,Grocery,Supplier D,WH-04,Karachi,Faisalabad,,Van,Leopards,24,26361,,2026-10-24,2026-10-25,On Time,None,6,-1,Yes,2026-10
ORD4367,2026-06-26,Global Traders,Shirt,Clothing,Supplier C,WH-01,Gujranwala,Lahore,,Van,DHL,45,53641,,2026-07-02,2026-07-02,On Time,None,6,0,Yes,2026-06
ORD4368,2026-10-02,Ali Traders,Shirt,Clothing,Supplier E,WH-04,Karachi,Faisalabad,,Van,TCS,33,34972,,2026-10-05,2026-10-06,On Time,None,3,-1,Yes,2026-10
ORD4369,2026-10-31,New City Store,T-Shirt,Clothing,Supplier C,WH-02,Lahore,Multan,,Truck,TCS,9,16332,,2026-11-02,2026-11-03,On Time,None,2,-1,Yes,2026-10
ORD4370,2026-01-05,New City Store,Printer,Electronics,Supplier A,WH-01,Islamabad,Peshawar,,Courier,Leopards,45,82539,,2026-01-08,2026-01-09,On Time,None,3,-1,Yes,2026-01
ORD4371,2026-02-24,City Electronics,Keyboard,Electronics,Supplier D,WH-03,Gujranwala,Lahore,,Truck,DHL,46,69687,,2026-03-01,2026-03-02,On Time,None,5,-1,Yes,2026-02
ORD4372,2026-11-09,Pak Furniture,Tablet,Electronics,Supplier D,WH-01,Karachi,Islamabad,,Courier,DHL,51,93753,,2026-11-10,2026-11-11,On Time,None,1,-1,Yes,2026-11
ORD4373,2026-09-22,Metro Mart,Jacket,Clothing,Supplier E,WH-02,Multan,Karachi,,Van,Leopards,76,88049,,2026-09-29,2026-09-27,Delayed,Warehouse Issue,7,2,No,2026-09
ORD4374,2026-08-16,Global Traders,Router,Electronics,Supplier D,WH-03,Lahore,Multan,,Courier,Pakistan Railways,91,163250,,2026-08-23,2026-08-23,On Time,None,7,0,Yes,2026-08
ORD4375,2026-11-15,ABC Store,Flour,Grocery,Supplier E,WH-04,Lahore,Faisalabad,,Truck,M&P,13,22153,,2026-11-17,2026-11-18,On Time,None,2,-1,Yes,2026-11
ORD4376,2026-08-16,Global Traders,Keyboard,Electronics,Supplier A,WH-04,Faisalabad,Lahore,,Rail,TCS,42,38322,,2026-08-18,2026-08-19,On Time,None,2,-1,Yes,2026-08
ORD4377,2026-10-06,Star Enterprises,Shoes,Clothing,Supplier E,WH-03,Lahore,Islamabad,,Truck,DHL,74,108924,,2026-10-12,2026-10-12,On Time,None,6,0,Yes,2026-10
ORD4378,2026-02-01,Global Traders,Milk Powder,Grocery,Supplier A,WH-03,Lahore,Multan,,Truck,TCS,31,45764,,2026-02-07,2026-02-07,On Time,None,6,0,Yes,2026-02
ORD4379,2026-04-19,Star Enterprises,Cabinet,Furniture,Supplier A,WH-03,Lahore,Islamabad,,Rail,Leopards,23,20255,,2026-04-23,2026-04-24,On Time,None,4,-1,Yes,2026-04
ORD4380,2026-07-03,Global Traders,Table,Furniture,Supplier D,WH-02,Rawalpindi,Lahore,,Van,DHL,7,8808,,2026-07-09,2026-07-10,On Time,None,6,-1,Yes,2026-07
ORD4381,2026-06-06,Pak Furniture,Flour,Grocery,Supplier D,WH-03,Islamabad,Peshawar,,Van,TCS,96,110313,,2026-06-08,2026-06-08,On Time,None,2,0,Yes,2026-06
ORD4382,2026-06-01,New City Store,T-Shirt,Clothing,Supplier D,WH-01,Rawalpindi,Lahore,,Courier,DHL,8,17804,,2026-06-05,2026-06-06,On Time,None,4,-1,Yes,2026-06
ORD4383,2026-10-21,New City Store,Printer,Electronics,Supplier D,WH-04,Multan,Karachi,,Truck,Leopards,3,6388,,2026-10-26,2026-10-27,On Time,None,5,-1,Yes,2026-10
ORD4384,2026-01-21,Metro Mart,Cooking Oil,Grocery,Supplier B,WH-03,Rawalpindi,Lahore,,Courier,DHL,9,13664,,2026-01-27,2026-01-28,On Time,None,6,-1,Yes,2026-01
ORD4385,2026-03-14,Star Enterprises,Keyboard,Electronics,Supplier D,WH-03,Faisalabad,Lahore,,Truck,TCS,8,15268,,2026-03-17,2026-03-18,On Time,None,3,-1,Yes,2026-03
ORD4386,2026-06-26,Super Store,Uniform,Clothing,Supplier B,WH-01,Faisalabad,Lahore,,Courier,DHL,64,115255,,2026-07-03,2026-07-01,Delayed,Traffic,7,2,No,2026-06
ORD4387,2026-03-25,ABC Store,Jacket,Clothing,Supplier E,WH-02,Lahore,Faisalabad,,Van,Pakistan Railways,90,96179,,2026-03-30,2026-03-29,Delayed,Traffic,5,1,No,2026-03
ORD4388,2026-04-27,Global Traders,Uniform,Clothing,Supplier A,WH-04,Lahore,Multan,,Truck,DHL,20,34299,,2026-05-03,2026-05-04,On Time,None,6,-1,Yes,2026-04
ORD4389,2026-03-14,Metro Mart,Shoes,Clothing,Supplier C,WH-04,Rawalpindi,Lahore,,Courier,Pakistan Railways,35,67663,,2026-03-19,2026-03-19,On Time,None,5,0,Yes,2026-03
ORD4390,2026-04-15,XYZ Ltd,Rice,Grocery,Supplier C,WH-03,Lahore,Multan,,Courier,Pakistan Railways,78,141563,,2026-04-21,2026-04-21,On Time,None,6,0,Yes,2026-04
ORD4391,2026-08-14,Pak Furniture,Uniform,Clothing,Supplier C,WH-04,Faisalabad,Lahore,,Rail,Leopards,71,63945,,2026-08-19,2026-08-19,On Time,None,5,0,Yes,2026-08
ORD4392,2026-02-14,New City Store,Desk,Furniture,Supplier B,WH-04,Peshawar,Islamabad,,Van,M&P,50,56408,,2026-02-26,2026-02-21,Delayed,Supplier Delay,12,5,No,2026-02
ORD4393,2026-07-05,ABC Store,Jacket,Clothing,Supplier B,WH-02,Karachi,Faisalabad,,Courier,DHL,42,73483,,2026-07-07,2026-07-07,On Time,None,2,0,Yes,2026-07
ORD4394,2026-09-29,Super Store,Desk,Furniture,Supplier A,WH-03,Karachi,Islamabad,,Courier,Leopards,57,102062,,2026-10-03,2026-10-04,On Time,None,4,-1,Yes,2026-09
ORD4395,2026-10-27,Global Traders,Laptop,Electronics,Supplier B,WH-01,Lahore,Faisalabad,,Courier,DHL,64,116185,,2026-11-01,2026-11-02,On Time,None,5,-1,Yes,2026-10
ORD4396,2026-07-29,Star Enterprises,Shoes,Clothing,Supplier C,WH-02,Lahore,Islamabad,,Rail,TCS,86,81121,,2026-08-02,2026-08-02,On Time,None,4,0,Yes,2026-07
ORD4397,2026-07-26,XYZ Ltd,Office Chair,Furniture,Supplier A,WH-04,Islamabad,Peshawar,,Rail,Leopards,43,36458,,2026-08-01,2026-08-01,On Time,None,6,0,Yes,2026-07
ORD4398,2026-02-28,Pak Furniture,Chair,Furniture,Supplier B,WH-01,Karachi,Islamabad,,Truck,DHL,92,139270,,2026-03-03,2026-03-03,On Time,None,3,0,Yes,2026-02
ORD4399,2026-11-16,Ali Traders,Uniform,Clothing,Supplier E,WH-04,Faisalabad,Lahore,,Truck,M&P,56,87865,,2026-11-20,2026-11-21,On Time,None,4,-1,Yes,2026-11
ORD4400,2026-09-11,Ali Traders,Tea,Grocery,Supplier B,WH-04,Rawalpindi,Lahore,,Truck,TCS,89,133242,,2026-09-14,2026-09-15,On Time,None,3,-1,Yes,2026-09
ORD4401,2026-04-05,Super Store,Rice,Grocery,Supplier B,WH-03,Multan,Karachi,,Rail,M&P,20,20638,,2026-04-12,2026-04-12,On Time,None,7,0,Yes,2026-04
ORD4402,2026-09-06,Star Enterprises,Trousers,Clothing,Supplier C,WH-01,Multan,Karachi,,Van,DHL,1,5806,,2026-09-13,2026-09-09,Delayed,Traffic,7,4,No,2026-09
ORD4403,2026-02-12,Metro Mart,Laptop,Electronics,Supplier A,WH-02,Karachi,Lahore,,Rail,Pakistan Railways,67,57721,,2026-02-14,2026-02-14,On Time,None,2,0,Yes,2026-02
ORD4404,2026-08-15,Pak Furniture,Flour,Grocery,Supplier D,WH-04,Islamabad,Peshawar,,Rail,DHL,20,19590,,2026-08-17,2026-08-18,On Time,None,2,-1,Yes,2026-08
ORD4405,2026-04-07,XYZ Ltd,Monitor,Electronics,Supplier D,WH-04,Peshawar,Islamabad,,Rail,Pakistan Railways,67,59339,,2026-04-10,2026-04-11,On Time,None,3,-1,Yes,2026-04
ORD4406,2026-09-26,City Electronics,T-Shirt,Clothing,Supplier E,WH-04,Islamabad,Peshawar,,Van,Pakistan Railways,59,69211,,2026-09-30,2026-09-30,On Time,None,4,0,Yes,2026-09
ORD4407,2026-08-07,XYZ Ltd,Shirt,Clothing,Supplier B,WH-04,Lahore,Islamabad,,Van,M&P,39,43114,,2026-08-13,2026-08-13,On Time,None,6,0,Yes,2026-08
ORD4408,2026-10-16,Star Enterprises,Laptop,Electronics,Supplier D,WH-04,Lahore,Islamabad,,Rail,Leopards,68,59825,,2026-10-17,2026-10-18,On Time,None,1,-1,Yes,2026-10
ORD4409,2026-08-06,City Electronics,Uniform,Clothing,Supplier C,WH-04,Lahore,Multan,,Rail,M&P,98,87661,,2026-08-10,2026-08-11,On Time,None,4,-1,Yes,2026-08
ORD4410,2026-02-12,XYZ Ltd,Sugar,Grocery,Supplier A,WH-02,Rawalpindi,Lahore,,Rail,Pakistan Railways,32,31415,,2026-02-17,2026-02-18,On Time,None,5,-1,Yes,2026-02
ORD4411,2026-12-17,ABC Store,Table,Furniture,Supplier A,WH-02,Karachi,Lahore,,Rail,TCS,18,18487,,2026-12-23,2026-12-24,On Time,None,6,-1,Yes,2026-12
ORD4412,2026-04-18,Super Store,Rice,Grocery,Supplier C,WH-03,Karachi,Lahore,,Courier,M&P,22,38483,,2026-04-28,2026-04-23,Delayed,Warehouse Issue,10,5,No,2026-04
ORD4413,2026-09-13,Global Traders,Rice,Grocery,Supplier E,WH-01,Lahore,Islamabad,,Van,DHL,21,27996,,2026-09-20,2026-09-20,On Time,None,7,0,Yes,2026-09
ORD4414,2026-05-04,City Electronics,T-Shirt,Clothing,Supplier C,WH-02,Lahore,Multan,,Courier,Leopards,33,63614,,2026-05-10,2026-05-10,On Time,None,6,0,Yes,2026-05
ORD4415,2026-11-22,Metro Mart,Laptop,Electronics,Supplier B,WH-02,Islamabad,Peshawar,,Van,Pakistan Railways,85,97119,,2026-11-25,2026-11-26,On Time,None,3,-1,Yes,2026-11
ORD4416,2026-08-17,Super Store,Trousers,Clothing,Supplier A,WH-03,Lahore,Faisalabad,,Rail,Pakistan Railways,23,18332,,2026-08-23,2026-08-23,On Time,None,6,0,Yes,2026-08
ORD4417,2026-06-24,New City Store,T-Shirt,Clothing,Supplier B,WH-02,Karachi,Islamabad,,Van,TCS,18,22373,,2026-06-30,2026-07-01,On Time,None,6,-1,Yes,2026-06
ORD4418,2026-07-02,Pak Furniture,Bookshelf,Furniture,Supplier E,WH-02,Gujranwala,Lahore,,Van,TCS,62,69651,,2026-07-03,2026-07-04,On Time,None,1,-1,Yes,2026-07
ORD4419,2026-06-18,Global Traders,Mouse,Electronics,Supplier D,WH-01,Rawalpindi,Lahore,,Courier,Pakistan Railways,91,166326,,2026-06-24,2026-06-25,On Time,None,6,-1,Yes,2026-06
ORD4420,2026-06-03,City Electronics,Flour,Grocery,Supplier D,WH-03,Karachi,Faisalabad,,Courier,TCS,14,24088,,2026-06-05,2026-06-05,On Time,None,2,0,Yes,2026-06
ORD4421,2026-09-27,Global Traders,Chair,Furniture,Supplier A,WH-02,Karachi,Islamabad,,Van,Leopards,38,41399,,2026-10-03,2026-10-03,On Time,None,6,0,Yes,2026-09
ORD4422,2026-04-29,New City Store,Cooking Oil,Grocery,Supplier E,WH-03,Faisalabad,Lahore,,Van,TCS,2,5756,,2026-05-08,2026-05-05,Delayed,Supplier Delay,9,3,No,2026-04
ORD4423,2026-12-14,Pak Furniture,Trousers,Clothing,Supplier D,WH-02,Karachi,Faisalabad,,Van,Leopards,45,46782,,2026-12-16,2026-12-17,On Time,None,2,-1,Yes,2026-12
ORD4424,2026-11-07,XYZ Ltd,Jacket,Clothing,Supplier B,WH-01,Gujranwala,Lahore,,Truck,DHL,31,48003,,2026-11-11,2026-11-12,On Time,None,4,-1,Yes,2026-11
ORD4425,2026-09-08,Metro Mart,Shoes,Clothing,Supplier C,WH-04,Lahore,Islamabad,,Courier,Pakistan Railways,41,75541,,2026-09-14,2026-09-15,On Time,None,6,-1,Yes,2026-09
ORD4426,2026-10-16,Super Store,Sugar,Grocery,Supplier B,WH-03,Multan,Karachi,,Van,DHL,75,82230,,2026-10-19,2026-10-18,Delayed,Traffic,3,1,No,2026-10
ORD4427,2026-09-18,Global Traders,Laptop,Electronics,Supplier A,WH-01,Lahore,Faisalabad,,Van,DHL,17,16151,,2026-09-21,2026-09-22,On Time,None,3,-1,Yes,2026-09
ORD4428,2026-01-22,Star Enterprises,Cabinet,Furniture,Supplier C,WH-04,Lahore,Islamabad,,Truck,M&P,55,82637,,2026-01-23,2026-01-24,On Time,None,1,-1,Yes,2026-01
ORD4429,2026-01-08,ABC Store,Cooking Oil,Grocery,Supplier E,WH-02,Karachi,Islamabad,,Courier,M&P,73,133428,,2026-01-16,2026-01-15,Delayed,Warehouse Issue,8,1,No,2026-01
ORD4430,2026-04-09,New City Store,Mouse,Electronics,Supplier D,WH-03,Lahore,Islamabad,,Courier,Pakistan Railways,68,124557,,2026-04-16,2026-04-16,On Time,None,7,0,Yes,2026-04
ORD4431,2026-08-08,Ali Traders,Sofa,Furniture,Supplier B,WH-01,Multan,Karachi,,Truck,DHL,45,64935,,2026-08-11,2026-08-11,On Time,None,3,0,Yes,2026-08
ORD4432,2026-01-08,Super Store,Table,Furniture,Supplier D,WH-01,Gujranwala,Lahore,,Rail,DHL,36,36894,,2026-01-10,2026-01-10,On Time,None,2,0,Yes,2026-01
ORD4433,2026-11-08,City Electronics,Cooking Oil,Grocery,Supplier C,WH-04,Lahore,Faisalabad,,Courier,Leopards,60,108248,,2026-11-15,2026-11-15,On Time,None,7,0,Yes,2026-11
ORD4434,2026-07-30,New City Store,Printer,Electronics,Supplier B,WH-03,Lahore,Islamabad,,Truck,TCS,2,6855,,2026-08-10,2026-08-06,Delayed,Vehicle Breakdown,11,4,No,2026-07
ORD4435,2026-04-08,Global Traders,Cooking Oil,Grocery,Supplier A,WH-01,Rawalpindi,Lahore,,Van,Pakistan Railways,23,23860,,2026-04-16,2026-04-11,Delayed,Weather,8,5,No,2026-04
ORD4436,2026-04-25,Global Traders,Trousers,Clothing,Supplier B,WH-02,Gujranwala,Lahore,,Van,M&P,43,44663,,2026-04-26,2026-04-27,On Time,None,1,-1,Yes,2026-04
ORD4437,2026-08-30,Global Traders,Jacket,Clothing,Supplier D,WH-04,Multan,Karachi,,Truck,TCS,90,137337,,2026-09-04,2026-09-01,Delayed,Supplier Delay,5,3,No,2026-08
ORD4438,2026-02-14,ABC Store,Trousers,Clothing,Supplier C,WH-04,Peshawar,Islamabad,,Van,Pakistan Railways,28,32924,,2026-02-16,2026-02-17,On Time,None,2,-1,Yes,2026-02
ORD4439,2026-05-27,Ali Traders,Sofa,Furniture,Supplier E,WH-04,Islamabad,Peshawar,,Truck,M&P,90,134847,,2026-06-02,2026-06-03,On Time,None,6,-1,Yes,2026-05
ORD4440,2026-11-29,Ali Traders,Jacket,Clothing,Supplier D,WH-03,Rawalpindi,Lahore,,Rail,TCS,89,78836,,2026-11-30,2026-12-01,On Time,None,1,-1,Yes,2026-11
ORD4441,2026-10-10,XYZ Ltd,Sofa,Furniture,Supplier A,WH-03,Karachi,Islamabad,,Rail,Leopards,69,66741,,2026-10-16,2026-10-17,On Time,None,6,-1,Yes,2026-10
ORD4442,2026-12-08,Metro Mart,Monitor,Electronics,Supplier E,WH-03,Gujranwala,Lahore,,Rail,TCS,71,68608,,2026-12-14,2026-12-12,Delayed,Weather,6,2,No,2026-12
ORD4443,2026-07-26,City Electronics,Cooking Oil,Grocery,Supplier A,WH-01,Rawalpindi,Lahore,,Courier,DHL,30,57889,,2026-07-30,2026-07-31,On Time,None,4,-1,Yes,2026-07
ORD4444,2026-01-25,Super Store,Sugar,Grocery,Supplier D,WH-01,Faisalabad,Lahore,,Rail,Pakistan Railways,63,54379,,2026-01-27,2026-01-28,On Time,None,2,-1,Yes,2026-01
ORD4445,2026-02-10,Ali Traders,Sofa,Furniture,Supplier B,WH-04,Rawalpindi,Lahore,,Rail,Leopards,100,94571,,2026-02-16,2026-02-17,On Time,None,6,-1,Yes,2026-02
ORD4446,2026-08-11,Ali Traders,Rice,Grocery,Supplier E,WH-04,Peshawar,Islamabad,,Courier,TCS,79,147143,,2026-08-14,2026-08-15,On Time,None,3,-1,Yes,2026-08
ORD4447,2026-02-13,Star Enterprises,Cabinet,Furniture,Supplier E,WH-02,Karachi,Lahore,,Truck,Leopards,41,62617,,2026-02-18,2026-02-18,On Time,None,5,0,Yes,2026-02
ORD4448,2026-10-15,Metro Mart,Router,Electronics,Supplier C,WH-02,Islamabad,Peshawar,,Courier,DHL,15,31846,,2026-10-18,2026-10-19,On Time,None,3,-1,Yes,2026-10
ORD4449,2026-09-14,New City Store,T-Shirt,Clothing,Supplier A,WH-04,Karachi,Lahore,,Courier,M&P,83,149633,,2026-09-20,2026-09-20,On Time,None,6,0,Yes,2026-09
ORD4450,2026-06-12,City Electronics,Jacket,Clothing,Supplier B,WH-02,Lahore,Islamabad,,Courier,Pakistan Railways,98,178097,,2026-06-22,2026-06-19,Delayed,Supplier Delay,10,3,No,2026-06
ORD4451,2026-05-04,Ali Traders,Monitor,Electronics,Supplier C,WH-01,Karachi,Faisalabad,,Courier,M&P,52,95731,,2026-05-07,2026-05-07,On Time,None,3,0,Yes,2026-05
ORD4452,2026-11-12,ABC Store,Keyboard,Electronics,Supplier B,WH-03,Lahore,Faisalabad,,Van,TCS,78,89630,,2026-11-14,2026-11-15,On Time,None,2,-1,Yes,2026-11
ORD4453,2026-08-20,Global Traders,Desk,Furniture,Supplier A,WH-04,Peshawar,Islamabad,,Van,DHL,65,69147,,2026-08-30,2026-08-26,Delayed,Traffic,10,4,No,2026-08
ORD4454,2026-09-09,Global Traders,Mobile,Electronics,Supplier A,WH-02,Karachi,Islamabad,,Truck,DHL,7,15399,,2026-09-14,2026-09-14,On Time,None,5,0,Yes,2026-09
ORD4455,2026-02-03,Global Traders,Flour,Grocery,Supplier D,WH-03,Karachi,Lahore,,Courier,Pakistan Railways,9,17312,,2026-02-06,2026-02-07,On Time,None,3,-1,Yes,2026-02
ORD4456,2026-01-10,Ali Traders,Laptop,Electronics,Supplier A,WH-02,Islamabad,Peshawar,,Truck,DHL,93,137462,,2026-01-13,2026-01-14,On Time,None,3,-1,Yes,2026-01
ORD4457,2026-05-11,Ali Traders,Mobile,Electronics,Supplier B,WH-02,Karachi,Lahore,,Rail,Pakistan Railways,93,87907,,2026-05-13,2026-05-13,On Time,None,2,0,Yes,2026-05
ORD4458,2026-09-09,XYZ Ltd,Flour,Grocery,Supplier B,WH-04,Gujranwala,Lahore,,Courier,M&P,42,75691,,2026-09-11,2026-09-11,On Time,None,2,0,Yes,2026-09
ORD4459,2026-08-07,Star Enterprises,Keyboard,Electronics,Supplier E,WH-02,Islamabad,Peshawar,,Courier,M&P,80,147227,,2026-08-11,2026-08-12,On Time,None,4,-1,Yes,2026-08
ORD4460,2026-11-19,New City Store,Printer,Electronics,Supplier E,WH-04,Gujranwala,Lahore,,Truck,Pakistan Railways,24,38712,,2026-11-25,2026-11-26,On Time,None,6,-1,Yes,2026-11
ORD4461,2026-09-19,Metro Mart,Cabinet,Furniture,Supplier B,WH-04,Faisalabad,Lahore,,Courier,TCS,73,132251,,2026-09-25,2026-09-25,On Time,None,6,0,Yes,2026-09
ORD4462,2026-10-06,ABC Store,Sofa,Furniture,Supplier D,WH-04,Karachi,Faisalabad,,Truck,Leopards,94,144928,,2026-10-11,2026-10-12,On Time,None,5,-1,Yes,2026-10
ORD4463,2026-08-23,Global Traders,Mouse,Electronics,Supplier D,WH-03,Rawalpindi,Lahore,,Rail,Pakistan Railways,94,85075,,2026-08-27,2026-08-27,On Time,None,4,0,Yes,2026-08
ORD4464,2026-08-15,Pak Furniture,Shoes,Clothing,Supplier D,WH-04,Islamabad,Peshawar,,Truck,TCS,60,89605,,2026-08-17,2026-08-17,On Time,None,2,0,Yes,2026-08
ORD4465,2026-09-26,XYZ Ltd,Bookshelf,Furniture,Supplier B,WH-04,Islamabad,Peshawar,,Van,Pakistan Railways,31,33385,,2026-09-30,2026-10-01,On Time,None,4,-1,Yes,2026-09
ORD4466,2026-12-07,XYZ Ltd,Shoes,Clothing,Supplier E,WH-04,Faisalabad,Lahore,,Courier,TCS,58,103414,,2026-12-14,2026-12-14,On Time,None,7,0,Yes,2026-12
ORD4467,2026-05-14,Super Store,Keyboard,Electronics,Supplier B,WH-01,Rawalpindi,Lahore,,Van,DHL,9,8936,,2026-05-20,2026-05-17,Delayed,Supplier Delay,6,3,No,2026-05
ORD4468,2026-08-13,Star Enterprises,Office Chair,Furniture,Supplier E,WH-01,Lahore,Multan,,Van,Pakistan Railways,85,97191,,2026-08-17,2026-08-17,On Time,None,4,0,Yes,2026-08
ORD4469,2026-07-23,New City Store,Chair,Furniture,Supplier E,WH-02,Rawalpindi,Lahore,,Truck,Leopards,77,118495,,2026-07-28,2026-07-29,On Time,None,5,-1,Yes,2026-07
ORD4470,2026-08-02,XYZ Ltd,Bookshelf,Furniture,Supplier A,WH-03,Gujranwala,Lahore,,Rail,DHL,99,88611,,2026-08-06,2026-08-06,On Time,None,4,0,Yes,2026-08
ORD4471,2026-06-08,Global Traders,Printer,Electronics,Supplier E,WH-04,Rawalpindi,Lahore,,Truck,TCS,91,137103,,2026-06-11,2026-06-11,On Time,None,3,0,Yes,2026-06
ORD4472,2026-10-27,Super Store,Desk,Furniture,Supplier B,WH-04,Faisalabad,Lahore,,Truck,Pakistan Railways,33,47354,,2026-11-01,2026-11-01,On Time,None,5,0,Yes,2026-10
ORD4473,2026-08-22,XYZ Ltd,Rice,Grocery,Supplier E,WH-04,Lahore,Multan,,Courier,TCS,11,24094,,2026-08-28,2026-08-29,On Time,None,6,-1,Yes,2026-08
ORD4474,2026-07-10,Super Store,Shoes,Clothing,Supplier A,WH-01,Karachi,Faisalabad,,Truck,Pakistan Railways,60,87972,,2026-07-18,2026-07-15,Delayed,Vehicle Breakdown,8,3,No,2026-07
ORD4475,2026-11-09,New City Store,Bookshelf,Furniture,Supplier A,WH-04,Karachi,Lahore,,Truck,DHL,23,32145,,2026-11-17,2026-11-12,Delayed,Supplier Delay,8,5,No,2026-11
ORD4476,2026-11-28,Super Store,Keyboard,Electronics,Supplier A,WH-02,Karachi,Islamabad,,Courier,TCS,82,145336,,2026-12-02,2026-12-03,On Time,None,4,-1,Yes,2026-11
ORD4477,2026-09-05,City Electronics,Printer,Electronics,Supplier D,WH-03,Faisalabad,Lahore,,Rail,M&P,11,13507,,2026-09-07,2026-09-08,On Time,None,2,-1,Yes,2026-09
ORD4478,2026-06-24,Pak Furniture,Mouse,Electronics,Supplier C,WH-01,Faisalabad,Lahore,,Courier,Leopards,25,42192,,2026-07-03,2026-07-01,Delayed,Weather,9,2,No,2026-06
ORD4479,2026-09-20,Super Store,Tea,Grocery,Supplier D,WH-03,Lahore,Islamabad,,Truck,Leopards,38,56145,,2026-09-23,2026-09-23,On Time,None,3,0,Yes,2026-09
ORD4480,2026-11-30,Ali Traders,Mobile,Electronics,Supplier D,WH-03,Islamabad,Peshawar,,Courier,M&P,60,105161,,2026-12-05,2026-12-05,On Time,None,5,0,Yes,2026-11
ORD4481,2026-11-17,Global Traders,T-Shirt,Clothing,Supplier A,WH-02,Karachi,Islamabad,,Truck,M&P,44,64226,,2026-11-21,2026-11-21,On Time,None,4,0,Yes,2026-11
ORD4482,2026-10-08,Super Store,Tea,Grocery,Supplier A,WH-03,Islamabad,Peshawar,,Rail,TCS,74,63741,,2026-10-15,2026-10-15,On Time,None,7,0,Yes,2026-10
ORD4483,2026-02-08,Star Enterprises,Rice,Grocery,Supplier D,WH-02,Peshawar,Islamabad,,Van,Pakistan Railways,92,100309,,2026-02-15,2026-02-15,On Time,None,7,0,Yes,2026-02
ORD4484,2026-02-20,Metro Mart,Sofa,Furniture,Supplier A,WH-01,Lahore,Islamabad,,Rail,Pakistan Railways,84,77374,,2026-02-22,2026-02-22,On Time,None,2,0,Yes,2026-02
ORD4485,2026-05-24,Metro Mart,Cooking Oil,Grocery,Supplier A,WH-01,Peshawar,Islamabad,,Van,TCS,47,49098,,2026-06-03,2026-05-30,Delayed,Weather,10,4,No,2026-05
ORD4486,2026-05-03,New City Store,Bookshelf,Furniture,Supplier B,WH-04,Lahore,Multan,,Rail,Pakistan Railways,29,24198,,2026-05-09,2026-05-09,On Time,None,6,0,Yes,2026-05
ORD4487,2026-03-03,ABC Store,Bookshelf,Furniture,Supplier C,WH-01,Lahore,Multan,,Van,TCS,4,4902,,2026-03-05,2026-03-06,On Time,None,2,-1,Yes,2026-03
ORD4488,2026-09-20,Metro Mart,Desk,Furniture,Supplier C,WH-01,Multan,Karachi,,Courier,Pakistan Railways,12,22643,,2026-09-25,2026-09-25,On Time,None,5,0,Yes,2026-09
ORD4489,2026-01-05,Global Traders,Mobile,Electronics,Supplier D,WH-02,Peshawar,Islamabad,,Van,DHL,30,37749,,2026-01-11,2026-01-12,On Time,None,6,-1,Yes,2026-01
ORD4490,2026-05-08,Metro Mart,Sugar,Grocery,Supplier A,WH-03,Islamabad,Peshawar,,Rail,Leopards,22,22631,,2026-05-13,2026-05-14,On Time,None,5,-1,Yes,2026-05
ORD4491,2026-06-09,Pak Furniture,Printer,Electronics,Supplier A,WH-03,Karachi,Lahore,,Rail,Leopards,86,78466,,2026-06-11,2026-06-11,On Time,None,2,0,Yes,2026-06
ORD4492,2026-10-09,XYZ Ltd,Chair,Furniture,Supplier E,WH-02,Karachi,Islamabad,,Rail,Leopards,71,62219,,2026-10-11,2026-10-11,On Time,None,2,0,Yes,2026-10
ORD4493,2026-03-08,New City Store,Shirt,Clothing,Supplier B,WH-04,Karachi,Faisalabad,,Rail,Leopards,30,25159,,2026-03-17,2026-03-15,Delayed,Weather,9,2,No,2026-03
ORD4494,2026-05-10,XYZ Ltd,Trousers,Clothing,Supplier D,WH-02,Multan,Karachi,,Truck,DHL,44,65059,,2026-05-11,2026-05-12,On Time,None,1,-1,Yes,2026-05
ORD4495,2026-09-24,Global Traders,Cooking Oil,Grocery,Supplier C,WH-01,Karachi,Islamabad,,Rail,Leopards,37,36006,,2026-09-26,2026-09-26,On Time,None,2,0,Yes,2026-09
ORD4496,2026-04-20,City Electronics,Rice,Grocery,Supplier A,WH-03,Rawalpindi,Lahore,,Rail,TCS,50,47663,,2026-04-27,2026-04-24,Delayed,Weather,7,3,No,2026-04
ORD4497,2026-04-01,New City Store,Bookshelf,Furniture,Supplier B,WH-03,Karachi,Islamabad,,Rail,Pakistan Railways,97,86200,,2026-04-04,2026-04-05,On Time,None,3,-1,Yes,2026-04
ORD4498,2026-10-23,New City Store,Flour,Grocery,Supplier A,WH-04,Rawalpindi,Lahore,,Rail,M&P,64,55716,,2026-10-29,2026-10-30,On Time,None,6,-1,Yes,2026-10
ORD4499,2026-06-14,Global Traders,Mouse,Electronics,Supplier D,WH-02,Faisalabad,Lahore,,Truck,TCS,91,137012,,2026-06-20,2026-06-17,Delayed,Weather,6,3,No,2026-06
ORD4500,2026-12-04,Global Traders,Shirt,Clothing,Supplier C,WH-03,Lahore,Faisalabad,,Courier,DHL,37,67843,,2026-12-07,2026-12-08,On Time,None,3,-1,Yes,2026-12
ORD4501,2026-08-08,ABC Store,Sugar,Grocery,Supplier E,WH-02,Lahore,Islamabad,,Rail,Leopards,71,61993,,2026-08-20,2026-08-15,Delayed,Traffic,12,5,No,2026-08
ORD4502,2026-09-18,XYZ Ltd,Router,Electronics,Supplier E,WH-01,Peshawar,Islamabad,,Van,DHL,5,7253,,2026-09-20,2026-09-21,On Time,None,2,-1,Yes,2026-09
ORD4503,2026-01-03,New City Store,Sugar,Grocery,Supplier B,WH-03,Karachi,Faisalabad,,Rail,Leopards,73,63371,,2026-01-08,2026-01-06,Delayed,Warehouse Issue,5,2,No,2026-01
ORD4504,2026-10-25,XYZ Ltd,Tablet,Electronics,Supplier C,WH-01,Lahore,Islamabad,,Truck,DHL,22,33925,,2026-10-30,2026-10-31,On Time,None,5,-1,Yes,2026-10
ORD4505,2026-07-04,Global Traders,Desk,Furniture,Supplier E,WH-03,Islamabad,Peshawar,,Van,Leopards,5,4400,,2026-07-07,2026-07-07,On Time,None,3,0,Yes,2026-07
ORD4506,2026-01-26,Star Enterprises,Router,Electronics,Supplier D,WH-01,Lahore,Islamabad,,Van,Leopards,99,110275,,2026-01-28,2026-01-28,On Time,None,2,0,Yes,2026-01
ORD4507,2026-01-26,Super Store,Sugar,Grocery,Supplier C,WH-04,Lahore,Islamabad,,Rail,Pakistan Railways,21,23726,,2026-02-05,2026-02-02,Delayed,Traffic,10,3,No,2026-01
ORD4508,2026-07-03,ABC Store,Table,Furniture,Supplier E,WH-04,Multan,Karachi,,Truck,TCS,74,112779,,2026-07-09,2026-07-09,On Time,None,6,0,Yes,2026-07
ORD4509,2026-10-23,City Electronics,Mobile,Electronics,Supplier D,WH-01,Faisalabad,Lahore,,Truck,DHL,52,77422,,2026-10-28,2026-10-29,On Time,None,5,-1,Yes,2026-10
ORD4510,2026-08-30,XYZ Ltd,Tea,Grocery,Supplier A,WH-01,Lahore,Multan,,Rail,Pakistan Railways,74,67090,,2026-09-04,2026-09-05,On Time,None,5,-1,Yes,2026-08
ORD4511,2026-05-18,Metro Mart,Cabinet,Furniture,Supplier D,WH-04,Karachi,Faisalabad,,Courier,TCS,43,76957,,2026-05-25,2026-05-25,On Time,None,7,0,Yes,2026-05
ORD4512,2026-12-11,New City Store,Cooking Oil,Grocery,Supplier A,WH-03,Rawalpindi,Lahore,,Courier,TCS,6,11631,,2026-12-12,2026-12-13,On Time,None,1,-1,Yes,2026-12
ORD4513,2026-11-26,Ali Traders,Desk,Furniture,Supplier B,WH-02,Multan,Karachi,,Van,M&P,80,86216,,2026-11-28,2026-11-28,On Time,None,2,0,Yes,2026-11
ORD4514,2026-04-02,Metro Mart,Rice,Grocery,Supplier C,WH-01,Faisalabad,Lahore,,Rail,Pakistan Railways,93,88326,,2026-04-08,2026-04-08,On Time,None,6,0,Yes,2026-04
ORD4515,2026-08-04,Metro Mart,Printer,Electronics,Supplier B,WH-04,Lahore,Islamabad,,Courier,TCS,9,16008,,2026-08-09,2026-08-08,Delayed,Traffic,5,1,No,2026-08
ORD4516,2026-12-23,Star Enterprises,Tea,Grocery,Supplier C,WH-01,Peshawar,Islamabad,,Van,Leopards,42,48700,,2026-12-29,2026-12-29,On Time,None,6,0,Yes,2026-12
ORD4517,2026-04-16,Metro Mart,Uniform,Clothing,Supplier D,WH-04,Karachi,Islamabad,,Truck,M&P,29,41222,,2026-04-19,2026-04-19,On Time,None,3,0,Yes,2026-04
ORD4518,2026-01-12,Ali Traders,Laptop,Electronics,Supplier A,WH-01,Lahore,Islamabad,,Courier,DHL,72,127948,,2026-01-15,2026-01-15,On Time,None,3,0,Yes,2026-01
ORD4519,2026-05-01,XYZ Ltd,Jacket,Clothing,Supplier C,WH-03,Karachi,Lahore,,Truck,Pakistan Railways,63,95600,,2026-05-08,2026-05-08,On Time,None,7,0,Yes,2026-05
ORD4520,2026-02-03,Global Traders,Keyboard,Electronics,Supplier C,WH-02,Multan,Karachi,,Truck,DHL,35,52507,,2026-02-08,2026-02-09,On Time,None,5,-1,Yes,2026-02
ORD4521,2026-01-15,City Electronics,Rice,Grocery,Supplier E,WH-01,Peshawar,Islamabad,,Truck,TCS,1,1911,,2026-01-20,2026-01-21,On Time,None,5,-1,Yes,2026-01
ORD4522,2026-11-05,Star Enterprises,Table,Furniture,Supplier B,WH-01,Multan,Karachi,,Courier,Pakistan Railways,98,174779,,2026-11-10,2026-11-10,On Time,None,5,0,Yes,2026-11
ORD4523,2026-01-09,Metro Mart,Router,Electronics,Supplier C,WH-01,Faisalabad,Lahore,,Truck,Leopards,36,51168,,2026-01-19,2026-01-15,Delayed,Warehouse Issue,10,4,No,2026-01
ORD4524,2026-02-26,Ali Traders,Router,Electronics,Supplier E,WH-04,Faisalabad,Lahore,,Truck,TCS,42,64958,,2026-02-28,2026-03-01,On Time,None,2,-1,Yes,2026-02
ORD4525,2026-10-04,Super Store,Sugar,Grocery,Supplier D,WH-03,Peshawar,Islamabad,,Rail,M&P,89,80027,,2026-10-10,2026-10-11,On Time,None,6,-1,Yes,2026-10
ORD4526,2026-02-13,Star Enterprises,Milk Powder,Grocery,Supplier D,WH-04,Gujranwala,Lahore,,Rail,M&P,73,70601,,2026-02-16,2026-02-16,On Time,None,3,0,Yes,2026-02
ORD4527,2026-09-19,ABC Store,Office Chair,Furniture,Supplier D,WH-01,Lahore,Islamabad,,Courier,Pakistan Railways,49,90975,,2026-09-25,2026-09-26,On Time,None,6,-1,Yes,2026-09
ORD4528,2026-01-31,ABC Store,Shirt,Clothing,Supplier B,WH-01,Rawalpindi,Lahore,,Truck,Leopards,95,142971,,2026-02-02,2026-02-03,On Time,None,2,-1,Yes,2026-01
ORD4529,2026-06-17,Pak Furniture,Mobile,Electronics,Supplier E,WH-01,Lahore,Multan,,Courier,Leopards,54,95006,,2026-06-20,2026-06-21,On Time,None,3,-1,Yes,2026-06
ORD4530,2026-08-19,Star Enterprises,Flour,Grocery,Supplier B,WH-03,Multan,Karachi,,Courier,Leopards,90,165524,,2026-08-23,2026-08-21,Delayed,Vehicle Breakdown,4,2,No,2026-08
ORD4531,2026-11-08,Global Traders,Jacket,Clothing,Supplier D,WH-01,Lahore,Multan,,Rail,M&P,39,39264,,2026-11-12,2026-11-12,On Time,None,4,0,Yes,2026-11
ORD4532,2026-10-18,Pak Furniture,Mouse,Electronics,Supplier A,WH-03,Peshawar,Islamabad,,Truck,TCS,85,130264,,2026-10-27,2026-10-22,Delayed,Traffic,9,5,No,2026-10
ORD4533,2026-06-21,City Electronics,Flour,Grocery,Supplier E,WH-04,Lahore,Multan,,Rail,DHL,15,13948,,2026-06-25,2026-06-25,On Time,None,4,0,Yes,2026-06
ORD4534,2026-04-22,New City Store,Router,Electronics,Supplier D,WH-04,Gujranwala,Lahore,,Courier,Leopards,46,85547,,2026-04-25,2026-04-25,On Time,None,3,0,Yes,2026-04
ORD4535,2026-04-04,Ali Traders,Chair,Furniture,Supplier C,WH-04,Peshawar,Islamabad,,Courier,TCS,52,98145,,2026-04-07,2026-04-08,On Time,None,3,-1,Yes,2026-04
ORD4536,2026-02-22,XYZ Ltd,Flour,Grocery,Supplier A,WH-04,Rawalpindi,Lahore,,Van,Leopards,29,31581,,2026-02-24,2026-02-24,On Time,None,2,0,Yes,2026-02
ORD4537,2026-09-19,Ali Traders,Tablet,Electronics,Supplier B,WH-04,Karachi,Lahore,,Courier,Leopards,22,38290,,2026-09-25,2026-09-25,On Time,None,6,0,Yes,2026-09
ORD4538,2026-04-03,Super Store,Mobile,Electronics,Supplier D,WH-04,Lahore,Multan,,Courier,M&P,43,78536,,2026-04-04,2026-04-05,On Time,None,1,-1,Yes,2026-04
ORD4539,2026-03-07,Super Store,Monitor,Electronics,Supplier C,WH-03,Lahore,Multan,,Courier,TCS,11,22301,,2026-03-15,2026-03-13,Delayed,Weather,8,2,No,2026-03
ORD4540,2026-11-26,Ali Traders,Tablet,Electronics,Supplier C,WH-02,Lahore,Islamabad,,Rail,Leopards,61,57914,,2026-12-04,2026-11-30,Delayed,Traffic,8,4,No,2026-11
ORD4541,2026-10-06,Pak Furniture,Table,Furniture,Supplier A,WH-01,Faisalabad,Lahore,,Courier,M&P,90,163154,,2026-10-09,2026-10-09,On Time,None,3,0,Yes,2026-10
ORD4542,2026-04-01,Star Enterprises,Jacket,Clothing,Supplier B,WH-01,Lahore,Faisalabad,,Rail,Pakistan Railways,31,26847,,2026-04-05,2026-04-06,On Time,None,4,-1,Yes,2026-04
ORD4543,2026-02-26,Pak Furniture,Office Chair,Furniture,Supplier E,WH-04,Karachi,Islamabad,,Rail,Pakistan Railways,60,57157,,2026-02-27,2026-02-28,On Time,None,1,-1,Yes,2026-02
ORD4544,2026-11-29,New City Store,Bookshelf,Furniture,Supplier A,WH-02,Lahore,Multan,,Van,TCS,56,64810,,2026-12-04,2026-12-05,On Time,None,5,-1,Yes,2026-11
ORD4545,2026-08-27,Ali Traders,Tablet,Electronics,Supplier A,WH-03,Faisalabad,Lahore,,Courier,M&P,87,154317,,2026-08-30,2026-08-30,On Time,None,3,0,Yes,2026-08
ORD4546,2026-02-21,XYZ Ltd,Monitor,Electronics,Supplier B,WH-03,Lahore,Islamabad,,Truck,Leopards,74,113843,,2026-02-23,2026-02-23,On Time,None,2,0,Yes,2026-02
ORD4547,2026-05-17,Pak Furniture,Cooking Oil,Grocery,Supplier D,WH-04,Peshawar,Islamabad,,Courier,DHL,45,79651,,2026-05-21,2026-05-22,On Time,None,4,-1,Yes,2026-05
ORD4548,2026-02-22,Global Traders,Tablet,Electronics,Supplier A,WH-02,Karachi,Islamabad,,Rail,Leopards,89,79298,,2026-02-24,2026-02-24,On Time,None,2,0,Yes,2026-02
ORD4549,2026-06-24,Super Store,Tea,Grocery,Supplier B,WH-02,Lahore,Islamabad,,Truck,DHL,24,35396,,2026-07-01,2026-06-27,Delayed,Traffic,7,4,No,2026-06
ORD4550,2026-07-26,Super Store,Sugar,Grocery,Supplier B,WH-02,Gujranwala,Lahore,,Rail,TCS,77,71400,,2026-07-31,2026-08-01,On Time,None,5,-1,Yes,2026-07
ORD4551,2026-02-03,ABC Store,Keyboard,Electronics,Supplier B,WH-02,Rawalpindi,Lahore,,Truck,Pakistan Railways,88,133738,,2026-02-06,2026-02-06,On Time,None,3,0,Yes,2026-02
ORD4552,2026-08-30,Super Store,Sugar,Grocery,Supplier A,WH-01,Gujranwala,Lahore,,Truck,Leopards,98,150839,,2026-09-05,2026-09-06,On Time,None,6,-1,Yes,2026-08
ORD4553,2026-02-08,Ali Traders,Laptop,Electronics,Supplier E,WH-01,Lahore,Islamabad,,Rail,Leopards,5,1893,,2026-02-13,2026-02-12,Delayed,Vehicle Breakdown,5,1,No,2026-02
ORD4554,2026-10-27,Pak Furniture,Shoes,Clothing,Supplier E,WH-04,Gujranwala,Lahore,,Rail,TCS,3,1500,,2026-11-02,2026-11-02,On Time,None,6,0,Yes,2026-10
ORD4555,2026-04-18,Global Traders,Table,Furniture,Supplier D,WH-02,Peshawar,Islamabad,,Van,Pakistan Railways,2,1500,,2026-04-21,2026-04-22,On Time,None,3,-1,Yes,2026-04
ORD4556,2026-06-07,City Electronics,Router,Electronics,Supplier D,WH-04,Faisalabad,Lahore,,Courier,Leopards,52,93176,,2026-06-11,2026-06-11,On Time,None,4,0,Yes,2026-06
ORD4557,2026-11-02,XYZ Ltd,Printer,Electronics,Supplier D,WH-02,Karachi,Lahore,,Van,M&P,44,51001,,2026-11-05,2026-11-05,On Time,None,3,0,Yes,2026-11
ORD4558,2026-10-25,ABC Store,Mouse,Electronics,Supplier A,WH-03,Karachi,Faisalabad,,Courier,Pakistan Railways,88,163170,,2026-10-26,2026-10-27,On Time,None,1,-1,Yes,2026-10
ORD4559,2026-03-25,Metro Mart,Milk Powder,Grocery,Supplier C,WH-03,Karachi,Islamabad,,Courier,M&P,69,123688,,2026-03-31,2026-03-31,On Time,None,6,0,Yes,2026-03
ORD4560,2026-11-14,City Electronics,Flour,Grocery,Supplier A,WH-03,Lahore,Multan,,Truck,M&P,60,88150,,2026-11-19,2026-11-20,On Time,None,5,-1,Yes,2026-11
ORD4561,2026-05-12,XYZ Ltd,Uniform,Clothing,Supplier A,WH-04,Karachi,Lahore,,Van,DHL,75,80198,,2026-05-15,2026-05-16,On Time,None,3,-1,Yes,2026-05
ORD4562,2026-08-14,Super Store,Milk Powder,Grocery,Supplier D,WH-01,Lahore,Multan,,Van,Pakistan Railways,46,50242,,2026-08-17,2026-08-18,On Time,None,3,-1,Yes,2026-08
ORD4563,2026-06-21,New City Store,Monitor,Electronics,Supplier D,WH-02,Lahore,Islamabad,,Courier,Leopards,57,104830,,2026-06-28,2026-06-28,On Time,None,7,0,Yes,2026-06
ORD4564,2026-10-15,Ali Traders,Office Chair,Furniture,Supplier E,WH-02,Karachi,Islamabad,,Courier,Pakistan Railways,51,90118,,2026-10-17,2026-10-17,On Time,None,2,0,Yes,2026-10
ORD4565,2026-04-19,New City Store,Mobile,Electronics,Supplier E,WH-02,Lahore,Faisalabad,,Van,Pakistan Railways,88,98423,,2026-04-20,2026-04-21,On Time,None,1,-1,Yes,2026-04
ORD4566,2026-06-14,Ali Traders,Trousers,Clothing,Supplier E,WH-03,Lahore,Faisalabad,,Rail,M&P,2,1775,,2026-06-15,2026-06-16,On Time,None,1,-1,Yes,2026-06
ORD4567,2026-06-27,ABC Store,Printer,Electronics,Supplier D,WH-02,Rawalpindi,Lahore,,Rail,Leopards,99,91298,,2026-07-06,2026-07-02,Delayed,Warehouse Issue,9,4,No,2026-06
ORD4568,2026-03-24,Global Traders,Desk,Furniture,Supplier B,WH-01,Karachi,Islamabad,,Rail,M&P,53,51814,,2026-03-31,2026-03-28,Delayed,Supplier Delay,7,3,No,2026-03
ORD4569,2026-11-05,Global Traders,Sugar,Grocery,Supplier A,WH-01,Karachi,Islamabad,,Rail,Leopards,96,85140,,2026-11-08,2026-11-08,On Time,None,3,0,Yes,2026-11
ORD4570,2026-06-16,City Electronics,Rice,Grocery,Supplier A,WH-02,Karachi,Faisalabad,,Van,DHL,10,15434,,2026-06-22,2026-06-22,On Time,None,6,0,Yes,2026-06
ORD4571,2026-10-14,ABC Store,Chair,Furniture,Supplier B,WH-01,Faisalabad,Lahore,,Van,TCS,71,79801,,2026-10-19,2026-10-20,On Time,None,5,-1,Yes,2026-10
ORD4572,2026-01-13,New City Store,Bookshelf,Furniture,Supplier B,WH-02,Gujranwala,Lahore,,Truck,DHL,92,142819,,2026-01-17,2026-01-17,On Time,None,4,0,Yes,2026-01
ORD4573,2026-08-07,Super Store,Shirt,Clothing,Supplier D,WH-02,Gujranwala,Lahore,,Van,Pakistan Railways,22,24297,,2026-08-14,2026-08-14,On Time,None,7,0,Yes,2026-08
ORD4574,2026-01-31,Ali Traders,Router,Electronics,Supplier D,WH-02,Faisalabad,Lahore,,Rail,Pakistan Railways,85,76854,,2026-02-03,2026-02-03,On Time,None,3,0,Yes,2026-01
ORD4575,2026-10-30,Ali Traders,Tablet,Electronics,Supplier A,WH-02,Faisalabad,Lahore,,Rail,DHL,7,4268,,2026-11-02,2026-11-02,On Time,None,3,0,Yes,2026-10
ORD4576,2026-12-17,Metro Mart,Uniform,Clothing,Supplier C,WH-04,Multan,Karachi,,Van,Leopards,8,9291,,2026-12-22,2026-12-22,On Time,None,5,0,Yes,2026-12
ORD4577,2026-06-02,City Electronics,Monitor,Electronics,Supplier A,WH-03,Lahore,Faisalabad,,Van,DHL,16,15206,,2026-06-08,2026-06-08,On Time,None,6,0,Yes,2026-06
ORD4578,2026-12-24,Global Traders,Chair,Furniture,Supplier C,WH-03,Faisalabad,Lahore,,Van,DHL,13,14549,,2026-12-31,2026-12-31,On Time,None,7,0,Yes,2026-12
ORD4579,2026-06-30,Pak Furniture,Tablet,Electronics,Supplier D,WH-03,Faisalabad,Lahore,,Truck,M&P,67,104187,,2026-07-02,2026-07-03,On Time,None,2,-1,Yes,2026-06
ORD4580,2026-08-25,XYZ Ltd,Cabinet,Furniture,Supplier E,WH-03,Peshawar,Islamabad,,Van,Pakistan Railways,20,25498,,2026-09-01,2026-09-01,On Time,None,7,0,Yes,2026-08
ORD4581,2026-07-18,Star Enterprises,Mobile,Electronics,Supplier A,WH-04,Karachi,Faisalabad,,Rail,DHL,68,61022,,2026-07-21,2026-07-22,On Time,None,3,-1,Yes,2026-07
ORD4582,2026-01-17,Pak Furniture,Bookshelf,Furniture,Supplier B,WH-04,Karachi,Lahore,,Rail,TCS,56,54190,,2026-01-19,2026-01-20,On Time,None,2,-1,Yes,2026-01
ORD4583,2026-08-24,XYZ Ltd,Jacket,Clothing,Supplier B,WH-01,Lahore,Islamabad,,Rail,TCS,24,23923,,2026-08-29,2026-08-30,On Time,None,5,-1,Yes,2026-08
ORD4584,2026-08-15,New City Store,Cabinet,Furniture,Supplier D,WH-04,Gujranwala,Lahore,,Truck,TCS,34,52160,,2026-08-19,2026-08-19,On Time,None,4,0,Yes,2026-08
ORD4585,2026-11-02,Ali Traders,Flour,Grocery,Supplier B,WH-03,Lahore,Faisalabad,,Courier,Pakistan Railways,37,68785,,2026-11-04,2026-11-04,On Time,None,2,0,Yes,2026-11
ORD4586,2026-09-13,ABC Store,Rice,Grocery,Supplier E,WH-04,Rawalpindi,Lahore,,Rail,TCS,42,40519,,2026-09-17,2026-09-18,On Time,None,4,-1,Yes,2026-09
ORD4587,2026-03-10,New City Store,Monitor,Electronics,Supplier D,WH-01,Karachi,Faisalabad,,Truck,Leopards,71,107788,,2026-03-14,2026-03-14,On Time,None,4,0,Yes,2026-03
ORD4588,2026-12-24,Global Traders,Uniform,Clothing,Supplier B,WH-02,Lahore,Islamabad,,Rail,Leopards,100,92252,,2026-12-31,2026-12-30,Delayed,Vehicle Breakdown,7,1,No,2026-12
ORD4589,2026-12-02,New City Store,Office Chair,Furniture,Supplier E,WH-03,Lahore,Multan,,Courier,Leopards,63,117129,,2026-12-07,2026-12-07,On Time,None,5,0,Yes,2026-12
ORD4590,2026-06-22,Metro Mart,Jacket,Clothing,Supplier D,WH-04,Rawalpindi,Lahore,,Rail,Leopards,27,26902,,2026-06-30,2026-06-27,Delayed,Weather,8,3,No,2026-06
ORD4591,2026-07-23,ABC Store,Mobile,Electronics,Supplier D,WH-03,Peshawar,Islamabad,,Rail,DHL,40,33580,,2026-08-02,2026-07-28,Delayed,Warehouse Issue,10,5,No,2026-07
ORD4592,2026-06-04,Global Traders,Desk,Furniture,Supplier D,WH-02,Karachi,Islamabad,,Van,DHL,42,43919,,2026-06-07,2026-06-06,Delayed,Traffic,3,1,No,2026-06
ORD4593,2026-03-26,Star Enterprises,Bookshelf,Furniture,Supplier A,WH-03,Peshawar,Islamabad,,Truck,M&P,10,12436,,2026-03-30,2026-03-28,Delayed,Traffic,4,2,No,2026-03
ORD4594,2026-02-11,Global Traders,Cooking Oil,Grocery,Supplier C,WH-01,Faisalabad,Lahore,,Courier,Pakistan Railways,56,98590,,2026-02-17,2026-02-17,On Time,None,6,0,Yes,2026-02
ORD4595,2026-03-08,Metro Mart,Tablet,Electronics,Supplier A,WH-02,Karachi,Islamabad,,Rail,Pakistan Railways,20,17151,,2026-03-12,2026-03-13,On Time,None,4,-1,Yes,2026-03
ORD4596,2026-09-13,Ali Traders,Sofa,Furniture,Supplier E,WH-03,Rawalpindi,Lahore,,Rail,DHL,53,50384,,2026-09-20,2026-09-17,Delayed,Weather,7,3,No,2026-09
ORD4597,2026-12-13,City Electronics,Shirt,Clothing,Supplier B,WH-04,Peshawar,Islamabad,,Truck,M&P,85,126893,,2026-12-17,2026-12-18,On Time,None,4,-1,Yes,2026-12
ORD4598,2026-01-01,Global Traders,Cabinet,Furniture,Supplier D,WH-02,Lahore,Multan,,Van,TCS,93,106935,,2026-01-06,2026-01-07,On Time,None,5,-1,Yes,2026-01
ORD4599,2026-09-18,Super Store,Table,Furniture,Supplier C,WH-03,Faisalabad,Lahore,,Van,Pakistan Railways,57,67449,,2026-09-21,2026-09-22,On Time,None,3,-1,Yes,2026-09
ORD4600,2026-10-09,XYZ Ltd,Monitor,Electronics,Supplier E,WH-03,Multan,Karachi,,Truck,DHL,72,107483,,2026-10-15,2026-10-13,Delayed,Warehouse Issue,6,2,No,2026-10
ORD4601,2026-09-22,Metro Mart,Uniform,Clothing,Supplier B,WH-04,Lahore,Faisalabad,,Rail,Pakistan Railways,38,32091,,2026-09-29,2026-09-29,On Time,None,7,0,Yes,2026-09
ORD4602,2026-08-23,New City Store,Printer,Electronics,Supplier C,WH-04,Faisalabad,Lahore,,Truck,M&P,31,50837,,2026-08-27,2026-08-28,On Time,None,4,-1,Yes,2026-08
ORD4603,2026-07-25,Ali Traders,Shirt,Clothing,Supplier E,WH-02,Islamabad,Peshawar,,Van,TCS,88,93933,,2026-07-26,2026-07-27,On Time,None,1,-1,Yes,2026-07
ORD4604,2026-11-01,Global Traders,Mouse,Electronics,Supplier D,WH-02,Karachi,Faisalabad,,Rail,Leopards,41,39073,,2026-11-04,2026-11-05,On Time,None,3,-1,Yes,2026-11
ORD4605,2026-03-18,XYZ Ltd,Chair,Furniture,Supplier B,WH-01,Multan,Karachi,,Truck,DHL,41,65214,,2026-03-23,2026-03-24,On Time,None,5,-1,Yes,2026-03
ORD4606,2026-03-18,Metro Mart,Sofa,Furniture,Supplier B,WH-02,Karachi,Islamabad,,Rail,DHL,35,29084,,2026-03-22,2026-03-23,On Time,None,4,-1,Yes,2026-03
ORD4607,2026-10-12,Star Enterprises,Printer,Electronics,Supplier E,WH-03,Lahore,Faisalabad,,Van,DHL,28,33417,,2026-10-20,2026-10-15,Delayed,Vehicle Breakdown,8,5,No,2026-10
ORD4608,2026-08-06,Super Store,Router,Electronics,Supplier A,WH-01,Lahore,Faisalabad,,Truck,Pakistan Railways,52,76612,,2026-08-08,2026-08-09,On Time,None,2,-1,Yes,2026-08
ORD4609,2026-05-03,Metro Mart,Uniform,Clothing,Supplier C,WH-02,Karachi,Lahore,,Rail,M&P,85,76426,,2026-05-06,2026-05-07,On Time,None,3,-1,Yes,2026-05
ORD4610,2026-03-21,Global Traders,Laptop,Electronics,Supplier C,WH-04,Karachi,Islamabad,,Rail,DHL,23,23087,,2026-03-25,2026-03-25,On Time,None,4,0,Yes,2026-03
ORD4611,2026-04-13,Ali Traders,Sofa,Furniture,Supplier C,WH-03,Karachi,Faisalabad,,Truck,Pakistan Railways,28,45416,,2026-04-17,2026-04-18,On Time,None,4,-1,Yes,2026-04
ORD4612,2026-03-16,Ali Traders,Mouse,Electronics,Supplier A,WH-02,Lahore,Islamabad,,Courier,Leopards,32,62422,,2026-03-21,2026-03-21,On Time,None,5,0,Yes,2026-03
ORD4613,2026-09-05,Pak Furniture,Tea,Grocery,Supplier E,WH-04,Rawalpindi,Lahore,,Truck,M&P,60,93885,,2026-09-08,2026-09-08,On Time,None,3,0,Yes,2026-09
ORD4614,2026-04-24,Star Enterprises,Sofa,Furniture,Supplier E,WH-01,Lahore,Multan,,Van,Pakistan Railways,93,106920,,2026-05-01,2026-05-01,On Time,None,7,0,Yes,2026-04
ORD4615,2026-12-12,Ali Traders,Cooking Oil,Grocery,Supplier E,WH-03,Karachi,Faisalabad,,Courier,Leopards,98,174258,,2026-12-23,2026-12-18,Delayed,Traffic,11,5,No,2026-12
ORD4616,2026-03-20,Ali Traders,T-Shirt,Clothing,Supplier D,WH-02,Karachi,Islamabad,,Truck,Pakistan Railways,79,118393,,2026-03-25,2026-03-23,Delayed,Warehouse Issue,5,2,No,2026-03
ORD4617,2026-06-17,Super Store,Router,Electronics,Supplier B,WH-04,Lahore,Multan,,Truck,TCS,61,95472,,2026-06-23,2026-06-24,On Time,None,6,-1,Yes,2026-06
ORD4618,2026-02-02,ABC Store,Jacket,Clothing,Supplier C,WH-03,Gujranwala,Lahore,,Courier,Leopards,59,110347,,2026-02-06,2026-02-06,On Time,None,4,0,Yes,2026-02
ORD4619,2026-02-27,Ali Traders,Shoes,Clothing,Supplier C,WH-03,Karachi,Islamabad,,Truck,Leopards,16,26742,,2026-03-04,2026-03-04,On Time,None,5,0,Yes,2026-02
ORD4620,2026-09-23,Star Enterprises,Monitor,Electronics,Supplier A,WH-02,Karachi,Islamabad,,Van,DHL,87,98240,,2026-10-01,2026-09-30,Delayed,Supplier Delay,8,1,No,2026-09
ORD4621,2026-04-20,Metro Mart,Rice,Grocery,Supplier E,WH-04,Karachi,Lahore,,Rail,M&P,88,76349,,2026-04-22,2026-04-23,On Time,None,2,-1,Yes,2026-04
ORD4622,2026-01-29,Metro Mart,Monitor,Electronics,Supplier C,WH-03,Islamabad,Peshawar,,Truck,DHL,57,88526,,2026-02-06,2026-02-01,Delayed,Vehicle Breakdown,8,5,No,2026-01
ORD4623,2026-12-22,Ali Traders,Tea,Grocery,Supplier E,WH-01,Peshawar,Islamabad,,Courier,M&P,73,135344,,2026-12-27,2026-12-28,On Time,None,5,-1,Yes,2026-12
ORD4624,2026-12-22,XYZ Ltd,Office Chair,Furniture,Supplier D,WH-01,Peshawar,Islamabad,,Van,Pakistan Railways,31,38329,,2026-12-29,2026-12-29,On Time,None,7,0,Yes,2026-12
ORD4625,2026-04-18,New City Store,Laptop,Electronics,Supplier D,WH-02,Lahore,Islamabad,,Rail,Leopards,59,54702,,2026-04-22,2026-04-23,On Time,None,4,-1,Yes,2026-04
ORD4626,2026-04-24,Star Enterprises,Mouse,Electronics,Supplier E,WH-01,Peshawar,Islamabad,,Rail,Pakistan Railways,51,46829,,2026-04-26,2026-04-26,On Time,None,2,0,Yes,2026-04
ORD4627,2026-12-24,New City Store,Jacket,Clothing,Supplier C,WH-03,Peshawar,Islamabad,,Truck,TCS,70,104875,,2026-12-29,2026-12-26,Delayed,Vehicle Breakdown,5,3,No,2026-12
ORD4628,2026-12-09,XYZ Ltd,Trousers,Clothing,Supplier C,WH-03,Rawalpindi,Lahore,,Van,TCS,95,102339,,2026-12-15,2026-12-15,On Time,None,6,0,Yes,2026-12
ORD4629,2026-03-11,Pak Furniture,Sugar,Grocery,Supplier B,WH-01,Lahore,Multan,,Van,Leopards,24,27371,,2026-03-18,2026-03-18,On Time,None,7,0,Yes,2026-03
ORD4630,2026-03-23,ABC Store,Sugar,Grocery,Supplier D,WH-02,Islamabad,Peshawar,,Truck,TCS,90,134182,,2026-03-26,2026-03-26,On Time,None,3,0,Yes,2026-03
ORD4631,2026-07-16,Metro Mart,Sofa,Furniture,Supplier D,WH-04,Faisalabad,Lahore,,Courier,DHL,60,108610,,2026-07-26,2026-07-21,Delayed,Supplier Delay,10,5,No,2026-07
ORD4632,2026-12-25,City Electronics,Shirt,Clothing,Supplier C,WH-02,Gujranwala,Lahore,,Rail,Leopards,94,84314,,2027-01-01,2027-01-01,On Time,None,7,0,Yes,2026-12
ORD4633,2026-02-01,New City Store,T-Shirt,Clothing,Supplier B,WH-03,Gujranwala,Lahore,,Courier,Pakistan Railways,65,118011,,2026-02-03,2026-02-03,On Time,None,2,0,Yes,2026-02
ORD4634,2026-07-25,XYZ Ltd,Cabinet,Furniture,Supplier A,WH-04,Rawalpindi,Lahore,,Van,Leopards,99,106059,,2026-07-28,2026-07-29,On Time,None,3,-1,Yes,2026-07
ORD4635,2026-10-06,ABC Store,Laptop,Electronics,Supplier A,WH-01,Rawalpindi,Lahore,,Courier,Pakistan Railways,31,60768,,2026-10-07,2026-10-08,On Time,None,1,-1,Yes,2026-10
ORD4636,2026-07-29,Metro Mart,Uniform,Clothing,Supplier C,WH-01,Peshawar,Islamabad,,Courier,TCS,27,53067,,2026-08-02,2026-08-01,Delayed,Supplier Delay,4,1,No,2026-07
ORD4637,2026-02-15,New City Store,Table,Furniture,Supplier E,WH-02,Lahore,Multan,,Courier,M&P,84,150584,,2026-02-19,2026-02-19,On Time,None,4,0,Yes,2026-02
ORD4638,2026-05-26,City Electronics,Trousers,Clothing,Supplier D,WH-04,Gujranwala,Lahore,,Van,M&P,37,44229,,2026-05-31,2026-05-31,On Time,None,5,0,Yes,2026-05
ORD4639,2026-02-08,Global Traders,Rice,Grocery,Supplier D,WH-04,Lahore,Faisalabad,,Courier,Leopards,73,134713,,2026-02-13,2026-02-14,On Time,None,5,-1,Yes,2026-02
ORD4640,2026-01-03,Super Store,Monitor,Electronics,Supplier D,WH-04,Peshawar,Islamabad,,Van,DHL,58,63878,,2026-01-04,2026-01-05,On Time,None,1,-1,Yes,2026-01
ORD4641,2026-06-12,New City Store,Chair,Furniture,Supplier E,WH-04,Lahore,Faisalabad,,Courier,Pakistan Railways,4,9116,,2026-06-15,2026-06-14,Delayed,Weather,3,1,No,2026-06
ORD4642,2026-02-12,XYZ Ltd,Trousers,Clothing,Supplier C,WH-01,Faisalabad,Lahore,,Courier,Leopards,10,15275,,2026-02-15,2026-02-15,On Time,None,3,0,Yes,2026-02
ORD4643,2026-03-29,XYZ Ltd,Milk Powder,Grocery,Supplier A,WH-02,Islamabad,Peshawar,,Rail,Leopards,17,18828,,2026-04-04,2026-04-04,On Time,None,6,0,Yes,2026-03
ORD4644,2026-04-28,Global Traders,Office Chair,Furniture,Supplier E,WH-02,Lahore,Faisalabad,,Rail,TCS,93,88028,,2026-04-30,2026-04-30,On Time,None,2,0,Yes,2026-04
ORD4645,2026-12-23,XYZ Ltd,Laptop,Electronics,Supplier C,WH-02,Lahore,Multan,,Truck,Pakistan Railways,9,14930,,2026-12-25,2026-12-26,On Time,None,2,-1,Yes,2026-12
ORD4646,2026-03-20,City Electronics,T-Shirt,Clothing,Supplier D,WH-04,Multan,Karachi,,Courier,Pakistan Railways,27,45813,,2026-03-23,2026-03-23,On Time,None,3,0,Yes,2026-03
ORD4647,2026-03-28,New City Store,Rice,Grocery,Supplier E,WH-02,Rawalpindi,Lahore,,Rail,TCS,28,26188,,2026-04-02,2026-04-02,On Time,None,5,0,Yes,2026-03
ORD4648,2026-09-29,ABC Store,Milk Powder,Grocery,Supplier A,WH-04,Rawalpindi,Lahore,,Truck,Pakistan Railways,38,60661,,2026-10-05,2026-10-03,Delayed,Traffic,6,2,No,2026-09
ORD4649,2026-09-18,City Electronics,Jacket,Clothing,Supplier B,WH-03,Karachi,Lahore,,Rail,TCS,48,47868,,2026-09-23,2026-09-23,On Time,None,5,0,Yes,2026-09
ORD4650,2026-11-21,New City Store,Bookshelf,Furniture,Supplier C,WH-01,Karachi,Lahore,,Truck,Leopards,47,74582,,2026-11-24,2026-11-24,On Time,None,3,0,Yes,2026-11
ORD4651,2026-03-26,XYZ Ltd,Cooking Oil,Grocery,Supplier C,WH-01,Lahore,Multan,,Van,M&P,79,85935,,2026-04-01,2026-04-02,On Time,None,6,-1,Yes,2026-03
ORD4652,2026-04-05,Global Traders,Desk,Furniture,Supplier C,WH-03,Karachi,Faisalabad,,Rail,M&P,81,69997,,2026-04-08,2026-04-08,On Time,None,3,0,Yes,2026-04
ORD4653,2026-10-23,Pak Furniture,Desk,Furniture,Supplier C,WH-04,Rawalpindi,Lahore,,Courier,DHL,31,57868,,2026-10-28,2026-10-28,On Time,None,5,0,Yes,2026-10
ORD4654,2026-09-24,Metro Mart,Router,Electronics,Supplier C,WH-01,Multan,Karachi,,Van,Pakistan Railways,1,1500,,2026-10-03,2026-09-29,Delayed,Supplier Delay,9,4,No,2026-09
ORD4655,2026-06-03,Ali Traders,Router,Electronics,Supplier B,WH-04,Gujranwala,Lahore,,Van,DHL,80,92887,,2026-06-14,2026-06-10,Delayed,Vehicle Breakdown,11,4,No,2026-06
ORD4656,2026-09-30,Ali Traders,Sofa,Furniture,Supplier A,WH-03,Karachi,Faisalabad,,Rail,M&P,33,26907,,2026-10-06,2026-10-07,On Time,None,6,-1,Yes,2026-09
ORD4657,2026-11-10,Pak Furniture,Jacket,Clothing,Supplier A,WH-03,Gujranwala,Lahore,,Rail,Pakistan Railways,39,32681,,2026-11-16,2026-11-17,On Time,None,6,-1,Yes,2026-11
ORD4658,2026-03-06,Star Enterprises,Office Chair,Furniture,Supplier C,WH-04,Lahore,Islamabad,,Van,DHL,76,82517,,2026-03-09,2026-03-10,On Time,None,3,-1,Yes,2026-03
ORD4659,2026-12-06,Global Traders,Tea,Grocery,Supplier D,WH-02,Multan,Karachi,,Van,Pakistan Railways,95,101878,,2026-12-10,2026-12-10,On Time,None,4,0,Yes,2026-12
ORD4660,2026-01-18,Global Traders,Printer,Electronics,Supplier B,WH-03,Karachi,Faisalabad,,Truck,Leopards,48,73966,,2026-01-23,2026-01-21,Delayed,Warehouse Issue,5,2,No,2026-01
ORD4661,2026-02-03,Ali Traders,Flour,Grocery,Supplier D,WH-02,Karachi,Faisalabad,,Truck,M&P,58,89588,,2026-02-08,2026-02-09,On Time,None,5,-1,Yes,2026-02
ORD4662,2026-04-02,Super Store,Rice,Grocery,Supplier E,WH-04,Faisalabad,Lahore,,Rail,Pakistan Railways,41,35493,,2026-04-07,2026-04-07,On Time,None,5,0,Yes,2026-04
ORD4663,2026-10-03,Star Enterprises,Mouse,Electronics,Supplier D,WH-01,Peshawar,Islamabad,,Courier,M&P,10,15859,,2026-10-09,2026-10-09,On Time,None,6,0,Yes,2026-10
ORD4664,2026-05-27,City Electronics,Trousers,Clothing,Supplier B,WH-01,Rawalpindi,Lahore,,Courier,Pakistan Railways,98,176045,,2026-05-31,2026-05-31,On Time,None,4,0,Yes,2026-05
ORD4665,2026-09-02,Global Traders,Mouse,Electronics,Supplier A,WH-03,Gujranwala,Lahore,,Rail,Pakistan Railways,93,84857,,2026-09-14,2026-09-09,Delayed,Vehicle Breakdown,12,5,No,2026-09
ORD4666,2026-08-01,City Electronics,Table,Furniture,Supplier D,WH-03,Karachi,Islamabad,,Truck,TCS,93,143253,,2026-08-04,2026-08-05,On Time,None,3,-1,Yes,2026-08
ORD4667,2026-08-31,Global Traders,Mobile,Electronics,Supplier C,WH-04,Lahore,Multan,,Courier,Leopards,97,176711,,2026-09-05,2026-09-06,On Time,None,5,-1,Yes,2026-08
ORD4668,2026-07-08,XYZ Ltd,T-Shirt,Clothing,Supplier B,WH-01,Lahore,Islamabad,,Rail,M&P,51,44851,,2026-07-10,2026-07-10,On Time,None,2,0,Yes,2026-07
ORD4669,2026-07-29,Ali Traders,Uniform,Clothing,Supplier D,WH-03,Peshawar,Islamabad,,Van,DHL,31,35071,,2026-08-01,2026-08-02,On Time,None,3,-1,Yes,2026-07
ORD4670,2026-09-21,Star Enterprises,Bookshelf,Furniture,Supplier B,WH-02,Karachi,Faisalabad,,Truck,M&P,75,111539,,2026-10-01,2026-09-28,Delayed,Supplier Delay,10,3,No,2026-09
ORD4671,2026-06-16,New City Store,Cabinet,Furniture,Supplier B,WH-01,Multan,Karachi,,Courier,Leopards,42,74300,,2026-06-20,2026-06-20,On Time,None,4,0,Yes,2026-06
ORD4672,2026-12-24,ABC Store,Laptop,Electronics,Supplier A,WH-02,Lahore,Faisalabad,,Truck,TCS,6,6160,,2026-12-27,2026-12-27,On Time,None,3,0,Yes,2026-12
ORD4673,2026-07-24,Super Store,Router,Electronics,Supplier E,WH-01,Lahore,Faisalabad,,Courier,M&P,40,74685,,2026-07-29,2026-07-30,On Time,None,5,-1,Yes,2026-07
ORD4674,2026-07-20,XYZ Ltd,Uniform,Clothing,Supplier D,WH-04,Faisalabad,Lahore,,Truck,DHL,94,142988,,2026-07-23,2026-07-24,On Time,None,3,-1,Yes,2026-07
ORD4675,2026-07-01,Ali Traders,Tablet,Electronics,Supplier B,WH-01,Faisalabad,Lahore,,Van,M&P,26,29339,,2026-07-04,2026-07-05,On Time,None,3,-1,Yes,2026-07
ORD4676,2026-09-04,ABC Store,Shoes,Clothing,Supplier D,WH-01,Multan,Karachi,,Van,M&P,18,21764,,2026-09-06,2026-09-07,On Time,None,2,-1,Yes,2026-09
ORD4677,2026-02-26,Ali Traders,Uniform,Clothing,Supplier A,WH-01,Rawalpindi,Lahore,,Courier,M&P,40,72246,,2026-02-28,2026-02-28,On Time,None,2,0,Yes,2026-02
ORD4678,2026-10-14,Super Store,Tea,Grocery,Supplier A,WH-04,Gujranwala,Lahore,,Rail,TCS,59,54585,,2026-10-19,2026-10-17,Delayed,Weather,5,2,No,2026-10
ORD4679,2026-04-24,ABC Store,Milk Powder,Grocery,Supplier B,WH-03,Peshawar,Islamabad,,Courier,Leopards,23,39244,,2026-04-28,2026-04-29,On Time,None,4,-1,Yes,2026-04
ORD4680,2026-11-23,Metro Mart,Jacket,Clothing,Supplier A,WH-03,Karachi,Lahore,,Courier,M&P,72,132603,,2026-11-30,2026-11-30,On Time,None,7,0,Yes,2026-11
ORD4681,2026-09-28,New City Store,Table,Furniture,Supplier E,WH-04,Karachi,Faisalabad,,Van,DHL,57,64034,,2026-10-08,2026-10-03,Delayed,Vehicle Breakdown,10,5,No,2026-09
ORD4682,2026-12-23,New City Store,Trousers,Clothing,Supplier C,WH-03,Faisalabad,Lahore,,Truck,TCS,19,26043,,2026-12-29,2026-12-30,On Time,None,6,-1,Yes,2026-12
ORD4683,2026-05-15,New City Store,Sugar,Grocery,Supplier C,WH-02,Faisalabad,Lahore,,Rail,DHL,1,1500,,2026-05-21,2026-05-21,On Time,None,6,0,Yes,2026-05
ORD4684,2026-10-19,Global Traders,Keyboard,Electronics,Supplier E,WH-03,Karachi,Islamabad,,Rail,Pakistan Railways,73,63521,,2026-10-22,2026-10-23,On Time,None,3,-1,Yes,2026-10
ORD4685,2026-01-03,XYZ Ltd,Monitor,Electronics,Supplier E,WH-04,Lahore,Islamabad,,Courier,TCS,32,61459,,2026-01-09,2026-01-10,On Time,None,6,-1,Yes,2026-01
ORD4686,2026-05-28,XYZ Ltd,Tablet,Electronics,Supplier A,WH-01,Lahore,Islamabad,,Rail,Leopards,70,63974,,2026-06-02,2026-06-03,On Time,None,5,-1,Yes,2026-05
ORD4687,2026-02-11,Ali Traders,Printer,Electronics,Supplier E,WH-04,Faisalabad,Lahore,,Rail,DHL,45,43051,,2026-02-15,2026-02-15,On Time,None,4,0,Yes,2026-02
ORD4688,2026-03-14,XYZ Ltd,Cabinet,Furniture,Supplier A,WH-03,Karachi,Islamabad,,Rail,TCS,59,50825,,2026-03-16,2026-03-16,On Time,None,2,0,Yes,2026-03
ORD4689,2026-09-12,Metro Mart,Cabinet,Furniture,Supplier B,WH-04,Peshawar,Islamabad,,Truck,Leopards,2,6825,,2026-09-17,2026-09-17,On Time,None,5,0,Yes,2026-09
ORD4690,2026-03-14,Metro Mart,Tea,Grocery,Supplier B,WH-03,Karachi,Lahore,,Courier,M&P,82,145736,,2026-03-16,2026-03-16,On Time,None,2,0,Yes,2026-03
ORD4691,2026-01-12,Ali Traders,Tea,Grocery,Supplier B,WH-01,Karachi,Faisalabad,,Courier,Leopards,17,31385,,2026-01-15,2026-01-15,On Time,None,3,0,Yes,2026-01
ORD4692,2026-06-25,Metro Mart,Sofa,Furniture,Supplier C,WH-02,Lahore,Faisalabad,,Van,DHL,90,102709,,2026-06-29,2026-06-30,On Time,None,4,-1,Yes,2026-06
ORD4693,2026-03-07,Pak Furniture,Mouse,Electronics,Supplier B,WH-03,Lahore,Faisalabad,,Van,Leopards,31,38484,,2026-03-13,2026-03-14,On Time,None,6,-1,Yes,2026-03
ORD4694,2026-04-29,Ali Traders,Printer,Electronics,Supplier D,WH-03,Multan,Karachi,,Courier,M&P,100,184774,,2026-04-30,2026-05-01,On Time,None,1,-1,Yes,2026-04
ORD4695,2026-11-05,Pak Furniture,Rice,Grocery,Supplier E,WH-03,Gujranwala,Lahore,,Van,TCS,28,32590,,2026-11-11,2026-11-10,Delayed,Traffic,6,1,No,2026-11
ORD4696,2026-12-21,Ali Traders,Flour,Grocery,Supplier B,WH-02,Lahore,Islamabad,,Rail,TCS,75,68918,,2026-12-22,2026-12-23,On Time,None,1,-1,Yes,2026-12
ORD4697,2026-05-11,Ali Traders,Uniform,Clothing,Supplier A,WH-01,Gujranwala,Lahore,,Courier,Leopards,65,116389,,2026-05-18,2026-05-18,On Time,None,7,0,Yes,2026-05
ORD4698,2026-06-17,Star Enterprises,Sugar,Grocery,Supplier B,WH-03,Lahore,Multan,,Courier,Leopards,50,91280,,2026-06-21,2026-06-21,On Time,None,4,0,Yes,2026-06
ORD4699,2026-12-21,Super Store,Flour,Grocery,Supplier B,WH-02,Rawalpindi,Lahore,,Courier,M&P,3,3108,,2026-12-27,2026-12-27,On Time,None,6,0,Yes,2026-12
ORD4700,2026-03-08,Super Store,Jacket,Clothing,Supplier E,WH-03,Lahore,Multan,,Van,DHL,12,13676,,2026-03-16,2026-03-13,Delayed,Weather,8,3,No,2026-03
ORD4701,2026-04-08,Star Enterprises,Printer,Electronics,Supplier E,WH-04,Karachi,Lahore,,Rail,DHL,96,83578,,2026-04-14,2026-04-15,On Time,None,6,-1,Yes,2026-04
ORD4702,2026-12-07,Pak Furniture,Shoes,Clothing,Supplier D,WH-02,Karachi,Lahore,,Van,M&P,7,7074,,2026-12-13,2026-12-13,On Time,None,6,0,Yes,2026-12
ORD4703,2026-12-31,Metro Mart,Trousers,Clothing,Supplier B,WH-01,Rawalpindi,Lahore,,Rail,M&P,27,23086,,2027-01-07,2027-01-07,On Time,None,7,0,Yes,2026-12
ORD4704,2026-09-05,Global Traders,Trousers,Clothing,Supplier A,WH-04,Faisalabad,Lahore,,Rail,Pakistan Railways,19,17819,,2026-09-10,2026-09-10,On Time,None,5,0,Yes,2026-09
ORD4705,2026-11-19,Super Store,Keyboard,Electronics,Supplier E,WH-04,Islamabad,Peshawar,,Truck,DHL,92,139027,,2026-11-24,2026-11-25,On Time,None,5,-1,Yes,2026-11
ORD4706,2026-05-18,City Electronics,Cabinet,Furniture,Supplier E,WH-02,Multan,Karachi,,Courier,Leopards,15,29112,,2026-05-19,2026-05-20,On Time,None,1,-1,Yes,2026-05
ORD4707,2026-06-12,Super Store,Mobile,Electronics,Supplier C,WH-03,Faisalabad,Lahore,,Truck,TCS,64,100625,,2026-06-15,2026-06-16,On Time,None,3,-1,Yes,2026-06
ORD4708,2026-10-15,Star Enterprises,T-Shirt,Clothing,Supplier D,WH-01,Karachi,Lahore,,Rail,Pakistan Railways,68,63182,,2026-10-18,2026-10-17,Delayed,Supplier Delay,3,1,No,2026-10
ORD4709,2026-08-13,XYZ Ltd,Shirt,Clothing,Supplier A,WH-02,Multan,Karachi,,Van,TCS,46,53812,,2026-08-21,2026-08-18,Delayed,Weather,8,3,No,2026-08
ORD4710,2026-01-31,Super Store,Keyboard,Electronics,Supplier A,WH-01,Multan,Karachi,,Courier,Leopards,79,139286,,2026-02-04,2026-02-04,On Time,None,4,0,Yes,2026-01
ORD4711,2026-03-19,Super Store,Bookshelf,Furniture,Supplier A,WH-03,Gujranwala,Lahore,,Courier,TCS,75,138015,,2026-03-20,2026-03-21,On Time,None,1,-1,Yes,2026-03
ORD4712,2026-03-30,Global Traders,Laptop,Electronics,Supplier D,WH-02,Lahore,Multan,,Rail,Leopards,47,44407,,2026-04-04,2026-04-02,Delayed,Weather,5,2,No,2026-03
ORD4713,2026-01-19,Metro Mart,Tea,Grocery,Supplier E,WH-01,Faisalabad,Lahore,,Courier,M&P,27,53551,,2026-01-20,2026-01-21,On Time,None,1,-1,Yes,2026-01
ORD4714,2026-01-30,City Electronics,Trousers,Clothing,Supplier A,WH-01,Lahore,Faisalabad,,Courier,Leopards,3,7740,,2026-02-01,2026-02-01,On Time,None,2,0,Yes,2026-01
ORD4715,2026-10-01,Metro Mart,Rice,Grocery,Supplier C,WH-03,Karachi,Islamabad,,Rail,Pakistan Railways,25,20394,,2026-10-08,2026-10-07,Delayed,Weather,7,1,No,2026-10
ORD4716,2026-07-03,City Electronics,Shirt,Clothing,Supplier E,WH-04,Islamabad,Peshawar,,Rail,TCS,31,27831,,2026-07-09,2026-07-10,On Time,None,6,-1,Yes,2026-07
ORD4717,2026-06-25,City Electronics,Router,Electronics,Supplier D,WH-03,Rawalpindi,Lahore,,Truck,Pakistan Railways,88,132150,,2026-07-07,2026-07-02,Delayed,Vehicle Breakdown,12,5,No,2026-06
ORD4718,2026-04-09,Super Store,Monitor,Electronics,Supplier A,WH-03,Faisalabad,Lahore,,Van,Pakistan Railways,37,42228,,2026-04-20,2026-04-16,Delayed,Weather,11,4,No,2026-04
ORD4719,2026-01-12,Global Traders,Milk Powder,Grocery,Supplier C,WH-03,Faisalabad,Lahore,,Rail,TCS,23,18782,,2026-01-15,2026-01-15,On Time,None,3,0,Yes,2026-01
ORD4720,2026-07-13,Ali Traders,Chair,Furniture,Supplier E,WH-01,Multan,Karachi,,Courier,Leopards,17,30350,,2026-07-15,2026-07-16,On Time,None,2,-1,Yes,2026-07
ORD4721,2026-05-26,City Electronics,Flour,Grocery,Supplier A,WH-01,Multan,Karachi,,Courier,Leopards,39,72448,,2026-05-30,2026-05-29,Delayed,Supplier Delay,4,1,No,2026-05
ORD4722,2026-04-09,Ali Traders,Trousers,Clothing,Supplier C,WH-03,Islamabad,Peshawar,,Courier,TCS,3,7994,,2026-04-15,2026-04-16,On Time,None,6,-1,Yes,2026-04
ORD4723,2026-06-19,Global Traders,Flour,Grocery,Supplier B,WH-02,Rawalpindi,Lahore,,Van,M&P,27,32338,,2026-06-23,2026-06-23,On Time,None,4,0,Yes,2026-06
ORD4724,2026-03-06,City Electronics,T-Shirt,Clothing,Supplier E,WH-02,Lahore,Multan,,Van,M&P,100,108811,,2026-03-12,2026-03-10,Delayed,Warehouse Issue,6,2,No,2026-03
ORD4725,2026-08-17,City Electronics,Uniform,Clothing,Supplier E,WH-01,Islamabad,Peshawar,,Van,Pakistan Railways,33,37331,,2026-08-19,2026-08-19,On Time,None,2,0,Yes,2026-08
ORD4726,2026-01-05,Pak Furniture,Uniform,Clothing,Supplier D,WH-03,Lahore,Multan,,Van,DHL,11,16057,,2026-01-11,2026-01-12,On Time,None,6,-1,Yes,2026-01
ORD4727,2026-01-24,Ali Traders,Rice,Grocery,Supplier B,WH-02,Karachi,Faisalabad,,Rail,DHL,7,4837,,2026-01-27,2026-01-27,On Time,None,3,0,Yes,2026-01
ORD4728,2026-11-24,Metro Mart,Flour,Grocery,Supplier B,WH-03,Lahore,Islamabad,,Truck,DHL,13,19071,,2026-11-30,2026-12-01,On Time,None,6,-1,Yes,2026-11
ORD4729,2026-10-06,Metro Mart,Shoes,Clothing,Supplier D,WH-03,Karachi,Faisalabad,,Van,Leopards,44,49559,,2026-10-11,2026-10-11,On Time,None,5,0,Yes,2026-10
ORD4730,2026-11-12,ABC Store,T-Shirt,Clothing,Supplier C,WH-01,Islamabad,Peshawar,,Rail,M&P,41,39845,,2026-11-15,2026-11-16,On Time,None,3,-1,Yes,2026-11
ORD4731,2026-11-02,Super Store,Shoes,Clothing,Supplier B,WH-04,Faisalabad,Lahore,,Rail,DHL,70,61712,,2026-11-04,2026-11-04,On Time,None,2,0,Yes,2026-11
ORD4732,2026-02-25,Super Store,Shoes,Clothing,Supplier B,WH-02,Karachi,Islamabad,,Van,Pakistan Railways,5,7441,,2026-03-02,2026-02-27,Delayed,Traffic,5,3,No,2026-02
ORD4733,2026-07-14,Star Enterprises,Desk,Furniture,Supplier E,WH-04,Rawalpindi,Lahore,,Truck,M&P,87,129622,,2026-07-20,2026-07-21,On Time,None,6,-1,Yes,2026-07
ORD4734,2026-12-12,City Electronics,Mouse,Electronics,Supplier C,WH-03,Rawalpindi,Lahore,,Courier,M&P,13,21886,,2026-12-17,2026-12-17,On Time,None,5,0,Yes,2026-12
ORD4735,2026-11-02,Ali Traders,Jacket,Clothing,Supplier B,WH-03,Karachi,Lahore,,Van,Pakistan Railways,32,34335,,2026-11-05,2026-11-06,On Time,None,3,-1,Yes,2026-11
ORD4736,2026-04-24,City Electronics,Cooking Oil,Grocery,Supplier C,WH-01,Faisalabad,Lahore,,Van,DHL,91,104904,,2026-04-27,2026-04-27,On Time,None,3,0,Yes,2026-04
ORD4737,2026-09-07,Super Store,Keyboard,Electronics,Supplier E,WH-04,Rawalpindi,Lahore,,Courier,M&P,86,158048,,2026-09-15,2026-09-12,Delayed,Supplier Delay,8,3,No,2026-09
ORD4738,2026-10-08,Metro Mart,Office Chair,Furniture,Supplier C,WH-03,Karachi,Lahore,,Rail,Leopards,63,60243,,2026-10-13,2026-10-14,On Time,None,5,-1,Yes,2026-10
ORD4739,2026-09-18,New City Store,Desk,Furniture,Supplier B,WH-01,Karachi,Islamabad,,Van,Leopards,28,33973,,2026-09-21,2026-09-22,On Time,None,3,-1,Yes,2026-09
ORD4740,2026-11-10,Ali Traders,Chair,Furniture,Supplier A,WH-04,Gujranwala,Lahore,,Courier,Leopards,89,159362,,2026-11-14,2026-11-14,On Time,None,4,0,Yes,2026-11
ORD4741,2026-09-26,Super Store,Trousers,Clothing,Supplier B,WH-01,Rawalpindi,Lahore,,Truck,Pakistan Railways,12,22992,,2026-09-28,2026-09-28,On Time,None,2,0,Yes,2026-09
ORD4742,2026-05-09,ABC Store,Sofa,Furniture,Supplier E,WH-04,Karachi,Faisalabad,,Truck,Pakistan Railways,92,141246,,2026-05-13,2026-05-14,On Time,None,4,-1,Yes,2026-05
ORD4743,2026-06-25,Metro Mart,Jacket,Clothing,Supplier A,WH-03,Karachi,Islamabad,,Truck,Pakistan Railways,9,15275,,2026-07-01,2026-07-01,On Time,None,6,0,Yes,2026-06
ORD4744,2026-12-03,ABC Store,Router,Electronics,Supplier C,WH-02,Multan,Karachi,,Truck,M&P,17,23662,,2026-12-08,2026-12-08,On Time,None,5,0,Yes,2026-12
ORD4745,2026-07-03,ABC Store,Office Chair,Furniture,Supplier B,WH-03,Lahore,Faisalabad,,Van,Leopards,4,5984,,2026-07-07,2026-07-05,Delayed,Vehicle Breakdown,4,2,No,2026-07
ORD4746,2026-08-20,City Electronics,Chair,Furniture,Supplier E,WH-01,Lahore,Islamabad,,Truck,M&P,83,128613,,2026-08-26,2026-08-26,On Time,None,6,0,Yes,2026-08
ORD4747,2026-07-25,Ali Traders,Tablet,Electronics,Supplier E,WH-03,Karachi,Islamabad,,Courier,DHL,52,96946,,2026-07-31,2026-07-28,Delayed,Traffic,6,3,No,2026-07
ORD4748,2026-09-20,ABC Store,Mouse,Electronics,Supplier D,WH-04,Lahore,Islamabad,,Rail,DHL,95,87236,,2026-09-24,2026-09-24,On Time,None,4,0,Yes,2026-09
ORD4749,2026-11-03,Ali Traders,Desk,Furniture,Supplier C,WH-01,Multan,Karachi,,Rail,DHL,96,88750,,2026-11-12,2026-11-09,Delayed,Supplier Delay,9,3,No,2026-11
ORD4750,2026-09-14,City Electronics,Shoes,Clothing,Supplier E,WH-01,Lahore,Faisalabad,,Courier,M&P,98,181191,,2026-09-20,2026-09-20,On Time,None,6,0,Yes,2026-09
ORD4751,2026-02-08,XYZ Ltd,Tablet,Electronics,Supplier B,WH-03,Peshawar,Islamabad,,Courier,TCS,45,82933,,2026-02-15,2026-02-15,On Time,None,7,0,Yes,2026-02
ORD4752,2026-01-22,Super Store,Sofa,Furniture,Supplier B,WH-02,Faisalabad,Lahore,,Van,Leopards,35,41332,,2026-01-24,2026-01-25,On Time,None,2,-1,Yes,2026-01
ORD4753,2026-05-06,Star Enterprises,Shirt,Clothing,Supplier C,WH-04,Karachi,Lahore,,Courier,DHL,80,145152,,2026-05-10,2026-05-10,On Time,None,4,0,Yes,2026-05
ORD4754,2026-06-04,Star Enterprises,Shirt,Clothing,Supplier A,WH-04,Karachi,Islamabad,,Courier,TCS,35,63074,,2026-06-09,2026-06-10,On Time,None,5,-1,Yes,2026-06
ORD4755,2026-09-20,Pak Furniture,Uniform,Clothing,Supplier A,WH-01,Multan,Karachi,,Courier,Pakistan Railways,44,80737,,2026-09-25,2026-09-25,On Time,None,5,0,Yes,2026-09
ORD4756,2026-09-27,New City Store,Sugar,Grocery,Supplier B,WH-03,Peshawar,Islamabad,,Courier,M&P,28,52422,,2026-10-04,2026-09-30,Delayed,Traffic,7,4,No,2026-09
ORD4757,2026-11-10,New City Store,Table,Furniture,Supplier D,WH-01,Islamabad,Peshawar,,Courier,TCS,81,145840,,2026-11-17,2026-11-17,On Time,None,7,0,Yes,2026-11
ORD4758,2026-03-09,Metro Mart,T-Shirt,Clothing,Supplier B,WH-04,Gujranwala,Lahore,,Truck,DHL,58,84651,,2026-03-18,2026-03-14,Delayed,Vehicle Breakdown,9,4,No,2026-03
ORD4759,2026-10-03,Star Enterprises,Router,Electronics,Supplier C,WH-04,Karachi,Lahore,,Van,TCS,33,40154,,2026-10-08,2026-10-08,On Time,None,5,0,Yes,2026-10
ORD4760,2026-07-13,Pak Furniture,Shoes,Clothing,Supplier B,WH-04,Gujranwala,Lahore,,Van,Leopards,25,32490,,2026-07-19,2026-07-20,On Time,None,6,-1,Yes,2026-07
ORD4761,2026-04-17,New City Store,Office Chair,Furniture,Supplier B,WH-02,Islamabad,Peshawar,,Truck,M&P,97,143999,,2026-04-23,2026-04-19,Delayed,Supplier Delay,6,4,No,2026-04
ORD4762,2026-10-20,Star Enterprises,Chair,Furniture,Supplier C,WH-04,Peshawar,Islamabad,,Van,Leopards,93,99676,,2026-10-24,2026-10-22,Delayed,Vehicle Breakdown,4,2,No,2026-10
ORD4763,2026-08-18,New City Store,Bookshelf,Furniture,Supplier D,WH-04,Gujranwala,Lahore,,Rail,Pakistan Railways,1,1500,,2026-08-20,2026-08-21,On Time,None,2,-1,Yes,2026-08
ORD4764,2026-11-13,XYZ Ltd,Mobile,Electronics,Supplier B,WH-02,Rawalpindi,Lahore,,Truck,M&P,42,67236,,2026-11-17,2026-11-18,On Time,None,4,-1,Yes,2026-11
ORD4765,2026-12-05,Star Enterprises,Rice,Grocery,Supplier D,WH-03,Peshawar,Islamabad,,Truck,TCS,29,45447,,2026-12-07,2026-12-08,On Time,None,2,-1,Yes,2026-12
ORD4766,2026-07-30,New City Store,Uniform,Clothing,Supplier C,WH-02,Lahore,Faisalabad,,Van,Leopards,72,78037,,2026-07-31,2026-08-01,On Time,None,1,-1,Yes,2026-07
ORD4767,2026-12-19,Ali Traders,Table,Furniture,Supplier E,WH-02,Islamabad,Peshawar,,Courier,Leopards,96,176082,,2026-12-22,2026-12-22,On Time,None,3,0,Yes,2026-12
ORD4768,2026-02-05,City Electronics,Printer,Electronics,Supplier D,WH-04,Karachi,Lahore,,Rail,M&P,54,46314,,2026-02-11,2026-02-12,On Time,None,6,-1,Yes,2026-02
ORD4769,2026-09-16,ABC Store,Laptop,Electronics,Supplier D,WH-03,Karachi,Faisalabad,,Van,Pakistan Railways,24,24744,,2026-09-24,2026-09-19,Delayed,Warehouse Issue,8,5,No,2026-09
ORD4770,2026-09-16,New City Store,Milk Powder,Grocery,Supplier E,WH-02,Karachi,Faisalabad,,Van,TCS,9,14327,,2026-09-17,2026-09-18,On Time,None,1,-1,Yes,2026-09
ORD4771,2026-01-04,Global Traders,Table,Furniture,Supplier B,WH-02,Karachi,Faisalabad,,Courier,M&P,95,171602,,2026-01-09,2026-01-10,On Time,None,5,-1,Yes,2026-01
ORD4772,2026-02-16,New City Store,Flour,Grocery,Supplier A,WH-01,Lahore,Faisalabad,,Van,M&P,98,112502,,2026-02-20,2026-02-20,On Time,None,4,0,Yes,2026-02
ORD4773,2026-05-08,Global Traders,Sugar,Grocery,Supplier C,WH-03,Karachi,Lahore,,Courier,Pakistan Railways,43,78896,,2026-05-12,2026-05-12,On Time,None,4,0,Yes,2026-05
ORD4774,2026-01-23,XYZ Ltd,Cabinet,Furniture,Supplier B,WH-02,Karachi,Lahore,,Truck,Pakistan Railways,9,13565,,2026-01-27,2026-01-28,On Time,None,4,-1,Yes,2026-01
ORD4775,2026-01-06,City Electronics,Bookshelf,Furniture,Supplier E,WH-04,Peshawar,Islamabad,,Van,DHL,40,48375,,2026-01-10,2026-01-08,Delayed,Vehicle Breakdown,4,2,No,2026-01
ORD4776,2026-03-15,Pak Furniture,Keyboard,Electronics,Supplier E,WH-04,Islamabad,Peshawar,,Truck,TCS,49,76747,,2026-03-18,2026-03-18,On Time,None,3,0,Yes,2026-03
ORD4777,2026-05-25,ABC Store,Shoes,Clothing,Supplier D,WH-04,Karachi,Lahore,,Courier,Leopards,82,148968,,2026-05-30,2026-05-30,On Time,None,5,0,Yes,2026-05
ORD4778,2026-03-06,Ali Traders,Sugar,Grocery,Supplier E,WH-04,Faisalabad,Lahore,,Truck,TCS,12,20640,,2026-03-11,2026-03-10,Delayed,Supplier Delay,5,1,No,2026-03
ORD4779,2026-03-18,Pak Furniture,Table,Furniture,Supplier A,WH-04,Faisalabad,Lahore,,Truck,TCS,62,93387,,2026-03-27,2026-03-24,Delayed,Traffic,9,3,No,2026-03
ORD4780,2026-06-13,XYZ Ltd,Laptop,Electronics,Supplier C,WH-04,Lahore,Islamabad,,Rail,M&P,54,50219,,2026-06-14,2026-06-15,On Time,None,1,-1,Yes,2026-06
ORD4781,2026-09-17,City Electronics,Milk Powder,Grocery,Supplier A,WH-04,Gujranwala,Lahore,,Truck,M&P,17,29113,,2026-09-19,2026-09-19,On Time,None,2,0,Yes,2026-09
ORD4782,2026-04-18,Ali Traders,T-Shirt,Clothing,Supplier E,WH-04,Faisalabad,Lahore,,Van,Leopards,29,30219,,2026-04-21,2026-04-21,On Time,None,3,0,Yes,2026-04
ORD4783,2026-06-01,ABC Store,Table,Furniture,Supplier B,WH-03,Lahore,Faisalabad,,Truck,DHL,88,136556,,2026-06-07,2026-06-03,Delayed,Warehouse Issue,6,4,No,2026-06
ORD4784,2026-01-08,Ali Traders,Table,Furniture,Supplier B,WH-03,Lahore,Faisalabad,,Van,DHL,43,50891,,2026-01-10,2026-01-10,On Time,None,2,0,Yes,2026-01
ORD4785,2026-06-08,ABC Store,Cooking Oil,Grocery,Supplier A,WH-02,Lahore,Multan,,Courier,TCS,34,58984,,2026-06-15,2026-06-13,Delayed,Vehicle Breakdown,7,2,No,2026-06
ORD4786,2026-05-24,Metro Mart,Tea,Grocery,Supplier A,WH-02,Karachi,Islamabad,,Rail,M&P,58,55173,,2026-05-28,2026-05-28,On Time,None,4,0,Yes,2026-05
ORD4787,2026-04-30,Metro Mart,Chair,Furniture,Supplier C,WH-01,Islamabad,Peshawar,,Truck,M&P,71,109868,,2026-05-02,2026-05-02,On Time,None,2,0,Yes,2026-04
ORD4788,2026-12-06,Star Enterprises,Sugar,Grocery,Supplier C,WH-01,Multan,Karachi,,Van,Pakistan Railways,20,21954,,2026-12-12,2026-12-12,On Time,None,6,0,Yes,2026-12
ORD4789,2026-11-10,ABC Store,Sugar,Grocery,Supplier D,WH-02,Islamabad,Peshawar,,Van,TCS,23,28971,,2026-11-16,2026-11-16,On Time,None,6,0,Yes,2026-11
ORD4790,2026-06-30,Pak Furniture,T-Shirt,Clothing,Supplier C,WH-01,Lahore,Multan,,Van,TCS,82,91553,,2026-07-02,2026-07-02,On Time,None,2,0,Yes,2026-06
ORD4791,2026-09-11,New City Store,Sofa,Furniture,Supplier E,WH-03,Karachi,Lahore,,Van,DHL,100,113086,,2026-09-14,2026-09-15,On Time,None,3,-1,Yes,2026-09
ORD4792,2026-10-07,Metro Mart,Tea,Grocery,Supplier A,WH-03,Multan,Karachi,,Truck,DHL,6,6936,,2026-10-14,2026-10-14,On Time,None,7,0,Yes,2026-10
ORD4793,2026-10-29,Star Enterprises,Desk,Furniture,Supplier A,WH-01,Rawalpindi,Lahore,,Courier,TCS,88,160741,,2026-11-02,2026-11-03,On Time,None,4,-1,Yes,2026-10
ORD4794,2026-01-16,Star Enterprises,Office Chair,Furniture,Supplier A,WH-04,Islamabad,Peshawar,,Rail,Pakistan Railways,93,85327,,2026-01-20,2026-01-21,On Time,None,4,-1,Yes,2026-01
ORD4795,2026-07-08,Pak Furniture,Bookshelf,Furniture,Supplier B,WH-04,Faisalabad,Lahore,,Van,TCS,64,70081,,2026-07-11,2026-07-11,On Time,None,3,0,Yes,2026-07
ORD4796,2026-02-21,XYZ Ltd,Desk,Furniture,Supplier A,WH-01,Lahore,Islamabad,,Van,M&P,74,80016,,2026-02-26,2026-02-26,On Time,None,5,0,Yes,2026-02
ORD4797,2026-10-04,ABC Store,Desk,Furniture,Supplier A,WH-01,Lahore,Multan,,Van,Pakistan Railways,61,71908,,2026-10-11,2026-10-11,On Time,None,7,0,Yes,2026-10
ORD4798,2026-07-10,Global Traders,Sugar,Grocery,Supplier B,WH-03,Karachi,Lahore,,Truck,DHL,56,83546,,2026-07-16,2026-07-13,Delayed,Supplier Delay,6,3,No,2026-07
ORD4799,2026-03-13,Star Enterprises,Rice,Grocery,Supplier D,WH-02,Gujranwala,Lahore,,Rail,M&P,63,57536,,2026-03-19,2026-03-20,On Time,None,6,-1,Yes,2026-03
ORD4800,2026-09-06,New City Store,T-Shirt,Clothing,Supplier B,WH-02,Lahore,Islamabad,,Rail,M&P,11,13746,,2026-09-10,2026-09-10,On Time,None,4,0,Yes,2026-09
ORD4801,2026-01-03,City Electronics,Milk Powder,Grocery,Supplier B,WH-02,Lahore,Islamabad,,Rail,DHL,33,31807,,2026-01-07,2026-01-07,On Time,None,4,0,Yes,2026-01
ORD4802,2026-10-18,Star Enterprises,Bookshelf,Furniture,Supplier D,WH-04,Karachi,Islamabad,,Rail,DHL,31,30413,,2026-10-22,2026-10-23,On Time,None,4,-1,Yes,2026-10
ORD4803,2026-02-27,City Electronics,Tablet,Electronics,Supplier E,WH-01,Islamabad,Peshawar,,Truck,TCS,70,102870,,2026-03-05,2026-03-06,On Time,None,6,-1,Yes,2026-02
ORD4804,2026-11-07,ABC Store,Mobile,Electronics,Supplier C,WH-01,Rawalpindi,Lahore,,Rail,M&P,74,67435,,2026-11-12,2026-11-13,On Time,None,5,-1,Yes,2026-11
ORD4805,2026-02-06,Super Store,Desk,Furniture,Supplier E,WH-03,Gujranwala,Lahore,,Rail,DHL,8,6932,,2026-02-09,2026-02-09,On Time,None,3,0,Yes,2026-02
ORD4806,2026-11-21,Global Traders,Flour,Grocery,Supplier A,WH-02,Islamabad,Peshawar,,Van,Pakistan Railways,82,91568,,2026-12-01,2026-11-27,Delayed,Traffic,10,4,No,2026-11
ORD4807,2026-04-30,Global Traders,Keyboard,Electronics,Supplier E,WH-01,Rawalpindi,Lahore,,Van,DHL,63,67299,,2026-05-04,2026-05-04,On Time,None,4,0,Yes,2026-04
ORD4808,2026-06-25,City Electronics,Cabinet,Furniture,Supplier C,WH-04,Lahore,Faisalabad,,Courier,DHL,98,180870,,2026-07-02,2026-07-02,On Time,None,7,0,Yes,2026-06
ORD4809,2026-04-01,Ali Traders,Office Chair,Furniture,Supplier B,WH-02,Lahore,Faisalabad,,Van,DHL,97,104738,,2026-04-11,2026-04-06,Delayed,Vehicle Breakdown,10,5,No,2026-04
ORD4810,2026-05-03,XYZ Ltd,Uniform,Clothing,Supplier C,WH-01,Lahore,Multan,,Courier,M&P,44,80702,,2026-05-07,2026-05-07,On Time,None,4,0,Yes,2026-05
ORD4811,2026-07-07,Star Enterprises,Tablet,Electronics,Supplier B,WH-02,Karachi,Lahore,,Truck,Pakistan Railways,13,20631,,2026-07-10,2026-07-11,On Time,None,3,-1,Yes,2026-07
ORD4812,2026-06-16,ABC Store,Sugar,Grocery,Supplier E,WH-02,Rawalpindi,Lahore,,Van,Leopards,82,93541,,2026-06-19,2026-06-20,On Time,None,3,-1,Yes,2026-06
ORD4813,2026-10-28,New City Store,Milk Powder,Grocery,Supplier C,WH-04,Karachi,Lahore,,Truck,DHL,19,27926,,2026-10-29,2026-10-30,On Time,None,1,-1,Yes,2026-10
ORD4814,2026-05-26,Super Store,Monitor,Electronics,Supplier B,WH-03,Karachi,Islamabad,,Courier,DHL,93,166425,,2026-06-03,2026-05-31,Delayed,Vehicle Breakdown,8,3,No,2026-05
ORD4815,2026-06-27,Super Store,Desk,Furniture,Supplier E,WH-01,Karachi,Islamabad,,Truck,M&P,60,90722,,2026-07-09,2026-07-04,Delayed,Traffic,12,5,No,2026-06
ORD4816,2026-08-19,City Electronics,Table,Furniture,Supplier B,WH-04,Multan,Karachi,,Rail,DHL,69,64295,,2026-08-23,2026-08-23,On Time,None,4,0,Yes,2026-08
ORD4817,2026-02-24,New City Store,Tablet,Electronics,Supplier D,WH-03,Faisalabad,Lahore,,Courier,M&P,48,86770,,2026-02-27,2026-02-28,On Time,None,3,-1,Yes,2026-02
ORD4818,2026-07-10,Ali Traders,Shoes,Clothing,Supplier B,WH-02,Rawalpindi,Lahore,,Van,Leopards,37,44637,,2026-07-12,2026-07-13,On Time,None,2,-1,Yes,2026-07
ORD4819,2026-09-11,ABC Store,Chair,Furniture,Supplier C,WH-04,Islamabad,Peshawar,,Truck,Leopards,8,14315,,2026-09-13,2026-09-13,On Time,None,2,0,Yes,2026-09
ORD4820,2026-09-29,Metro Mart,Printer,Electronics,Supplier B,WH-04,Islamabad,Peshawar,,Van,DHL,9,7307,,2026-10-02,2026-10-02,On Time,None,3,0,Yes,2026-09
ORD4821,2026-09-12,City Electronics,Jacket,Clothing,Supplier C,WH-02,Multan,Karachi,,Courier,Leopards,30,53668,,2026-09-16,2026-09-15,Delayed,Supplier Delay,4,1,No,2026-09
ORD4822,2026-05-07,City Electronics,Tablet,Electronics,Supplier E,WH-04,Karachi,Islamabad,,Truck,Pakistan Railways,28,45264,,2026-05-14,2026-05-14,On Time,None,7,0,Yes,2026-05
ORD4823,2026-11-10,Super Store,Cooking Oil,Grocery,Supplier E,WH-02,Faisalabad,Lahore,,Van,Pakistan Railways,91,103724,,2026-11-13,2026-11-14,On Time,None,3,-1,Yes,2026-11
ORD4824,2026-02-23,Pak Furniture,Sugar,Grocery,Supplier D,WH-02,Multan,Karachi,,Courier,TCS,68,123812,,2026-02-28,2026-03-01,On Time,None,5,-1,Yes,2026-02
ORD4825,2026-07-29,Global Traders,Mobile,Electronics,Supplier B,WH-04,Karachi,Lahore,,Truck,Leopards,50,75598,,2026-08-03,2026-08-01,Delayed,Traffic,5,2,No,2026-07
ORD4826,2026-12-26,Global Traders,Jacket,Clothing,Supplier E,WH-03,Karachi,Lahore,,Rail,M&P,63,57625,,2027-01-05,2027-01-02,Delayed,Vehicle Breakdown,10,3,No,2026-12
ORD4827,2026-04-26,Metro Mart,Uniform,Clothing,Supplier D,WH-04,Peshawar,Islamabad,,Truck,Leopards,18,27769,,2026-05-04,2026-05-01,Delayed,Weather,8,3,No,2026-04
ORD4828,2026-10-22,Super Store,Mouse,Electronics,Supplier B,WH-01,Lahore,Islamabad,,Courier,Pakistan Railways,68,127166,,2026-10-24,2026-10-25,On Time,None,2,-1,Yes,2026-10
ORD4829,2026-11-24,Star Enterprises,Router,Electronics,Supplier E,WH-04,Islamabad,Peshawar,,Rail,Leopards,29,28196,,2026-12-02,2026-11-27,Delayed,Warehouse Issue,8,5,No,2026-11
ORD4830,2026-10-11,ABC Store,Trousers,Clothing,Supplier D,WH-04,Rawalpindi,Lahore,,Van,M&P,95,107006,,2026-10-13,2026-10-13,On Time,None,2,0,Yes,2026-10
ORD4831,2026-12-18,New City Store,Trousers,Clothing,Supplier C,WH-03,Multan,Karachi,,Rail,TCS,5,6580,,2026-12-22,2026-12-22,On Time,None,4,0,Yes,2026-12
ORD4832,2026-08-22,New City Store,Cabinet,Furniture,Supplier B,WH-04,Karachi,Faisalabad,,Truck,Leopards,53,83581,,2026-08-24,2026-08-25,On Time,None,2,-1,Yes,2026-08
ORD4833,2026-10-06,Global Traders,Cabinet,Furniture,Supplier D,WH-04,Islamabad,Peshawar,,Courier,Leopards,58,108180,,2026-10-11,2026-10-11,On Time,None,5,0,Yes,2026-10
ORD4834,2026-07-17,Metro Mart,Sugar,Grocery,Supplier D,WH-02,Multan,Karachi,,Truck,TCS,58,86959,,2026-07-22,2026-07-21,Delayed,Supplier Delay,5,1,No,2026-07
ORD4835,2026-05-22,ABC Store,Cabinet,Furniture,Supplier B,WH-01,Karachi,Lahore,,Truck,Leopards,41,66004,,2026-05-24,2026-05-25,On Time,None,2,-1,Yes,2026-05
ORD4836,2026-01-03,Global Traders,Router,Electronics,Supplier D,WH-04,Karachi,Lahore,,Van,M&P,54,62185,,2026-01-05,2026-01-05,On Time,None,2,0,Yes,2026-01
ORD4837,2026-01-21,XYZ Ltd,Tablet,Electronics,Supplier E,WH-01,Lahore,Multan,,Van,DHL,87,95164,,2026-01-25,2026-01-25,On Time,None,4,0,Yes,2026-01
ORD4838,2026-02-12,Super Store,Rice,Grocery,Supplier D,WH-03,Lahore,Faisalabad,,Courier,Leopards,53,93900,,2026-02-17,2026-02-17,On Time,None,5,0,Yes,2026-02
ORD4839,2026-01-27,City Electronics,Cabinet,Furniture,Supplier E,WH-02,Islamabad,Peshawar,,Van,DHL,87,98680,,2026-02-01,2026-02-02,On Time,None,5,-1,Yes,2026-01
ORD4840,2026-04-06,Super Store,Router,Electronics,Supplier D,WH-03,Peshawar,Islamabad,,Rail,Leopards,57,56291,,2026-04-12,2026-04-10,Delayed,Vehicle Breakdown,6,2,No,2026-04
ORD4841,2026-10-18,Star Enterprises,Rice,Grocery,Supplier D,WH-01,Gujranwala,Lahore,,Rail,M&P,60,52264,,2026-10-19,2026-10-20,On Time,None,1,-1,Yes,2026-10
ORD4842,2026-08-10,City Electronics,Uniform,Clothing,Supplier C,WH-02,Peshawar,Islamabad,,Courier,Leopards,92,167466,,2026-08-13,2026-08-14,On Time,None,3,-1,Yes,2026-08
ORD4843,2026-09-14,New City Store,Mouse,Electronics,Supplier D,WH-01,Rawalpindi,Lahore,,Van,TCS,93,107036,,2026-09-17,2026-09-16,Delayed,Warehouse Issue,3,1,No,2026-09
ORD4844,2026-10-19,Global Traders,Shoes,Clothing,Supplier D,WH-01,Lahore,Islamabad,,Van,DHL,2,1500,,2026-10-26,2026-10-26,On Time,None,7,0,Yes,2026-10
ORD4845,2026-06-07,XYZ Ltd,Cabinet,Furniture,Supplier B,WH-02,Islamabad,Peshawar,,Rail,M&P,24,19755,,2026-06-08,2026-06-09,On Time,None,1,-1,Yes,2026-06
ORD4846,2026-03-26,City Electronics,Milk Powder,Grocery,Supplier D,WH-02,Karachi,Faisalabad,,Truck,DHL,95,146728,,2026-03-31,2026-03-28,Delayed,Traffic,5,3,No,2026-03
ORD4847,2026-10-23,City Electronics,Mobile,Electronics,Supplier B,WH-04,Faisalabad,Lahore,,Rail,M&P,21,18597,,2026-10-30,2026-10-30,On Time,None,7,0,Yes,2026-10
ORD4848,2026-07-19,Pak Furniture,Uniform,Clothing,Supplier E,WH-02,Multan,Karachi,,Rail,Pakistan Railways,42,35013,,2026-07-24,2026-07-25,On Time,None,5,-1,Yes,2026-07
ORD4849,2026-07-28,XYZ Ltd,Jacket,Clothing,Supplier D,WH-02,Lahore,Islamabad,,Van,TCS,37,43372,,2026-07-31,2026-07-31,On Time,None,3,0,Yes,2026-07
ORD4850,2026-02-21,City Electronics,Office Chair,Furniture,Supplier B,WH-03,Lahore,Faisalabad,,Rail,Leopards,6,7312,,2026-02-27,2026-02-28,On Time,None,6,-1,Yes,2026-02
ORD4851,2026-08-01,New City Store,Tablet,Electronics,Supplier B,WH-04,Karachi,Lahore,,Truck,M&P,39,60239,,2026-08-02,2026-08-03,On Time,None,1,-1,Yes,2026-08
ORD4852,2026-04-25,Super Store,Cooking Oil,Grocery,Supplier E,WH-01,Multan,Karachi,,Courier,Pakistan Railways,41,75214,,2026-04-28,2026-04-27,Delayed,Weather,3,1,No,2026-04
ORD4853,2026-11-26,Global Traders,T-Shirt,Clothing,Supplier A,WH-03,Islamabad,Peshawar,,Courier,M&P,10,20889,,2026-12-03,2026-12-03,On Time,None,7,0,Yes,2026-11
ORD4854,2026-04-19,City Electronics,Office Chair,Furniture,Supplier E,WH-04,Karachi,Faisalabad,,Truck,DHL,73,112594,,2026-04-24,2026-04-24,On Time,None,5,0,Yes,2026-04
ORD4855,2026-04-14,Metro Mart,Laptop,Electronics,Supplier C,WH-01,Karachi,Islamabad,,Van,DHL,84,96835,,2026-04-21,2026-04-21,On Time,None,7,0,Yes,2026-04
ORD4856,2026-11-22,City Electronics,Laptop,Electronics,Supplier C,WH-02,Islamabad,Peshawar,,Van,TCS,5,9820,,2026-11-29,2026-11-29,On Time,None,7,0,Yes,2026-11
ORD4857,2026-07-06,Star Enterprises,Trousers,Clothing,Supplier B,WH-02,Karachi,Islamabad,,Courier,Pakistan Railways,9,18242,,2026-07-08,2026-07-09,On Time,None,2,-1,Yes,2026-07
ORD4858,2026-02-17,ABC Store,Cooking Oil,Grocery,Supplier C,WH-04,Rawalpindi,Lahore,,Rail,Leopards,29,24484,,2026-02-24,2026-02-24,On Time,None,7,0,Yes,2026-02
ORD4859,2026-02-25,Pak Furniture,Shirt,Clothing,Supplier D,WH-02,Karachi,Lahore,,Van,M&P,29,30125,,2026-02-27,2026-02-27,On Time,None,2,0,Yes,2026-02
ORD4860,2026-10-21,XYZ Ltd,Cooking Oil,Grocery,Supplier D,WH-01,Rawalpindi,Lahore,,Rail,TCS,30,26682,,2026-10-27,2026-10-28,On Time,None,6,-1,Yes,2026-10
ORD4861,2026-01-21,Pak Furniture,T-Shirt,Clothing,Supplier C,WH-01,Rawalpindi,Lahore,,Van,Leopards,27,28920,,2026-01-23,2026-01-23,On Time,None,2,0,Yes,2026-01
ORD4862,2026-06-18,City Electronics,Monitor,Electronics,Supplier B,WH-04,Islamabad,Peshawar,,Truck,TCS,41,66104,,2026-06-19,2026-06-20,On Time,None,1,-1,Yes,2026-06
ORD4863,2026-03-09,New City Store,Chair,Furniture,Supplier E,WH-02,Lahore,Multan,,Truck,DHL,27,44696,,2026-03-17,2026-03-14,Delayed,Traffic,8,3,No,2026-03
ORD4864,2026-04-21,Star Enterprises,Shirt,Clothing,Supplier D,WH-02,Peshawar,Islamabad,,Rail,DHL,5,4860,,2026-04-23,2026-04-24,On Time,None,2,-1,Yes,2026-04
ORD4865,2026-05-21,Pak Furniture,Tablet,Electronics,Supplier E,WH-03,Karachi,Lahore,,Courier,DHL,69,127192,,2026-05-25,2026-05-25,On Time,None,4,0,Yes,2026-05
ORD4866,2026-09-13,New City Store,Chair,Furniture,Supplier D,WH-01,Karachi,Faisalabad,,Van,Leopards,66,73082,,2026-09-16,2026-09-16,On Time,None,3,0,Yes,2026-09
ORD4867,2026-10-01,Global Traders,Jacket,Clothing,Supplier D,WH-01,Lahore,Multan,,Truck,Leopards,78,120877,,2026-10-04,2026-10-05,On Time,None,3,-1,Yes,2026-10
ORD4868,2026-03-05,ABC Store,Keyboard,Electronics,Supplier B,WH-01,Multan,Karachi,,Truck,M&P,49,77129,,2026-03-10,2026-03-10,On Time,None,5,0,Yes,2026-03
ORD4869,2026-11-11,Global Traders,Monitor,Electronics,Supplier C,WH-01,Karachi,Lahore,,Van,Pakistan Railways,19,23076,,2026-11-16,2026-11-17,On Time,None,5,-1,Yes,2026-11
ORD4870,2026-01-05,City Electronics,Office Chair,Furniture,Supplier B,WH-03,Karachi,Faisalabad,,Van,M&P,58,65879,,2026-01-10,2026-01-10,On Time,None,5,0,Yes,2026-01
ORD4871,2026-05-29,Pak Furniture,Keyboard,Electronics,Supplier C,WH-03,Lahore,Faisalabad,,Rail,Pakistan Railways,66,63410,,2026-06-04,2026-06-05,On Time,None,6,-1,Yes,2026-05
ORD4872,2026-07-18,New City Store,Printer,Electronics,Supplier B,WH-04,Lahore,Faisalabad,,Rail,Pakistan Railways,82,77621,,2026-07-24,2026-07-24,On Time,None,6,0,Yes,2026-07
ORD4873,2026-05-24,Ali Traders,Shirt,Clothing,Supplier B,WH-04,Peshawar,Islamabad,,Truck,Pakistan Railways,82,122996,,2026-05-30,2026-05-30,On Time,None,6,0,Yes,2026-05
ORD4874,2026-12-14,XYZ Ltd,Laptop,Electronics,Supplier B,WH-01,Rawalpindi,Lahore,,Courier,Leopards,25,42418,,2026-12-19,2026-12-20,On Time,None,5,-1,Yes,2026-12
ORD4875,2026-06-18,Metro Mart,Tablet,Electronics,Supplier E,WH-02,Islamabad,Peshawar,,Van,Leopards,60,66676,,2026-06-20,2026-06-20,On Time,None,2,0,Yes,2026-06
ORD4876,2026-10-24,XYZ Ltd,Sugar,Grocery,Supplier E,WH-03,Karachi,Lahore,,Van,Leopards,76,85778,,2026-10-25,2026-10-26,On Time,None,1,-1,Yes,2026-10
ORD4877,2026-07-11,Metro Mart,Table,Furniture,Supplier C,WH-03,Karachi,Faisalabad,,Truck,M&P,98,144646,,2026-07-19,2026-07-16,Delayed,Weather,8,3,No,2026-07
ORD4878,2026-03-12,ABC Store,Bookshelf,Furniture,Supplier A,WH-01,Gujranwala,Lahore,,Rail,M&P,84,74824,,2026-03-16,2026-03-16,On Time,None,4,0,Yes,2026-03
ORD4879,2026-01-08,XYZ Ltd,Cooking Oil,Grocery,Supplier A,WH-01,Karachi,Faisalabad,,Truck,Leopards,69,101266,,2026-01-09,2026-01-10,On Time,None,1,-1,Yes,2026-01
ORD4880,2026-09-04,Global Traders,Trousers,Clothing,Supplier A,WH-03,Karachi,Lahore,,Rail,Leopards,2,2460,,2026-09-06,2026-09-07,On Time,None,2,-1,Yes,2026-09
ORD4881,2026-01-30,City Electronics,Monitor,Electronics,Supplier B,WH-03,Lahore,Islamabad,,Rail,M&P,3,1500,,2026-02-07,2026-02-02,Delayed,Vehicle Breakdown,8,5,No,2026-01
ORD4882,2026-08-06,Metro Mart,Sugar,Grocery,Supplier D,WH-01,Karachi,Islamabad,,Rail,M&P,5,2194,,2026-08-09,2026-08-09,On Time,None,3,0,Yes,2026-08
ORD4883,2026-05-03,ABC Store,Cabinet,Furniture,Supplier D,WH-04,Multan,Karachi,,Courier,Leopards,45,81140,,2026-05-06,2026-05-07,On Time,None,3,-1,Yes,2026-05
ORD4884,2026-07-15,Metro Mart,Office Chair,Furniture,Supplier B,WH-01,Peshawar,Islamabad,,Rail,Pakistan Railways,96,84175,,2026-07-20,2026-07-20,On Time,None,5,0,Yes,2026-07
ORD4885,2026-04-08,ABC Store,Router,Electronics,Supplier A,WH-01,Karachi,Islamabad,,Courier,TCS,66,119647,,2026-04-09,2026-04-10,On Time,None,1,-1,Yes,2026-04
ORD4886,2026-09-01,Metro Mart,Desk,Furniture,Supplier D,WH-04,Lahore,Faisalabad,,Van,TCS,40,48938,,2026-09-08,2026-09-08,On Time,None,7,0,Yes,2026-09
ORD4887,2026-03-22,Pak Furniture,Tablet,Electronics,Supplier B,WH-02,Karachi,Islamabad,,Van,Pakistan Railways,53,62134,,2026-03-28,2026-03-28,On Time,None,6,0,Yes,2026-03
ORD4888,2026-12-10,Global Traders,Trousers,Clothing,Supplier B,WH-02,Rawalpindi,Lahore,,Van,M&P,76,86443,,2026-12-19,2026-12-17,Delayed,Traffic,9,2,No,2026-12
ORD4889,2026-05-07,Metro Mart,Desk,Furniture,Supplier A,WH-04,Karachi,Lahore,,Courier,Pakistan Railways,83,148764,,2026-05-16,2026-05-12,Delayed,Supplier Delay,9,4,No,2026-05
ORD4890,2026-03-18,Global Traders,Flour,Grocery,Supplier A,WH-03,Gujranwala,Lahore,,Courier,Pakistan Railways,46,85258,,2026-03-25,2026-03-24,Delayed,Warehouse Issue,7,1,No,2026-03
ORD4891,2026-10-26,ABC Store,Desk,Furniture,Supplier B,WH-01,Lahore,Multan,,Rail,Pakistan Railways,7,4818,,2026-10-29,2026-10-30,On Time,None,3,-1,Yes,2026-10
ORD4892,2026-02-12,New City Store,Jacket,Clothing,Supplier D,WH-04,Lahore,Islamabad,,Rail,M&P,8,6635,,2026-02-15,2026-02-15,On Time,None,3,0,Yes,2026-02
ORD4893,2026-03-16,Super Store,Cooking Oil,Grocery,Supplier B,WH-04,Karachi,Lahore,,Courier,TCS,33,59708,,2026-03-19,2026-03-20,On Time,None,3,-1,Yes,2026-03
ORD4894,2026-08-13,XYZ Ltd,Cooking Oil,Grocery,Supplier D,WH-04,Gujranwala,Lahore,,Truck,M&P,100,152884,,2026-08-18,2026-08-16,Delayed,Supplier Delay,5,2,No,2026-08
ORD4895,2026-12-27,Global Traders,Sofa,Furniture,Supplier C,WH-04,Multan,Karachi,,Courier,Pakistan Railways,29,53238,,2026-12-31,2027-01-01,On Time,None,4,-1,Yes,2026-12
ORD4896,2026-06-06,XYZ Ltd,Sugar,Grocery,Supplier D,WH-03,Gujranwala,Lahore,,Truck,DHL,69,105964,,2026-06-10,2026-06-11,On Time,None,4,-1,Yes,2026-06
ORD4897,2026-03-10,Star Enterprises,Sofa,Furniture,Supplier A,WH-02,Karachi,Islamabad,,Courier,Leopards,78,142046,,2026-03-15,2026-03-16,On Time,None,5,-1,Yes,2026-03
ORD4898,2026-10-26,City Electronics,Mouse,Electronics,Supplier E,WH-01,Lahore,Multan,,Courier,M&P,52,98495,,2026-10-28,2026-10-28,On Time,None,2,0,Yes,2026-10
ORD4899,2026-01-19,Star Enterprises,Shoes,Clothing,Supplier B,WH-02,Faisalabad,Lahore,,Courier,Pakistan Railways,35,64265,,2026-01-23,2026-01-21,Delayed,Vehicle Breakdown,4,2,No,2026-01
ORD4900,2026-08-24,ABC Store,Jacket,Clothing,Supplier D,WH-02,Karachi,Faisalabad,,Courier,M&P,9,20817,,2026-08-30,2026-08-27,Delayed,Traffic,6,3,No,2026-08
ORD4901,2026-07-01,XYZ Ltd,Router,Electronics,Supplier E,WH-04,Karachi,Islamabad,,Courier,Leopards,1,1500,,2026-07-06,2026-07-06,On Time,None,5,0,Yes,2026-07
ORD4902,2026-03-12,Ali Traders,Bookshelf,Furniture,Supplier B,WH-02,Multan,Karachi,,Van,Leopards,4,4677,,2026-03-15,2026-03-16,On Time,None,3,-1,Yes,2026-03
ORD4903,2026-04-17,Global Traders,Cooking Oil,Grocery,Supplier B,WH-02,Faisalabad,Lahore,,Rail,DHL,47,44622,,2026-04-20,2026-04-19,Delayed,Vehicle Breakdown,3,1,No,2026-04
ORD4904,2026-07-04,Star Enterprises,Trousers,Clothing,Supplier E,WH-03,Peshawar,Islamabad,,Rail,DHL,38,37892,,2026-07-05,2026-07-06,On Time,None,1,-1,Yes,2026-07
ORD4905,2026-01-30,City Electronics,Rice,Grocery,Supplier A,WH-04,Karachi,Faisalabad,,Courier,Leopards,2,3658,,2026-02-05,2026-02-05,On Time,None,6,0,Yes,2026-01
ORD4906,2026-10-19,XYZ Ltd,Sugar,Grocery,Supplier E,WH-01,Faisalabad,Lahore,,Van,DHL,20,26756,,2026-10-22,2026-10-23,On Time,None,3,-1,Yes,2026-10
ORD4907,2026-03-28,ABC Store,Mouse,Electronics,Supplier E,WH-04,Multan,Karachi,,Truck,DHL,69,105491,,2026-04-03,2026-04-04,On Time,None,6,-1,Yes,2026-03
ORD4908,2026-09-26,ABC Store,Tea,Grocery,Supplier E,WH-04,Faisalabad,Lahore,,Courier,Pakistan Railways,85,156984,,2026-09-28,2026-09-28,On Time,None,2,0,Yes,2026-09
ORD4909,2026-10-10,ABC Store,Flour,Grocery,Supplier E,WH-02,Multan,Karachi,,Truck,TCS,41,60476,,2026-10-16,2026-10-16,On Time,None,6,0,Yes,2026-10
ORD4910,2026-07-18,City Electronics,Tea,Grocery,Supplier B,WH-03,Rawalpindi,Lahore,,Rail,DHL,7,5206,,2026-07-22,2026-07-22,On Time,None,4,0,Yes,2026-07
ORD4911,2026-08-27,Star Enterprises,Flour,Grocery,Supplier D,WH-04,Gujranwala,Lahore,,Truck,TCS,99,148195,,2026-08-30,2026-08-31,On Time,None,3,-1,Yes,2026-08
ORD4912,2026-07-29,Ali Traders,Jacket,Clothing,Supplier A,WH-03,Rawalpindi,Lahore,,Courier,Leopards,54,94424,,2026-08-05,2026-08-05,On Time,None,7,0,Yes,2026-07
ORD4913,2026-10-06,XYZ Ltd,Shirt,Clothing,Supplier C,WH-04,Islamabad,Peshawar,,Truck,Leopards,38,61544,,2026-10-11,2026-10-12,On Time,None,5,-1,Yes,2026-10
ORD4914,2026-08-22,New City Store,Uniform,Clothing,Supplier B,WH-04,Islamabad,Peshawar,,Truck,TCS,76,118353,,2026-08-28,2026-08-28,On Time,None,6,0,Yes,2026-08
ORD4915,2026-07-22,Pak Furniture,Chair,Furniture,Supplier D,WH-03,Faisalabad,Lahore,,Courier,M&P,72,131367,,2026-07-29,2026-07-29,On Time,None,7,0,Yes,2026-07
ORD4916,2026-04-11,Star Enterprises,T-Shirt,Clothing,Supplier C,WH-03,Islamabad,Peshawar,,Truck,Leopards,67,99741,,2026-04-13,2026-04-13,On Time,None,2,0,Yes,2026-04
ORD4917,2026-08-27,New City Store,Flour,Grocery,Supplier D,WH-02,Lahore,Faisalabad,,Truck,M&P,82,123474,,2026-09-03,2026-09-03,On Time,None,7,0,Yes,2026-08
ORD4918,2026-11-26,XYZ Ltd,Keyboard,Electronics,Supplier D,WH-01,Islamabad,Peshawar,,Truck,DHL,81,120356,,2026-11-29,2026-11-29,On Time,None,3,0,Yes,2026-11
ORD4919,2026-04-21,New City Store,Mouse,Electronics,Supplier E,WH-03,Peshawar,Islamabad,,Courier,DHL,99,181935,,2026-04-27,2026-04-27,On Time,None,6,0,Yes,2026-04
ORD4920,2026-12-15,Super Store,Tea,Grocery,Supplier D,WH-03,Rawalpindi,Lahore,,Truck,Pakistan Railways,11,19023,,2026-12-19,2026-12-20,On Time,None,4,-1,Yes,2026-12
ORD4921,2026-05-17,Ali Traders,Shirt,Clothing,Supplier E,WH-04,Karachi,Faisalabad,,Rail,TCS,12,14381,,2026-05-21,2026-05-22,On Time,None,4,-1,Yes,2026-05
ORD4922,2026-05-25,City Electronics,Mouse,Electronics,Supplier A,WH-02,Karachi,Lahore,,Truck,Pakistan Railways,13,23761,,2026-05-29,2026-05-30,On Time,None,4,-1,Yes,2026-05
ORD4923,2026-08-10,New City Store,T-Shirt,Clothing,Supplier D,WH-04,Lahore,Multan,,Courier,Pakistan Railways,90,165833,,2026-08-12,2026-08-13,On Time,None,2,-1,Yes,2026-08
ORD4924,2026-07-14,Metro Mart,Trousers,Clothing,Supplier A,WH-04,Lahore,Faisalabad,,Van,M&P,25,27944,,2026-07-19,2026-07-20,On Time,None,5,-1,Yes,2026-07
ORD4925,2026-03-06,Ali Traders,Mouse,Electronics,Supplier D,WH-04,Lahore,Multan,,Courier,Leopards,16,28834,,2026-03-11,2026-03-11,On Time,None,5,0,Yes,2026-03
ORD4926,2026-08-28,Ali Traders,Tablet,Electronics,Supplier E,WH-02,Karachi,Faisalabad,,Rail,M&P,38,31843,,2026-09-01,2026-09-02,On Time,None,4,-1,Yes,2026-08
ORD4927,2026-09-07,ABC Store,Rice,Grocery,Supplier A,WH-04,Karachi,Faisalabad,,Courier,M&P,22,41094,,2026-09-10,2026-09-11,On Time,None,3,-1,Yes,2026-09
ORD4928,2026-01-17,City Electronics,Flour,Grocery,Supplier D,WH-04,Lahore,Faisalabad,,Rail,Pakistan Railways,24,19829,,2026-01-19,2026-01-20,On Time,None,2,-1,Yes,2026-01
ORD4929,2026-01-10,Super Store,Milk Powder,Grocery,Supplier E,WH-04,Karachi,Faisalabad,,Courier,M&P,83,147344,,2026-01-13,2026-01-14,On Time,None,3,-1,Yes,2026-01
ORD4930,2026-02-12,Star Enterprises,Monitor,Electronics,Supplier C,WH-02,Lahore,Islamabad,,Courier,Pakistan Railways,60,111946,,2026-02-19,2026-02-15,Delayed,Traffic,7,4,No,2026-02
ORD4931,2026-05-24,Super Store,T-Shirt,Clothing,Supplier D,WH-01,Karachi,Faisalabad,,Truck,Leopards,79,118676,,2026-05-31,2026-05-27,Delayed,Warehouse Issue,7,4,No,2026-05
ORD4932,2026-02-25,XYZ Ltd,Chair,Furniture,Supplier C,WH-04,Gujranwala,Lahore,,Rail,Pakistan Railways,29,30328,,2026-03-01,2026-03-02,On Time,None,4,-1,Yes,2026-02
ORD4933,2026-12-12,ABC Store,Uniform,Clothing,Supplier D,WH-03,Lahore,Faisalabad,,Truck,DHL,55,86041,,2026-12-16,2026-12-17,On Time,None,4,-1,Yes,2026-12
ORD4934,2026-03-20,Ali Traders,Shirt,Clothing,Supplier A,WH-02,Karachi,Lahore,,Van,TCS,91,102819,,2026-03-29,2026-03-24,Delayed,Warehouse Issue,9,5,No,2026-03
ORD4935,2026-05-01,New City Store,Cooking Oil,Grocery,Supplier E,WH-02,Karachi,Islamabad,,Truck,M&P,51,73551,,2026-05-07,2026-05-08,On Time,None,6,-1,Yes,2026-05
ORD4936,2026-05-14,Global Traders,Rice,Grocery,Supplier D,WH-03,Islamabad,Peshawar,,Rail,M&P,37,36838,,2026-05-16,2026-05-16,On Time,None,2,0,Yes,2026-05
ORD4937,2026-07-08,Super Store,Shoes,Clothing,Supplier A,WH-04,Lahore,Multan,,Truck,DHL,22,31931,,2026-07-14,2026-07-14,On Time,None,6,0,Yes,2026-07
ORD4938,2026-01-06,ABC Store,Shoes,Clothing,Supplier A,WH-01,Islamabad,Peshawar,,Van,TCS,51,55882,,2026-01-12,2026-01-12,On Time,None,6,0,Yes,2026-01
ORD4939,2026-03-18,Super Store,Uniform,Clothing,Supplier A,WH-03,Karachi,Faisalabad,,Truck,TCS,80,118838,,2026-03-23,2026-03-24,On Time,None,5,-1,Yes,2026-03
ORD4940,2026-11-05,Ali Traders,Flour,Grocery,Supplier E,WH-01,Multan,Karachi,,Courier,DHL,77,142644,,2026-11-06,2026-11-07,On Time,None,1,-1,Yes,2026-11
ORD4941,2026-01-06,City Electronics,Office Chair,Furniture,Supplier A,WH-01,Lahore,Faisalabad,,Rail,Pakistan Railways,8,10522,,2026-01-12,2026-01-10,Delayed,Traffic,6,2,No,2026-01
ORD4942,2026-02-10,Star Enterprises,Shoes,Clothing,Supplier C,WH-04,Rawalpindi,Lahore,,Van,DHL,36,37480,,2026-02-13,2026-02-13,On Time,None,3,0,Yes,2026-02
ORD4943,2026-01-13,Metro Mart,Rice,Grocery,Supplier A,WH-01,Karachi,Faisalabad,,Rail,Pakistan Railways,78,72347,,2026-01-22,2026-01-20,Delayed,Vehicle Breakdown,9,2,No,2026-01
ORD4944,2026-10-27,XYZ Ltd,Flour,Grocery,Supplier C,WH-01,Gujranwala,Lahore,,Courier,Leopards,11,23780,,2026-10-30,2026-10-31,On Time,None,3,-1,Yes,2026-10
ORD4945,2026-12-22,XYZ Ltd,Chair,Furniture,Supplier E,WH-04,Multan,Karachi,,Rail,Pakistan Railways,50,42539,,2027-01-02,2026-12-28,Delayed,Weather,11,5,No,2026-12
ORD4946,2026-06-28,Pak Furniture,Printer,Electronics,Supplier B,WH-02,Karachi,Lahore,,Truck,Leopards,22,32288,,2026-07-01,2026-07-02,On Time,None,3,-1,Yes,2026-06
ORD4947,2026-06-26,ABC Store,Chair,Furniture,Supplier E,WH-01,Lahore,Faisalabad,,Courier,TCS,58,109098,,2026-07-06,2026-07-02,Delayed,Traffic,10,4,No,2026-06
ORD4948,2026-04-13,Pak Furniture,Cabinet,Furniture,Supplier C,WH-04,Islamabad,Peshawar,,Van,M&P,20,26423,,2026-04-15,2026-04-15,On Time,None,2,0,Yes,2026-04
ORD4949,2026-08-26,Ali Traders,Sofa,Furniture,Supplier C,WH-03,Peshawar,Islamabad,,Van,M&P,62,65410,,2026-08-31,2026-08-31,On Time,None,5,0,Yes,2026-08
ORD4950,2026-12-01,New City Store,Cabinet,Furniture,Supplier A,WH-03,Gujranwala,Lahore,,Courier,Pakistan Railways,96,174840,,2026-12-06,2026-12-07,On Time,None,5,-1,Yes,2026-12
ORD4951,2026-02-05,Global Traders,Chair,Furniture,Supplier B,WH-04,Lahore,Islamabad,,Van,Leopards,93,99884,,2026-02-10,2026-02-10,On Time,None,5,0,Yes,2026-02
ORD4952,2026-12-20,Global Traders,Office Chair,Furniture,Supplier D,WH-01,Lahore,Multan,,Van,M&P,11,9410,,2026-12-22,2026-12-23,On Time,None,2,-1,Yes,2026-12
ORD4953,2026-01-09,Star Enterprises,Chair,Furniture,Supplier E,WH-02,Lahore,Multan,,Truck,Pakistan Railways,12,17489,,2026-01-15,2026-01-16,On Time,None,6,-1,Yes,2026-01
ORD4954,2026-10-23,Metro Mart,Rice,Grocery,Supplier C,WH-02,Karachi,Lahore,,Truck,Pakistan Railways,77,113872,,2026-10-28,2026-10-26,Delayed,Traffic,5,2,No,2026-10
ORD4955,2026-04-28,New City Store,Trousers,Clothing,Supplier E,WH-04,Lahore,Multan,,Courier,Leopards,10,16723,,2026-05-07,2026-05-05,Delayed,Weather,9,2,No,2026-04
ORD4956,2026-09-17,Global Traders,T-Shirt,Clothing,Supplier A,WH-01,Lahore,Islamabad,,Courier,Leopards,79,142697,,2026-09-25,2026-09-21,Delayed,Warehouse Issue,8,4,No,2026-09
ORD4957,2026-01-18,New City Store,T-Shirt,Clothing,Supplier C,WH-02,Faisalabad,Lahore,,Van,Pakistan Railways,80,85537,,2026-01-21,2026-01-21,On Time,None,3,0,Yes,2026-01
ORD4958,2026-06-07,ABC Store,Chair,Furniture,Supplier D,WH-03,Karachi,Islamabad,,Rail,TCS,75,67437,,2026-06-10,2026-06-11,On Time,None,3,-1,Yes,2026-06
ORD4959,2026-12-10,Metro Mart,Desk,Furniture,Supplier C,WH-01,Lahore,Multan,,Rail,Pakistan Railways,84,76747,,2026-12-13,2026-12-14,On Time,None,3,-1,Yes,2026-12
ORD4960,2026-01-05,Star Enterprises,Bookshelf,Furniture,Supplier A,WH-04,Karachi,Lahore,,Truck,Pakistan Railways,86,129711,,2026-01-08,2026-01-09,On Time,None,3,-1,Yes,2026-01
ORD4961,2026-02-11,Pak Furniture,Jacket,Clothing,Supplier D,WH-01,Lahore,Faisalabad,,Courier,DHL,44,78255,,2026-02-16,2026-02-16,On Time,None,5,0,Yes,2026-02
ORD4962,2026-06-19,Metro Mart,Router,Electronics,Supplier D,WH-02,Faisalabad,Lahore,,Van,DHL,36,40463,,2026-06-26,2026-06-25,Delayed,Traffic,7,1,No,2026-06
ORD4963,2026-12-06,ABC Store,Trousers,Clothing,Supplier A,WH-04,Karachi,Islamabad,,Rail,Leopards,75,70793,,2026-12-14,2026-12-09,Delayed,Traffic,8,5,No,2026-12
ORD4964,2026-12-23,Pak Furniture,Mouse,Electronics,Supplier C,WH-01,Gujranwala,Lahore,,Truck,Leopards,7,12679,,2026-12-27,2026-12-27,On Time,None,4,0,Yes,2026-12
ORD4965,2026-03-01,New City Store,Jacket,Clothing,Supplier E,WH-02,Islamabad,Peshawar,,Truck,Leopards,89,138324,,2026-03-11,2026-03-06,Delayed,Traffic,10,5,No,2026-03
ORD4966,2026-02-28,Global Traders,Tea,Grocery,Supplier C,WH-02,Faisalabad,Lahore,,Van,M&P,53,62208,,2026-03-07,2026-03-05,Delayed,Traffic,7,2,No,2026-02
ORD4967,2026-07-15,City Electronics,Trousers,Clothing,Supplier E,WH-01,Lahore,Faisalabad,,Courier,M&P,25,44786,,2026-07-20,2026-07-21,On Time,None,5,-1,Yes,2026-07
ORD4968,2026-03-24,City Electronics,Desk,Furniture,Supplier E,WH-03,Karachi,Lahore,,Van,DHL,29,29466,,2026-03-31,2026-03-31,On Time,None,7,0,Yes,2026-03
ORD4969,2026-05-18,Metro Mart,Table,Furniture,Supplier B,WH-03,Multan,Karachi,,Van,M&P,46,48610,,2026-05-22,2026-05-23,On Time,None,4,-1,Yes,2026-05
ORD4970,2026-12-03,Global Traders,Shoes,Clothing,Supplier B,WH-01,Karachi,Islamabad,,Van,Pakistan Railways,64,74413,,2026-12-05,2026-12-05,On Time,None,2,0,Yes,2026-12
ORD4971,2026-03-14,Global Traders,Mouse,Electronics,Supplier E,WH-04,Faisalabad,Lahore,,Courier,M&P,46,82744,,2026-03-20,2026-03-21,On Time,None,6,-1,Yes,2026-03
ORD4972,2026-09-24,City Electronics,Monitor,Electronics,Supplier C,WH-04,Multan,Karachi,,Courier,M&P,95,171038,,2026-10-01,2026-10-01,On Time,None,7,0,Yes,2026-09
ORD4973,2026-01-01,Super Store,T-Shirt,Clothing,Supplier E,WH-03,Lahore,Multan,,Rail,DHL,21,20120,,2026-01-03,2026-01-04,On Time,None,2,-1,Yes,2026-01
ORD4974,2026-01-03,Star Enterprises,Mobile,Electronics,Supplier A,WH-04,Lahore,Multan,,Truck,DHL,73,110952,,2026-01-11,2026-01-10,Delayed,Weather,8,1,No,2026-01
ORD4975,2026-01-19,Ali Traders,Cooking Oil,Grocery,Supplier C,WH-04,Lahore,Multan,,Van,Pakistan Railways,55,62964,,2026-01-20,2026-01-21,On Time,None,1,-1,Yes,2026-01
ORD4976,2026-02-09,Star Enterprises,Shirt,Clothing,Supplier E,WH-01,Islamabad,Peshawar,,Courier,M&P,8,17054,,2026-02-13,2026-02-14,On Time,None,4,-1,Yes,2026-02
ORD4977,2026-07-04,ABC Store,Rice,Grocery,Supplier C,WH-04,Rawalpindi,Lahore,,Van,M&P,5,4429,,2026-07-06,2026-07-06,On Time,None,2,0,Yes,2026-07
ORD4978,2026-10-28,Global Traders,Rice,Grocery,Supplier D,WH-02,Lahore,Multan,,Van,Pakistan Railways,41,45005,,2026-11-01,2026-11-02,On Time,None,4,-1,Yes,2026-10
ORD4979,2026-04-28,Super Store,Uniform,Clothing,Supplier A,WH-02,Islamabad,Peshawar,,Rail,DHL,94,88052,,2026-04-29,2026-04-30,On Time,None,1,-1,Yes,2026-04
ORD4980,2026-02-24,ABC Store,Cabinet,Furniture,Supplier E,WH-01,Islamabad,Peshawar,,Truck,M&P,10,12166,,2026-02-26,2026-02-27,On Time,None,2,-1,Yes,2026-02
ORD4981,2026-06-30,Star Enterprises,Printer,Electronics,Supplier D,WH-04,Karachi,Faisalabad,,Truck,M&P,49,71651,,2026-07-02,2026-07-03,On Time,None,2,-1,Yes,2026-06
ORD4982,2026-01-19,New City Store,Cooking Oil,Grocery,Supplier E,WH-04,Multan,Karachi,,Rail,M&P,26,22538,,2026-01-26,2026-01-26,On Time,None,7,0,Yes,2026-01
ORD4983,2026-06-16,Star Enterprises,Cabinet,Furniture,Supplier C,WH-03,Multan,Karachi,,Van,Leopards,27,28734,,2026-06-18,2026-06-19,On Time,None,2,-1,Yes,2026-06
ORD4984,2026-04-25,Ali Traders,Cooking Oil,Grocery,Supplier A,WH-04,Karachi,Faisalabad,,Courier,DHL,31,55130,,2026-05-04,2026-05-02,Delayed,Traffic,9,2,No,2026-04
ORD4985,2026-03-03,XYZ Ltd,Printer,Electronics,Supplier A,WH-01,Karachi,Lahore,,Truck,DHL,76,113817,,2026-03-11,2026-03-06,Delayed,Traffic,8,5,No,2026-03
ORD4986,2026-10-02,Global Traders,Rice,Grocery,Supplier C,WH-04,Faisalabad,Lahore,,Courier,Leopards,84,150136,,2026-10-08,2026-10-07,Delayed,Vehicle Breakdown,6,1,No,2026-10
ORD4987,2026-12-20,Metro Mart,Trousers,Clothing,Supplier D,WH-03,Karachi,Lahore,,Rail,DHL,48,48068,,2026-12-23,2026-12-23,On Time,None,3,0,Yes,2026-12
ORD4988,2026-05-15,Super Store,Table,Furniture,Supplier B,WH-03,Rawalpindi,Lahore,,Courier,Leopards,5,6461,,2026-05-20,2026-05-21,On Time,None,5,-1,Yes,2026-05
ORD4989,2026-10-22,ABC Store,Sofa,Furniture,Supplier A,WH-02,Faisalabad,Lahore,,Truck,M&P,13,18937,,2026-10-24,2026-10-24,On Time,None,2,0,Yes,2026-10
ORD4990,2026-11-15,City Electronics,Laptop,Electronics,Supplier C,WH-04,Faisalabad,Lahore,,Courier,TCS,71,126848,,2026-11-20,2026-11-20,On Time,None,5,0,Yes,2026-11
ORD4991,2026-12-10,City Electronics,Cooking Oil,Grocery,Supplier E,WH-04,Rawalpindi,Lahore,,Rail,M&P,55,53987,,2026-12-15,2026-12-12,Delayed,Traffic,5,3,No,2026-12
ORD4992,2026-01-24,ABC Store,Sugar,Grocery,Supplier B,WH-01,Karachi,Islamabad,,Truck,TCS,46,66209,,2026-01-29,2026-01-29,On Time,None,5,0,Yes,2026-01
ORD4993,2026-03-29,Ali Traders,Tablet,Electronics,Supplier A,WH-04,Lahore,Multan,,Van,TCS,76,83062,,2026-03-31,2026-04-01,On Time,None,2,-1,Yes,2026-03
ORD4994,2026-01-13,Star Enterprises,Desk,Furniture,Supplier A,WH-03,Rawalpindi,Lahore,,Courier,Pakistan Railways,61,108528,,2026-01-19,2026-01-17,Delayed,Warehouse Issue,6,2,No,2026-01
ORD4995,2026-03-18,Metro Mart,Router,Electronics,Supplier B,WH-03,Rawalpindi,Lahore,,Truck,DHL,50,78025,,2026-03-20,2026-03-20,On Time,None,2,0,Yes,2026-03
ORD4996,2026-05-11,New City Store,T-Shirt,Clothing,Supplier E,WH-03,Islamabad,Peshawar,,Rail,DHL,42,39170,,2026-05-15,2026-05-15,On Time,None,4,0,Yes,2026-05
ORD4997,2026-06-15,New City Store,Rice,Grocery,Supplier C,WH-03,Karachi,Lahore,,Rail,DHL,54,53215,,2026-06-17,2026-06-17,On Time,None,2,0,Yes,2026-06
ORD4998,2026-03-07,City Electronics,Chair,Furniture,Supplier E,WH-03,Lahore,Faisalabad,,Courier,TCS,55,102972,,2026-03-11,2026-03-11,On Time,None,4,0,Yes,2026-03
ORD4999,2026-06-03,XYZ Ltd,Milk Powder,Grocery,Supplier A,WH-04,Peshawar,Islamabad,,Van,DHL,100,111070,,2026-06-06,2026-06-07,On Time,None,3,-1,Yes,2026-06
ORD5000,2026-02-21,Pak Furniture,Rice,Grocery,Supplier E,WH-01,Multan,Karachi,,Van,Pakistan Railways,44,49664,,2026-02-25,2026-02-25,On Time,None,4,0,Yes,2026-02
